Time[ps]      Etot[eV]     Epot[eV]     Ekin[eV]    T[K]      ---------------------- stress [GPa] -----------------------
0.0000        -3890.890    -3915.098       24.208   308.5      4.355      4.345      3.812      0.262     -0.205     -0.083
0.2500        -3891.932    -3917.989       26.057   332.1     -0.661      0.351     -0.098      0.094      0.004      0.069
0.5000        -3895.328    -3921.483       26.155   333.3      0.812      1.456      0.515      0.097     -0.135     -0.179
0.7500        -3896.975    -3921.310       24.335   310.2      0.682      0.657      0.395     -0.098      0.180     -0.182
1.0000        -3896.377    -3922.841       26.464   337.3      0.052     -0.201     -0.764     -0.013     -0.196      0.004
1.2500        -3896.439    -3923.501       27.063   344.9      0.663      1.408      0.367      0.047     -0.113      0.021
1.5000        -3899.672    -3924.079       24.407   311.1      0.826      0.674      0.171      0.002     -0.303     -0.134
1.7500        -3899.405    -3926.784       27.379   348.9      1.083      0.835      0.647      0.123      0.024     -0.112
2.0000        -3900.467    -3926.521       26.055   332.1      1.292      1.412      0.382      0.309      0.102     -0.315
2.2500        -3900.922    -3926.629       25.706   327.6      0.673      0.792      0.787      0.007     -0.003      0.152
2.5000        -3902.062    -3927.268       25.206   321.3      1.268      1.148      0.019     -0.093     -0.250     -0.026
2.7500        -3903.029    -3929.002       25.973   331.0      0.920      1.081      0.930     -0.144     -0.093     -0.105
3.0000        -3900.737    -3928.259       27.522   350.8      0.187      1.348      0.001      0.130      0.056      0.063
3.2500        -3901.500    -3927.672       26.172   333.6      0.694      1.008      0.551     -0.085      0.378     -0.227
3.5000        -3902.072    -3928.374       26.302   335.2      1.165      0.805      0.282      0.117      0.025      0.202
3.7500        -3902.510    -3929.248       26.738   340.8      0.811      0.426     -0.143     -0.185     -0.079     -0.017
4.0000        -3902.113    -3928.198       26.085   332.5      0.847      0.899      0.282      0.391     -0.107      0.007
4.2500        -3902.383    -3928.124       25.740   328.1      0.853      1.246      0.131     -0.047      0.182     -0.095
4.5000        -3901.861    -3927.960       26.099   332.6      0.554      1.085      0.250     -0.154      0.086      0.087
4.7500        -3902.692    -3928.673       25.981   331.1      0.872      0.624      0.211     -0.172     -0.048      0.132
5.0000        -3902.106    -3927.385       25.279   322.2      0.114      0.846     -0.761     -0.353      0.194     -0.023
5.2500        -3901.384    -3927.446       26.062   332.2      0.918      1.019      0.463      0.426     -0.211     -0.227
5.5000        -3901.809    -3928.843       27.035   344.6      0.920      0.760      0.626      0.196     -0.324      0.135
5.7500        -3903.670    -3929.351       25.682   327.3      0.597      0.908      0.273      0.050     -0.206     -0.037
6.0000        -3903.585    -3929.272       25.686   327.4      0.612      1.128     -0.207     -0.076      0.319      0.007
6.2500        -3902.573    -3927.925       25.353   323.1      0.807      0.801      0.153     -0.027     -0.096      0.213
6.5000        -3903.079    -3929.068       25.988   331.2      1.139      0.670      0.677     -0.008      0.285     -0.240
6.7500        -3904.143    -3929.615       25.472   324.6      0.487      1.417      0.640     -0.404     -0.009     -0.261
7.0000        -3904.190    -3929.493       25.303   322.5      0.477      0.824      0.535      0.077     -0.236     -0.006
7.2500        -3903.401    -3928.824       25.423   324.0      0.484      0.842      0.135      0.355     -0.063      0.084
7.5000        -3903.581    -3929.751       26.170   333.5      0.951      1.743      0.642      0.238      0.482      0.001
7.7500        -3904.607    -3929.438       24.831   316.5      0.614      0.942      0.354      0.311     -0.033      0.205
8.0000        -3904.304    -3930.060       25.755   328.3      0.732      0.725      0.209     -0.186     -0.291      0.261
8.2500        -3906.397    -3930.700       24.303   309.8      0.551      0.891      0.503     -0.319     -0.288      0.066
8.5000        -3903.759    -3930.403       26.644   339.6      0.685      1.037      0.163      0.066     -0.023      0.033
8.7500        -3902.711    -3929.938       27.226   347.0      0.401      0.675      0.510      0.144      0.283      0.193
9.0000        -3902.180    -3929.088       26.908   342.9      0.373      0.857      0.505      0.165     -0.032     -0.069
9.2500        -3901.684    -3928.598       26.914   343.0      1.026      1.315      0.754      0.060     -0.372      0.144
9.5000        -3901.788    -3927.804       26.016   331.6      0.657      0.918     -0.170      0.005     -0.384     -0.022
9.7500        -3901.526    -3927.709       26.184   333.7      1.085      0.324      0.514     -0.154     -0.027      0.060
10.0000       -3903.274    -3928.447       25.172   320.8      1.079      0.661      0.303      0.057     -0.057      0.340
10.2500       -3903.279    -3928.365       25.086   319.7      0.317      1.036     -0.359      0.098     -0.031     -0.168
10.5000       -3902.047    -3928.250       26.203   334.0      1.065      0.896      1.304      0.161     -0.102      0.134
10.7500       -3904.685    -3929.696       25.011   318.8      0.635      0.680      0.088     -0.470     -0.303      0.055
11.0000       -3905.125    -3929.863       24.738   315.3      0.616      0.632      0.629     -0.119     -0.161     -0.241
11.2500       -3904.222    -3930.127       25.904   330.2      0.660      1.494      0.023      0.056      0.369     -0.249
11.5000       -3905.072    -3930.531       25.458   324.5      0.814      0.801     -0.302      0.055     -0.026     -0.017
11.7500       -3905.308    -3930.735       25.427   324.1      0.762      0.767     -0.322      0.241      0.002      0.122
12.0000       -3904.473    -3929.733       25.260   321.9      0.850      1.035      0.496     -0.087     -0.432      0.253
12.2500       -3903.945    -3929.796       25.851   329.5      1.126      0.826      0.658      0.103     -0.200      0.009
12.5000       -3902.784    -3928.431       25.647   326.9      0.631      0.975      0.171     -0.186      0.044      0.268
12.7500       -3904.906    -3930.140       25.234   321.6      0.841      0.519     -0.333     -0.187      0.086     -0.083
13.0000       -3904.062    -3929.916       25.855   329.5      0.702      0.426     -0.064      0.060      0.170      0.135
13.2500       -3903.989    -3930.500       26.510   337.9      0.851      0.941      0.801     -0.073     -0.113      0.210
13.5000       -3904.281    -3930.591       26.310   335.3      0.534      0.789      0.384      0.305     -0.151      0.185
13.7500       -3904.106    -3930.312       26.206   334.0      0.736      0.847      0.205     -0.011      0.083     -0.057
14.0000       -3905.944    -3931.551       25.606   326.4      0.805      0.841      0.428      0.153      0.123     -0.255
14.2500       -3903.954    -3929.092       25.138   320.4      0.829      0.846      0.548      0.004      0.216      0.203
14.5000       -3905.287    -3930.838       25.552   325.7      1.122      0.463      0.298     -0.169      0.024     -0.094
14.7500       -3904.456    -3930.736       26.280   334.9      0.616      1.364      0.279     -0.125     -0.065     -0.135
15.0000       -3905.175    -3930.450       25.275   322.1      1.067      1.064      0.307     -0.020      0.505     -0.062
15.2500       -3904.721    -3930.695       25.974   331.0      0.613      0.055      0.202      0.125      0.123     -0.031
15.5000       -3903.541    -3928.408       24.867   316.9      0.755      0.695     -0.062      0.297      0.195      0.160
15.7500       -3903.540    -3929.719       26.179   333.7      1.164      0.457      0.961      0.210      0.098      0.085
16.0000       -3902.684    -3929.679       26.996   344.1      0.998      1.345      0.110     -0.303     -0.164      0.169
16.2500       -3902.624    -3928.908       26.284   335.0      1.010      1.201      0.609     -0.321      0.050     -0.055
16.5000       -3904.671    -3931.231       26.561   338.5      1.058      0.580      0.135      0.026      0.024     -0.091
16.7500       -3903.830    -3930.188       26.358   335.9      1.234      0.875      0.523     -0.163     -0.102      0.190
17.0000       -3904.248    -3929.603       25.355   323.2      0.812      1.196     -0.249     -0.228      0.083      0.203
17.2500       -3905.155    -3932.083       26.928   343.2      1.090      0.674      0.201     -0.071      0.129      0.171
17.5000       -3904.577    -3931.347       26.770   341.2      0.999      1.434      0.881      0.169      0.084     -0.192
17.7500       -3903.977    -3929.248       25.271   322.1      0.438      0.593      0.351      0.019      0.088      0.234
18.0000       -3903.743    -3929.786       26.042   331.9      0.726      0.915      0.553      0.058      0.104      0.272
18.2500       -3903.610    -3929.830       26.221   334.2      0.664      0.780      0.452      0.102      0.324     -0.239
18.5000       -3903.383    -3929.653       26.269   334.8      1.692      1.067      0.863     -0.052      0.009     -0.130
18.7500       -3904.227    -3930.541       26.314   335.4      0.644      0.854     -0.476     -0.073      0.174      0.087
19.0000       -3907.129    -3931.773       24.643   314.1      0.630      0.845      0.538     -0.280      0.009      0.013
19.2500       -3906.474    -3931.302       24.828   316.4      1.246      0.772      0.492      0.124      0.079     -0.300
19.5000       -3907.207    -3930.538       23.331   297.4      1.033      1.179     -0.180      0.227      0.257     -0.083
19.7500       -3906.274    -3932.004       25.730   327.9      0.981      0.853      0.278      0.177      0.087     -0.324
20.0000       -3904.932    -3932.001       27.070   345.0      0.663      0.112     -0.024     -0.208      0.389      0.119
20.2500       -3905.122    -3930.971       25.849   329.5      0.548      1.029      0.317     -0.046      0.156     -0.248
20.5000       -3904.589    -3930.205       25.616   326.5      0.576      0.919      0.097      0.092      0.147     -0.024
20.7500       -3904.568    -3930.069       25.501   325.0      1.018      0.819      0.378      0.272     -0.219     -0.053
21.0000       -3903.252    -3930.643       27.391   349.1      0.748      0.933      0.245      0.245     -0.018     -0.233
21.2500       -3902.901    -3929.407       26.507   337.8      1.079      1.651      0.542     -0.034     -0.076     -0.010
21.5000       -3903.250    -3930.421       27.170   346.3      1.097      0.958      0.249     -0.005     -0.050     -0.247
21.7500       -3905.126    -3932.021       26.895   342.8      0.592      0.793      0.467     -0.298      0.498     -0.051
22.0000       -3906.249    -3931.192       24.943   317.9      1.257      1.087      0.508      0.418     -0.197     -0.111
22.2500       -3905.445    -3930.223       24.778   315.8      0.634      0.601      0.568      0.023     -0.082     -0.155
22.5000       -3903.265    -3929.962       26.697   340.3      0.852      0.945      0.189      0.021      0.068      0.027
22.7500       -3903.277    -3931.394       28.117   358.4      0.684      0.998      0.315      0.043      0.145     -0.167
23.0000       -3903.364    -3930.971       27.607   351.9      0.570      0.514     -0.032      0.120     -0.210     -0.109
23.2500       -3905.253    -3931.557       26.304   335.2      1.026      0.780     -0.263      0.162     -0.287     -0.237
23.5000       -3906.009    -3931.600       25.590   326.2      0.632      1.613      0.468     -0.018     -0.303      0.147
23.7500       -3904.685    -3930.485       25.800   328.8      0.885      0.386      0.310     -0.182     -0.082     -0.362
24.0000       -3905.833    -3930.673       24.840   316.6      0.738      0.836      0.108     -0.170      0.021      0.084
24.2500       -3905.627    -3931.457       25.830   329.2      0.450      1.160      0.662      0.022     -0.059      0.078
24.5000       -3905.193    -3931.255       26.062   332.2      0.577      0.492      0.074     -0.095      0.063     -0.028
24.7500       -3903.994    -3930.575       26.581   338.8      0.590      1.581      0.944      0.308     -0.157      0.012
25.0000       -3902.601    -3928.721       26.120   332.9      0.483      1.304     -0.028     -0.091     -0.057      0.063
25.2500       -3901.799    -3929.183       27.384   349.0      0.392      0.629      0.487     -0.165      0.194      0.251
25.5000       -3903.156    -3929.598       26.442   337.0      0.354      1.001     -0.337     -0.165      0.216     -0.131
25.7500       -3904.451    -3930.371       25.919   330.3      0.321      0.884     -0.741     -0.039      0.178     -0.047
26.0000       -3905.247    -3931.736       26.489   337.6      0.980      0.817      0.159      0.358     -0.049     -0.081
26.2500       -3903.971    -3929.638       25.667   327.1      0.682      0.717      0.228     -0.027     -0.102     -0.145
26.5000       -3904.789    -3930.888       26.099   332.6      0.805      0.907      0.045     -0.021     -0.365      0.072
26.7500       -3903.178    -3930.214       27.036   344.6      0.431      0.461     -0.420     -0.303     -0.570     -0.201
27.0000       -3902.826    -3929.544       26.718   340.5      0.640      0.433     -0.520     -0.186     -0.098      0.122
27.2500       -3904.723    -3931.191       26.468   337.3      0.091      0.446      0.091      0.082      0.075      0.016
27.5000       -3905.151    -3930.492       25.341   323.0      0.417      0.697     -0.693     -0.154      0.111     -0.192
27.7500       -3904.507    -3930.502       25.995   331.3      0.266      0.855      0.320      0.184     -0.065     -0.041
28.0000       -3903.808    -3930.420       26.612   339.2      0.217      0.404     -0.074     -0.148     -0.449      0.118
28.2500       -3904.420    -3931.857       27.437   349.7      0.563      0.795      0.426      0.300     -0.041      0.002
28.5000       -3905.970    -3931.520       25.550   325.6      0.278      0.457      0.611      0.104     -0.030     -0.302
28.7500       -3905.688    -3931.064       25.377   323.4      0.696      0.658      0.008     -0.031     -0.074     -0.033
29.0000       -3906.052    -3932.480       26.428   336.8      0.283      0.503     -0.347     -0.381      0.127     -0.112
29.2500       -3907.651    -3931.631       23.981   305.6      0.713      0.453     -0.262      0.050      0.200     -0.210
29.5000       -3907.498    -3932.596       25.098   319.9      0.392      0.921     -0.180      0.038      0.593      0.125
29.7500       -3906.526    -3931.437       24.912   317.5      1.026      1.337      0.116      0.290      0.573     -0.157
30.0000       -3906.017    -3931.891       25.873   329.8      0.256      0.260      0.148      0.097     -0.150      0.140
30.2500       -3904.465    -3931.070       26.604   339.1      0.591      0.585      0.063     -0.025     -0.497     -0.080
30.5000       -3906.481    -3930.234       23.753   302.7      0.748      1.330      0.400     -0.108      0.019      0.086
30.7500       -3905.435    -3932.220       26.786   341.4      0.515      1.140      0.250     -0.305     -0.001     -0.010
31.0000       -3906.125    -3931.384       25.259   321.9      0.833      0.940      0.581     -0.000      0.079      0.083
31.2500       -3905.994    -3931.250       25.255   321.9      0.750      1.384     -0.068      0.144      0.437      0.227
31.5000       -3904.322    -3930.222       25.900   330.1      0.651      0.670      0.057     -0.466     -0.061      0.191
31.7500       -3903.907    -3930.723       26.816   341.8      0.906      1.282      0.012      0.179      0.138     -0.278
32.0000       -3906.178    -3931.558       25.380   323.5      0.321      1.131      0.541     -0.144     -0.469     -0.174
32.2500       -3905.578    -3931.020       25.442   324.3      1.154      0.852      0.774      0.054      0.078     -0.118
32.5000       -3904.775    -3930.754       25.978   331.1      0.741      1.212      0.764      0.017      0.039     -0.142
32.7500       -3904.515    -3928.649       24.134   307.6      0.321      0.468      0.029      0.106      0.038      0.054
33.0000       -3903.166    -3930.385       27.219   346.9      0.642      0.648      0.334     -0.212      0.288      0.041
33.2500       -3903.100    -3929.236       26.136   333.1      0.531      0.811      0.473      0.138     -0.030     -0.020
33.5000       -3903.611    -3928.550       24.939   317.8      1.090      0.666      0.540     -0.256     -0.034      0.075
33.7500       -3904.293    -3930.416       26.123   332.9      0.436      1.211     -0.255      0.089      0.286      0.201
34.0000       -3903.405    -3930.624       27.219   346.9      0.489      0.833      0.227      0.289      0.197      0.024
34.2500       -3903.854    -3929.666       25.813   329.0      0.909      0.729      0.509     -0.032      0.126      0.101
34.5000       -3902.980    -3928.598       25.618   326.5      0.621      1.083     -0.783     -0.274     -0.380     -0.126
34.7500       -3904.029    -3930.307       26.278   334.9      1.356      0.728      0.558     -0.069     -0.135     -0.398
35.0000       -3905.290    -3930.678       25.388   323.6      0.569      0.804     -0.215     -0.291      0.201     -0.083
35.2500       -3905.445    -3930.883       25.438   324.2      0.110      0.489     -0.131     -0.514      0.282     -0.063
35.5000       -3904.681    -3929.531       24.850   316.7      0.984      0.682      0.522     -0.083     -0.092     -0.291
35.7500       -3904.655    -3930.360       25.706   327.6      0.726      0.543      0.204      0.029     -0.272      0.043
36.0000       -3903.787    -3929.391       25.604   326.3      0.872      0.862      0.905      0.406      0.073     -0.300
36.2500       -3903.282    -3931.015       27.733   353.5      0.272      0.303      0.127      0.528      0.195      0.137
36.5000       -3904.471    -3929.896       25.425   324.0      0.797      1.062      0.081      0.152      0.221     -0.013
36.7500       -3904.440    -3929.594       25.154   320.6      0.953      0.363      0.358     -0.050     -0.353     -0.037
37.0000       -3902.849    -3929.117       26.268   334.8      0.867      0.582      0.157     -0.233      0.059      0.107
37.2500       -3904.900    -3930.182       25.282   322.2      0.364      0.627     -0.052      0.062     -0.121      0.321
37.5000       -3904.805    -3929.670       24.865   316.9      0.997      0.185      0.483     -0.455      0.015     -0.038
37.7500       -3905.159    -3929.244       24.086   307.0      0.756      1.106      0.086     -0.163     -0.017      0.048
38.0000       -3903.994    -3928.826       24.832   316.5      0.078      0.692      0.244      0.078      0.246     -0.036
38.2500       -3902.214    -3929.501       27.288   347.8      0.763      0.590      0.594      0.584      0.173     -0.018
38.5000       -3902.663    -3928.310       25.647   326.9      0.622      0.900      0.188     -0.078      0.058      0.157
38.7500       -3902.151    -3928.576       26.425   336.8      0.284      0.530     -0.377     -0.374     -0.515      0.254
39.0000       -3901.969    -3929.017       27.048   344.7      1.680      0.743      0.711     -0.181      0.210     -0.087
39.2500       -3902.533    -3928.012       25.479   324.7      0.485      0.246     -0.396     -0.356     -0.269      0.103
39.5000       -3902.577    -3928.732       26.155   333.4      0.302      0.387     -0.301     -0.029      0.105     -0.035
39.7500       -3902.660    -3929.943       27.283   347.7      0.908      1.286      0.374      0.131     -0.205     -0.030
40.0000       -3901.322    -3927.376       26.054   332.1      0.587      0.557      0.705      0.306     -0.198     -0.074
40.2500       -3902.305    -3929.510       27.205   346.7      0.593      0.832      0.259     -0.311      0.029      0.083
40.5000       -3904.099    -3930.617       26.518   338.0      0.792      1.152      0.188     -0.023     -0.376     -0.037
40.7500       -3904.360    -3929.839       25.480   324.7      0.752      1.262      0.523      0.012     -0.121     -0.004
41.0000       -3904.842    -3931.056       26.214   334.1      0.490      0.953     -0.282      0.169     -0.075      0.204
41.2500       -3905.473    -3930.882       25.409   323.8      1.144      0.916      0.293     -0.051      0.061      0.280
41.5000       -3906.372    -3930.552       24.180   308.2      0.531      1.140      0.184      0.218      0.084     -0.291
41.7500       -3905.554    -3930.564       25.010   318.8      0.322      0.874      0.439      0.039      0.091     -0.032
42.0000       -3904.884    -3930.810       25.925   330.4      0.487      0.725      0.401      0.129      0.163     -0.021
42.2500       -3905.086    -3930.101       25.015   318.8      1.279      1.201      0.121     -0.165     -0.150     -0.021
42.5000       -3904.090    -3929.970       25.880   329.8      0.881      1.050      0.707     -0.045     -0.078     -0.094
42.7500       -3903.030    -3928.969       25.939   330.6      0.294      0.510      0.137     -0.004     -0.003     -0.173
43.0000       -3903.554    -3930.635       27.081   345.2      0.776      1.009     -0.161     -0.201      0.120      0.170
43.2500       -3904.007    -3930.380       26.373   336.1      0.731      1.005      0.121      0.009     -0.212      0.162
43.5000       -3903.147    -3928.255       25.108   320.0      1.153      1.112      0.518      0.334     -0.067      0.117
43.7500       -3903.541    -3929.165       25.624   326.6      1.031      0.350      0.285      0.091     -0.206     -0.110
44.0000       -3903.512    -3929.278       25.766   328.4      1.136      0.710      0.183      0.128     -0.432     -0.185
44.2500       -3904.547    -3930.303       25.756   328.3      0.777      0.639     -0.002      0.026      0.081     -0.100
44.5000       -3905.273    -3931.377       26.103   332.7      1.357      0.341      0.229     -0.297     -0.079      0.105
44.7500       -3905.148    -3930.421       25.273   322.1      0.919      0.940      0.094      0.289     -0.219     -0.168
45.0000       -3904.191    -3930.736       26.545   338.3      1.028      1.102      0.720      0.077     -0.093      0.030
45.2500       -3904.725    -3930.278       25.553   325.7      0.622     -0.096      0.254      0.108      0.072     -0.050
45.5000       -3905.081    -3931.182       26.102   332.7      0.487      0.633      0.123     -0.070      0.378     -0.001
45.7500       -3906.441    -3931.766       25.325   322.8      0.367      1.140      0.376     -0.136     -0.020      0.148
46.0000       -3904.561    -3930.455       25.894   330.0      0.448      0.685      0.103      0.066     -0.157     -0.103
46.2500       -3903.308    -3929.797       26.489   337.6      0.456      0.653      0.371      0.212      0.196     -0.097
46.5000       -3904.420    -3930.256       25.835   329.3      0.619      0.641      0.230     -0.228     -0.229      0.044
46.7500       -3906.121    -3932.531       26.409   336.6      0.676      0.553      0.283      0.035      0.352      0.012
47.0000       -3904.014    -3929.834       25.820   329.1      0.133      0.422     -0.111      0.004     -0.081      0.065
47.2500       -3904.142    -3930.715       26.573   338.7      0.827      0.665      0.241      0.150      0.269      0.043
47.5000       -3903.665    -3930.729       27.064   344.9      0.723      1.019      0.501      0.328      0.247      0.309
47.7500       -3903.969    -3930.295       26.326   335.5      0.913      0.153      0.381     -0.164     -0.065      0.082
48.0000       -3903.508    -3929.096       25.588   326.1      0.327      0.573     -0.005     -0.080     -0.044     -0.043
48.2500       -3903.186    -3929.582       26.396   336.4      1.031      1.060      0.289     -0.052     -0.330     -0.474
48.5000       -3903.598    -3929.353       25.755   328.3      0.762      0.929      0.597     -0.166     -0.382     -0.448
48.7500       -3904.383    -3929.963       25.580   326.0      0.737      0.860      0.072     -0.156     -0.100     -0.150
49.0000       -3905.985    -3931.830       25.844   329.4      0.166      0.694      0.256     -0.086      0.254      0.214
49.2500       -3906.551    -3931.515       24.964   318.2      0.300      0.937      0.392      0.084      0.162      0.008
49.5000       -3907.245    -3932.687       25.441   324.3      0.473      0.430      0.110     -0.188      0.121     -0.009
49.7500       -3906.787    -3932.339       25.551   325.7      0.588      1.047      0.049     -0.001      0.123      0.077
50.0000       -3904.469    -3930.240       25.771   328.5      0.610      0.663      0.222     -0.151      0.077     -0.447
50.2500       -3906.782    -3932.099       25.317   322.7      1.127      1.337      0.208     -0.072      0.037      0.055
50.5000       -3905.974    -3932.358       26.384   336.3      0.435      1.106      0.158     -0.245     -0.150      0.063
50.7500       -3907.557    -3931.521       23.963   305.4      0.387      0.424     -0.504      0.068     -0.245     -0.024
51.0000       -3909.486    -3933.171       23.685   301.9      0.762      0.569     -0.052      0.179      0.158      0.166
51.2500       -3908.568    -3934.440       25.872   329.7      0.502      1.112      0.243     -0.029      0.202     -0.103
51.5000       -3907.974    -3933.133       25.159   320.7      0.285      0.458      0.031     -0.139     -0.388     -0.051
51.7500       -3905.159    -3931.535       26.375   336.2      0.365      0.525      0.253      0.116      0.085      0.134
52.0000       -3907.591    -3932.922       25.331   322.8      0.700      0.767     -0.030     -0.213     -0.222      0.120
52.2500       -3907.175    -3931.951       24.776   315.8      0.713      0.811      0.236     -0.116      0.108     -0.271
52.5000       -3908.472    -3932.805       24.333   310.1      0.873      0.677      0.312      0.014     -0.061      0.044
52.7500       -3907.230    -3932.274       25.044   319.2      0.881      0.875      0.509      0.053     -0.083      0.127
53.0000       -3906.065    -3931.745       25.680   327.3      0.500      1.273     -0.180      0.165      0.213      0.320
53.2500       -3906.032    -3931.448       25.415   323.9      0.438      0.636     -0.525      0.047     -0.399     -0.061
53.5000       -3905.689    -3931.021       25.332   322.9      0.584      0.743      0.583      0.206     -0.259      0.014
53.7500       -3905.312    -3931.599       26.287   335.0      0.612      0.975      0.505     -0.206      0.168      0.158
54.0000       -3905.924    -3931.731       25.807   328.9      0.604      0.378      0.402     -0.380      0.444      0.190
54.2500       -3905.327    -3930.974       25.647   326.9      1.096      0.844      0.540     -0.336      0.268      0.179
54.5000       -3904.753    -3931.410       26.657   339.7      0.440      0.887      0.473     -0.043      0.038     -0.039
54.7500       -3905.110    -3931.939       26.829   341.9      0.633      1.106      0.184      0.037     -0.349     -0.011
55.0000       -3906.355    -3930.848       24.493   312.2      0.474      0.866      0.206      0.004     -0.094     -0.287
55.2500       -3908.343    -3934.104       25.761   328.3      0.345      0.813     -0.009      0.031      0.127     -0.305
55.5000       -3907.789    -3932.101       24.312   309.9      0.588      1.187      0.497     -0.079      0.261     -0.052
55.7500       -3906.345    -3932.936       26.591   338.9      0.909      0.789      0.377     -0.088     -0.117     -0.040
56.0000       -3905.783    -3931.882       26.099   332.6      0.443      0.716     -0.522      0.389      0.193      0.116
56.2500       -3906.442    -3932.557       26.115   332.8      0.593      0.737      0.598      0.213      0.214     -0.256
56.5000       -3905.585    -3933.302       27.718   353.3      0.256      0.305     -0.537     -0.293      0.194      0.318
56.7500       -3905.136    -3930.508       25.372   323.4      0.599      0.630      0.414     -0.211      0.067     -0.021
57.0000       -3905.094    -3930.551       25.456   324.4      0.719      1.103      0.496     -0.208      0.024      0.061
57.2500       -3905.271    -3930.668       25.397   323.7      0.382      0.986      0.246     -0.123     -0.167      0.009
57.5000       -3904.281    -3930.926       26.645   339.6      0.634      0.814      0.419     -0.462     -0.043      0.244
57.7500       -3904.875    -3931.369       26.494   337.7     -0.307      0.490     -0.480      0.016     -0.092      0.041
58.0000       -3904.688    -3930.842       26.153   333.3      0.853      1.193      0.830     -0.061      0.314      0.011
58.2500       -3903.007    -3930.490       27.483   350.3      0.707      0.599      0.289      0.091      0.303     -0.142
58.5000       -3904.196    -3929.948       25.752   328.2      0.881      0.593     -0.072      0.070      0.002      0.028
58.7500       -3904.917    -3930.674       25.757   328.3      0.907      1.157      0.559      0.044      0.155     -0.099
59.0000       -3905.869    -3931.138       25.268   322.1      0.180      0.741      0.017      0.141      0.233     -0.087
59.2500       -3903.497    -3929.370       25.873   329.8      0.804      0.842      0.589     -0.071      0.368     -0.117
59.5000       -3903.308    -3929.594       26.285   335.0      0.454      0.498      0.315      0.007      0.051      0.117
59.7500       -3904.672    -3931.256       26.584   338.8      0.872      0.729      0.267     -0.011      0.137      0.212
60.0000       -3905.550    -3929.506       23.956   305.3      0.738      0.649      0.163      0.233      0.149      0.004
60.2500       -3905.298    -3929.795       24.498   312.2      1.026      0.463      0.241      0.015     -0.160     -0.010
60.5000       -3904.934    -3930.070       25.136   320.4      1.007      1.054      0.553      0.223     -0.126     -0.119
60.7500       -3904.192    -3929.212       25.020   318.9      0.381      0.547      0.523     -0.030     -0.147     -0.013
61.0000       -3902.663    -3928.804       26.141   333.2      0.705      0.916      0.469     -0.216     -0.117     -0.087
61.2500       -3904.114    -3930.028       25.914   330.3      0.819      1.038      0.250     -0.042      0.109      0.148
61.5000       -3904.169    -3930.333       26.164   333.5      0.345      0.727     -0.283     -0.021     -0.014     -0.056
61.7500       -3905.047    -3930.541       25.494   324.9      1.250      1.412      0.290      0.110      0.206      0.023
62.0000       -3903.816    -3929.127       25.311   322.6      1.025      0.538     -0.051      0.108      0.162      0.104
62.2500       -3904.399    -3929.624       25.225   321.5      1.341      0.633     -0.186     -0.032     -0.031      0.094
62.5000       -3904.627    -3930.566       25.940   330.6      0.895      0.575      0.696     -0.286     -0.027     -0.084
62.7500       -3905.565    -3931.912       26.347   335.8      0.596      0.840     -0.220     -0.114      0.305     -0.124
63.0000       -3904.630    -3931.253       26.623   339.3      0.442      0.889      0.230     -0.044      0.250     -0.279
63.2500       -3904.510    -3931.023       26.513   337.9      0.145      0.898      0.542      0.017     -0.147     -0.264
63.5000       -3903.072    -3929.684       26.612   339.2      0.762      0.475     -0.078      0.196     -0.258      0.143
63.7500       -3903.861    -3930.503       26.642   339.6      0.580      0.694      0.609     -0.035      0.087      0.266
64.0000       -3903.697    -3929.675       25.978   331.1      0.895      1.028      0.200     -0.194      0.095     -0.062
64.2500       -3905.539    -3930.805       25.265   322.0      1.029      1.132      0.099     -0.167     -0.058     -0.189
64.5000       -3906.677    -3930.760       24.082   306.9      0.533      0.522     -0.162      0.315      0.308     -0.058
64.7500       -3905.814    -3931.999       26.185   333.7      0.876      0.615      0.304     -0.216      0.067     -0.098
65.0000       -3905.545    -3931.064       25.519   325.2      1.053      0.336     -0.218     -0.051     -0.329      0.081
65.2500       -3904.486    -3930.574       26.088   332.5      0.755      0.832      0.686     -0.124     -0.026     -0.069
65.5000       -3906.479    -3932.135       25.656   327.0      0.540      0.853      0.868      0.021      0.219     -0.145
65.7500       -3905.185    -3930.804       25.619   326.5      0.536      0.977     -0.113      0.032     -0.042      0.121
66.0000       -3905.556    -3930.337       24.782   315.8      0.685      0.495      0.699      0.279      0.006     -0.234
66.2500       -3905.052    -3930.146       25.094   319.8      0.590      0.293     -0.008     -0.035      0.094     -0.097
66.5000       -3904.459    -3930.298       25.839   329.3      0.641      0.766      0.092     -0.043      0.005      0.093
66.7500       -3906.094    -3931.070       24.976   318.3      0.913      1.217      0.638      0.053      0.136      0.020
67.0000       -3907.186    -3931.865       24.679   314.5      0.521      0.744      0.058     -0.105      0.346     -0.091
67.2500       -3907.394    -3932.384       24.990   318.5      0.861      0.489      0.438      0.304     -0.027     -0.204
67.5000       -3907.224    -3932.232       25.008   318.7      0.680      0.754      0.375      0.127      0.116      0.063
67.7500       -3906.442    -3930.885       24.444   311.5      0.283      0.397      0.082      0.015     -0.124     -0.060
68.0000       -3906.735    -3931.111       24.376   310.7      0.977      0.557      0.235      0.016      0.351      0.106
68.2500       -3904.353    -3928.868       24.515   312.4     -0.281      1.051      0.368     -0.098     -0.146      0.045
68.5000       -3903.798    -3930.765       26.966   343.7      0.103      0.343      0.399     -0.080      0.132      0.309
68.7500       -3903.193    -3930.186       26.993   344.0      0.536      0.930      0.394     -0.014     -0.320      0.144
69.0000       -3905.050    -3931.096       26.045   332.0      0.833      1.082      0.561     -0.103     -0.012     -0.108
69.2500       -3904.381    -3929.867       25.487   324.8      0.469      0.703     -0.473     -0.173      0.163      0.169
69.5000       -3903.127    -3929.582       26.455   337.2      0.982      0.946      0.754     -0.209     -0.233     -0.142
69.7500       -3904.137    -3929.117       24.980   318.4      0.461      0.487      0.286     -0.204      0.094     -0.212
70.0000       -3903.231    -3930.346       27.115   345.6      0.667      0.648      0.811     -0.008     -0.004     -0.003
70.2500       -3903.033    -3929.844       26.811   341.7      0.765      0.708      0.082     -0.178      0.247     -0.098
70.5000       -3903.948    -3930.271       26.323   335.5      0.461      0.397     -0.280     -0.115     -0.036      0.092
70.7500       -3904.895    -3930.164       25.269   322.1      0.941      0.812      0.313     -0.022     -0.123     -0.100
71.0000       -3905.677    -3930.900       25.224   321.5      1.012      0.706      0.211     -0.105     -0.078      0.162
71.2500       -3903.080    -3929.466       26.386   336.3      0.871      1.370      0.807      0.055      0.156      0.027
71.5000       -3905.991    -3931.567       25.576   326.0      0.920      0.839      0.296      0.099      0.092     -0.126
71.7500       -3906.286    -3930.946       24.660   314.3      0.705      1.239      0.399     -0.233     -0.122      0.066
72.0000       -3903.895    -3930.118       26.223   334.2      0.895      0.658      0.343     -0.202     -0.033     -0.224
72.2500       -3904.444    -3930.000       25.556   325.7      0.616      1.001     -0.347     -0.472      0.043     -0.142
72.5000       -3905.488    -3930.336       24.848   316.7      1.148      0.928      0.330     -0.270      0.100      0.122
72.7500       -3903.361    -3929.379       26.018   331.6      0.845      0.457      0.123     -0.116      0.473     -0.045
73.0000       -3904.283    -3929.586       25.303   322.5      0.135      1.080     -0.095     -0.182      0.005      0.104
73.2500       -3901.716    -3927.349       25.633   326.7      0.666      1.391      1.478     -0.269      0.194      0.096
73.5000       -3901.417    -3927.655       26.238   334.4      0.789      0.923      0.585     -0.210      0.173     -0.164
73.7500       -3900.937    -3927.399       26.461   337.3      0.337      0.528      0.298      0.412      0.036     -0.137
74.0000       -3900.848    -3927.804       26.956   343.6      0.903      1.159      0.251     -0.082      0.241      0.035
74.2500       -3900.995    -3928.013       27.019   344.4      0.448      0.490      0.029      0.106      0.089     -0.099
74.5000       -3902.595    -3928.547       25.951   330.8      1.500      1.310      0.543      0.070     -0.122     -0.201
74.7500       -3901.333    -3928.779       27.446   349.8      0.825      0.931     -0.084      0.110      0.222      0.023
75.0000       -3902.184    -3928.696       26.511   337.9      0.848      0.208      0.801      0.080      0.377      0.068
75.2500       -3902.152    -3928.320       26.168   333.5      0.650      1.131      0.912     -0.121      0.024     -0.350
75.5000       -3902.324    -3927.733       25.409   323.8      0.806      1.367      1.370     -0.274     -0.111     -0.139
75.7500       -3902.562    -3927.775       25.213   321.3      0.161      0.511      0.626     -0.014     -0.145     -0.240
76.0000       -3902.590    -3929.285       26.695   340.2      0.804      0.860      0.353     -0.056     -0.012      0.094
76.2500       -3902.311    -3929.128       26.818   341.8      0.921      1.151      0.531     -0.187      0.038      0.156
76.5000       -3903.062    -3929.500       26.438   337.0      0.909      0.909      0.601      0.114      0.252      0.085
76.7500       -3904.734    -3929.737       25.004   318.7      1.152      0.952      0.335      0.103      0.258     -0.037
77.0000       -3905.186    -3929.239       24.053   306.6      0.611      0.817     -0.094      0.002     -0.159      0.058
77.2500       -3906.667    -3931.689       25.022   318.9      1.021      0.561      0.480      0.103      0.335      0.210
77.5000       -3905.079    -3931.113       26.034   331.8      1.058      0.854     -0.160     -0.303      0.162      0.042
77.7500       -3904.768    -3930.035       25.267   322.0      1.208      1.220      0.145      0.043      0.271     -0.003
78.0000       -3906.182    -3932.471       26.289   335.1      1.153      0.556      0.293     -0.327     -0.251      0.032
78.2500       -3905.899    -3930.901       25.001   318.6      0.778      0.997     -0.188      0.009     -0.102      0.259
78.5000       -3905.087    -3931.793       26.707   340.4      1.010      1.180      0.047      0.151      0.088      0.119
78.7500       -3906.207    -3931.772       25.565   325.8      0.445      0.707      0.044      0.035      0.247      0.006
79.0000       -3905.029    -3931.633       26.605   339.1      1.159      1.651      0.459      0.323      0.007      0.073
79.2500       -3906.264    -3931.267       25.003   318.7      1.457      1.096      0.435      0.171      0.065     -0.065
79.5000       -3905.553    -3930.660       25.107   320.0      1.220      0.596     -0.086     -0.168     -0.370     -0.245
79.7500       -3905.575    -3931.195       25.620   326.5      0.879      0.584     -0.362     -0.004     -0.177      0.095
80.0000       -3905.415    -3931.568       26.153   333.3      0.951      0.483     -0.285      0.078      0.258      0.011
80.2500       -3906.041    -3930.721       24.680   314.5      0.975      0.475     -0.089      0.468      0.516     -0.005
80.5000       -3904.596    -3930.017       25.421   324.0      0.905      1.083      0.649      0.305     -0.200     -0.103
80.7500       -3904.648    -3930.467       25.819   329.1      1.331      0.808      0.734     -0.039     -0.203     -0.124
81.0000       -3904.989    -3929.735       24.746   315.4      0.641      0.736      0.648     -0.184      0.061      0.047
81.2500       -3904.687    -3929.671       24.984   318.4      0.638      0.709      0.328     -0.249      0.073      0.051
81.5000       -3904.158    -3929.230       25.072   319.6      1.056      0.538      0.531     -0.066      0.363      0.077
81.7500       -3905.667    -3931.705       26.038   331.9      0.831      0.762      0.093     -0.007      0.002     -0.043
82.0000       -3906.577    -3931.859       25.282   322.2      0.583      0.488     -0.568     -0.060     -0.239     -0.048
82.2500       -3906.839    -3931.867       25.029   319.0      0.667      0.728      0.211     -0.365      0.304     -0.186
82.5000       -3906.973    -3931.796       24.823   316.4      0.525      0.691      0.094     -0.168     -0.224     -0.132
82.7500       -3905.653    -3931.652       25.999   331.4      0.336      0.826      0.030     -0.267      0.061     -0.100
83.0000       -3905.258    -3930.516       25.258   321.9      0.542      0.961      0.973     -0.021     -0.110      0.350
83.2500       -3905.594    -3932.127       26.533   338.2      0.821      0.698      0.437      0.051     -0.110      0.007
83.5000       -3907.999    -3932.971       24.972   318.3      0.581      0.743      0.536      0.151      0.073     -0.167
83.7500       -3906.731    -3931.349       24.618   313.8      0.813      0.706      0.543     -0.008      0.304      0.011
84.0000       -3905.924    -3931.511       25.587   326.1      0.650      1.093      0.637     -0.458     -0.051     -0.169
84.2500       -3905.746    -3931.071       25.326   322.8      0.732      0.901      0.087     -0.112      0.085     -0.254
84.5000       -3907.794    -3933.403       25.609   326.4      1.404      1.276      0.380     -0.046      0.244     -0.200
84.7500       -3906.596    -3931.892       25.296   322.4      0.450      0.666      0.292      0.240     -0.412     -0.078
85.0000       -3905.424    -3930.507       25.083   319.7      0.322      0.837      0.468      0.059      0.159      0.053
85.2500       -3907.200    -3931.799       24.598   313.5      0.500      1.131      0.498     -0.032     -0.068     -0.165
85.5000       -3904.943    -3930.579       25.635   326.7      1.213      0.695      0.332     -0.333      0.016     -0.345
85.7500       -3905.039    -3930.952       25.913   330.3      1.053      0.723      0.211      0.311      0.167     -0.163
86.0000       -3905.382    -3932.237       26.855   342.3      1.061      0.706     -0.205      0.195      0.156      0.076
86.2500       -3906.823    -3931.427       24.603   313.6      1.546      1.109      0.206      0.320     -0.075      0.118
86.5000       -3904.433    -3931.755       27.322   348.2      0.468      0.655      0.360      0.274     -0.065     -0.021
86.7500       -3904.102    -3930.060       25.958   330.8      1.020      0.609      0.376     -0.167      0.103      0.039
87.0000       -3903.833    -3930.550       26.717   340.5      1.194      0.951      0.224     -0.494      0.094      0.155
87.2500       -3903.992    -3931.081       27.089   345.3      0.804      1.866      0.918      0.112     -0.276     -0.104
87.5000       -3905.448    -3930.972       25.524   325.3      0.917      0.993     -0.239      0.243      0.205      0.028
87.7500       -3907.019    -3932.775       25.756   328.3      1.080      0.548      0.347      0.409     -0.037      0.255
88.0000       -3906.672    -3930.815       24.143   307.7      0.613      1.207      0.315      0.281      0.310      0.238
88.2500       -3905.986    -3930.636       24.651   314.2      0.663      0.447     -0.226     -0.187     -0.240      0.037
88.5000       -3905.152    -3931.187       26.035   331.8      1.113      0.859      0.688      0.059     -0.051     -0.266
88.7500       -3905.084    -3930.514       25.430   324.1      0.659      1.152      0.017      0.578     -0.191      0.118
89.0000       -3905.647    -3930.730       25.083   319.7      1.383      1.191      0.992      0.045      0.020     -0.097
89.2500       -3906.104    -3930.650       24.546   312.8      1.114      0.832      0.473      0.028     -0.100      0.361
89.5000       -3906.792    -3932.203       25.412   323.9      0.636      1.037      0.367     -0.258     -0.173      0.208
89.7500       -3906.744    -3931.656       24.913   317.5      1.363      1.468      1.551     -0.118     -0.063      0.150
90.0000       -3906.283    -3931.535       25.252   321.8      0.109      0.989      0.273     -0.046     -0.321      0.192
90.2500       -3907.021    -3932.279       25.258   321.9      1.100      1.072      0.323      0.129      0.005      0.051
90.5000       -3906.851    -3932.970       26.119   332.9      1.023      1.502      0.423      0.094      0.347      0.044
90.7500       -3907.596    -3932.139       24.543   312.8      0.863      0.467     -0.174     -0.033     -0.074      0.050
91.0000       -3908.114    -3932.842       24.727   315.2      0.753      0.602      0.043     -0.100     -0.070     -0.083
91.2500       -3908.731    -3933.174       24.443   311.5      0.662      1.157     -0.046     -0.040     -0.089      0.222
91.5000       -3906.569    -3932.380       25.811   329.0      0.966      1.298     -0.003      0.103      0.077      0.174
91.7500       -3905.668    -3931.454       25.786   328.7      1.150      0.987      0.873     -0.101      0.157      0.043
92.0000       -3904.380    -3930.843       26.463   337.3      0.399      0.613      0.168     -0.356      0.061      0.087
92.2500       -3903.590    -3930.089       26.499   337.7      0.721      0.832      0.158      0.209     -0.326     -0.005
92.5000       -3904.964    -3931.965       27.001   344.1      0.625      0.434      0.369      0.018     -0.203      0.069
92.7500       -3904.989    -3931.443       26.454   337.2      0.700      0.826      0.214     -0.237      0.229      0.104
93.0000       -3904.687    -3930.583       25.896   330.0      0.607      0.158      0.049      0.288      0.210     -0.200
93.2500       -3905.417    -3932.117       26.699   340.3      0.945      0.537      0.662      0.102      0.163     -0.073
93.5000       -3905.807    -3932.377       26.570   338.6      0.764      0.951      0.135     -0.300      0.097      0.139
93.7500       -3905.554    -3931.495       25.940   330.6      0.462      0.629      0.212     -0.210      0.146      0.194
94.0000       -3903.388    -3930.335       26.947   343.4      1.200      1.245      0.862      0.001     -0.188      0.064
94.2500       -3904.189    -3930.507       26.318   335.4      0.477      0.811      0.421     -0.087     -0.312     -0.005
94.5000       -3904.617    -3930.935       26.318   335.4      0.669      1.434      0.525      0.008      0.038      0.128
94.7500       -3905.097    -3931.877       26.781   341.3      0.215      0.357     -0.167      0.095     -0.001     -0.017
95.0000       -3904.281    -3931.607       27.326   348.3      0.922      0.782      0.361      0.182     -0.087      0.081
95.2500       -3905.946    -3930.339       24.392   310.9      0.644      1.373      0.182      0.032     -0.107     -0.073
95.5000       -3905.443    -3931.212       25.769   328.4      1.102      0.837      0.696      0.246     -0.097      0.103
95.7500       -3904.088    -3929.973       25.885   329.9      1.463      1.061      1.382      0.188     -0.065      0.191
96.0000       -3904.323    -3930.161       25.837   329.3      1.235      1.182      1.091      0.081     -0.090      0.180
96.2500       -3904.414    -3930.526       26.112   332.8      0.602      1.092      0.261     -0.049     -0.005      0.003
96.5000       -3904.008    -3929.989       25.981   331.1      1.531      0.698      0.457      0.052     -0.218     -0.075
96.7500       -3905.109    -3932.753       27.644   352.3      0.167      0.726      0.019      0.062      0.019      0.084
97.0000       -3905.903    -3930.860       24.957   318.1      0.608      1.310     -0.003     -0.002      0.171      0.084
97.2500       -3905.933    -3931.949       26.016   331.6      0.825      0.258      0.199     -0.235     -0.014     -0.033
97.5000       -3905.215    -3931.651       26.436   336.9      1.270      1.338      0.787      0.161     -0.235     -0.106
97.7500       -3903.970    -3931.177       27.207   346.8      0.308      0.875      0.581     -0.292     -0.201     -0.012
98.0000       -3904.442    -3928.849       24.407   311.1      0.499      0.930      0.635      0.009     -0.213     -0.039
98.2500       -3904.541    -3930.877       26.336   335.7      0.664      0.364      0.356      0.369     -0.238      0.450
98.5000       -3904.741    -3930.730       25.989   331.2      1.145      1.515      0.549      0.048     -0.113      0.144
98.7500       -3905.284    -3931.354       26.070   332.3      0.746      0.455     -0.253      0.138     -0.091     -0.050
99.0000       -3904.555    -3931.537       26.982   343.9      0.880      0.810     -0.264     -0.071      0.082     -0.234
99.2500       -3904.567    -3931.085       26.518   338.0      0.785      1.314     -0.304      0.017     -0.186      0.070
99.5000       -3904.659    -3930.560       25.901   330.1      0.815      0.732      0.447      0.026      0.015      0.252
99.7500       -3905.000    -3930.287       25.287   322.3      0.954      1.276      0.262     -0.047      0.174      0.271
100.0000      -3903.456    -3930.120       26.664   339.8      0.716      0.546      0.318     -0.005     -0.055      0.109
100.2500      -3904.886    -3931.298       26.411   336.6      1.298      0.768      0.502     -0.266     -0.013      0.089
100.5000      -3906.425    -3932.136       25.710   327.7      1.039      1.065      0.600      0.034     -0.137     -0.143
100.7500      -3904.217    -3930.600       26.383   336.3      0.887      0.481      0.115     -0.226     -0.017     -0.072
101.0000      -3903.811    -3930.577       26.766   341.1      0.875      0.737     -0.332      0.117     -0.187      0.089
101.2500      -3905.415    -3931.076       25.662   327.1      1.165      1.127      0.335     -0.100      0.103      0.134
101.5000      -3904.985    -3930.067       25.082   319.7      0.551     -0.234     -0.387     -0.436     -0.096     -0.112
101.7500      -3904.285    -3930.378       26.093   332.6      0.180      1.008     -0.001     -0.197      0.012     -0.140
102.0000      -3905.565    -3931.559       25.993   331.3      0.896      0.916      0.464     -0.222     -0.141      0.361
102.2500      -3907.356    -3932.693       25.337   322.9      1.041      0.843      0.422      0.098     -0.047      0.085
102.5000      -3906.196    -3931.873       25.677   327.3      0.777      0.545     -0.699      0.286     -0.388      0.043
102.7500      -3905.816    -3931.729       25.913   330.3      0.539      0.467      0.401      0.321     -0.399     -0.073
103.0000      -3907.133    -3931.600       24.467   311.8      0.935      0.670      0.295      0.371     -0.198     -0.103
103.2500      -3905.565    -3930.927       25.362   323.3      0.580      0.756      0.142     -0.010     -0.034      0.228
103.5000      -3906.145    -3931.266       25.121   320.2      0.662      1.095      0.773     -0.099     -0.090     -0.034
103.7500      -3906.278    -3931.862       25.584   326.1      0.787      0.792      0.444     -0.084     -0.200      0.175
104.0000      -3905.989    -3931.520       25.531   325.4      0.787      1.077      0.569     -0.034     -0.467      0.079
104.2500      -3905.058    -3931.070       26.012   331.5      0.614      0.667      0.163      0.058     -0.062      0.073
104.5000      -3904.384    -3930.271       25.886   329.9      0.269      0.509     -0.080     -0.141      0.058     -0.044
104.7500      -3904.184    -3929.733       25.550   325.6      0.960      0.881      0.034     -0.208      0.120     -0.152
105.0000      -3903.824    -3928.593       24.769   315.7      1.109      1.328      0.370     -0.013     -0.019      0.115
105.2500      -3905.518    -3930.044       24.526   312.6      0.869      0.776      0.442      0.000     -0.053      0.071
105.5000      -3908.118    -3931.996       23.878   304.3      0.120      0.533     -0.657      0.194      0.006     -0.079
105.7500      -3907.479    -3931.418       23.939   305.1      0.757      0.759      0.519      0.302      0.020     -0.347
106.0000      -3906.347    -3932.387       26.041   331.9      0.889      0.960      0.375      0.093      0.124      0.104
106.2500      -3903.855    -3929.766       25.911   330.2      0.821      0.864     -0.207      0.170      0.002      0.423
106.5000      -3903.604    -3930.295       26.691   340.2      0.671      1.081      0.100      0.187     -0.176      0.134
106.7500      -3905.146    -3929.996       24.850   316.7      0.639      0.412     -0.085      0.052     -0.027     -0.173
107.0000      -3903.871    -3930.260       26.389   336.3      0.847      0.908      0.405     -0.086      0.005      0.259
107.2500      -3902.286    -3929.755       27.468   350.1      0.416      0.252     -0.060     -0.123     -0.246     -0.204
107.5000      -3902.835    -3929.694       26.859   342.3      0.559      0.673      0.103      0.211     -0.452     -0.076
107.7500      -3903.269    -3930.663       27.394   349.1      0.896      0.981      0.669      0.066     -0.046     -0.008
108.0000      -3903.009    -3928.660       25.651   326.9      0.541      0.733      0.547      0.426      0.238      0.015
108.2500      -3902.996    -3929.620       26.624   339.3      0.616      0.986      0.179      0.094      0.115     -0.114
108.5000      -3903.420    -3930.003       26.583   338.8      0.458      1.087      0.361      0.032     -0.097     -0.262
108.7500      -3902.944    -3929.231       26.288   335.0      0.461      0.283     -0.743      0.007      0.095     -0.021
109.0000      -3904.360    -3929.499       25.139   320.4      0.787      0.982      0.547     -0.079     -0.030      0.176
109.2500      -3904.584    -3930.415       25.831   329.2      0.777      1.282      0.521      0.037     -0.193     -0.124
109.5000      -3904.001    -3931.460       27.459   350.0      0.567      0.814      0.197     -0.069      0.186     -0.039
109.7500      -3903.041    -3929.571       26.530   338.1      0.888      0.894      0.562      0.101     -0.260      0.152
110.0000      -3902.422    -3929.611       27.189   346.5      0.673      1.407      0.000      0.139      0.044      0.034
110.2500      -3903.806    -3929.282       25.476   324.7      0.928      0.851      0.219     -0.028      0.053      0.037
110.5000      -3903.966    -3930.311       26.345   335.8      0.650      0.949      0.289     -0.225     -0.413     -0.041
110.7500      -3905.108    -3930.768       25.660   327.0      0.227      0.238     -0.360      0.228     -0.289     -0.168
111.0000      -3905.998    -3931.152       25.154   320.6      0.778      0.929     -0.090      0.198      0.176      0.007
111.2500      -3905.157    -3930.905       25.749   328.2      0.715      1.102      0.332      0.098      0.252      0.165
111.5000      -3904.174    -3930.860       26.686   340.1      0.738      0.296     -0.361      0.015      0.112      0.229
111.7500      -3904.315    -3931.295       26.979   343.9      0.562      0.661     -0.546     -0.284      0.010     -0.081
112.0000      -3905.792    -3931.291       25.498   325.0      1.575      0.757      0.082     -0.176      0.031     -0.032
112.2500      -3904.521    -3930.996       26.475   337.4      0.620      0.393      0.553     -0.154     -0.114      0.098
112.5000      -3904.879    -3929.759       24.881   317.1      0.867      0.495      0.363     -0.070      0.095     -0.027
112.7500      -3904.571    -3930.263       25.692   327.4      0.570      1.382      0.910     -0.089      0.428     -0.017
113.0000      -3904.166    -3930.338       26.172   333.6      0.768      1.098      0.350     -0.109      0.126     -0.022
113.2500      -3903.081    -3928.876       25.795   328.8      1.001      1.110      0.550     -0.321      0.082      0.072
113.5000      -3902.584    -3928.194       25.610   326.4      0.548      1.029      0.360     -0.296      0.218      0.356
113.7500      -3903.544    -3929.865       26.321   335.5      1.018      1.027      0.237      0.007      0.240     -0.148
114.0000      -3904.138    -3931.505       27.367   348.8      0.754      0.773     -0.187     -0.044      0.156     -0.280
114.2500      -3903.262    -3928.755       25.493   324.9      0.845      0.758      0.447     -0.161      0.088     -0.219
114.5000      -3903.858    -3929.739       25.881   329.9      0.381      0.908      0.355     -0.176      0.130      0.204
114.7500      -3904.510    -3930.114       25.603   326.3      0.319      1.220      0.893     -0.141     -0.121      0.260
115.0000      -3905.721    -3930.829       25.108   320.0      0.428      0.798      0.267      0.121     -0.472      0.429
115.2500      -3905.240    -3930.272       25.033   319.0      0.614      0.924      0.375     -0.026      0.094      0.085
115.5000      -3905.214    -3930.810       25.596   326.2      0.659      0.786      0.273     -0.329      0.292      0.300
115.7500      -3904.945    -3930.361       25.416   323.9      1.189      0.856      0.510     -0.401      0.396     -0.174
116.0000      -3905.285    -3931.194       25.908   330.2      0.635      0.980      0.607     -0.514     -0.035     -0.374
116.2500      -3905.594    -3930.889       25.295   322.4      0.845      0.951      0.288     -0.199     -0.247     -0.134
116.5000      -3904.182    -3930.108       25.926   330.4      0.482      0.768      0.522     -0.205      0.089     -0.204
116.7500      -3905.201    -3929.576       24.375   310.7      0.503      0.759      0.981     -0.035     -0.159     -0.244
117.0000      -3903.912    -3930.049       26.137   333.1      0.491      1.135      0.729     -0.282      0.279      0.083
117.2500      -3902.681    -3928.937       26.256   334.6      0.816      0.722      0.292     -0.061      0.324     -0.242
117.5000      -3905.720    -3931.591       25.871   329.7      0.824      0.333      0.089      0.079      0.068     -0.048
117.7500      -3905.618    -3930.948       25.330   322.8      0.640      0.821      0.304     -0.193      0.061      0.041
118.0000      -3905.550    -3930.540       24.990   318.5      1.242      0.951      0.308     -0.267     -0.179      0.119
118.2500      -3904.044    -3929.942       25.898   330.1      0.874      0.764      0.347     -0.303     -0.002      0.104
118.5000      -3904.470    -3929.815       25.346   323.0      0.392      0.842      0.117     -0.073     -0.689      0.004
118.7500      -3904.876    -3930.218       25.342   323.0      1.078      0.948      0.871     -0.198      0.202      0.158
119.0000      -3905.217    -3930.687       25.469   324.6      0.707      0.782      0.516      0.065     -0.090     -0.054
119.2500      -3906.433    -3931.209       24.776   315.8      0.675      1.192      0.527     -0.123      0.160      0.197
119.5000      -3904.038    -3930.778       26.740   340.8      0.419      0.843     -0.183      0.004     -0.000      0.134
119.7500      -3904.264    -3929.821       25.557   325.7      0.656      0.901      0.273     -0.054      0.192      0.202
120.0000      -3905.745    -3930.661       24.916   317.6      0.680      0.607      0.854     -0.284      0.008      0.002
120.2500      -3904.187    -3930.690       26.503   337.8      0.298      0.295     -0.000     -0.008      0.280     -0.042
120.5000      -3904.277    -3930.576       26.299   335.2      0.458      0.272      0.672     -0.000     -0.170      0.102
120.7500      -3905.164    -3932.181       27.017   344.3     -0.281      0.273      0.205     -0.136     -0.145      0.351
121.0000      -3904.808    -3930.301       25.493   324.9      0.555      0.710     -0.270     -0.180     -0.135     -0.038
121.2500      -3904.778    -3930.300       25.522   325.3      1.355      0.690      0.054     -0.137     -0.296      0.163
121.5000      -3905.860    -3930.907       25.047   319.2      0.426      0.666     -0.248     -0.009     -0.235      0.120
121.7500      -3903.680    -3931.351       27.671   352.7      0.739      0.697      0.634      0.029     -0.158     -0.133
122.0000      -3904.928    -3929.743       24.814   316.3      0.316      0.972      1.144     -0.294     -0.094     -0.192
122.2500      -3904.249    -3930.880       26.631   339.4      0.795      0.702      0.526     -0.140     -0.414      0.050
122.5000      -3905.808    -3930.628       24.821   316.3      0.603      1.128      0.570     -0.436      0.087     -0.351
122.7500      -3906.382    -3931.370       24.987   318.5      0.900      0.792     -0.146     -0.126      0.084      0.023
123.0000      -3908.086    -3932.060       23.974   305.6      1.422      1.131      0.168      0.279     -0.011     -0.289
123.2500      -3906.442    -3931.902       25.460   324.5      0.904      0.504      0.357      0.063     -0.013     -0.139
123.5000      -3905.689    -3931.763       26.074   332.3      0.859      0.538     -0.182      0.358      0.008      0.146
123.7500      -3903.668    -3929.438       25.770   328.4      1.647      1.044      0.702     -0.346      0.122      0.182
124.0000      -3905.015    -3929.713       24.698   314.8      0.787      0.781     -0.391     -0.002      0.275      0.121
124.2500      -3905.979    -3930.353       24.374   310.6      0.973      0.859      1.064      0.109     -0.349      0.221
124.5000      -3905.080    -3931.359       26.279   334.9      0.282      0.942      0.253      0.093     -0.002     -0.164
124.7500      -3907.634    -3932.248       24.614   313.7      1.106      1.086      0.138     -0.148     -0.252     -0.063
125.0000      -3907.319    -3931.576       24.257   309.2      1.200      0.959      0.707      0.031     -0.032     -0.230
125.2500      -3903.242    -3929.731       26.489   337.6      0.400      0.464     -0.184      0.082     -0.387      0.059
125.5000      -3903.502    -3930.185       26.682   340.1      0.295      0.630      0.175     -0.093     -0.404      0.093
125.7500      -3904.147    -3928.413       24.265   309.3      0.645      1.297      0.367     -0.119     -0.309      0.131
126.0000      -3903.843    -3930.307       26.464   337.3      0.348      0.199      0.193     -0.044      0.196      0.108
126.2500      -3904.439    -3930.982       26.543   338.3      0.557      0.897     -0.196      0.037      0.015     -0.090
126.5000      -3904.337    -3928.972       24.635   314.0      0.625      0.842      0.950      0.033      0.107      0.040
126.7500      -3906.129    -3930.415       24.286   309.5      0.801      1.127      0.379     -0.296     -0.223      0.018
127.0000      -3904.554    -3930.932       26.377   336.2      1.111      1.012     -0.058     -0.001     -0.209     -0.116
127.2500      -3904.188    -3929.076       24.888   317.2      1.058      0.843      0.395      0.475      0.327     -0.156
127.5000      -3902.727    -3929.476       26.749   340.9      0.844      1.069     -0.000      0.095      0.110      0.055
127.7500      -3903.201    -3928.720       25.519   325.2      0.907      0.836     -0.175      0.031      0.219      0.035
128.0000      -3902.819    -3930.494       27.675   352.7      1.111      1.105      0.598     -0.060     -0.436     -0.002
128.2500      -3902.400    -3928.241       25.841   329.4      0.562      0.521      0.315     -0.079     -0.048     -0.032
128.5000      -3905.251    -3931.303       26.053   332.0      0.996      1.128      0.289      0.105     -0.153      0.022
128.7500      -3905.861    -3931.478       25.616   326.5      1.065      0.964      0.585      0.016      0.003      0.016
129.0000      -3906.265    -3930.767       24.503   312.3      0.849      1.070      0.740     -0.571      0.196      0.210
129.2500      -3904.802    -3931.033       26.231   334.3      0.759      0.863      0.104      0.071      0.090      0.177
129.5000      -3904.058    -3929.856       25.798   328.8      0.791      1.032      0.760      0.055     -0.178     -0.275
129.7500      -3902.899    -3929.616       26.717   340.5      0.706      0.741      0.583      0.254      0.256      0.119
130.0000      -3903.394    -3929.544       26.150   333.3      0.108      0.540      0.276     -0.103     -0.012      0.076
130.2500      -3904.680    -3930.067       25.386   323.6      0.673      1.152      0.734      0.028     -0.112     -0.087
130.5000      -3905.569    -3931.196       25.627   326.6      0.408      0.503      0.142     -0.027     -0.099     -0.063
130.7500      -3905.486    -3931.725       26.239   334.4      0.865      0.804      0.297     -0.020     -0.004      0.224
131.0000      -3904.287    -3929.807       25.520   325.3      0.666      0.827      0.029      0.205     -0.087     -0.090
131.2500      -3905.170    -3930.683       25.513   325.2      0.563      0.890      0.602      0.262      0.250      0.055
131.5000      -3903.772    -3930.340       26.568   338.6      1.064      0.973      0.335      0.004     -0.116     -0.103
131.7500      -3903.778    -3930.122       26.343   335.8      0.908      0.857      0.392     -0.290     -0.303      0.065
132.0000      -3903.239    -3929.614       26.375   336.2      0.690      0.902      0.432      0.080      0.001      0.330
132.2500      -3905.713    -3931.068       25.355   323.2      0.654      0.808      0.351      0.032      0.003      0.399
132.5000      -3905.474    -3930.518       25.044   319.2      0.258      1.048      1.278     -0.097      0.140      0.156
132.7500      -3906.004    -3932.274       26.271   334.8      0.570      0.872      0.169     -0.162     -0.023     -0.106
133.0000      -3906.861    -3931.049       24.188   308.3      0.639      0.535      0.052     -0.178     -0.083     -0.194
133.2500      -3905.200    -3931.188       25.988   331.2      1.146      1.123      0.151     -0.224     -0.132     -0.014
133.5000      -3906.217    -3930.326       24.109   307.3      1.326      1.171      0.106     -0.115     -0.125      0.070
133.7500      -3905.747    -3931.000       25.252   321.8      0.256      0.404      0.158     -0.096      0.347     -0.146
134.0000      -3905.855    -3931.237       25.381   323.5      0.876      0.989      0.119     -0.208      0.084      0.008
134.2500      -3905.416    -3931.420       26.004   331.4      0.942      0.759      0.206     -0.352     -0.268      0.034
134.5000      -3904.421    -3931.515       27.094   345.3      0.658      0.670      0.154     -0.059     -0.468     -0.007
134.7500      -3904.384    -3930.906       26.522   338.0      0.791      0.703     -0.143      0.156     -0.318     -0.014
135.0000      -3903.732    -3930.966       27.234   347.1      0.999      0.847     -0.135     -0.123      0.272      0.138
135.2500      -3905.199    -3931.057       25.858   329.6      1.333      1.245      0.516      0.035      0.393      0.132
135.5000      -3905.956    -3931.081       25.126   320.2      0.434      0.762     -0.325      0.152      0.311     -0.105
135.7500      -3906.336    -3932.047       25.711   327.7      0.172      1.022     -0.415      0.345      0.203     -0.134
136.0000      -3906.343    -3932.637       26.294   335.1      0.511      0.939      0.802      0.317     -0.070     -0.176
136.2500      -3906.090    -3931.612       25.522   325.3      0.223      0.947     -0.314      0.350     -0.157     -0.039
136.5000      -3906.644    -3930.838       24.194   308.4      0.838      0.897      0.576     -0.148      0.176     -0.112
136.7500      -3905.652    -3930.454       24.802   316.1      1.070      1.014      1.036      0.442     -0.188     -0.198
137.0000      -3904.409    -3929.906       25.497   325.0      0.625      0.936      0.568      0.189     -0.191      0.103
137.2500      -3903.878    -3929.875       25.997   331.3      0.705      0.904      0.296      0.312     -0.192      0.003
137.5000      -3904.070    -3929.999       25.930   330.5      0.866      0.539      0.238      0.148      0.294     -0.061
137.7500      -3904.677    -3931.708       27.031   344.5      1.071      1.324      0.384     -0.002      0.380     -0.331
138.0000      -3906.761    -3931.648       24.887   317.2      0.954      0.647      0.226     -0.206      0.179     -0.066
138.2500      -3907.225    -3932.602       25.376   323.4      0.702      0.715     -0.305      0.129     -0.122     -0.024
138.5000      -3906.336    -3931.859       25.524   325.3      0.782      0.968     -0.361      0.101     -0.013      0.005
138.7500      -3903.935    -3929.658       25.722   327.8      0.791      1.561      0.523      0.074     -0.397      0.159
139.0000      -3904.764    -3931.271       26.507   337.8      0.737      0.740      0.685      0.325      0.127      0.272
139.2500      -3904.474    -3930.830       26.356   335.9      0.694      0.968      0.290     -0.062      0.168     -0.014
139.5000      -3905.642    -3930.773       25.131   320.3      0.371      1.086      0.692     -0.541     -0.114     -0.018
139.7500      -3905.989    -3932.375       26.385   336.3      0.443      0.939      0.831     -0.008      0.138      0.043
140.0000      -3906.670    -3932.879       26.210   334.0      0.137      0.753     -0.185      0.071     -0.037     -0.098
140.2500      -3905.326    -3932.222       26.897   342.8      0.507      0.587     -0.117     -0.094     -0.018      0.045
140.5000      -3905.070    -3930.152       25.081   319.7      0.965      1.384      0.375      0.043      0.018     -0.070
140.7500      -3904.718    -3930.063       25.346   323.0      0.375      0.722     -0.372     -0.066     -0.249     -0.188
141.0000      -3906.758    -3933.133       26.375   336.2      0.887      1.001      0.024      0.089     -0.027      0.161
141.2500      -3906.422    -3931.063       24.640   314.0      1.282      0.684      0.394      0.118      0.059      0.241
141.5000      -3906.730    -3932.178       25.448   324.3      0.074      0.657      0.099     -0.128     -0.085     -0.092
141.7500      -3905.738    -3932.155       26.417   336.7      0.819      0.766      0.153      0.180     -0.365      0.118
142.0000      -3906.029    -3931.270       25.241   321.7      1.020      1.067      0.586     -0.288     -0.235      0.474
142.2500      -3906.432    -3931.618       25.186   321.0      0.423      0.627      0.358     -0.035      0.145      0.038
142.5000      -3905.363    -3930.193       24.830   316.5      0.932      0.471      0.138     -0.195     -0.054      0.323
142.7500      -3904.666    -3930.531       25.865   329.7      0.535      0.866     -0.123     -0.181     -0.147     -0.124
143.0000      -3904.436    -3931.058       26.622   339.3      1.040      0.902      0.362     -0.139     -0.065      0.078
143.2500      -3904.188    -3930.892       26.704   340.3      0.651      1.137      0.268      0.357     -0.261     -0.230
143.5000      -3903.532    -3929.627       26.096   332.6      1.027      0.812      0.282      0.091      0.156      0.347
143.7500      -3906.081    -3931.171       25.090   319.8      0.556      0.732     -0.055      0.184     -0.041     -0.058
144.0000      -3904.575    -3929.798       25.222   321.5      0.184      0.600      0.191      0.343     -0.211      0.127
144.2500      -3904.857    -3930.781       25.924   330.4      0.748      1.168      0.734      0.206     -0.135      0.125
144.5000      -3906.357    -3931.415       25.057   319.4      1.194      1.022      0.276      0.091      0.141     -0.001
144.7500      -3904.953    -3931.457       26.504   337.8      0.639      1.144      0.062     -0.175     -0.021      0.088
145.0000      -3904.139    -3929.450       25.312   322.6      1.517      0.865      0.338     -0.297      0.190     -0.127
145.2500      -3903.509    -3929.930       26.421   336.7      0.716      0.694      0.039     -0.233     -0.163      0.012
145.5000      -3903.066    -3929.435       26.369   336.1      0.682      0.927      0.433      0.042      0.025      0.085
145.7500      -3904.280    -3930.840       26.561   338.5      0.812      0.710     -0.396      0.401     -0.178      0.120
146.0000      -3903.976    -3929.933       25.957   330.8      0.707      0.572      0.628      0.109     -0.370     -0.154
146.2500      -3902.762    -3930.588       27.826   354.7      0.450      1.079      0.437      0.182      0.329     -0.058
146.5000      -3904.176    -3929.931       25.755   328.3      0.188      1.195      0.087     -0.097     -0.092      0.077
146.7500      -3905.240    -3931.620       26.379   336.2      0.720      0.917      0.522     -0.103     -0.166     -0.231
147.0000      -3905.795    -3930.961       25.166   320.7      0.780      0.511      0.637     -0.249      0.093      0.052
147.2500      -3905.647    -3931.814       26.167   333.5      0.442      0.945      0.722      0.062      0.077     -0.133
147.5000      -3904.836    -3930.979       26.143   333.2      0.558      1.108      0.133      0.298     -0.042     -0.009
147.7500      -3906.501    -3931.649       25.148   320.5      0.324      0.957      0.238     -0.083     -0.014      0.026
148.0000      -3907.003    -3932.516       25.514   325.2      1.384      0.660      0.499     -0.199      0.184      0.220
148.2500      -3906.491    -3931.899       25.408   323.8      0.660      1.045      0.500      0.063     -0.116     -0.046
148.5000      -3906.209    -3930.006       23.796   303.3      1.584      1.154      0.891      0.237      0.139      0.148
148.7500      -3905.250    -3930.265       25.015   318.8      1.071      0.468      0.476      0.324     -0.524      0.186
149.0000      -3905.146    -3930.512       25.366   323.3      1.209      0.937      0.440      0.291      0.134     -0.030
149.2500      -3905.239    -3931.206       25.967   331.0      1.520      1.073      0.810     -0.122     -0.109     -0.150
149.5000      -3905.651    -3931.048       25.397   323.7      1.090      0.760      0.318      0.109     -0.341      0.017
149.7500      -3906.133    -3931.476       25.343   323.0      0.686      1.522      0.478     -0.220     -0.148     -0.215
150.0000      -3904.332    -3930.873       26.541   338.3      1.232      0.939      0.360      0.168      0.012     -0.128
150.2500      -3902.750    -3929.171       26.421   336.7      0.376      0.821      0.362     -0.198      0.018      0.138
150.5000      -3904.661    -3930.089       25.428   324.1      0.567      0.563      0.306     -0.211      0.080      0.023
150.7500      -3906.755    -3931.110       24.354   310.4      1.072      0.906      0.134     -0.104      0.246     -0.035
151.0000      -3906.991    -3931.178       24.187   308.3      1.042      1.375      0.716      0.119     -0.049     -0.041
151.2500      -3905.823    -3931.056       25.233   321.6      0.827      0.398      0.010     -0.007     -0.091     -0.090
151.5000      -3907.571    -3931.154       23.582   300.6      1.376      0.783      0.425      0.108     -0.097     -0.111
151.7500      -3905.293    -3932.066       26.773   341.2      1.227      0.397      0.108     -0.089     -0.281     -0.110
152.0000      -3904.145    -3930.997       26.852   342.2      0.789      0.660      0.296     -0.054      0.400     -0.151
152.2500      -3903.755    -3929.493       25.738   328.0      0.173      1.232      0.283      0.050      0.499     -0.072
152.5000      -3903.553    -3929.921       26.368   336.1      0.339      0.575     -0.145      0.421      0.250      0.138
152.7500      -3904.590    -3930.429       25.839   329.3      1.031      0.772      0.119      0.163     -0.055      0.113
153.0000      -3907.440    -3931.902       24.462   311.8      1.104      0.801      0.097     -0.059     -0.179      0.002
153.2500      -3904.685    -3932.627       27.941   356.1      0.401      1.107      0.250      0.108      0.111     -0.187
153.5000      -3906.356    -3932.161       25.805   328.9      0.747      0.983      0.424     -0.026      0.001     -0.377
153.7500      -3908.341    -3932.220       23.879   304.3      0.549      0.513      0.911     -0.032      0.150      0.178
154.0000      -3906.840    -3932.879       26.039   331.9      0.405      0.784      0.050     -0.075     -0.234     -0.168
154.2500      -3906.010    -3931.548       25.538   325.5      0.822      0.974      0.175     -0.021     -0.201     -0.269
154.5000      -3905.837    -3931.981       26.144   333.2      0.830      0.426      0.485      0.540      0.211     -0.223
154.7500      -3906.533    -3933.329       26.796   341.5      0.666      0.597      0.394      0.150     -0.154     -0.056
155.0000      -3905.394    -3931.403       26.009   331.5      0.726      0.750      0.084     -0.217     -0.073      0.102
155.2500      -3904.615    -3931.731       27.117   345.6      0.877      0.700      0.338     -0.009     -0.169      0.094
155.5000      -3905.688    -3931.539       25.851   329.5      0.432      0.518     -0.010      0.190     -0.225      0.049
155.7500      -3906.306    -3931.930       25.625   326.6      0.956      1.275      0.567     -0.180     -0.056      0.069
156.0000      -3904.525    -3930.756       26.231   334.3      1.274      0.752      0.567      0.040     -0.179     -0.011
156.2500      -3904.850    -3931.310       26.459   337.2      0.793      0.829      0.267     -0.217      0.008      0.006
156.5000      -3904.525    -3930.171       25.647   326.9      0.222      0.706     -0.151     -0.134     -0.026     -0.112
156.7500      -3904.602    -3931.586       26.985   343.9      1.169      0.988      0.884     -0.161      0.105      0.383
157.0000      -3905.189    -3931.464       26.275   334.9      0.668      0.671     -0.245     -0.253      0.429      0.156
157.2500      -3906.449    -3931.863       25.414   323.9      1.089      0.661      0.835      0.082     -0.214     -0.119
157.5000      -3906.511    -3931.014       24.503   312.3      0.891      1.172      0.439     -0.134      0.053      0.019
157.7500      -3906.997    -3931.939       24.942   317.9      0.368      0.782      0.699     -0.185      0.050      0.116
158.0000      -3907.465    -3933.526       26.062   332.2      0.521      0.912      0.156      0.173      0.236     -0.161
158.2500      -3905.743    -3930.845       25.102   319.9      0.937      0.898      0.304      0.058      0.226      0.191
158.5000      -3905.357    -3930.887       25.530   325.4      0.621      0.978      0.244     -0.173      0.260     -0.126
158.7500      -3904.548    -3931.712       27.164   346.2      0.859      1.229      0.367     -0.148     -0.005     -0.124
159.0000      -3903.470    -3929.292       25.823   329.1      0.651      0.820     -0.094      0.208     -0.168     -0.055
159.2500      -3902.826    -3930.263       27.436   349.7      0.726      0.773      0.145      0.040     -0.061     -0.312
159.5000      -3902.802    -3928.754       25.952   330.8      0.703      0.984      0.333     -0.037      0.217     -0.006
159.7500      -3903.741    -3930.148       26.407   336.6      0.595      1.056      0.141      0.186     -0.176      0.119
160.0000      -3905.767    -3930.788       25.021   318.9      0.980      0.605      0.501      0.072     -0.121     -0.088
160.2500      -3906.250    -3931.542       25.292   322.4      0.363      0.342     -0.302      0.169     -0.132      0.233
160.5000      -3905.163    -3931.267       26.104   332.7      0.689      1.278      0.392     -0.125     -0.081     -0.008
160.7500      -3905.285    -3931.477       26.191   333.8      0.303      0.299     -0.460      0.128      0.105      0.071
161.0000      -3905.753    -3931.220       25.467   324.6      0.801      0.583     -0.180      0.016      0.244     -0.085
161.2500      -3903.864    -3928.479       24.615   313.7      0.677      1.033      0.126      0.190      0.094      0.077
161.5000      -3903.834    -3928.925       25.091   319.8      1.213      0.996     -0.114     -0.099     -0.215     -0.022
161.7500      -3904.633    -3930.270       25.636   326.7      1.040      0.708      0.097     -0.051     -0.060     -0.009
162.0000      -3902.332    -3928.388       26.057   332.1      0.957      1.197      1.350     -0.219      0.112     -0.012
162.2500      -3903.257    -3929.157       25.901   330.1      0.331      0.941      0.025     -0.034      0.219     -0.017
162.5000      -3904.107    -3929.852       25.744   328.1      0.460      0.969      0.367      0.361     -0.020     -0.015
162.7500      -3904.204    -3930.199       25.995   331.3      0.958      0.657      0.111     -0.027     -0.318     -0.039
163.0000      -3903.959    -3929.427       25.468   324.6      0.699      0.875      0.341      0.299      0.200      0.109
163.2500      -3905.305    -3930.340       25.035   319.1      0.787      0.703      0.776     -0.134     -0.076      0.031
163.5000      -3905.459    -3931.507       26.048   332.0      0.504      0.546      0.063     -0.083      0.025      0.164
163.7500      -3907.237    -3930.842       23.604   300.8      0.356      0.744      0.158      0.004     -0.194     -0.133
164.0000      -3905.712    -3931.099       25.387   323.6      0.825      0.596      0.087     -0.006     -0.409      0.012
164.2500      -3904.480    -3931.618       27.138   345.9      0.372      1.138      0.750      0.019     -0.269     -0.125
164.5000      -3903.529    -3930.435       26.905   342.9      1.233      1.091      0.387     -0.149     -0.161     -0.308
164.7500      -3904.857    -3929.944       25.086   319.7      0.827      1.094      0.073     -0.281      0.165     -0.112
165.0000      -3906.789    -3930.893       24.104   307.2      1.045      0.973      1.073      0.154      0.203      0.093
165.2500      -3903.808    -3930.296       26.488   337.6      0.458      0.195      0.061      0.078     -0.239     -0.042
165.5000      -3905.463    -3931.095       25.632   326.7      1.033      1.074      0.208      0.099     -0.501     -0.015
165.7500      -3903.383    -3929.907       26.524   338.1      0.740      1.028      0.467      0.048     -0.181     -0.191
166.0000      -3904.295    -3930.365       26.070   332.3      0.614      0.397      0.590     -0.171      0.005     -0.010
166.2500      -3905.889    -3930.953       25.064   319.4      1.581      1.234      0.785      0.089     -0.182      0.039
166.5000      -3906.186    -3931.982       25.796   328.8      0.872      0.559      0.043      0.222      0.016      0.040
166.7500      -3906.787    -3932.209       25.422   324.0      0.414      0.681     -0.108      0.056     -0.412      0.023
167.0000      -3904.860    -3930.097       25.236   321.6      1.061      0.990      0.475     -0.186     -0.271      0.168
167.2500      -3905.124    -3930.502       25.378   323.5      1.207      0.333     -0.262     -0.243      0.062      0.118
167.5000      -3906.659    -3931.431       24.771   315.7      0.464      0.647      0.332     -0.067      0.217     -0.015
167.7500      -3906.379    -3930.367       23.989   305.7      0.937      1.017      0.684      0.057      0.265     -0.204
168.0000      -3905.483    -3930.833       25.350   323.1      1.189      0.594      0.694      0.197     -0.105     -0.110
168.2500      -3904.500    -3930.950       26.450   337.1      0.460      0.357     -0.216      0.205      0.079     -0.117
168.5000      -3904.368    -3930.612       26.244   334.5      0.571      0.643      0.309     -0.053     -0.025     -0.277
168.7500      -3905.706    -3930.498       24.792   316.0      0.440      0.721     -0.039     -0.168      0.153     -0.092
169.0000      -3905.201    -3931.222       26.021   331.6      0.879      0.787      0.256     -0.030      0.173     -0.318
169.2500      -3906.022    -3931.392       25.370   323.3      0.970      0.648      0.125      0.061      0.102      0.053
169.5000      -3903.665    -3929.756       26.091   332.5      1.250      0.921      0.364      0.180     -0.344     -0.110
169.7500      -3904.603    -3930.629       26.026   331.7      0.581      0.826     -0.034     -0.084      0.119      0.187
170.0000      -3905.503    -3931.794       26.290   335.1      0.543      0.365     -0.188     -0.087      0.027     -0.096
170.2500      -3906.882    -3930.932       24.050   306.5      0.802      0.886      0.393     -0.115      0.135      0.086
170.5000      -3907.504    -3932.272       24.768   315.7      1.185      1.054      0.565     -0.291     -0.285      0.026
170.7500      -3906.050    -3931.627       25.577   326.0      1.010      0.998      0.042      0.269     -0.047      0.054
171.0000      -3907.573    -3931.845       24.272   309.4      0.052      0.627     -0.126      0.251     -0.092     -0.076
171.2500      -3905.554    -3931.947       26.392   336.4      0.678      0.993     -0.147      0.104      0.074     -0.133
171.5000      -3905.405    -3930.451       25.046   319.2      0.900      1.428      0.668     -0.133      0.532     -0.159
171.7500      -3904.722    -3931.351       26.629   339.4      0.410      0.268     -0.226     -0.121      0.327     -0.112
172.0000      -3905.287    -3930.808       25.521   325.3      0.652      0.998     -0.145      0.107      0.063     -0.080
172.2500      -3905.021    -3930.401       25.380   323.5      0.377      0.663      0.188      0.109     -0.088     -0.237
172.5000      -3904.667    -3930.566       25.900   330.1      0.200      0.943      0.300      0.100      0.003      0.161
172.7500      -3905.509    -3931.483       25.974   331.0      0.492      0.857      0.065      0.138     -0.076      0.121
173.0000      -3904.146    -3930.812       26.665   339.9      0.577      0.464      0.669      0.046     -0.236     -0.153
173.2500      -3906.598    -3931.661       25.063   319.4      0.857      0.629      0.376     -0.223     -0.267      0.187
173.5000      -3907.276    -3931.135       23.858   304.1      0.566      0.249     -0.116      0.056     -0.115      0.204
173.7500      -3907.519    -3932.115       24.595   313.5      0.961      0.894      0.181     -0.149      0.291      0.175
174.0000      -3906.655    -3931.436       24.780   315.8      0.693      0.511      0.591     -0.135      0.175      0.075
174.2500      -3907.941    -3932.546       24.605   313.6      0.370      0.841      0.239     -0.054      0.196      0.192
174.5000      -3906.340    -3931.579       25.239   321.7      0.446      0.736      0.075      0.238     -0.150     -0.259
174.7500      -3905.669    -3931.274       25.605   326.3      1.168      1.046      0.265      0.265     -0.302     -0.007
175.0000      -3905.403    -3931.364       25.961   330.9      0.269      0.045     -0.073      0.233     -0.423      0.185
175.2500      -3904.301    -3929.804       25.503   325.0      0.905      0.814      0.419     -0.117     -0.144     -0.152
175.5000      -3904.830    -3930.514       25.684   327.3      0.530      1.321      0.826     -0.223      0.119      0.203
175.7500      -3904.710    -3930.113       25.403   323.8      0.394      0.409     -0.310     -0.330     -0.249      0.143
176.0000      -3905.574    -3931.794       26.220   334.2      0.563      1.142      0.492      0.065     -0.010     -0.022
176.2500      -3905.206    -3930.425       25.219   321.4      0.367      0.885      0.007      0.149     -0.171     -0.066
176.5000      -3902.603    -3929.625       27.021   344.4      0.807      0.705      0.033     -0.165     -0.169     -0.125
176.7500      -3901.458    -3929.449       27.991   356.8      0.858      0.704      0.290     -0.022      0.114     -0.104
177.0000      -3902.289    -3929.092       26.803   341.6      0.293      0.614     -0.503      0.307     -0.107      0.019
177.2500      -3903.699    -3929.830       26.131   333.0      0.527      0.356      0.028     -0.106      0.314     -0.175
177.5000      -3904.082    -3929.861       25.778   328.6      0.859      1.010      0.200      0.240      0.258      0.130
177.7500      -3904.337    -3931.334       26.997   344.1      0.225      0.421     -0.310     -0.066     -0.331      0.048
178.0000      -3903.761    -3929.998       26.237   334.4      1.106      0.417      0.766      0.022     -0.112     -0.240
178.2500      -3904.664    -3930.044       25.380   323.5      0.385      0.798      0.250     -0.196     -0.210      0.142
178.5000      -3904.206    -3931.014       26.808   341.7      0.787      1.404      0.658     -0.034      0.309     -0.103
178.7500      -3904.361    -3930.590       26.228   334.3      0.672      1.074      0.699     -0.095     -0.229     -0.095
179.0000      -3905.706    -3930.493       24.787   315.9      0.778      1.032     -0.098     -0.157     -0.055     -0.105
179.2500      -3907.584    -3931.707       24.122   307.4      1.135      1.076      0.815     -0.101     -0.113      0.058
179.5000      -3905.989    -3931.014       25.025   318.9      0.938      1.335      0.349     -0.268      0.454      0.031
179.7500      -3906.016    -3931.469       25.453   324.4      0.586      0.575     -0.045     -0.027      0.229     -0.351
180.0000      -3905.106    -3930.118       25.012   318.8      0.672      1.182      0.649      0.061     -0.451      0.341
180.2500      -3903.889    -3929.117       25.227   321.5      0.905      0.857      0.221     -0.054     -0.196      0.058
180.5000      -3902.457    -3928.283       25.825   329.1      0.429      0.476     -0.220      0.104      0.165      0.074
180.7500      -3901.824    -3928.221       26.397   336.4      0.877      1.034      0.508      0.140     -0.123      0.148
181.0000      -3902.305    -3928.564       26.258   334.7      0.909      1.029      0.099      0.085     -0.148      0.112
181.2500      -3903.561    -3928.730       25.169   320.8      0.883      0.833      0.327     -0.271     -0.258     -0.156
181.5000      -3903.862    -3930.225       26.364   336.0      1.100      0.871      0.639      0.049      0.047      0.033
181.7500      -3904.737    -3930.766       26.029   331.8      0.680      0.716      0.159     -0.230      0.100      0.136
182.0000      -3904.164    -3930.009       25.845   329.4      0.752      0.745      0.591     -0.057     -0.057     -0.302
182.2500      -3904.448    -3930.019       25.571   325.9      1.030      0.757      0.571     -0.211      0.221     -0.179
182.5000      -3905.133    -3931.042       25.909   330.2      0.396      0.880      0.304     -0.258      0.180      0.397
182.7500      -3903.874    -3930.680       26.806   341.6      1.005      0.776      0.521     -0.114      0.178     -0.063
183.0000      -3903.584    -3929.902       26.319   335.4      0.601      0.892      0.532     -0.177      0.061     -0.024
183.2500      -3903.821    -3930.110       26.289   335.1      1.008      0.663      0.372      0.098     -0.025     -0.092
183.5000      -3906.523    -3930.791       24.267   309.3      0.942      0.983      0.706     -0.166     -0.062     -0.021
183.7500      -3906.238    -3930.379       24.141   307.7      0.707      0.911      0.336      0.027     -0.031      0.059
184.0000      -3907.301    -3932.554       25.253   321.9      0.318      0.418      0.513     -0.104     -0.070     -0.278
184.2500      -3906.095    -3930.010       23.915   304.8      0.960      0.897      0.499      0.085     -0.182     -0.115
184.5000      -3903.963    -3929.688       25.726   327.9      1.399      1.506      0.956     -0.032     -0.299     -0.061
184.7500      -3903.536    -3930.458       26.921   343.1      1.038      1.244      0.618      0.132      0.155      0.061
185.0000      -3903.671    -3929.775       26.104   332.7      0.739      0.638      0.089      0.021      0.508      0.182
185.2500      -3904.229    -3930.664       26.435   336.9      0.981      1.436      1.001     -0.116      0.019      0.210
185.5000      -3905.830    -3930.079       24.249   309.1      0.868      1.480      0.132     -0.069      0.105      0.027
185.7500      -3904.961    -3930.934       25.973   331.0      0.807      0.818      1.214      0.291     -0.145     -0.212
186.0000      -3905.481    -3931.559       26.078   332.4      0.617      0.552      0.679     -0.008     -0.043      0.054
186.2500      -3903.838    -3929.996       26.158   333.4      0.762      0.794      0.122     -0.018     -0.222      0.031
186.5000      -3905.192    -3930.485       25.293   322.4      0.983      1.272      0.611      0.077     -0.180     -0.251
186.7500      -3905.013    -3931.480       26.467   337.3      0.688      0.608      0.489      0.028     -0.369      0.112
187.0000      -3905.454    -3929.811       24.357   310.4      0.968      1.548      1.031      0.132     -0.152     -0.002
187.2500      -3904.351    -3930.686       26.335   335.6      0.896      0.328      0.329     -0.057     -0.227      0.205
187.5000      -3905.532    -3931.001       25.469   324.6      0.804      0.230     -0.092     -0.095     -0.028     -0.230
187.7500      -3905.530    -3931.229       25.699   327.5      1.079      0.794      0.136     -0.013      0.049      0.183
188.0000      -3905.052    -3930.695       25.643   326.8      0.697      0.678      0.834     -0.076     -0.275      0.040
188.2500      -3906.384    -3931.113       24.729   315.2      0.820      0.333      0.150      0.284      0.077      0.088
188.5000      -3907.365    -3932.574       25.209   321.3      0.561      0.618     -0.016      0.344     -0.163      0.281
188.7500      -3906.480    -3932.649       26.168   333.5      0.245      0.850      0.331      0.033      0.311     -0.195
189.0000      -3906.270    -3932.434       26.165   333.5      0.814      0.512      0.813     -0.109     -0.041     -0.038
189.2500      -3905.266    -3930.954       25.688   327.4      1.227      0.985      0.339     -0.335     -0.122      0.210
189.5000      -3905.184    -3931.218       26.035   331.8      0.411      0.966     -0.253     -0.194     -0.269     -0.003
189.7500      -3903.421    -3928.954       25.533   325.4      0.682      0.970     -0.131      0.195      0.244     -0.065
190.0000      -3905.073    -3930.984       25.911   330.2      0.698      1.091      0.137      0.044      0.214     -0.005
190.2500      -3905.890    -3931.338       25.448   324.3      0.930      0.489     -0.061      0.169     -0.119      0.096
190.5000      -3906.519    -3932.340       25.821   329.1      0.761      1.232     -0.129      0.195     -0.393     -0.002
190.7500      -3905.690    -3931.316       25.626   326.6      0.985      0.901      0.462     -0.003     -0.209     -0.064
191.0000      -3906.001    -3931.952       25.951   330.8      0.647      0.982      0.058      0.115     -0.396      0.069
191.2500      -3905.012    -3931.860       26.847   342.2     -0.002      1.028     -0.170     -0.092     -0.138      0.099
191.5000      -3904.541    -3930.274       25.733   328.0      0.889      1.233      0.211     -0.530     -0.389     -0.072
191.7500      -3906.175    -3931.524       25.350   323.1      0.120      0.279     -0.712      0.018      0.173      0.085
192.0000      -3904.500    -3931.415       26.915   343.0      1.027      0.549      0.240     -0.193      0.304     -0.021
192.2500      -3904.900    -3932.529       27.629   352.1      0.611      1.053     -0.181      0.213     -0.220     -0.003
192.5000      -3903.767    -3931.253       27.486   350.3      0.691      0.537     -0.207     -0.040     -0.239     -0.010
192.7500      -3903.079    -3929.268       26.189   333.8      0.793      0.993      0.521      0.159     -0.157      0.174
193.0000      -3904.438    -3930.447       26.009   331.5      0.369      0.478     -0.142      0.003     -0.097      0.241
193.2500      -3904.999    -3930.600       25.601   326.3      0.806      1.137      0.635     -0.201      0.109      0.096
193.5000      -3905.656    -3932.236       26.579   338.8      0.705      0.986      0.803     -0.255     -0.087     -0.291
193.7500      -3904.350    -3930.637       26.287   335.0      0.373      0.430      0.484     -0.094     -0.057      0.025
194.0000      -3905.628    -3932.590       26.962   343.6      0.928      0.969     -0.234      0.134      0.031      0.227
194.2500      -3906.490    -3930.243       23.753   302.7      0.784      0.797     -0.222      0.125     -0.072     -0.063
194.5000      -3904.268    -3929.590       25.321   322.7      1.180      0.761      0.302     -0.247      0.162      0.078
194.7500      -3905.678    -3931.749       26.070   332.3      0.630      1.011      0.088     -0.298     -0.146      0.056
195.0000      -3904.681    -3930.522       25.841   329.3      0.322      0.777      0.194     -0.067     -0.301     -0.032
195.2500      -3905.364    -3931.948       26.584   338.8      0.897      1.107      0.707      0.185      0.221      0.118
195.5000      -3905.626    -3929.950       24.325   310.0      0.724      1.006      0.520     -0.078      0.116      0.133
195.7500      -3906.722    -3932.047       25.325   322.8      0.596      1.114      0.642      0.004      0.228      0.059
196.0000      -3907.205    -3931.455       24.251   309.1      0.358      0.786      0.612     -0.035      0.090      0.072
196.2500      -3904.712    -3931.156       26.444   337.0      0.724      0.787      0.233     -0.003     -0.233      0.252
196.5000      -3906.125    -3932.439       26.314   335.4      0.950      0.830      0.338     -0.010     -0.003      0.313
196.7500      -3906.497    -3931.775       25.278   322.2      1.198      1.311      0.344      0.224      0.062      0.211
197.0000      -3907.268    -3931.823       24.554   312.9      0.458      1.237      0.501     -0.087      0.181      0.018
197.2500      -3906.418    -3932.654       26.236   334.4      0.664      1.364      0.606      0.030     -0.318      0.204
197.5000      -3908.176    -3933.064       24.888   317.2      1.014      0.733      0.452     -0.315     -0.245      0.248
197.7500      -3906.709    -3932.059       25.350   323.1      0.848      0.835      0.487     -0.086     -0.023     -0.071
198.0000      -3907.102    -3931.843       24.740   315.3      0.849      1.341      0.515      0.201      0.091     -0.025
198.2500      -3904.718    -3930.739       26.021   331.6      0.561      0.465      0.078      0.243      0.242     -0.032
198.5000      -3905.560    -3931.246       25.686   327.4      0.391      1.377      0.051     -0.050      0.198     -0.211
198.7500      -3904.803    -3930.539       25.735   328.0      1.219      1.604      1.273     -0.087     -0.392     -0.068
199.0000      -3905.450    -3931.097       25.646   326.9      0.975      0.513      0.307     -0.110     -0.368      0.038
199.2500      -3906.771    -3931.719       24.948   318.0      1.091      1.405      1.051      0.155     -0.198      0.273
199.5000      -3906.499    -3930.707       24.208   308.5      0.655      0.651      0.106      0.175     -0.388     -0.193
199.7500      -3908.561    -3933.414       24.853   316.8      0.816      0.815      0.053     -0.091     -0.068      0.201
200.0000      -3907.811    -3932.545       24.735   315.2      0.786      1.000      0.975      0.069      0.014     -0.192
200.2500      -3907.095    -3930.366       23.271   296.6      0.942      0.834      0.202     -0.154      0.043     -0.072
200.5000      -3906.940    -3932.326       25.386   323.6      0.553      0.723      0.482     -0.019      0.415     -0.048
200.7500      -3905.997    -3930.307       24.310   309.8      0.960      0.783      0.220     -0.047     -0.210     -0.178
201.0000      -3906.656    -3931.740       25.084   319.7      0.770      0.775      0.380      0.365     -0.019      0.097
201.2500      -3906.547    -3932.237       25.689   327.4      0.358      0.731     -0.055      0.061     -0.389     -0.216
201.5000      -3907.196    -3932.225       25.028   319.0      0.633      0.596      0.367     -0.032     -0.074      0.031
201.7500      -3907.643    -3932.324       24.681   314.6      0.640      1.397      0.191     -0.056      0.053     -0.017
202.0000      -3908.059    -3932.611       24.553   312.9      0.493      0.745      0.834      0.097      0.024     -0.304
202.2500      -3907.140    -3932.163       25.023   318.9      1.025      1.077      0.540      0.229     -0.015     -0.148
202.5000      -3906.582    -3932.086       25.504   325.1      0.664      0.744     -0.205     -0.093      0.460     -0.054
202.7500      -3907.134    -3933.004       25.869   329.7      0.583      1.232      0.285     -0.356      0.244     -0.161
203.0000      -3904.581    -3931.006       26.425   336.8      0.804      1.057     -0.067     -0.186     -0.007     -0.023
203.2500      -3904.638    -3930.630       25.993   331.3      0.955      0.599     -0.141      0.028     -0.210      0.221
203.5000      -3904.047    -3929.457       25.410   323.9      0.762      0.627      0.354      0.410     -0.115     -0.134
203.7500      -3905.924    -3931.482       25.558   325.7      0.737      1.035      0.310      0.145      0.064      0.265
204.0000      -3902.248    -3929.034       26.786   341.4      0.880      0.984      0.497     -0.215     -0.139      0.075
204.2500      -3903.386    -3928.947       25.561   325.8      0.726      1.147      0.471      0.045      0.086     -0.134
204.5000      -3901.881    -3928.383       26.502   337.8      0.755      0.863      0.245     -0.202     -0.080      0.015
204.7500      -3902.725    -3930.093       27.368   348.8      1.396      1.091      0.467      0.139     -0.099     -0.300
205.0000      -3904.737    -3929.694       24.956   318.1      1.015      0.930      0.811      0.110     -0.182      0.035
205.2500      -3904.973    -3930.693       25.719   327.8      0.167      1.369      0.317     -0.247      0.135      0.123
205.5000      -3904.167    -3929.559       25.392   323.6      1.242      0.844      0.559     -0.468     -0.250      0.100
205.7500      -3905.974    -3930.602       24.628   313.9      0.855      0.961      0.314     -0.248     -0.170     -0.104
206.0000      -3905.860    -3931.019       25.159   320.7      0.951      1.275      0.660      0.004      0.129      0.241
206.2500      -3903.656    -3929.796       26.141   333.2      1.098      1.238      0.364      0.083     -0.158      0.137
206.5000      -3904.770    -3931.988       27.218   346.9      1.023      0.800      0.506      0.035     -0.086      0.062
206.7500      -3905.037    -3932.304       27.267   347.5      0.665      1.035      0.335     -0.228      0.388      0.041
207.0000      -3905.072    -3931.385       26.312   335.4      0.827      0.667      1.019     -0.145      0.143      0.002
207.2500      -3904.703    -3930.922       26.219   334.2      0.670      1.023      0.633      0.208     -0.011      0.511
207.5000      -3904.794    -3931.184       26.390   336.3      1.247      0.805      0.647     -0.025      0.184     -0.032
207.7500      -3903.918    -3930.970       27.052   344.8      0.921      0.863      0.219      0.190     -0.063      0.229
208.0000      -3904.656    -3931.064       26.408   336.6      1.432      0.827      0.558     -0.251      0.012      0.043
208.2500      -3904.550    -3930.040       25.489   324.9      0.924      0.568      0.156     -0.108     -0.036     -0.081
208.5000      -3904.622    -3929.738       25.115   320.1      1.110      0.745      0.588      0.131     -0.154     -0.006
208.7500      -3905.285    -3932.312       27.028   344.5      0.507      0.618     -0.104     -0.039      0.236     -0.196
209.0000      -3905.085    -3929.846       24.761   315.6      0.544      0.749      0.595     -0.059      0.342     -0.131
209.2500      -3903.326    -3930.241       26.915   343.0      0.987      0.162      0.948      0.100      0.282      0.016
209.5000      -3904.150    -3930.386       26.236   334.4      0.717      0.840      0.602     -0.080      0.037      0.234
209.7500      -3904.827    -3931.267       26.440   337.0      0.743      1.199      0.370      0.038      0.075      0.089
210.0000      -3906.519    -3931.079       24.561   313.0      1.233      1.066      0.204      0.346     -0.095      0.106
210.2500      -3906.276    -3930.936       24.660   314.3      0.594      0.867      0.498     -0.078     -0.032      0.001
210.5000      -3907.379    -3933.519       26.140   333.2      0.845      1.174      0.749     -0.022      0.046      0.087
210.7500      -3904.840    -3930.727       25.887   329.9      0.372      0.503     -0.199     -0.140      0.049      0.060
211.0000      -3903.510    -3930.485       26.975   343.8      0.650      0.446      0.221     -0.097      0.204      0.141
211.2500      -3904.240    -3929.512       25.272   322.1      0.783      0.996      0.410     -0.083      0.218      0.096
211.5000      -3905.277    -3929.647       24.370   310.6      0.539      0.839     -0.119      0.146     -0.088      0.139
211.7500      -3905.617    -3930.726       25.109   320.0      0.354      0.604      0.808      0.096     -0.182     -0.114
212.0000      -3906.552    -3931.292       24.740   315.3      0.652      0.421      0.372     -0.161     -0.038     -0.112
212.2500      -3906.294    -3931.101       24.807   316.2      0.855      0.899      0.333     -0.087      0.069     -0.000
212.5000      -3906.600    -3932.180       25.580   326.0      0.501      0.593      0.347     -0.115     -0.069      0.122
212.7500      -3906.186    -3931.365       25.178   320.9      0.794      0.513      0.346      0.205      0.091     -0.135
213.0000      -3905.790    -3931.039       25.249   321.8      1.107      1.003      0.429      0.245     -0.066     -0.219
213.2500      -3904.810    -3930.565       25.755   328.2      0.593      0.175      0.488     -0.108     -0.122      0.108
213.5000      -3905.153    -3932.293       27.140   345.9      0.801      0.720      1.162      0.010     -0.074     -0.194
213.7500      -3904.645    -3930.508       25.863   329.6      0.548      1.398      0.775     -0.049     -0.213      0.213
214.0000      -3904.379    -3931.729       27.350   348.6      0.399      0.270     -0.029      0.142     -0.132     -0.058
214.2500      -3905.160    -3931.353       26.193   333.8      0.798      0.837      0.060      0.126      0.106     -0.359
214.5000      -3904.010    -3931.426       27.416   349.4      1.070      1.268      0.533      0.129     -0.259     -0.319
214.7500      -3905.154    -3931.389       26.235   334.4      1.120      1.027      0.603      0.104     -0.114      0.096
215.0000      -3904.879    -3931.418       26.539   338.2      1.149      0.534      0.398      0.003     -0.027     -0.071
215.2500      -3904.586    -3932.145       27.559   351.2      1.145      0.965      0.812     -0.053     -0.120     -0.031
215.5000      -3904.544    -3931.098       26.555   338.4      0.863      0.214      0.499      0.201     -0.240      0.159
215.7500      -3904.766    -3930.792       26.027   331.7      1.315      1.283      0.445      0.031     -0.092      0.145
216.0000      -3904.269    -3931.378       27.109   345.5      0.675      0.675      0.103     -0.180      0.305      0.173
216.2500      -3907.980    -3933.242       25.262   322.0      0.975      1.334      0.496      0.008      0.095     -0.054
216.5000      -3906.108    -3932.373       26.265   334.8      0.908      0.903      0.520     -0.134      0.161      0.119
216.7500      -3905.402    -3932.339       26.938   343.3      0.763      0.510      0.617      0.278      0.294     -0.177
217.0000      -3906.666    -3931.485       24.819   316.3      0.691      0.687      0.515     -0.040      0.018     -0.123
217.2500      -3906.554    -3931.712       25.158   320.6      0.214      0.678      0.606      0.248      0.377      0.261
217.5000      -3907.214    -3932.004       24.790   316.0      0.475      0.570      0.229      0.052      0.343      0.207
217.7500      -3905.328    -3931.231       25.903   330.1      0.114      0.639     -0.277     -0.360      0.219     -0.070
218.0000      -3904.995    -3931.123       26.128   333.0      1.229      1.032      0.652      0.103      0.118      0.117
218.2500      -3905.284    -3930.564       25.280   322.2      0.749      1.440      0.612     -0.181      0.115      0.310
218.5000      -3903.980    -3929.437       25.456   324.4      0.807      0.836     -0.097      0.177     -0.004      0.003
218.7500      -3904.153    -3932.020       27.867   355.2      1.069      0.818      0.746     -0.101      0.104      0.045
219.0000      -3904.423    -3930.805       26.383   336.3      0.839      0.949     -0.180      0.195      0.029      0.219
219.2500      -3903.852    -3929.670       25.818   329.1      0.725      0.272      0.671      0.117     -0.292     -0.073
219.5000      -3902.674    -3929.997       27.323   348.2      0.634      0.994     -0.037     -0.080      0.023     -0.085
219.7500      -3903.138    -3929.534       26.396   336.4      0.797      0.362      0.567      0.292      0.289     -0.209
220.0000      -3902.336    -3929.521       27.185   346.5      1.375      1.207      0.575      0.220      0.171     -0.124
220.2500      -3904.992    -3931.735       26.742   340.8      0.776      0.711     -0.634      0.120      0.158      0.028
220.5000      -3904.348    -3931.466       27.118   345.6      0.781      1.119      0.149     -0.013     -0.204     -0.113
220.7500      -3904.723    -3930.897       26.174   333.6      0.746      1.265      0.538     -0.303     -0.354     -0.127
221.0000      -3903.049    -3930.051       27.001   344.1      1.331      0.986      0.477      0.046     -0.197      0.281
221.2500      -3904.911    -3931.246       26.335   335.6      0.505      1.152      0.585      0.153      0.188     -0.152
221.5000      -3902.731    -3930.400       27.669   352.6      0.073      0.449      0.069     -0.050      0.086     -0.079
221.7500      -3905.496    -3931.083       25.587   326.1      0.451      0.912      0.378     -0.284      0.147      0.226
222.0000      -3905.135    -3931.526       26.391   336.4      0.805      0.666      0.465     -0.363     -0.278      0.010
222.2500      -3903.991    -3931.871       27.880   355.3      0.764      1.014      0.311     -0.031     -0.136      0.204
222.5000      -3904.907    -3931.199       26.292   335.1      0.971      0.852      0.561      0.041      0.071     -0.090
222.7500      -3905.193    -3930.962       25.769   328.4      1.721      1.428      0.631      0.160      0.115     -0.012
223.0000      -3905.407    -3930.246       24.839   316.6      0.992      0.705     -0.327     -0.027      0.101     -0.155
223.2500      -3905.244    -3930.123       24.879   317.1      0.509      1.140     -0.209     -0.266     -0.197      0.304
223.5000      -3905.237    -3931.760       26.523   338.0      1.425      0.756      0.901     -0.093     -0.029     -0.113
223.7500      -3904.680    -3930.376       25.695   327.5      0.489      1.116      0.328      0.033      0.145     -0.112
224.0000      -3905.220    -3930.796       25.575   326.0      0.555      0.563      0.250     -0.024      0.270     -0.160
224.2500      -3904.529    -3930.869       26.340   335.7      0.837      0.765      0.358     -0.100      0.186     -0.166
224.5000      -3902.051    -3928.382       26.332   335.6      0.947      0.679      0.288      0.103     -0.043      0.101
224.7500      -3904.068    -3929.414       25.346   323.0      0.205      0.425     -0.243     -0.196     -0.236      0.087
225.0000      -3904.722    -3930.719       25.998   331.3      1.073      0.464      0.287      0.304      0.042      0.024
225.2500      -3904.176    -3930.457       26.281   335.0      0.396      1.174      0.929      0.057      0.109     -0.099
225.5000      -3905.155    -3931.183       26.028   331.7      0.714      0.810      0.791     -0.043     -0.114      0.077
225.7500      -3903.621    -3930.597       26.975   343.8      0.804      1.018      0.208     -0.298     -0.028      0.161
226.0000      -3903.498    -3929.602       26.103   332.7      0.843      0.473      0.559      0.098      0.116      0.006
226.2500      -3904.292    -3930.985       26.693   340.2      0.446      0.918      0.343      0.126     -0.150      0.304
226.5000      -3905.947    -3932.212       26.265   334.8      0.726      1.058      0.211      0.029     -0.104      0.191
226.7500      -3907.312    -3931.958       24.646   314.1      0.795      0.966      0.042     -0.088     -0.273      0.144
227.0000      -3907.186    -3931.746       24.560   313.0      0.719      1.479      0.694      0.037     -0.008      0.056
227.2500      -3908.284    -3933.288       25.004   318.7      0.912      0.819      0.229      0.120      0.028      0.017
227.5000      -3909.229    -3932.855       23.627   301.1      0.585      0.747      0.389     -0.178      0.023      0.161
227.7500      -3907.370    -3932.667       25.297   322.4      0.658      1.081      0.216     -0.085     -0.098     -0.274
228.0000      -3906.347    -3931.529       25.182   321.0      0.835      1.113      0.418     -0.064     -0.134      0.175
228.2500      -3905.577    -3931.330       25.754   328.2      1.207      1.050      0.013     -0.180     -0.153     -0.068
228.5000      -3905.056    -3931.318       26.262   334.7      0.879      0.992     -0.036      0.080     -0.144      0.095
228.7500      -3904.142    -3930.680       26.538   338.2      0.996      0.544      0.054      0.386     -0.072     -0.368
229.0000      -3904.841    -3931.007       26.166   333.5      0.800      0.706      0.764      0.149     -0.009     -0.027
229.2500      -3904.119    -3928.968       24.849   316.7      0.612      0.857      0.112      0.190      0.049     -0.144
229.5000      -3905.563    -3931.777       26.214   334.1      0.369      0.719      0.274     -0.219     -0.029      0.316
229.7500      -3905.907    -3930.644       24.737   315.3      0.596      0.852      0.417     -0.164     -0.023     -0.006
230.0000      -3905.995    -3931.740       25.745   328.1      0.571      1.164      0.405     -0.057     -0.034     -0.041
230.2500      -3908.835    -3932.241       23.405   298.3      1.000      0.853      0.674      0.182     -0.102     -0.043
230.5000      -3906.048    -3931.793       25.745   328.1      0.573      0.717      0.439      0.102     -0.309     -0.142
230.7500      -3904.034    -3931.383       27.350   348.6      0.603      1.022      0.174     -0.169      0.022     -0.117
231.0000      -3904.834    -3931.673       26.839   342.1      1.164      0.778      0.395     -0.002     -0.027      0.031
231.2500      -3905.832    -3932.190       26.358   335.9      0.740      0.957      0.245     -0.163      0.121      0.246
231.5000      -3906.386    -3931.842       25.456   324.4      0.966      1.482      0.891      0.157     -0.020      0.147
231.7500      -3904.984    -3931.641       26.658   339.8      1.361      0.571      0.371      0.117     -0.117     -0.008
232.0000      -3904.090    -3930.989       26.899   342.8      0.913      1.670      0.554     -0.339      0.161     -0.025
232.2500      -3905.301    -3930.560       25.259   321.9      0.857      0.505      0.449     -0.487     -0.144     -0.087
232.5000      -3904.832    -3929.969       25.136   320.4      0.522      0.360     -0.032      0.012      0.048     -0.102
232.7500      -3904.963    -3932.027       27.063   344.9      0.869      1.414      0.727      0.032     -0.092     -0.110
233.0000      -3906.278    -3932.376       26.098   332.6      0.754      0.365      0.716      0.435     -0.086     -0.207
233.2500      -3904.735    -3930.921       26.186   333.7      1.114      1.307      0.542      0.185      0.072     -0.145
233.5000      -3904.154    -3930.435       26.281   335.0      0.843      0.978      1.341      0.098      0.242     -0.247
233.7500      -3903.440    -3928.784       25.343   323.0      0.528      0.749      0.162     -0.019      0.032     -0.120
234.0000      -3904.035    -3930.391       26.356   335.9      1.184      1.136      1.165      0.239     -0.102      0.023
234.2500      -3903.148    -3930.012       26.864   342.4      0.259      0.540     -0.170      0.227      0.057     -0.454
234.5000      -3904.158    -3930.986       26.827   341.9      1.090      1.559      0.645      0.204      0.099     -0.182
234.7500      -3904.066    -3930.652       26.587   338.9      0.865      1.379      0.604     -0.048      0.086      0.055
235.0000      -3902.493    -3929.816       27.323   348.2      1.171      1.203      0.218      0.056     -0.269      0.302
235.2500      -3902.851    -3929.090       26.239   334.4      0.838      1.072     -0.342     -0.131     -0.378     -0.048
235.5000      -3902.022    -3929.771       27.749   353.7     -0.062      0.827     -0.107     -0.062     -0.180     -0.232
235.7500      -3901.386    -3930.123       28.737   366.3      0.594      1.363      0.179     -0.152      0.136      0.162
236.0000      -3904.210    -3931.243       27.033   344.5      0.209      0.392     -0.322      0.269      0.130      0.073
236.2500      -3904.192    -3930.290       26.098   332.6      0.791      1.214     -0.020      0.024     -0.031      0.139
236.5000      -3905.603    -3928.735       23.133   294.8      0.794      1.283      0.489      0.144     -0.000      0.011
236.7500      -3905.640    -3931.530       25.890   330.0      0.982      1.472      0.730      0.162      0.006     -0.139
237.0000      -3904.213    -3930.626       26.413   336.6      0.899      0.786      0.058      0.716      0.372     -0.193
237.2500      -3904.340    -3931.880       27.540   351.0      0.308      0.801     -0.191     -0.041      0.199     -0.129
237.5000      -3904.569    -3930.337       25.768   328.4      0.734      1.397      0.116     -0.032      0.385      0.054
237.7500      -3905.278    -3932.249       26.970   343.7      1.645      0.912      0.763     -0.398      0.052     -0.019
238.0000      -3905.170    -3931.043       25.873   329.8      0.243      1.310      0.389      0.098     -0.066      0.163
238.2500      -3905.046    -3930.909       25.863   329.6      1.136      1.087      0.410      0.079      0.255     -0.081
238.5000      -3904.608    -3929.862       25.254   321.9      0.695      0.596     -0.243      0.122     -0.108     -0.227
238.7500      -3906.600    -3932.446       25.845   329.4      0.666      0.352      0.484      0.044      0.227      0.184
239.0000      -3906.202    -3930.826       24.624   313.8      0.475      1.147      1.551     -0.136      0.074     -0.087
239.2500      -3905.725    -3932.248       26.523   338.0      0.342      1.049      0.089     -0.194      0.054      0.013
239.5000      -3902.635    -3930.022       27.387   349.1      0.514      0.596      0.669     -0.313      0.104      0.280
239.7500      -3902.587    -3930.259       27.671   352.7      0.561      0.585      0.362      0.025      0.337      0.104
240.0000      -3905.475    -3931.716       26.241   334.4      1.139      0.749      0.452      0.077      0.439      0.192
240.2500      -3905.456    -3931.388       25.932   330.5      0.832      1.244      0.609      0.224      0.022     -0.008
240.5000      -3904.768    -3930.798       26.030   331.8      0.790      0.831      0.079     -0.006     -0.040     -0.181
240.7500      -3905.921    -3931.476       25.555   325.7      0.685      0.559      0.455      0.344     -0.154      0.173
241.0000      -3905.060    -3930.970       25.910   330.2      1.026      1.148     -0.014     -0.174     -0.015      0.328
241.2500      -3905.939    -3930.583       24.644   314.1      1.111      0.770      0.318     -0.047      0.201      0.223
241.5000      -3902.835    -3929.701       26.866   342.4      1.219      0.941      0.063      0.052     -0.013      0.012
241.7500      -3902.941    -3929.731       26.790   341.4      1.146      0.794      0.149      0.203     -0.052     -0.103
242.0000      -3904.282    -3929.722       25.440   324.2      0.407      0.902     -0.241      0.149     -0.015      0.093
242.2500      -3905.595    -3932.200       26.605   339.1      0.887      0.986      0.182     -0.126      0.000     -0.129
242.5000      -3904.426    -3931.986       27.560   351.3      0.215      0.890     -0.090     -0.032      0.304     -0.039
242.7500      -3904.846    -3929.721       24.875   317.0      0.671      1.132      0.369      0.214      0.161     -0.207
243.0000      -3904.023    -3930.753       26.730   340.7      0.896      1.047      0.903      0.306     -0.170      0.113
243.2500      -3903.912    -3929.842       25.930   330.5      0.780      0.877      0.303      0.260     -0.299      0.095
243.5000      -3906.037    -3931.185       25.148   320.5      0.880      0.624     -0.053      0.032     -0.012     -0.023
243.7500      -3904.641    -3931.386       26.745   340.9      0.487      0.433      0.204      0.215      0.109      0.276
244.0000      -3904.109    -3930.015       25.906   330.2      1.164      0.879      0.518      0.138      0.229      0.018
244.2500      -3904.791    -3931.214       26.423   336.8      0.787      0.543     -0.167      0.200      0.525      0.007
244.5000      -3904.370    -3931.022       26.652   339.7      0.446      0.488      0.164      0.100      0.086     -0.032
244.7500      -3903.994    -3931.044       27.050   344.8      0.274      0.362      0.326     -0.031     -0.067      0.101
245.0000      -3903.127    -3931.374       28.247   360.0      0.444      0.844     -0.191     -0.039      0.050      0.231
245.2500      -3904.199    -3930.578       26.380   336.2      0.484      1.165      0.558     -0.132     -0.097     -0.113
245.5000      -3904.915    -3931.327       26.412   336.6      0.364      1.076     -0.104      0.283      0.231     -0.148
245.7500      -3904.626    -3930.690       26.064   332.2      0.359      1.212      0.124     -0.060     -0.446      0.189
246.0000      -3904.784    -3929.834       25.050   319.3      0.928      0.782     -0.143      0.132     -0.340     -0.006
246.2500      -3904.368    -3931.059       26.691   340.2      1.065      1.213     -0.216     -0.133     -0.256      0.133
246.5000      -3904.966    -3930.242       25.277   322.2      0.361      0.813      0.288      0.056     -0.019     -0.134
246.7500      -3904.915    -3931.449       26.533   338.2      0.946      0.710     -0.032     -0.162      0.134     -0.119
247.0000      -3907.683    -3933.293       25.610   326.4      0.923      1.020      0.418      0.153     -0.020      0.006
247.2500      -3905.726    -3931.769       26.043   331.9      0.381      0.495      0.432      0.374     -0.132     -0.074
247.5000      -3907.027    -3932.703       25.676   327.2      0.562      1.097     -0.066      0.027     -0.037     -0.101
247.7500      -3906.481    -3933.144       26.663   339.8      0.465      0.928     -0.022     -0.090      0.446     -0.126
248.0000      -3905.888    -3931.147       25.259   321.9      0.172      0.648      0.095     -0.416      0.348      0.158
248.2500      -3904.754    -3929.930       25.177   320.9      0.454      1.270      0.621     -0.271     -0.031     -0.026
248.5000      -3905.030    -3930.682       25.652   326.9      0.600      0.898     -0.122     -0.067      0.190      0.190
248.7500      -3906.528    -3931.249       24.720   315.1      0.896      1.050     -0.066      0.423     -0.271      0.095
249.0000      -3904.383    -3931.707       27.325   348.3      0.497      0.835      0.715      0.301     -0.444     -0.098
249.2500      -3906.125    -3929.871       23.746   302.6      0.730      0.606      0.384      0.564     -0.167     -0.009
249.5000      -3903.744    -3929.695       25.951   330.8      0.759      1.528      0.888     -0.126     -0.044      0.036
249.7500      -3905.336    -3931.170       25.834   329.3      0.383      0.616      0.313      0.343      0.279      0.161
250.0000      -3905.063    -3930.358       25.295   322.4      0.562      1.276      0.104      0.278      0.002     -0.122
250.2500      -3904.816    -3931.007       26.191   333.8      0.981      0.881      0.206      0.109     -0.160      0.302
250.5000      -3904.538    -3930.895       26.357   335.9      0.212      1.009     -0.132      0.230      0.149     -0.077
250.7500      -3906.280    -3930.809       24.529   312.6      0.144      0.841     -0.295      0.001      0.164      0.043
251.0000      -3905.894    -3933.164       27.270   347.6      0.717      0.886      0.504      0.245      0.403     -0.039
251.2500      -3906.691    -3931.459       24.768   315.7      0.433      0.591      0.248      0.027      0.251      0.291
251.5000      -3904.783    -3931.174       26.391   336.4      0.632      0.560      0.310      0.134     -0.120      0.179
251.7500      -3904.652    -3931.207       26.555   338.5      0.599      0.873      0.130     -0.275     -0.297      0.097
252.0000      -3903.498    -3929.395       25.897   330.1      0.620      0.575      0.549     -0.001     -0.199      0.349
252.2500      -3903.038    -3929.880       26.842   342.1      0.846      0.745      0.617      0.249      0.134      0.155
252.5000      -3905.052    -3931.260       26.209   334.0      0.857      0.847      0.536      0.048     -0.086     -0.085
252.7500      -3904.015    -3931.089       27.074   345.1      0.702      1.319      0.205      0.060     -0.031     -0.043
253.0000      -3904.006    -3931.389       27.383   349.0      0.862      1.097      0.654      0.016     -0.144      0.226
253.2500      -3905.251    -3931.002       25.751   328.2      0.803      0.740      0.294     -0.069      0.005      0.143
253.5000      -3906.720    -3931.400       24.679   314.5      0.278      0.695      0.264      0.143      0.105      0.014
253.7500      -3906.325    -3931.926       25.601   326.3      0.918      1.015      0.546      0.099     -0.034     -0.058
254.0000      -3905.296    -3930.384       25.088   319.8      0.693      1.236      0.218     -0.137     -0.259      0.056
254.2500      -3906.644    -3931.697       25.053   319.3      0.640      1.398      0.343     -0.238     -0.091      0.089
254.5000      -3906.090    -3930.621       24.530   312.6      0.483      0.565      0.827     -0.040     -0.218     -0.188
254.7500      -3907.037    -3931.363       24.327   310.0      0.745      1.070      0.730     -0.135      0.185      0.130
255.0000      -3905.602    -3930.493       24.891   317.2      0.655      0.724     -0.345      0.261      0.307     -0.049
255.2500      -3905.913    -3931.449       25.535   325.5      0.306      0.565     -0.435      0.070      0.348     -0.012
255.5000      -3904.174    -3930.529       26.355   335.9      1.549      1.035      0.633      0.056     -0.206     -0.064
255.7500      -3904.820    -3930.792       25.971   331.0      0.734      0.900     -0.044     -0.341     -0.056      0.067
256.0000      -3903.812    -3929.492       25.680   327.3      0.609      0.622      0.067     -0.503     -0.008      0.113
256.2500      -3903.770    -3929.862       26.091   332.5      0.702      0.547      0.391     -0.319      0.134     -0.064
256.5000      -3904.528    -3930.280       25.751   328.2      0.786      1.247      0.252     -0.054     -0.062     -0.184
256.7500      -3904.348    -3929.499       25.151   320.5      1.124      0.839      0.230     -0.104     -0.039     -0.119
257.0000      -3905.046    -3931.015       25.968   331.0      0.813      0.329     -0.526      0.012      0.085      0.109
257.2500      -3904.287    -3930.295       26.009   331.5      0.224      1.175      0.026     -0.033      0.049     -0.159
257.5000      -3904.856    -3930.077       25.222   321.5      1.052      0.680      0.638      0.070      0.591     -0.029
257.7500      -3906.913    -3931.084       24.171   308.1      0.478      0.783     -0.276      0.254      0.110     -0.274
258.0000      -3906.842    -3932.281       25.439   324.2      0.592      1.315      0.341     -0.114     -0.095      0.089
258.2500      -3905.070    -3931.182       26.112   332.8      0.580      0.790      0.236      0.685     -0.384      0.082
258.5000      -3905.207    -3929.796       24.589   313.4      1.318      0.517      0.259     -0.107      0.019     -0.010
258.7500      -3904.410    -3929.633       25.223   321.5      0.891      1.026      0.295     -0.034      0.037      0.019
259.0000      -3902.382    -3929.646       27.265   347.5      0.763      1.296      0.236     -0.340      0.506     -0.420
259.2500      -3900.883    -3928.820       27.936   356.1      0.477      0.581     -0.263     -0.140      0.314      0.110
259.5000      -3903.117    -3930.471       27.354   348.6      1.010      1.099      0.008     -0.072     -0.101      0.029
259.7500      -3904.994    -3931.853       26.859   342.3      1.133      1.105      0.389     -0.253     -0.058      0.155
260.0000      -3904.969    -3929.657       24.689   314.7      0.639      0.674      0.813      0.164     -0.329      0.015
260.2500      -3905.705    -3930.979       25.274   322.1      0.428      0.920      0.140      0.083     -0.157      0.086
260.5000      -3906.237    -3931.694       25.457   324.5      0.462      0.876      0.397     -0.028      0.034      0.004
260.7500      -3906.519    -3932.789       26.269   334.8      0.889      0.524      0.118      0.137     -0.149      0.157
261.0000      -3906.627    -3932.117       25.489   324.9      0.513      0.746      0.343      0.173     -0.144     -0.064
261.2500      -3905.841    -3932.259       26.418   336.7      0.651      0.572     -0.160      0.199     -0.052     -0.052
261.5000      -3906.852    -3931.448       24.597   313.5      0.892      1.133     -0.101     -0.352      0.367     -0.204
261.7500      -3905.782    -3931.263       25.481   324.8      0.825      0.327      0.440     -0.449      0.277      0.049
262.0000      -3907.188    -3933.351       26.163   333.5      0.734      1.180     -0.008     -0.031      0.001      0.098
262.2500      -3906.646    -3931.190       24.544   312.8      0.907      0.866     -0.290     -0.391     -0.069      0.241
262.5000      -3905.931    -3930.882       24.951   318.0      0.522      1.080      0.624      0.004     -0.081     -0.105
262.7500      -3905.660    -3931.142       25.482   324.8      0.730      0.660     -0.075     -0.208      0.043      0.089
263.0000      -3906.789    -3932.217       25.428   324.1      0.374      0.539      0.143     -0.096      0.277     -0.025
263.2500      -3905.997    -3930.811       24.814   316.3      0.942      1.387      0.499     -0.030      0.096     -0.064
263.5000      -3904.773    -3930.673       25.900   330.1      0.460      0.700      0.049     -0.055     -0.153      0.132
263.7500      -3902.832    -3928.445       25.613   326.4      0.600      0.643     -0.364      0.143     -0.101      0.156
264.0000      -3901.050    -3928.617       27.567   351.3      0.486      0.691     -0.035      0.151      0.174      0.115
264.2500      -3901.501    -3928.613       27.112   345.6      0.899      1.391     -0.109     -0.079      0.286      0.089
264.5000      -3904.905    -3930.069       25.164   320.7      0.292      1.108      0.381     -0.285      0.172      0.077
264.7500      -3903.422    -3930.321       26.899   342.8      0.340      0.559      0.692     -0.053      0.026     -0.013
265.0000      -3904.496    -3930.246       25.750   328.2      0.587      1.556     -0.191     -0.198     -0.081     -0.140
265.2500      -3902.586    -3929.172       26.586   338.8      0.503      0.862      0.892      0.132     -0.297      0.014
265.5000      -3900.523    -3926.838       26.314   335.4      1.058      1.279      0.325     -0.050      0.196      0.068
265.7500      -3903.514    -3930.332       26.819   341.8      0.522      1.214     -0.069      0.196      0.219     -0.153
266.0000      -3902.221    -3928.204       25.983   331.2      1.429      0.475      0.419     -0.058     -0.052     -0.102
266.2500      -3901.995    -3928.318       26.323   335.5      0.320      0.903     -0.156     -0.377     -0.341      0.130
266.5000      -3902.161    -3928.491       26.331   335.6      0.872      0.939     -0.160     -0.308     -0.343      0.068
266.7500      -3900.791    -3926.867       26.076   332.3      0.898      0.825      0.089     -0.283     -0.127      0.191
267.0000      -3902.816    -3929.625       26.809   341.7      1.156      1.001     -0.013      0.198     -0.056     -0.063
267.2500      -3903.073    -3928.791       25.718   327.8      1.271      1.316      0.596     -0.195     -0.048      0.078
267.5000      -3904.035    -3929.528       25.493   324.9      0.824      0.460     -0.072     -0.115     -0.113     -0.252
267.7500      -3904.964    -3930.916       25.952   330.8      0.681      0.636     -0.532      0.077      0.055     -0.117
268.0000      -3905.544    -3931.154       25.610   326.4      0.635      0.665      0.107     -0.061      0.186      0.270
268.2500      -3905.624    -3930.667       25.043   319.2      0.702      1.563     -0.030     -0.227      0.103     -0.208
268.5000      -3907.064    -3931.940       24.876   317.1      0.463      0.529      0.522     -0.086      0.128      0.070
268.7500      -3908.266    -3933.475       25.209   321.3      0.543      1.443      0.074     -0.016      0.679      0.036
269.0000      -3906.804    -3931.250       24.446   311.6      0.580      0.963      0.172      0.191      0.203     -0.291
269.2500      -3907.562    -3931.769       24.207   308.5      0.677      1.298      0.739      0.099      0.248     -0.048
269.5000      -3907.436    -3932.958       25.523   325.3      1.100      0.924      0.587      0.038     -0.080      0.072
269.7500      -3906.226    -3931.504       25.278   322.2      0.388      0.757      0.071      0.179     -0.227      0.197
270.0000      -3905.925    -3930.578       24.653   314.2      0.478      1.474      0.761      0.183     -0.029     -0.011
270.2500      -3904.333    -3931.347       27.014   344.3      0.934      0.421      0.754      0.296     -0.207      0.051
270.5000      -3904.694    -3930.661       25.967   331.0      0.574      0.555      0.280      0.162      0.235     -0.036
270.7500      -3905.157    -3930.222       25.066   319.5      0.903      0.621      0.480      0.086     -0.053     -0.124
271.0000      -3905.577    -3931.880       26.303   335.2      0.876      1.073      0.511      0.080     -0.338      0.021
271.2500      -3905.827    -3930.221       24.395   310.9      0.951      0.980      0.233      0.326      0.113     -0.047
271.5000      -3904.958    -3931.477       26.519   338.0      0.884      1.264      0.289     -0.021     -0.041     -0.104
271.7500      -3905.076    -3931.113       26.037   331.8      0.724      0.947     -0.318      0.136      0.458     -0.059
272.0000      -3902.098    -3929.248       27.150   346.0      0.691      1.004      0.258      0.061      0.151     -0.140
272.2500      -3902.999    -3930.105       27.106   345.5      0.827      1.020     -0.099     -0.391     -0.106      0.362
272.5000      -3905.549    -3931.236       25.688   327.4      0.848      1.026      0.045      0.028     -0.169     -0.067
272.7500      -3905.540    -3930.939       25.399   323.7      0.402      0.466     -0.014     -0.016      0.017     -0.159
273.0000      -3904.037    -3928.651       24.614   313.7      0.476      0.513      0.222     -0.194      0.072      0.028
273.2500      -3904.060    -3930.125       26.065   332.2      0.572      1.207     -0.110     -0.249      0.235      0.094
273.5000      -3904.697    -3930.611       25.914   330.3      1.222      1.536      0.610     -0.152      0.181      0.078
273.7500      -3904.357    -3930.326       25.969   331.0      0.660      1.063      0.447     -0.033     -0.408     -0.062
274.0000      -3904.081    -3929.638       25.557   325.7      0.598      1.487      0.777      0.071     -0.222     -0.049
274.2500      -3903.231    -3929.701       26.470   337.4      0.820      0.857     -0.295     -0.021      0.071      0.105
274.5000      -3905.291    -3930.452       25.161   320.7      0.749      0.983      0.216     -0.030      0.062      0.163
274.7500      -3906.626    -3929.933       23.306   297.0      0.715      1.558      0.181     -0.216     -0.039     -0.182
275.0000      -3905.467    -3930.938       25.471   324.6      0.554      1.026      0.328      0.231     -0.225     -0.099
275.2500      -3905.676    -3930.597       24.922   317.6      1.185      1.360      0.791      0.241      0.171     -0.020
275.5000      -3905.808    -3932.012       26.204   334.0      0.535      0.653      0.197     -0.013     -0.036      0.092
275.7500      -3907.321    -3932.271       24.950   318.0      0.522      0.450      0.483      0.202      0.016     -0.165
276.0000      -3907.122    -3932.634       25.511   325.1      0.922      0.398      0.285     -0.267     -0.057     -0.021
276.2500      -3906.411    -3931.742       25.331   322.9      0.091      1.243      0.288      0.041     -0.145     -0.065
276.5000      -3905.352    -3931.459       26.107   332.7      1.260      1.101      0.670      0.165      0.013     -0.054
276.7500      -3904.068    -3930.477       26.409   336.6      0.823      0.767      0.151      0.217     -0.170      0.048
277.0000      -3902.403    -3929.201       26.799   341.6      0.792      1.506      0.176      0.220     -0.218     -0.082
277.2500      -3904.016    -3930.849       26.833   342.0      0.815      0.950      0.218      0.205      0.120      0.025
277.5000      -3904.544    -3929.902       25.358   323.2      1.368      1.001      0.452     -0.041     -0.298     -0.105
277.7500      -3905.432    -3931.938       26.506   337.8      0.904      0.291      0.833      0.097      0.060     -0.044
278.0000      -3904.619    -3930.065       25.446   324.3      0.791      0.729     -0.019      0.442      0.081      0.192
278.2500      -3902.090    -3928.963       26.873   342.5      0.695      0.981      0.508     -0.082      0.020      0.060
278.5000      -3903.797    -3929.809       26.012   331.5      1.001      1.196      0.889     -0.143     -0.136     -0.007
278.7500      -3905.707    -3931.979       26.273   334.9      0.869      0.701      0.566      0.111     -0.305      0.141
279.0000      -3904.018    -3930.223       26.204   334.0      0.424      1.029      0.221      0.027     -0.074     -0.003
279.2500      -3904.893    -3932.396       27.503   350.5      0.768      0.899      0.221      0.059      0.062     -0.017
279.5000      -3904.332    -3930.557       26.225   334.2      0.759      1.482      0.392     -0.024      0.249     -0.010
279.7500      -3904.366    -3931.055       26.689   340.2      1.115      0.976      0.734     -0.088     -0.061      0.015
280.0000      -3903.661    -3929.505       25.843   329.4      0.964      1.176      0.587      0.043     -0.026     -0.116
280.2500      -3903.356    -3930.561       27.206   346.7      0.604      0.684      0.276     -0.065     -0.076      0.121
280.5000      -3902.494    -3929.780       27.286   347.8      1.307      1.569      0.320      0.163      0.103     -0.057
280.7500      -3904.147    -3929.966       25.819   329.1      1.167      0.548      0.178      0.479      0.134     -0.299
281.0000      -3905.895    -3930.733       24.837   316.6      0.951      0.737      0.007     -0.069      0.280      0.030
281.2500      -3907.115    -3931.457       24.342   310.2     -0.188      1.346      0.289     -0.004      0.016     -0.047
281.5000      -3904.995    -3932.166       27.171   346.3      0.748      0.941      0.189     -0.387      0.143     -0.042
281.7500      -3904.231    -3930.953       26.722   340.6      0.474      0.302     -0.019     -0.239      0.007     -0.103
282.0000      -3905.330    -3931.961       26.632   339.4      0.715      1.119      0.247     -0.293      0.133      0.191
282.2500      -3907.094    -3931.767       24.673   314.5      1.303      1.142      0.198      0.138      0.039     -0.037
282.5000      -3904.353    -3931.435       27.082   345.2      0.645      0.845     -0.469     -0.190      0.031     -0.306
282.7500      -3904.468    -3929.289       24.820   316.3      0.634      0.964      0.193     -0.152     -0.376     -0.290
283.0000      -3904.472    -3931.563       27.092   345.3      0.559      1.096      0.032     -0.092      0.364      0.179
283.2500      -3906.006    -3930.621       24.615   313.7      0.196      1.284      0.108     -0.280      0.035      0.031
283.5000      -3908.172    -3932.587       24.415   311.2      1.260      1.004      0.832      0.231     -0.059     -0.132
283.7500      -3907.073    -3932.151       25.078   319.6      0.412      0.576      0.271      0.142     -0.199     -0.205
284.0000      -3907.029    -3931.876       24.847   316.7      0.688      0.832      0.513      0.310      0.180      0.021
284.2500      -3905.838    -3930.851       25.013   318.8      0.232      0.562      0.674     -0.077     -0.218      0.235
284.5000      -3904.745    -3931.012       26.267   334.8      0.412      0.778     -0.136     -0.074      0.405     -0.171
284.7500      -3906.030    -3931.889       25.860   329.6      1.079      0.481     -0.069      0.098      0.202      0.014
285.0000      -3905.765    -3931.677       25.912   330.3      0.602      1.061     -0.152      0.057      0.228      0.077
285.2500      -3905.929    -3931.496       25.568   325.9      0.462      1.025      0.340     -0.118      0.103     -0.019
285.5000      -3906.531    -3930.854       24.324   310.0      0.836      1.013      0.107     -0.162     -0.051     -0.193
285.7500      -3906.614    -3931.513       24.899   317.3      0.546      1.204      0.467     -0.344     -0.170      0.274
286.0000      -3905.378    -3930.918       25.540   325.5      0.637      0.681      0.208     -0.025     -0.091      0.022
286.2500      -3906.284    -3932.229       25.945   330.7      0.491      0.662     -0.008      0.095      0.028     -0.143
286.5000      -3907.024    -3931.590       24.565   313.1     -0.052      0.624      0.001      0.193     -0.179      0.181
286.7500      -3907.129    -3932.930       25.801   328.8      0.850      0.565      0.345      0.052     -0.179      0.010
287.0000      -3906.791    -3932.174       25.383   323.5      1.214      0.673      0.142     -0.364     -0.083      0.218
287.2500      -3906.124    -3931.593       25.470   324.6      0.958      1.043      0.095     -0.237      0.152      0.133
287.5000      -3906.468    -3931.598       25.130   320.3      0.999      0.418      0.446      0.391      0.315      0.006
287.7500      -3906.811    -3931.383       24.573   313.2      1.275      1.009      0.451      0.088      0.134      0.133
288.0000      -3907.012    -3932.634       25.622   326.6      0.936      1.020     -0.037      0.272      0.151      0.123
288.2500      -3906.104    -3932.419       26.315   335.4      0.496      0.694     -0.148     -0.115     -0.106      0.039
288.5000      -3903.673    -3930.159       26.486   337.6      0.807      1.216      0.588      0.009     -0.370      0.038
288.7500      -3904.548    -3931.063       26.515   337.9      0.996      0.941      1.233     -0.411     -0.269     -0.148
289.0000      -3905.635    -3931.119       25.484   324.8      0.845      1.105     -0.216      0.384      0.131      0.057
289.2500      -3905.801    -3932.249       26.448   337.1      0.202      0.357     -0.237      0.284      0.019     -0.201
289.5000      -3906.282    -3931.380       25.098   319.9      0.976      0.954      0.399     -0.089      0.142     -0.073
289.7500      -3905.343    -3930.999       25.656   327.0      0.846      1.010      0.449     -0.187     -0.169      0.085
290.0000      -3905.102    -3931.250       26.148   333.3      0.963      0.428      0.072     -0.132      0.086     -0.026
290.2500      -3904.090    -3930.295       26.204   334.0      1.138      1.070      0.717      0.209     -0.101     -0.035
290.5000      -3903.421    -3929.244       25.823   329.1      0.726      1.026      0.034     -0.072      0.131      0.371
290.7500      -3905.506    -3930.646       25.140   320.4      0.748      0.753      0.071     -0.199     -0.146     -0.053
291.0000      -3905.883    -3931.122       25.239   321.7      0.860      0.445     -0.074     -0.409     -0.256      0.104
291.2500      -3905.891    -3931.570       25.678   327.3      0.497      0.656      0.137     -0.179     -0.137      0.191
291.5000      -3904.227    -3929.699       25.472   324.6      0.596      1.019      0.613     -0.145      0.218      0.048
291.7500      -3906.805    -3932.219       25.414   323.9      1.257      1.186      0.430      0.105      0.263      0.223
292.0000      -3906.524    -3931.471       24.947   318.0      0.771      0.555     -0.133     -0.141      0.240      0.124
292.2500      -3905.266    -3931.108       25.842   329.4      0.927      0.851      0.440     -0.110      0.344      0.021
292.5000      -3905.344    -3931.311       25.967   331.0      1.066      1.130     -0.061     -0.192      0.225     -0.178
292.7500      -3906.211    -3931.874       25.663   327.1      0.657      0.605      0.334     -0.181      0.187      0.034
293.0000      -3904.655    -3930.327       25.673   327.2      0.732      0.518      0.584     -0.344     -0.003     -0.020
293.2500      -3905.150    -3930.295       25.146   320.5      0.320      0.286     -0.305      0.003     -0.053      0.194
293.5000      -3905.111    -3930.671       25.560   325.8      1.097      1.100      0.511     -0.083      0.228      0.005
293.7500      -3907.240    -3932.884       25.644   326.8      0.825      0.691      0.158     -0.005      0.030     -0.213
294.0000      -3907.338    -3932.491       25.153   320.6      0.958      1.064     -0.075     -0.110     -0.045      0.132
294.2500      -3907.348    -3933.257       25.909   330.2      0.406      0.528      0.588      0.147     -0.272      0.136
294.5000      -3907.789    -3932.461       24.672   314.5      1.078      1.046      0.675      0.256     -0.026     -0.039
294.7500      -3907.371    -3931.848       24.477   312.0      0.713      1.209      0.175      0.142     -0.193      0.179
295.0000      -3907.330    -3933.715       26.385   336.3      0.976      0.513      0.105     -0.211      0.397     -0.077
295.2500      -3906.837    -3931.440       24.603   313.6      1.093      0.772      0.076     -0.292     -0.194     -0.138
295.5000      -3906.454    -3931.048       24.594   313.5      1.325      0.779      0.526     -0.125     -0.191      0.006
295.7500      -3906.270    -3931.989       25.719   327.8      1.490      0.960      0.218     -0.056     -0.362     -0.399
296.0000      -3906.263    -3931.387       25.124   320.2      1.030      0.751      0.574      0.109      0.113      0.117
296.2500      -3905.002    -3929.520       24.518   312.5      0.967      1.349      0.687      0.104      0.226      0.008
296.5000      -3905.555    -3932.060       26.505   337.8      0.540      0.474      0.284     -0.125      0.044      0.306
296.7500      -3906.624    -3932.694       26.070   332.3      0.383      0.797      0.008      0.029      0.099     -0.104
297.0000      -3904.526    -3930.739       26.214   334.1      0.962      0.873      0.129     -0.104     -0.046     -0.146
297.2500      -3905.104    -3930.513       25.409   323.8      1.004      1.088      0.732     -0.067      0.079     -0.043
297.5000      -3902.181    -3928.500       26.319   335.4      0.413      0.249     -0.319     -0.278      0.021      0.065
297.7500      -3905.367    -3931.639       26.272   334.8      0.924      1.218      0.235     -0.089     -0.243     -0.062
298.0000      -3903.556    -3931.287       27.731   353.4      0.274      0.656     -0.332      0.226     -0.683     -0.059
298.2500      -3905.103    -3930.970       25.867   329.7      1.418      0.853      0.623      0.132      0.190     -0.177
298.5000      -3904.881    -3932.230       27.349   348.6      0.287      1.028      0.240      0.046      0.398      0.015
298.7500      -3906.286    -3931.775       25.489   324.9      0.752      1.275      0.380      0.148      0.058      0.064
299.0000      -3905.038    -3930.642       25.604   326.3      1.410      0.862      0.554      0.056     -0.305     -0.021
299.2500      -3902.997    -3930.408       27.411   349.4      0.751      0.797     -0.262     -0.099     -0.052     -0.110
299.5000      -3903.658    -3930.158       26.500   337.7      0.952      1.611      0.186     -0.157      0.067      0.187
299.7500      -3902.904    -3928.176       25.271   322.1      1.173      0.923      0.345     -0.046      0.012     -0.170
300.0000      -3904.071    -3929.216       25.145   320.5      0.916      0.750     -0.018      0.122      0.107     -0.122
300.2500      -3904.667    -3930.383       25.716   327.8      0.506      1.097      0.227      0.063      0.154     -0.040
300.5000      -3903.885    -3929.833       25.949   330.7      0.679      1.086      0.498      0.046     -0.009     -0.005
300.7500      -3904.812    -3931.449       26.637   339.5      0.971      0.735     -0.166      0.096     -0.030     -0.129
301.0000      -3903.268    -3930.267       26.999   344.1      0.458      0.744      0.377     -0.074     -0.084     -0.029
301.2500      -3904.211    -3930.837       26.626   339.4      0.920      1.068      0.119     -0.032      0.030      0.039
301.5000      -3902.555    -3928.874       26.320   335.5      0.527      1.144      0.234      0.034      0.192     -0.138
301.7500      -3901.995    -3929.818       27.823   354.6      0.797      0.673      0.782      0.037      0.306     -0.004
302.0000      -3903.532    -3930.052       26.519   338.0      0.953      1.456     -0.109     -0.038     -0.363      0.225
302.2500      -3903.289    -3930.406       27.117   345.6      0.622      1.151      0.214     -0.037     -0.228      0.044
302.5000      -3904.508    -3930.430       25.922   330.4      1.100      0.945     -0.021      0.005     -0.163     -0.029
302.7500      -3905.345    -3930.355       25.010   318.8      0.674      1.151      0.382     -0.258     -0.038      0.070
303.0000      -3905.050    -3931.757       26.706   340.4      0.992      0.661      0.435     -0.274      0.350     -0.082
303.2500      -3905.026    -3930.324       25.299   322.4      0.723      1.006      0.028      0.071      0.376     -0.133
303.5000      -3905.673    -3931.266       25.593   326.2      0.782      1.064     -0.475      0.038      0.340      0.050
303.7500      -3905.302    -3932.346       27.044   344.7      1.077      0.889      0.063      0.058      0.047      0.171
304.0000      -3905.096    -3931.253       26.157   333.4      1.081      1.164      1.003      0.153     -0.112      0.124
304.2500      -3903.882    -3929.829       25.947   330.7      0.760      0.603      0.436      0.153     -0.155     -0.202
304.5000      -3903.985    -3930.443       26.458   337.2      0.421      0.532     -0.556      0.036     -0.194      0.151
304.7500      -3904.258    -3929.939       25.681   327.3      0.895      1.358      0.677     -0.140     -0.122     -0.076
305.0000      -3904.721    -3929.934       25.213   321.3      0.670      0.863     -0.027      0.050      0.141      0.180
305.2500      -3904.867    -3930.538       25.670   327.2      0.845      0.777      0.360     -0.269     -0.063      0.151
305.5000      -3905.095    -3930.060       24.965   318.2      1.186      0.987      0.071     -0.264     -0.183      0.207
305.7500      -3904.777    -3930.955       26.179   333.7      0.644      1.133      0.607     -0.115     -0.367      0.044
306.0000      -3905.458    -3930.890       25.432   324.1      1.048      1.340      0.612      0.307     -0.221      0.119
306.2500      -3906.092    -3931.336       25.244   321.7      0.741      0.264     -0.353      0.119      0.181     -0.071
306.5000      -3905.487    -3931.308       25.821   329.1      0.545      0.761      0.208     -0.179     -0.091      0.026
306.7500      -3906.479    -3931.615       25.136   320.4      0.245      0.408     -0.392     -0.305     -0.274      0.044
307.0000      -3905.584    -3930.225       24.641   314.1      0.791      0.845      0.319     -0.286     -0.119      0.079
307.2500      -3907.318    -3933.160       25.842   329.4      0.429      0.525      0.466     -0.020      0.229      0.334
307.5000      -3906.476    -3932.069       25.593   326.2      0.413      0.317     -0.479     -0.008      0.403     -0.171
307.7500      -3906.404    -3931.413       25.009   318.7      0.604      1.260      0.286     -0.001      0.340      0.118
308.0000      -3905.299    -3931.262       25.964   330.9      0.690      0.799      0.568     -0.108      0.151      0.051
308.2500      -3903.861    -3930.840       26.980   343.9      1.005      0.851      0.244     -0.333     -0.153      0.111
308.5000      -3903.699    -3930.528       26.829   341.9      0.926      1.557      0.718     -0.273     -0.100     -0.091
308.7500      -3903.220    -3929.876       26.656   339.7      0.603      1.481     -0.070      0.256      0.070     -0.147
309.0000      -3904.870    -3932.042       27.172   346.3      0.798      1.116     -0.094      0.061      0.066     -0.053
309.2500      -3904.517    -3931.728       27.211   346.8      0.469      1.055     -0.169     -0.006      0.134      0.150
309.5000      -3904.228    -3930.581       26.353   335.9      0.663      1.032      0.139     -0.250      0.039      0.098
309.7500      -3905.809    -3931.898       26.089   332.5      1.019      0.641     -0.058     -0.090     -0.196     -0.006
310.0000      -3905.495    -3931.458       25.963   330.9      0.588      1.225     -0.070     -0.071     -0.050     -0.047
310.2500      -3907.417    -3932.467       25.050   319.3      0.879      0.487      0.707      0.092     -0.022      0.169
310.5000      -3905.296    -3930.899       25.602   326.3      0.552      1.056      0.775      0.398     -0.024      0.015
310.7500      -3906.984    -3931.902       24.918   317.6      0.709      0.843      0.215      0.138     -0.022      0.016
311.0000      -3905.560    -3931.931       26.370   336.1      0.938      0.663      0.360     -0.166     -0.055      0.042
311.2500      -3905.842    -3932.358       26.516   338.0      0.672      0.718      0.069     -0.063      0.018     -0.281
311.5000      -3904.643    -3931.523       26.880   342.6      0.387      0.691      0.157      0.196      0.009      0.152
311.7500      -3905.402    -3932.323       26.920   343.1      0.748      1.764      1.090     -0.014     -0.091      0.089
312.0000      -3904.096    -3930.990       26.894   342.8      0.662      0.714     -0.274      0.117      0.137      0.125
312.2500      -3906.192    -3931.832       25.640   326.8      0.656      0.739      0.295     -0.083      0.010     -0.149
312.5000      -3904.993    -3931.599       26.606   339.1      1.230      0.528      0.943      0.011      0.121      0.138
312.7500      -3904.612    -3931.426       26.814   341.7      0.672      0.622     -0.074      0.228     -0.142      0.162
313.0000      -3903.529    -3930.648       27.118   345.6      0.713      1.306      1.002      0.325     -0.078      0.258
313.2500      -3903.634    -3929.845       26.210   334.1      0.432      0.890     -0.024      0.073      0.311      0.027
313.5000      -3905.814    -3931.912       26.098   332.6      1.160      0.626      0.209     -0.214     -0.050     -0.317
313.7500      -3906.246    -3931.413       25.167   320.8      0.163      0.991      0.390     -0.241      0.268     -0.239
314.0000      -3904.873    -3931.634       26.761   341.1      0.510      0.529     -0.413      0.085      0.227      0.146
314.2500      -3907.554    -3932.887       25.333   322.9      0.868      0.934      0.333      0.230      0.014      0.189
314.5000      -3907.578    -3932.581       25.003   318.7      1.353      1.180      0.340      0.011     -0.233     -0.008
314.7500      -3907.684    -3932.618       24.934   317.8      0.176      0.355     -0.447      0.121      0.014     -0.204
315.0000      -3907.356    -3932.762       25.406   323.8      0.435      1.304      0.816     -0.067      0.380     -0.137
315.2500      -3908.668    -3933.674       25.006   318.7      0.527      0.475     -0.531      0.195      0.050      0.138
315.5000      -3907.297    -3932.438       25.141   320.4      0.853      0.260     -0.109     -0.061     -0.165      0.474
315.7500      -3907.234    -3931.892       24.659   314.3      1.149      0.922      0.333     -0.031     -0.389      0.095
316.0000      -3907.405    -3933.536       26.132   333.1      1.032      0.645      0.025     -0.085      0.327     -0.041
316.2500      -3906.864    -3933.738       26.874   342.5      0.836      0.403      0.100      0.309      0.198      0.213
316.5000      -3907.414    -3932.577       25.164   320.7      0.754      0.717      0.076      0.026     -0.129      0.149
316.7500      -3906.348    -3933.123       26.774   341.2      0.711      0.903      0.973      0.093     -0.050      0.316
317.0000      -3906.999    -3932.463       25.464   324.5      0.472      0.977      0.669     -0.078     -0.023      0.135
317.2500      -3906.482    -3932.069       25.588   326.1      0.791      0.536      0.122      0.323      0.008     -0.111
317.5000      -3906.766    -3932.960       26.194   333.8      0.781      1.231      0.176      0.183     -0.072     -0.083
317.7500      -3905.670    -3931.051       25.381   323.5      1.176      1.217      0.572      0.197      0.328      0.092
318.0000      -3905.950    -3932.505       26.555   338.4      0.903      0.661      0.167     -0.151     -0.068      0.469
318.2500      -3906.118    -3933.206       27.088   345.2      0.840      1.071      0.714     -0.085      0.037      0.123
318.5000      -3907.979    -3933.116       25.137   320.4      0.543     -0.086     -0.678      0.110     -0.064     -0.140
318.7500      -3908.293    -3932.981       24.688   314.7      1.055      0.949      0.508      0.287      0.139     -0.081
319.0000      -3907.920    -3933.482       25.562   325.8      0.762      0.705      0.058      0.043      0.450     -0.000
319.2500      -3906.702    -3932.189       25.487   324.8      0.618      1.061      0.369     -0.323     -0.082      0.049
319.5000      -3905.508    -3930.451       24.943   317.9      0.837      1.319      0.227     -0.359     -0.111      0.048
319.7500      -3907.835    -3932.439       24.604   313.6      0.756      0.425      0.135      0.153     -0.260     -0.023
320.0000      -3908.625    -3932.396       23.770   303.0      1.178      0.500      0.164      0.417     -0.282      0.049
320.2500      -3909.381    -3933.633       24.252   309.1      1.205      0.907      0.221     -0.122     -0.225     -0.112
320.5000      -3909.313    -3933.697       24.384   310.8      0.351      0.658     -0.052     -0.096     -0.233     -0.229
320.7500      -3910.297    -3933.923       23.627   301.1      0.806      0.588      0.367      0.095     -0.479      0.012
321.0000      -3909.303    -3934.329       25.026   319.0      0.872      0.768     -0.173     -0.170      0.029      0.161
321.2500      -3908.481    -3934.435       25.955   330.8      0.695      1.072      0.365      0.092     -0.147     -0.058
321.5000      -3907.680    -3932.362       24.682   314.6      0.421      0.994     -0.395     -0.100     -0.011      0.289
321.7500      -3906.598    -3932.178       25.580   326.0      0.329      0.549     -0.041      0.000     -0.013     -0.055
322.0000      -3907.206    -3933.229       26.023   331.7      0.717      0.805      0.631     -0.239      0.079      0.244
322.2500      -3906.106    -3933.287       27.181   346.4      1.323      0.620      0.186     -0.124     -0.062      0.120
322.5000      -3905.465    -3931.453       25.989   331.2      0.717      0.758      0.526      0.082      0.085     -0.123
322.7500      -3906.771    -3932.038       25.267   322.0      1.300      1.132      0.648      0.067     -0.099      0.348
323.0000      -3904.689    -3930.771       26.082   332.4      1.090      0.617     -0.153      0.247      0.194      0.385
323.2500      -3904.730    -3932.227       27.497   350.5      0.855      1.096      0.158      0.026     -0.362      0.015
323.5000      -3906.193    -3932.278       26.086   332.5      0.610      0.755      0.028     -0.319      0.013     -0.159
323.7500      -3905.910    -3931.608       25.698   327.5      0.808      0.877      0.128     -0.210     -0.284      0.043
324.0000      -3906.480    -3933.335       26.855   342.3      0.625      0.852      0.358      0.257      0.125      0.290
324.2500      -3907.769    -3934.194       26.425   336.8      0.682      1.092      0.187      0.381      0.224     -0.230
324.5000      -3906.033    -3931.844       25.812   329.0      0.216      1.424      0.663      0.186     -0.013      0.364
324.7500      -3905.320    -3932.531       27.211   346.8      0.537      1.090      0.195     -0.028     -0.168      0.018
325.0000      -3904.178    -3930.623       26.445   337.0      0.202      0.329      0.075     -0.090      0.693      0.022
325.2500      -3902.645    -3930.779       28.134   358.6      0.735      0.727      0.539     -0.293      0.256      0.036
325.5000      -3907.070    -3931.292       24.222   308.7      0.775      0.593      0.506     -0.160     -0.093     -0.008
325.7500      -3904.714    -3930.420       25.707   327.6      0.788      0.987     -0.162      0.369     -0.458      0.085
326.0000      -3904.700    -3931.087       26.387   336.3      0.850      1.003      0.047      0.238     -0.315     -0.007
326.2500      -3904.010    -3931.066       27.056   344.8      0.875      1.095      0.090      0.020     -0.193     -0.037
326.5000      -3904.465    -3930.865       26.401   336.5      0.853      1.527      0.179     -0.127     -0.216      0.082
326.7500      -3906.222    -3932.825       26.604   339.1      0.866      0.785      0.152     -0.161      0.054     -0.002
327.0000      -3905.158    -3931.245       26.087   332.5      0.156      0.670      0.573     -0.160      0.096     -0.148
327.2500      -3904.656    -3930.360       25.704   327.6      0.596      0.199      0.429      0.076      0.177     -0.117
327.5000      -3905.444    -3930.828       25.384   323.5      0.689      0.880     -0.203     -0.091      0.193     -0.172
327.7500      -3907.176    -3931.996       24.819   316.3      0.835      0.464     -0.060     -0.145     -0.158     -0.047
328.0000      -3905.622    -3931.263       25.641   326.8      0.619      0.604      0.579     -0.210     -0.142     -0.003
328.2500      -3904.856    -3931.731       26.876   342.5      1.164      1.309      0.533     -0.307     -0.080     -0.096
328.5000      -3904.853    -3929.374       24.521   312.5      0.279      0.714     -0.725     -0.011     -0.387      0.146
328.7500      -3904.853    -3930.729       25.875   329.8      0.395      0.659     -0.100      0.217     -0.334     -0.080
329.0000      -3906.442    -3931.604       25.162   320.7      1.184      1.162      0.306      0.069      0.425     -0.099
329.2500      -3905.110    -3930.498       25.388   323.6      1.126      1.022      0.448     -0.191      0.275     -0.191
329.5000      -3906.875    -3931.966       25.091   319.8      0.168      0.961     -0.068      0.110      0.125     -0.080
329.7500      -3905.513    -3930.714       25.201   321.2      1.005      1.058      0.781     -0.134      0.181     -0.131
330.0000      -3904.473    -3930.006       25.533   325.4      1.184      0.853      0.240      0.022      0.120      0.294
330.2500      -3905.955    -3931.671       25.716   327.8      0.568      0.510     -0.098      0.019      0.359      0.015
330.5000      -3903.735    -3930.112       26.377   336.2      1.054      0.819     -0.194      0.288     -0.037      0.091
330.7500      -3905.178    -3930.836       25.658   327.0      0.454      0.774     -0.154      0.048      0.014     -0.103
331.0000      -3904.745    -3931.751       27.006   344.2      1.005      0.880      1.038     -0.309      0.170      0.233
331.2500      -3904.535    -3930.556       26.021   331.6      0.195      0.869      0.130     -0.004     -0.090     -0.160
331.5000      -3904.718    -3930.900       26.182   333.7      0.632      0.974     -0.045     -0.136     -0.369     -0.163
331.7500      -3904.903    -3929.359       24.456   311.7      0.779      0.764      0.171     -0.179      0.055      0.218
332.0000      -3902.449    -3930.324       27.875   355.3      0.571      0.621      0.327     -0.239     -0.151      0.327
332.2500      -3903.334    -3930.310       26.977   343.8      0.243      0.785     -0.087     -0.102      0.141      0.121
332.5000      -3903.592    -3929.756       26.163   333.5      0.521      1.236      0.352     -0.275      0.156      0.110
332.7500      -3905.082    -3930.200       25.118   320.1      1.102      1.454      0.182      0.086     -0.116      0.076
333.0000      -3905.954    -3931.883       25.929   330.5      0.727      0.369     -0.049     -0.145      0.142     -0.028
333.2500      -3905.596    -3930.562       24.967   318.2      0.607      1.106      0.415     -0.097     -0.006     -0.107
333.5000      -3904.989    -3931.359       26.370   336.1      1.079      1.301      0.464     -0.009     -0.116      0.048
333.7500      -3905.868    -3931.742       25.874   329.8      0.507      0.962     -0.073     -0.186     -0.108     -0.144
334.0000      -3906.872    -3932.086       25.214   321.4      0.447      1.036     -0.261     -0.327     -0.178     -0.114
334.2500      -3905.942    -3931.654       25.712   327.7      0.637      1.267      0.776     -0.034      0.073     -0.242
334.5000      -3904.733    -3931.005       26.272   334.8      0.390      0.865      0.394     -0.117     -0.076     -0.077
334.7500      -3904.211    -3930.349       26.138   333.1      0.568      1.134      0.274     -0.002      0.249      0.099
335.0000      -3903.873    -3930.284       26.412   336.6      1.187      1.067      0.584     -0.427     -0.073     -0.202
335.2500      -3903.668    -3928.837       25.168   320.8      0.668      0.885      0.755     -0.247     -0.099      0.010
335.5000      -3904.714    -3930.999       26.285   335.0      1.024      1.438      0.870     -0.151      0.066     -0.106
335.7500      -3904.684    -3929.347       24.663   314.3      0.590      0.533      0.324     -0.189      0.364     -0.063
336.0000      -3905.521    -3930.220       24.700   314.8      0.907      0.688      0.147     -0.240     -0.153      0.003
336.2500      -3905.821    -3930.458       24.637   314.0      0.807      1.326      0.275     -0.445     -0.062     -0.034
336.5000      -3906.225    -3931.947       25.722   327.8      0.731      1.323     -0.016      0.110     -0.452      0.113
336.7500      -3905.526    -3930.586       25.060   319.4      0.687      0.940      0.485     -0.166     -0.017     -0.101
337.0000      -3905.444    -3931.540       26.095   332.6      0.701      0.536      0.591     -0.015      0.166     -0.263
337.2500      -3905.677    -3930.833       25.157   320.6      0.423      0.985      0.266     -0.229      0.069      0.122
337.5000      -3904.763    -3930.381       25.618   326.5      0.797      0.800      0.170     -0.295      0.052     -0.134
337.7500      -3906.005    -3930.758       24.753   315.5      0.566      1.129      0.383     -0.279      0.002     -0.076
338.0000      -3906.973    -3931.466       24.492   312.2      0.533      0.546      0.460      0.045      0.059     -0.186
338.2500      -3903.626    -3929.766       26.139   333.2      0.770      0.616      0.673      0.205      0.374     -0.131
338.5000      -3903.083    -3929.546       26.463   337.3      1.232      0.851      0.003      0.279      0.039     -0.351
338.7500      -3905.596    -3931.968       26.371   336.1      0.828      0.818      0.487     -0.154     -0.067      0.054
339.0000      -3906.542    -3930.700       24.158   307.9      0.837      0.926      0.044      0.204     -0.021     -0.145
339.2500      -3906.812    -3930.941       24.129   307.5      0.289      1.077      0.519      0.181      0.308     -0.324
339.5000      -3907.024    -3931.126       24.102   307.2      0.636      0.452     -0.076     -0.278      0.124     -0.142
339.7500      -3906.220    -3932.138       25.919   330.3      0.386      0.812     -0.043      0.134      0.101      0.185
340.0000      -3907.249    -3930.546       23.297   296.9      0.867      1.069      0.533      0.156      0.038      0.037
340.2500      -3905.366    -3930.955       25.588   326.1      0.869      0.862     -0.156      0.223      0.063     -0.015
340.5000      -3905.060    -3930.770       25.710   327.7      0.476      0.626      0.393     -0.024     -0.078      0.067
340.7500      -3906.620    -3931.725       25.105   320.0      0.454      0.707      0.042     -0.246     -0.032      0.111
341.0000      -3904.565    -3930.108       25.543   325.6      0.820      0.763     -0.010      0.043     -0.082      0.034
341.2500      -3903.237    -3931.281       28.044   357.4      1.445      0.871      0.742     -0.230      0.131      0.151
341.5000      -3903.227    -3930.168       26.941   343.4      0.981      1.259      0.077     -0.079      0.163      0.072
341.7500      -3903.520    -3930.291       26.770   341.2      0.324      0.736      0.290     -0.026     -0.000     -0.149
342.0000      -3904.083    -3930.238       26.155   333.3      0.802      0.800     -0.265     -0.075     -0.168     -0.094
342.2500      -3904.049    -3929.872       25.823   329.1      1.038      1.081      0.774      0.263     -0.263      0.316
342.5000      -3903.976    -3929.469       25.493   324.9      0.983      1.015      0.184      0.196     -0.158      0.114
342.7500      -3903.404    -3930.825       27.421   349.5      0.668      0.862      0.278      0.091     -0.296      0.089
343.0000      -3902.691    -3929.781       27.091   345.3      0.758      0.584      0.285     -0.156      0.008      0.317
343.2500      -3903.801    -3931.131       27.330   348.3      0.751      0.838      0.743     -0.154      0.107      0.059
343.5000      -3904.213    -3929.459       25.246   321.8      0.754      0.731      0.651     -0.314     -0.095     -0.133
343.7500      -3905.599    -3930.531       24.931   317.8      0.767      1.323      0.272      0.040      0.024     -0.090
344.0000      -3905.585    -3930.079       24.494   312.2      0.512      0.540     -0.061     -0.244      0.107     -0.094
344.2500      -3903.463    -3929.456       25.993   331.3      0.661      1.257     -0.692     -0.237     -0.186     -0.042
344.5000      -3904.839    -3929.977       25.139   320.4      0.516      0.973      0.382     -0.044      0.152     -0.081
344.7500      -3905.436    -3930.597       25.161   320.7      0.913      0.737      0.894     -0.213     -0.118      0.060
345.0000      -3903.874    -3928.665       24.790   316.0      0.700      1.030      0.509      0.063      0.131     -0.130
345.2500      -3905.537    -3930.391       24.854   316.8      0.631      1.248      0.860      0.073      0.009      0.002
345.5000      -3906.900    -3931.875       24.976   318.3      0.518      1.180      0.278     -0.014      0.081     -0.083
345.7500      -3905.228    -3930.918       25.691   327.4      0.981      0.962      0.661      0.274      0.369      0.096
346.0000      -3904.451    -3930.763       26.312   335.4      0.653      0.696      0.323      0.143      0.356      0.094
346.2500      -3904.163    -3929.613       25.450   324.4      0.722      1.094      0.252     -0.092     -0.060     -0.153
346.5000      -3903.780    -3930.736       26.956   343.6      0.719      1.151      0.579      0.244     -0.575      0.022
346.7500      -3903.039    -3928.799       25.760   328.3      0.156      1.335      0.542     -0.095     -0.314      0.045
347.0000      -3902.863    -3930.423       27.560   351.3      0.444      0.530      0.079      0.072     -0.020      0.179
347.2500      -3903.374    -3930.454       27.080   345.1      0.763      1.032      0.662     -0.032     -0.008      0.380
347.5000      -3904.797    -3930.052       25.256   321.9      0.830      0.857      0.354     -0.179      0.004     -0.114
347.7500      -3903.671    -3929.981       26.310   335.3      0.404      0.935     -0.089     -0.241     -0.030     -0.208
348.0000      -3904.266    -3929.042       24.776   315.8      0.745      1.009      0.316     -0.127     -0.227      0.028
348.2500      -3903.986    -3930.854       26.869   342.4      0.573      0.914      0.510     -0.044     -0.306     -0.161
348.5000      -3905.556    -3931.136       25.580   326.0      0.670      0.804      0.615     -0.006     -0.022     -0.061
348.7500      -3905.023    -3931.286       26.263   334.7      0.802      0.809      0.484     -0.166     -0.028     -0.019
349.0000      -3905.370    -3930.551       25.180   320.9      0.268      0.732     -0.289     -0.137     -0.048      0.116
349.2500      -3904.766    -3931.210       26.444   337.0      0.992      1.245      0.441     -0.089     -0.235      0.053
349.5000      -3904.771    -3931.274       26.503   337.8      0.801      0.921      0.062      0.135      0.070     -0.045
349.7500      -3904.411    -3930.537       26.126   333.0      1.140      1.469      0.317     -0.403     -0.089      0.186
350.0000      -3905.119    -3930.767       25.648   326.9      0.754      0.955      0.209     -0.475      0.011      0.036
350.2500      -3904.932    -3931.794       26.862   342.4      0.413      0.746      0.209      0.015      0.162      0.176
350.5000      -3904.053    -3929.895       25.842   329.4      0.607      0.743      0.045      0.071      0.056      0.008
350.7500      -3903.078    -3929.651       26.572   338.7      0.580      1.149      0.345      0.007     -0.027      0.175
351.0000      -3905.078    -3930.187       25.109   320.0      0.961      0.596      0.731      0.160     -0.035      0.021
351.2500      -3905.365    -3931.724       26.359   335.9      0.434      0.280      0.114     -0.104     -0.107     -0.070
351.5000      -3905.545    -3929.495       23.950   305.2      1.314      1.076      0.778      0.255      0.188     -0.103
351.7500      -3904.833    -3931.083       26.250   334.6      0.994      1.834      0.538      0.113      0.059      0.322
352.0000      -3905.847    -3929.994       24.146   307.7      0.878      1.372      0.741      0.016     -0.244     -0.200
352.2500      -3904.853    -3930.412       25.559   325.8      0.797      0.906     -0.053     -0.009      0.053      0.316
352.5000      -3905.299    -3931.772       26.474   337.4      0.919      1.039     -0.025      0.055      0.120      0.192
352.7500      -3906.380    -3930.658       24.278   309.4      0.850      1.160     -0.081      0.041      0.162     -0.156
353.0000      -3906.544    -3931.285       24.741   315.3      0.783      0.675      0.026     -0.083      0.081      0.213
353.2500      -3906.854    -3932.140       25.286   322.3      1.332      0.990      0.422     -0.306     -0.076      0.186
353.5000      -3907.172    -3932.105       24.933   317.8      0.520      1.331     -0.015     -0.228      0.134     -0.267
353.7500      -3905.673    -3931.111       25.437   324.2      0.925      0.694      0.123      0.006      0.252      0.105
354.0000      -3905.406    -3930.547       25.141   320.4      0.759      0.592      0.478      0.225      0.333     -0.068
354.2500      -3905.865    -3931.850       25.986   331.2      0.842      1.079      0.462     -0.141     -0.003      0.262
354.5000      -3904.244    -3930.727       26.483   337.5      0.774      0.664     -0.085     -0.220     -0.267     -0.147
354.7500      -3903.140    -3928.862       25.722   327.8      1.145      0.330      0.611     -0.318      0.072     -0.017
355.0000      -3903.369    -3930.593       27.224   347.0      0.390      0.594     -0.132     -0.290     -0.216     -0.077
355.2500      -3905.032    -3931.235       26.203   334.0      0.747      1.167      0.590     -0.019      0.014      0.382
355.5000      -3905.517    -3932.385       26.868   342.4      1.070      1.057      0.897     -0.087     -0.207      0.199
355.7500      -3904.258    -3930.095       25.837   329.3      0.836      0.411      0.352     -0.383     -0.092      0.057
356.0000      -3906.445    -3931.288       24.844   316.6      1.025      0.854      0.559      0.086      0.066     -0.249
356.2500      -3904.568    -3929.796       25.227   321.5      1.433      1.196      0.722      0.128      0.155      0.356
356.5000      -3904.393    -3930.650       26.257   334.7      0.769      0.818     -0.332     -0.058      0.358     -0.019
356.7500      -3903.205    -3929.206       26.001   331.4      0.760      1.328     -0.221      0.074      0.073     -0.001
357.0000      -3904.416    -3930.508       26.093   332.6      1.007      0.562      0.387      0.371      0.109      0.094
357.2500      -3904.040    -3930.235       26.196   333.9      0.978      1.180      0.904     -0.243     -0.014     -0.097
357.5000      -3902.766    -3930.648       27.882   355.4      0.474      1.065     -0.222      0.018      0.235      0.034
357.7500      -3902.903    -3929.249       26.346   335.8      0.706      0.710      0.125     -0.158      0.451      0.135
358.0000      -3902.391    -3928.399       26.008   331.5      1.132      0.836      0.457     -0.124      0.182      0.025
358.2500      -3905.835    -3930.994       25.159   320.7      0.613      0.898      0.228      0.032      0.140     -0.039
358.5000      -3906.366    -3931.823       25.457   324.5      0.900      0.719      0.400      0.170     -0.085     -0.084
358.7500      -3903.573    -3930.446       26.873   342.5      1.302      0.925      0.091     -0.536      0.346      0.039
359.0000      -3903.672    -3929.546       25.874   329.8      0.743      1.061      1.236     -0.126      0.021      0.305
359.2500      -3903.950    -3930.167       26.217   334.1      0.769      0.612      0.294     -0.086      0.116      0.211
359.5000      -3904.018    -3930.984       26.967   343.7      0.413      1.158      0.289      0.103     -0.150     -0.104
359.7500      -3905.570    -3929.963       24.393   310.9      0.920      0.706      0.375      0.047     -0.391      0.096
360.0000      -3904.370    -3929.856       25.486   324.8      0.752      1.342      0.582     -0.258      0.020      0.455
360.2500      -3903.734    -3929.579       25.845   329.4      0.705      0.993      0.218      0.052     -0.214     -0.214
360.5000      -3903.456    -3929.588       26.132   333.1      0.483      0.792     -0.208     -0.073     -0.086     -0.162
360.7500      -3905.145    -3930.945       25.800   328.8      0.603      0.721      0.324      0.086      0.160      0.131
361.0000      -3905.997    -3930.814       24.817   316.3      0.786      0.840      0.948      0.045     -0.077     -0.044
361.2500      -3906.891    -3932.924       26.033   331.8      0.601      0.921      0.201     -0.143     -0.088      0.009
361.5000      -3907.899    -3932.449       24.551   312.9      0.933      0.950      0.826      0.088     -0.019     -0.123
361.7500      -3907.166    -3931.476       24.310   309.8      0.343      0.794      0.113      0.291     -0.092      0.041
362.0000      -3907.268    -3932.235       24.967   318.2      0.425      0.989      0.526      0.104      0.179      0.011
362.2500      -3906.948    -3932.447       25.498   325.0      0.609      1.087      0.471     -0.240      0.012      0.026
362.5000      -3906.930    -3931.376       24.445   311.6      0.166      0.714      0.000     -0.178     -0.166     -0.358
362.7500      -3906.884    -3931.940       25.056   319.3      0.966      0.747      0.048     -0.352      0.427     -0.130
363.0000      -3906.162    -3931.106       24.945   317.9      0.955      1.203      0.106      0.207      0.151      0.111
363.2500      -3904.528    -3931.511       26.984   343.9      0.766      1.360     -0.118     -0.004     -0.035      0.114
363.5000      -3906.033    -3932.809       26.776   341.3      1.349      0.798     -0.166      0.198     -0.091     -0.005
363.7500      -3905.536    -3930.791       25.255   321.9      1.026      1.109     -0.196     -0.283     -0.041      0.019
364.0000      -3905.995    -3932.564       26.569   338.6      0.749      1.162     -0.202     -0.386     -0.103      0.089
364.2500      -3903.763    -3930.461       26.698   340.3      0.746      0.597     -0.303     -0.150      0.266     -0.066
364.5000      -3904.208    -3929.817       25.610   326.4      0.481      0.769      0.259      0.024     -0.105      0.220
364.7500      -3905.044    -3930.739       25.695   327.5      0.603      0.898      0.733      0.055     -0.220     -0.267
365.0000      -3904.604    -3930.256       25.652   326.9      0.452      0.837      0.139     -0.160     -0.118     -0.161
365.2500      -3904.221    -3929.749       25.527   325.4      0.887      1.149      0.506     -0.215     -0.039     -0.025
365.5000      -3905.260    -3931.825       26.565   338.6      0.887      1.198      0.598      0.079      0.141      0.075
365.7500      -3907.128    -3932.081       24.953   318.0      0.287      0.429      0.037     -0.187      0.083     -0.033
366.0000      -3905.377    -3930.972       25.594   326.2      1.121      1.443      0.483     -0.010      0.241      0.099
366.2500      -3904.109    -3930.605       26.496   337.7      0.071      0.768      0.265     -0.028      0.029     -0.063
366.5000      -3905.417    -3930.500       25.083   319.7      0.684      1.229      0.106      0.024      0.063      0.018
366.7500      -3905.297    -3931.719       26.422   336.8      0.871      1.003      0.564     -0.114     -0.152     -0.065
367.0000      -3904.736    -3931.122       26.386   336.3      0.865      0.676     -0.272      0.158      0.057     -0.111
367.2500      -3903.465    -3930.071       26.607   339.1      0.547      0.634      0.455      0.035      0.248      0.010
367.5000      -3904.890    -3931.033       26.143   333.2      0.647      1.606      0.451     -0.167     -0.057      0.244
367.7500      -3906.230    -3931.526       25.296   322.4      0.780      0.669      0.154      0.068     -0.213     -0.040
368.0000      -3904.799    -3929.036       24.237   308.9      0.554      0.592      0.263      0.177     -0.136     -0.071
368.2500      -3905.559    -3931.260       25.701   327.6      0.989      0.979     -0.034     -0.138      0.166      0.056
368.5000      -3906.813    -3932.252       25.440   324.2      0.883      1.079      0.123      0.075     -0.053     -0.058
368.7500      -3906.785    -3930.306       23.521   299.8      1.225      0.876     -0.103     -0.021     -0.358      0.092
369.0000      -3904.627    -3930.779       26.151   333.3      0.819      0.550      0.144     -0.226     -0.079      0.115
369.2500      -3903.805    -3930.588       26.783   341.4      0.355      1.133      0.255      0.101     -0.050      0.046
369.5000      -3904.793    -3930.852       26.059   332.1      0.186      0.369     -0.036     -0.049      0.166      0.037
369.7500      -3907.588    -3932.358       24.770   315.7      0.638      1.401      0.371      0.156      0.069      0.114
370.0000      -3906.226    -3931.536       25.310   322.6      0.543      0.694      0.095      0.020      0.170      0.092
370.2500      -3906.651    -3931.527       24.875   317.0      0.544      0.820     -0.085      0.096      0.242      0.309
370.5000      -3907.437    -3931.344       23.907   304.7      0.635      1.189      0.375     -0.054      0.139     -0.114
370.7500      -3905.571    -3932.357       26.785   341.4      1.170      0.892     -0.017      0.052      0.101      0.055
371.0000      -3905.941    -3932.127       26.186   333.7      0.477      0.784     -0.369      0.135      0.326     -0.075
371.2500      -3905.607    -3932.546       26.939   343.3      0.691      0.712      0.237     -0.054      0.388      0.107
371.5000      -3906.216    -3932.456       26.239   334.4      0.948      0.786      0.661      0.093      0.042     -0.050
371.7500      -3905.221    -3930.297       25.076   319.6      0.636      0.788      0.463      0.002      0.385      0.304
372.0000      -3904.310    -3929.639       25.329   322.8      0.942      1.005      0.262     -0.072     -0.269     -0.037
372.2500      -3905.870    -3931.883       26.013   331.5      0.574      0.732      0.078      0.019     -0.024     -0.012
372.5000      -3905.845    -3931.179       25.335   322.9      0.569      0.546      0.437     -0.013      0.312      0.199
372.7500      -3906.939    -3932.298       25.359   323.2      0.540      0.886      0.190      0.074     -0.126      0.032
373.0000      -3905.173    -3930.832       25.658   327.0      1.086      0.789     -0.536     -0.081     -0.185     -0.198
373.2500      -3905.161    -3930.168       25.008   318.7      1.375      1.033      0.146     -0.265      0.106      0.216
373.5000      -3904.805    -3931.681       26.876   342.5      1.019      0.867     -0.063     -0.168      0.368      0.253
373.7500      -3905.880    -3932.940       27.059   344.9      0.508      1.041     -0.252      0.082      0.111     -0.005
374.0000      -3905.463    -3931.046       25.583   326.1      0.882      0.751      0.396     -0.017      0.044     -0.125
374.2500      -3904.783    -3930.852       26.069   332.3      0.434      0.695      0.085     -0.168      0.082     -0.167
374.5000      -3904.585    -3930.263       25.678   327.3      0.669      0.851      0.284     -0.302     -0.230      0.068
374.7500      -3902.912    -3930.993       28.081   357.9      1.048      1.075      0.765     -0.147     -0.070      0.033
375.0000      -3904.227    -3931.011       26.783   341.4      0.753      1.092     -0.575      0.027      0.080     -0.155
375.2500      -3905.205    -3931.146       25.941   330.6      0.946      1.187      0.541      0.097      0.084      0.378
375.5000      -3904.727    -3930.855       26.128   333.0      0.682      0.834      0.048      0.208      0.271     -0.078
375.7500      -3904.810    -3929.797       24.987   318.5      1.066      1.014     -0.380     -0.064      0.549      0.029
376.0000      -3904.753    -3930.517       25.764   328.4      0.914      0.955      0.132     -0.036      0.209     -0.159
376.2500      -3905.392    -3930.977       25.585   326.1      1.109      0.917      0.227      0.093      0.202      0.059
376.5000      -3906.304    -3932.044       25.740   328.1      0.559      0.729      0.110     -0.200     -0.339     -0.085
376.7500      -3906.205    -3931.443       25.238   321.7      0.403      0.683     -0.187      0.274     -0.023      0.016
377.0000      -3905.279    -3931.062       25.784   328.6      0.863      1.311      0.480     -0.102      0.163      0.106
377.2500      -3903.928    -3930.010       26.082   332.4      0.727      1.269      0.465      0.132     -0.055     -0.170
377.5000      -3904.402    -3930.501       26.099   332.6      0.866      0.978      0.225      0.277     -0.258      0.176
377.7500      -3903.636    -3930.177       26.540   338.3      0.508      0.856     -0.043      0.231     -0.001     -0.033
378.0000      -3905.411    -3930.210       24.799   316.1      0.782      0.863      0.196     -0.226      0.264      0.205
378.2500      -3904.448    -3930.181       25.733   328.0      1.231      0.616     -0.502     -0.195      0.167     -0.012
378.5000      -3903.747    -3929.750       26.004   331.4      1.184      1.075      0.276      0.060     -0.243      0.218
378.7500      -3904.805    -3930.473       25.667   327.1      0.917      1.253     -0.045      0.231      0.019     -0.073
379.0000      -3905.415    -3931.760       26.345   335.8      0.603      1.249      0.801      0.186     -0.135     -0.006
379.2500      -3904.857    -3931.350       26.493   337.7      0.436      0.770      0.554      0.074     -0.363      0.224
379.5000      -3905.213    -3930.753       25.541   325.5      0.995      0.344      0.266     -0.088     -0.200     -0.179
379.7500      -3903.623    -3930.179       26.556   338.5      0.471      1.084      0.578      0.110      0.302     -0.169
380.0000      -3903.315    -3931.550       28.235   359.9      1.229      0.953      0.090      0.095      0.093     -0.054
380.2500      -3901.657    -3930.226       28.569   364.1      0.632      1.024      0.562     -0.026      0.195      0.456
380.5000      -3902.035    -3929.192       27.157   346.1      0.711      0.907      0.317      0.216     -0.181     -0.045
380.7500      -3903.855    -3930.350       26.495   337.7      0.431      0.915      0.207     -0.119     -0.007     -0.107
381.0000      -3903.969    -3930.023       26.054   332.1      0.775      1.295      0.496     -0.100     -0.314      0.285
381.2500      -3904.591    -3930.440       25.849   329.4      1.117      0.384      0.915     -0.239     -0.002      0.247
381.5000      -3903.717    -3929.887       26.170   333.5      0.720      0.982      0.557      0.079     -0.139      0.073
381.7500      -3904.437    -3930.432       25.994   331.3      0.624      0.856      0.386      0.174      0.021     -0.200
382.0000      -3903.642    -3930.401       26.759   341.0      0.933      0.797      0.196      0.066     -0.063     -0.121
382.2500      -3905.045    -3931.537       26.492   337.6      0.924      0.650     -0.011      0.047      0.064      0.094
382.5000      -3906.545    -3931.588       25.042   319.2      0.807      0.795      0.671     -0.011      0.255     -0.116
382.7500      -3906.781    -3932.066       25.286   322.3      0.514      0.859     -0.490     -0.228      0.274      0.021
383.0000      -3905.623    -3930.422       24.800   316.1      0.496      0.517      0.214      0.086      0.200     -0.192
383.2500      -3905.454    -3930.530       25.075   319.6      0.353      1.112      0.331     -0.005      0.214     -0.003
383.5000      -3905.434    -3931.414       25.980   331.1      0.943      1.356      0.684     -0.094      0.093      0.198
383.7500      -3906.014    -3931.161       25.147   320.5      0.761      0.747      0.276     -0.008      0.380     -0.001
384.0000      -3904.228    -3931.835       27.607   351.9      0.405      0.664      0.612     -0.088      0.327     -0.245
384.2500      -3903.769    -3930.327       26.557   338.5      0.618      0.735      0.552     -0.262      0.080      0.000
384.5000      -3906.155    -3930.350       24.195   308.4      0.452      0.593     -0.071     -0.035     -0.401      0.058
384.7500      -3907.327    -3932.296       24.969   318.2      0.964      0.705      0.184      0.143     -0.233      0.164
385.0000      -3906.946    -3933.055       26.109   332.8      0.472      0.860     -0.458      0.110     -0.084     -0.047
385.2500      -3907.809    -3933.700       25.891   330.0      0.423      0.808     -0.393     -0.150     -0.130     -0.028
385.5000      -3908.572    -3933.779       25.206   321.3      1.046      0.803      0.518      0.025     -0.517     -0.091
385.7500      -3907.338    -3932.576       25.238   321.7      1.021      0.859      0.276     -0.221      0.007     -0.172
386.0000      -3907.818    -3934.024       26.207   334.0      0.651      0.895     -0.217      0.240     -0.127      0.110
386.2500      -3906.657    -3931.143       24.485   312.1      0.573      0.446     -0.212     -0.019     -0.115      0.113
386.5000      -3906.462    -3931.186       24.724   315.1      0.901      0.634      0.533     -0.079      0.028      0.065
386.7500      -3906.378    -3932.557       26.179   333.7      0.715      0.633      0.241     -0.196      0.021     -0.101
387.0000      -3905.354    -3930.970       25.617   326.5      0.503      1.274      0.215     -0.096     -0.212      0.105
387.2500      -3905.384    -3930.967       25.583   326.1      0.645      1.221      0.682      0.315      0.231      0.106
387.5000      -3907.115    -3931.478       24.363   310.5      0.945      0.824      0.694      0.368     -0.102     -0.469
387.7500      -3905.355    -3931.243       25.889   330.0      0.742      1.045      0.464      0.113      0.169     -0.438
388.0000      -3905.821    -3931.680       25.859   329.6      0.752      0.790      0.356      0.164      0.011     -0.066
388.2500      -3907.415    -3932.722       25.307   322.5      0.800      0.942      0.765      0.027      0.055     -0.151
388.5000      -3904.729    -3931.336       26.607   339.1      0.494      0.809      0.057     -0.001      0.103     -0.129
388.7500      -3904.198    -3930.056       25.858   329.6      1.067      1.069      0.527      0.045     -0.008     -0.247
389.0000      -3905.246    -3930.894       25.647   326.9      1.029      0.867      0.534     -0.172     -0.048     -0.079
389.2500      -3906.302    -3931.189       24.887   317.2      0.922      0.754      0.267      0.137     -0.037      0.066
389.5000      -3903.876    -3929.802       25.926   330.4      0.149      0.571     -0.222      0.051     -0.038      0.031
389.7500      -3903.712    -3930.297       26.585   338.8      0.439      0.779      0.241     -0.019      0.255      0.012
390.0000      -3905.007    -3931.759       26.752   341.0      0.609      1.176      0.513      0.525      0.327     -0.112
390.2500      -3902.829    -3929.939       27.111   345.5      0.404      0.836      0.369      0.329      0.037      0.013
390.5000      -3902.247    -3928.894       26.648   339.6      0.846      0.594      0.436      0.139     -0.191      0.065
390.7500      -3903.869    -3929.651       25.781   328.6      0.855      1.294      0.193     -0.302     -0.161     -0.119
391.0000      -3904.356    -3930.408       26.053   332.0      0.784      1.063      0.620      0.036     -0.129      0.217
391.2500      -3904.526    -3930.399       25.872   329.7      0.706      0.446      0.571     -0.323      0.045     -0.093
391.5000      -3902.868    -3929.159       26.291   335.1      0.026      1.024      0.004      0.388     -0.342      0.181
391.7500      -3903.029    -3929.498       26.469   337.4      0.928      1.072      0.660      0.145     -0.098     -0.129
392.0000      -3904.667    -3930.694       26.027   331.7      0.732      1.256      0.055      0.272      0.275     -0.081
392.2500      -3902.429    -3929.214       26.784   341.4      1.172      0.729      0.196      0.165      0.177     -0.012
392.5000      -3903.013    -3930.165       27.152   346.1      0.968      1.069      0.309      0.066      0.014     -0.025
392.7500      -3906.329    -3931.561       25.232   321.6      0.810      1.019      0.311     -0.303     -0.105      0.209
393.0000      -3906.183    -3932.708       26.525   338.1      0.696      1.111      0.678      0.188     -0.286      0.241
393.2500      -3906.107    -3931.624       25.517   325.2      0.535      0.582      0.637     -0.016     -0.023      0.084
393.5000      -3903.532    -3930.681       27.149   346.0      0.984      1.192      0.710      0.272      0.197     -0.050
393.7500      -3904.475    -3931.019       26.544   338.3      0.777      1.183      0.352      0.075      0.090     -0.102
394.0000      -3902.778    -3928.905       26.126   333.0      0.729      0.471      0.226      0.130      0.228      0.024
394.2500      -3904.984    -3930.543       25.558   325.7      0.842      0.340      0.423     -0.156      0.116      0.279
394.5000      -3904.343    -3931.260       26.917   343.1      0.230      1.108     -0.369     -0.168      0.146     -0.085
394.7500      -3903.444    -3931.117       27.673   352.7      0.737      0.836      0.488      0.016     -0.168      0.086
395.0000      -3905.047    -3931.375       26.328   335.6      0.965      0.717      0.644      0.098      0.779      0.061
395.2500      -3904.064    -3930.848       26.784   341.4      0.439      0.957      0.424      0.027      0.060      0.150
395.5000      -3904.304    -3931.380       27.075   345.1      1.041      0.659      0.904     -0.161     -0.117      0.195
395.7500      -3905.615    -3931.275       25.660   327.0      0.453      0.772      0.383     -0.074     -0.224     -0.007
396.0000      -3904.821    -3930.479       25.658   327.0      0.812      0.760     -0.255     -0.462     -0.172      0.141
396.2500      -3903.928    -3930.283       26.354   335.9      1.132      1.315      0.343     -0.037     -0.149     -0.015
396.5000      -3903.346    -3930.362       27.015   344.3      1.521      0.686      0.556     -0.098      0.069     -0.185
396.7500      -3903.796    -3929.746       25.951   330.7      1.266      1.263      1.076      0.408      0.011      0.208
397.0000      -3905.489    -3930.513       25.023   318.9      0.796      0.383      0.041     -0.296      0.094     -0.286
397.2500      -3905.372    -3931.450       26.078   332.4      1.227      0.832     -0.118     -0.261     -0.256     -0.185
397.5000      -3906.391    -3931.269       24.878   317.1      1.242      0.809      0.307      0.063      0.345      0.107
397.7500      -3903.776    -3929.228       25.452   324.4      0.723      0.788     -0.210      0.097      0.379     -0.052
398.0000      -3905.462    -3930.811       25.350   323.1      0.796      0.627      0.172     -0.381      0.174     -0.037
398.2500      -3905.821    -3930.883       25.063   319.4      0.860      0.925      0.475     -0.255      0.027      0.183
398.5000      -3906.352    -3932.634       26.281   335.0      0.330      0.491     -0.448      0.081     -0.048     -0.169
398.7500      -3907.409    -3932.285       24.876   317.1      0.854      0.174      0.237      0.395     -0.067     -0.059
399.0000      -3904.794    -3930.363       25.569   325.9      0.590      1.122      0.540      0.010     -0.067      0.091
399.2500      -3904.478    -3930.340       25.862   329.6      0.073      0.507      0.734      0.033      0.070      0.216
399.5000      -3904.554    -3931.133       26.578   338.7      1.079      1.086      0.600      0.293      0.316     -0.218
399.7500      -3904.981    -3930.921       25.940   330.6      0.859      1.230      0.258     -0.008     -0.161      0.180
400.0000      -3904.842    -3929.866       25.024   318.9      0.541      0.800      0.122     -0.020     -0.238      0.009
400.2500      -3905.366    -3930.492       25.126   320.2      0.482      1.212      0.310      0.279     -0.314     -0.050
400.5000      -3905.270    -3930.660       25.390   323.6      0.513      0.790      0.507      0.293     -0.349     -0.011
400.7500      -3905.068    -3931.446       26.378   336.2      1.070      0.811      0.213      0.073     -0.194      0.031
401.0000      -3904.239    -3930.532       26.292   335.1      1.033      0.897      0.149      0.053      0.028      0.081
401.2500      -3904.565    -3930.867       26.302   335.2      0.542      0.791      0.086     -0.288      0.304      0.325
401.5000      -3904.418    -3929.657       25.239   321.7      0.767      0.540      0.008     -0.391     -0.132     -0.096
401.7500      -3903.197    -3930.011       26.813   341.7      0.935      0.941      0.594      0.285     -0.227     -0.140
402.0000      -3903.375    -3930.614       27.239   347.2      0.275      1.166      0.076      0.153     -0.101     -0.118
402.2500      -3905.402    -3931.146       25.744   328.1      0.369      0.645      0.066      0.205      0.293      0.146
402.5000      -3905.052    -3931.508       26.455   337.2      1.146      0.878      0.092     -0.134     -0.036      0.024
402.7500      -3904.994    -3931.337       26.343   335.8      0.556      0.793     -0.031     -0.091      0.146      0.085
403.0000      -3904.509    -3930.045       25.535   325.5      0.730      1.037      1.150     -0.165     -0.105      0.187
403.2500      -3902.785    -3928.592       25.807   328.9      0.393      1.178     -0.092     -0.344     -0.203      0.105
403.5000      -3904.030    -3930.640       26.610   339.1      0.623      0.732      0.225     -0.257     -0.289      0.112
403.7500      -3902.757    -3929.408       26.651   339.7      1.048      1.179      0.959     -0.043      0.170     -0.113
404.0000      -3902.721    -3930.247       27.526   350.8      0.628      0.408      0.062     -0.043      0.102     -0.123
404.2500      -3901.529    -3928.615       27.086   345.2      0.762      1.087      0.384     -0.133      0.092     -0.169
404.5000      -3900.543    -3928.898       28.355   361.4      0.984      1.375      1.082     -0.227      0.076     -0.047
404.7500      -3901.769    -3929.204       27.435   349.7      0.280      1.012      0.123      0.172      0.407     -0.074
405.0000      -3902.986    -3930.117       27.131   345.8      1.027      1.719      0.348     -0.053      0.107     -0.128
405.2500      -3905.248    -3931.283       26.035   331.8      0.236      0.863      0.122      0.046      0.313      0.114
405.5000      -3906.224    -3929.923       23.699   302.1      0.661      0.976      0.422      0.033     -0.306     -0.022
405.7500      -3906.903    -3931.007       24.104   307.2      0.669      0.606      0.358     -0.019     -0.270     -0.151
406.0000      -3906.157    -3931.980       25.823   329.1     -0.001      1.078     -0.130      0.268     -0.079      0.263
406.2500      -3906.075    -3930.741       24.666   314.4      0.493      1.259      0.134      0.046      0.044      0.250
406.5000      -3905.468    -3930.451       24.983   318.4      0.808      0.819      0.108     -0.095     -0.039      0.035
406.7500      -3904.995    -3931.135       26.140   333.2      0.666      0.927      0.191      0.113     -0.125     -0.082
407.0000      -3905.730    -3930.865       25.135   320.4      0.755      0.812      0.103      0.140      0.099     -0.084
407.2500      -3905.237    -3930.979       25.743   328.1      0.992      1.113      0.517     -0.024      0.130     -0.164
407.5000      -3905.190    -3929.677       24.487   312.1      0.493      0.869      0.018     -0.382      0.285     -0.062
407.7500      -3905.764    -3931.589       25.825   329.1      0.551      0.678     -0.167      0.006     -0.100      0.114
408.0000      -3904.429    -3929.691       25.262   322.0      0.876      0.912      0.549      0.147      0.016     -0.101
408.2500      -3905.140    -3930.563       25.423   324.0      0.726      1.066      0.366      0.231     -0.040      0.189
408.5000      -3903.848    -3929.671       25.824   329.1      0.972      0.875      0.200     -0.046     -0.079     -0.040
408.7500      -3906.164    -3929.679       23.515   299.7      0.508      1.005      1.102     -0.044     -0.168      0.052
409.0000      -3904.518    -3931.111       26.593   338.9      0.903      1.204      0.354     -0.173     -0.013     -0.281
409.2500      -3902.748    -3929.138       26.390   336.3      0.807      0.854      0.070      0.006      0.032      0.308
409.5000      -3903.204    -3928.996       25.792   328.7      1.482      0.797      0.797     -0.135      0.070      0.014
409.7500      -3903.614    -3928.473       24.859   316.8      0.953      0.596     -0.184     -0.204     -0.143      0.034
410.0000      -3904.338    -3929.637       25.299   322.4      0.452      1.209      0.325     -0.345     -0.224      0.046
410.2500      -3905.870    -3931.203       25.333   322.9      0.887      0.771      0.486     -0.146     -0.419     -0.112
410.5000      -3902.894    -3930.859       27.965   356.4      0.381      0.555      0.282     -0.059     -0.176      0.197
410.7500      -3904.319    -3930.375       26.057   332.1      0.609      1.300      1.059      0.008      0.091     -0.093
411.0000      -3904.046    -3929.839       25.792   328.7      0.702      1.096      0.496     -0.204      0.105     -0.074
411.2500      -3905.725    -3931.142       25.417   323.9      0.552      0.918      0.475      0.054      0.255     -0.035
411.5000      -3904.761    -3930.653       25.892   330.0      0.174      0.981      0.107     -0.068     -0.472      0.215
411.7500      -3905.391    -3931.604       26.213   334.1      0.119      0.340      0.084     -0.093     -0.495      0.091
412.0000      -3905.358    -3931.049       25.691   327.4      0.527      0.924      0.279      0.021     -0.197      0.055
412.2500      -3903.533    -3929.402       25.869   329.7      0.696      1.290     -0.029     -0.237     -0.075      0.246
412.5000      -3905.458    -3931.529       26.071   332.3      0.419      0.434      0.087     -0.301     -0.374     -0.187
412.7500      -3903.328    -3929.771       26.442   337.0      0.622      1.102     -0.137      0.065      0.153     -0.048
413.0000      -3902.751    -3930.108       27.357   348.7      0.593      0.999      0.067     -0.103      0.215     -0.061
413.2500      -3904.247    -3931.114       26.866   342.4      1.388      1.261      0.638     -0.455      0.031      0.149
413.5000      -3905.638    -3930.887       25.249   321.8      0.582      1.023     -0.142     -0.238      0.133     -0.119
413.7500      -3906.858    -3932.346       25.488   324.8      0.718      0.768      0.056     -0.070      0.098     -0.272
414.0000      -3905.587    -3930.732       25.145   320.5      0.983      0.982      0.537      0.044     -0.195     -0.176
414.2500      -3904.330    -3930.418       26.089   332.5      0.895      0.708      0.567     -0.033     -0.196      0.057
414.5000      -3903.645    -3931.052       27.407   349.3      0.802      1.212      0.210      0.028      0.034     -0.106
414.7500      -3903.681    -3930.367       26.686   340.1      0.704      1.084     -0.036     -0.104     -0.111      0.270
415.0000      -3903.174    -3930.565       27.390   349.1      0.327      0.708      0.858     -0.187      0.143     -0.084
415.2500      -3902.263    -3928.848       26.584   338.8      0.528      0.502     -0.300     -0.044     -0.198     -0.031
415.5000      -3904.445    -3931.948       27.503   350.5      1.503      0.921      0.585      0.145     -0.208      0.104
415.7500      -3905.676    -3931.328       25.652   326.9      0.934      1.110      0.324      0.299      0.221     -0.064
416.0000      -3904.869    -3931.066       26.197   333.9      1.017      0.387      0.385      0.007      0.145      0.174
416.2500      -3904.458    -3931.181       26.723   340.6      1.156      0.610      0.728      0.265      0.039      0.118
416.5000      -3904.320    -3930.254       25.934   330.5      0.457      0.726      0.154      0.023      0.218     -0.201
416.7500      -3904.509    -3930.492       25.983   331.2      1.218      0.769      0.568      0.098      0.070      0.108
417.0000      -3904.864    -3931.334       26.469   337.4      1.047      0.909     -0.014     -0.179     -0.167      0.366
417.2500      -3904.933    -3931.602       26.668   339.9      0.029      1.028      0.131     -0.023     -0.088      0.197
417.5000      -3904.624    -3930.114       25.490   324.9      1.197      1.365      0.986     -0.078     -0.314     -0.013
417.7500      -3905.603    -3932.176       26.572   338.7      1.081      0.554      0.224     -0.007     -0.421      0.035
418.0000      -3904.346    -3930.920       26.574   338.7      0.354      0.995     -0.031      0.019      0.180     -0.240
418.2500      -3904.456    -3930.299       25.843   329.4      0.432      0.834     -0.255      0.320      0.175      0.164
418.5000      -3904.685    -3932.010       27.325   348.3      1.106      0.612      0.470     -0.142      0.098     -0.168
418.7500      -3902.627    -3930.676       28.049   357.5      0.860      0.722      0.453     -0.089      0.097      0.010
419.0000      -3904.142    -3930.041       25.899   330.1      0.596      0.725     -0.179     -0.071     -0.226      0.348
419.2500      -3905.297    -3931.148       25.852   329.5      0.931      0.999      0.218     -0.290      0.219     -0.096
419.5000      -3905.985    -3931.712       25.727   327.9      0.631      1.010     -0.219      0.032      0.160      0.099
419.7500      -3906.791    -3932.208       25.417   323.9      0.817      1.509      0.553     -0.016      0.272     -0.046
420.0000      -3906.011    -3932.376       26.366   336.0      0.921      1.225      0.085     -0.071      0.053     -0.133
420.2500      -3906.149    -3931.757       25.608   326.4      0.351      0.486     -0.032     -0.167     -0.144     -0.236
420.5000      -3906.804    -3931.586       24.783   315.9      0.648      1.441      0.698      0.143     -0.333      0.124
420.7500      -3906.362    -3931.334       24.972   318.3      0.414      0.990      0.216     -0.010      0.323      0.145
421.0000      -3907.564    -3933.209       25.645   326.8      1.326      0.990      0.706      0.130      0.360      0.268
421.2500      -3904.818    -3932.344       27.527   350.8      0.848      1.262      0.205     -0.271      0.222      0.157
421.5000      -3905.344    -3930.586       25.243   321.7      0.527      0.841      0.726     -0.036     -0.250      0.021
421.7500      -3906.131    -3931.546       25.415   323.9      0.257      0.452      0.336      0.116     -0.215      0.002
422.0000      -3905.363    -3930.606       25.243   321.7      0.895      0.566      0.125     -0.180     -0.036     -0.141
422.2500      -3903.643    -3930.545       26.902   342.9      0.871      0.725      0.240     -0.016     -0.259      0.308
422.5000      -3902.439    -3929.799       27.360   348.7      0.936      0.754      0.606     -0.103     -0.116      0.080
422.7500      -3905.021    -3931.241       26.220   334.2      0.769      0.521      0.109     -0.126     -0.105     -0.084
423.0000      -3904.911    -3930.493       25.582   326.0      1.173      0.606      0.935     -0.255     -0.231      0.058
423.2500      -3905.553    -3931.240       25.687   327.4      0.149      1.040     -0.283      0.080     -0.078      0.360
423.5000      -3903.728    -3930.889       27.162   346.2      0.742      1.128     -0.209     -0.094      0.032     -0.135
423.7500      -3903.974    -3931.014       27.040   344.6      1.169      0.812      0.348     -0.106      0.217      0.011
424.0000      -3903.874    -3929.203       25.329   322.8      0.641      0.736     -0.059     -0.477      0.118      0.092
424.2500      -3904.494    -3930.657       26.163   333.5      0.178     -0.019     -0.485     -0.380      0.344      0.081
424.5000      -3906.041    -3930.393       24.351   310.4      0.493      1.112      0.097     -0.134     -0.207      0.051
424.7500      -3905.849    -3932.696       26.846   342.2      0.898      0.348     -0.480     -0.031     -0.058      0.027
425.0000      -3905.379    -3930.626       25.247   321.8      0.919      1.307      0.978     -0.149     -0.217      0.036
425.2500      -3903.858    -3929.992       26.135   333.1      0.336      0.779      0.004     -0.357      0.284     -0.029
425.5000      -3905.961    -3932.261       26.300   335.2      1.182      0.909      0.355     -0.242      0.127     -0.222
425.7500      -3907.536    -3932.235       24.700   314.8      0.653      1.242      0.208     -0.436      0.099      0.260
426.0000      -3906.544    -3931.369       24.826   316.4      0.729      0.569     -0.508      0.143      0.042     -0.060
426.2500      -3905.453    -3930.832       25.379   323.5      0.382      0.841      1.045     -0.108     -0.213      0.079
426.5000      -3902.435    -3929.418       26.983   343.9      1.521      0.503      0.258      0.268     -0.139      0.268
426.7500      -3903.006    -3929.581       26.575   338.7      0.616      0.576     -0.368      0.175      0.342     -0.116
427.0000      -3902.712    -3929.286       26.574   338.7      0.738      0.788      0.527     -0.107     -0.056     -0.069
427.2500      -3901.670    -3929.656       27.986   356.7      0.844      1.092      0.054      0.052     -0.154      0.151
427.5000      -3902.560    -3930.992       28.433   362.4      0.619      0.695      0.282     -0.117     -0.193     -0.164
427.7500      -3904.375    -3929.868       25.492   324.9      0.847      1.432      0.314     -0.128     -0.256      0.202
428.0000      -3905.673    -3930.763       25.091   319.8      0.669      0.791      0.209      0.165     -0.119     -0.029
428.2500      -3905.228    -3931.058       25.830   329.2      0.394      0.629      0.181      0.022      0.195     -0.121
428.5000      -3906.023    -3930.505       24.483   312.0      0.706      1.095      0.148     -0.078      0.051      0.058
428.7500      -3905.026    -3929.558       24.532   312.7      0.923      0.843      0.539     -0.315      0.126     -0.032
429.0000      -3904.459    -3929.662       25.203   321.2      0.568      1.087      0.036      0.065     -0.150     -0.011
429.2500      -3905.276    -3932.287       27.010   344.3      0.761      1.351      0.679      0.197      0.224     -0.195
429.5000      -3903.427    -3929.365       25.938   330.6      0.554      1.194      0.579      0.076      0.184     -0.192
429.7500      -3902.188    -3929.208       27.020   344.4      0.869      0.975      0.383     -0.149      0.361      0.100
430.0000      -3904.817    -3930.896       26.079   332.4      0.481      1.337      0.470     -0.062      0.155      0.264
430.2500      -3906.334    -3931.173       24.839   316.6      0.971      0.892      0.085     -0.043      0.211      0.136
430.5000      -3905.604    -3929.516       23.912   304.8      0.863      1.040      0.512     -0.033     -0.223     -0.020
430.7500      -3903.317    -3929.280       25.963   330.9      0.602      0.841      0.017      0.049      0.208      0.164
431.0000      -3903.694    -3929.622       25.928   330.5      1.188      0.968      0.881     -0.088     -0.309     -0.214
431.2500      -3904.852    -3930.783       25.931   330.5      0.892      0.932      0.330     -0.154     -0.090     -0.040
431.5000      -3905.112    -3929.721       24.610   313.7      0.385      1.156      0.097      0.239     -0.082      0.009
431.7500      -3904.698    -3931.199       26.501   337.8      0.853      0.722      0.970      0.249      0.053      0.041
432.0000      -3905.565    -3930.839       25.274   322.1      0.630      1.024     -0.103     -0.127      0.105      0.128
432.2500      -3905.496    -3932.076       26.580   338.8      0.462      0.980      0.083     -0.257     -0.001      0.019
432.5000      -3903.718    -3929.847       26.129   333.0      0.860      1.434     -0.128     -0.147     -0.077     -0.043
432.7500      -3903.996    -3929.116       25.120   320.2      0.865      0.601      0.040     -0.377      0.219      0.071
433.0000      -3902.424    -3928.310       25.886   329.9      0.639      0.887      0.313     -0.085     -0.292      0.046
433.2500      -3903.009    -3930.042       27.033   344.5      0.709      0.806      0.326      0.124      0.096     -0.005
433.5000      -3905.031    -3930.494       25.463   324.5      0.639      0.995      0.194     -0.052     -0.013     -0.168
433.7500      -3906.278    -3930.558       24.280   309.5      1.248      0.950      0.202     -0.015     -0.147     -0.263
434.0000      -3904.941    -3929.522       24.582   313.3      1.240      1.172      0.409      0.286     -0.292      0.073
434.2500      -3904.915    -3931.054       26.139   333.2      0.729      1.257      0.668      0.287     -0.347      0.175
434.5000      -3903.372    -3929.883       26.511   337.9      0.911      1.078      0.612      0.189     -0.199     -0.224
434.7500      -3905.508    -3931.552       26.043   331.9      0.665      1.066      0.461      0.006      0.029     -0.062
435.0000      -3905.321    -3930.736       25.415   323.9      0.476      1.208      0.140     -0.210     -0.417     -0.058
435.2500      -3905.805    -3930.939       25.135   320.3      1.098      0.655      0.354     -0.096      0.011     -0.040
435.5000      -3904.752    -3931.158       26.406   336.6      0.927      1.470      0.255      0.462     -0.145     -0.079
435.7500      -3904.308    -3930.397       26.090   332.5      1.166      0.857     -0.128      0.262      0.094      0.066
436.0000      -3905.326    -3930.255       24.929   317.7      0.398      0.850      0.292     -0.123     -0.010     -0.039
436.2500      -3905.293    -3930.583       25.290   322.3      0.264      0.914     -0.079      0.102     -0.056      0.044
436.5000      -3906.216    -3930.845       24.629   313.9      0.928      0.432     -0.048     -0.394     -0.071     -0.061
436.7500      -3905.577    -3931.420       25.843   329.4      0.907      1.161      0.488     -0.012     -0.062      0.060
437.0000      -3905.494    -3932.372       26.878   342.6      0.574      0.802      0.054      0.129     -0.439      0.255
437.2500      -3904.542    -3929.709       25.167   320.8      1.028      0.420      0.151     -0.081     -0.023     -0.212
437.5000      -3904.887    -3931.047       26.160   333.4      0.903      0.034     -0.501     -0.060      0.039      0.006
437.7500      -3905.769    -3931.179       25.410   323.9      0.595      0.585      0.217     -0.132      0.192     -0.281
438.0000      -3905.370    -3932.376       27.006   344.2      0.681      0.565      0.299     -0.110     -0.078      0.161
438.2500      -3907.133    -3932.014       24.881   317.1      0.537      0.698     -0.016     -0.242      0.194      0.031
438.5000      -3904.125    -3931.362       27.236   347.1      0.942      1.240      1.025      0.323      0.175      0.025
438.7500      -3903.624    -3930.391       26.766   341.1      0.567      1.059      0.513     -0.134     -0.043     -0.149
439.0000      -3904.340    -3931.128       26.788   341.4      0.934      0.766      0.610      0.425      0.131      0.047
439.2500      -3905.370    -3931.145       25.776   328.5      0.768      1.165      0.770     -0.068      0.045     -0.113
439.5000      -3904.417    -3931.155       26.738   340.8      0.625      0.628      0.165     -0.188      0.100     -0.197
439.7500      -3904.816    -3930.709       25.892   330.0      0.590      0.656      0.697     -0.214      0.239     -0.064
440.0000      -3904.287    -3931.033       26.746   340.9      1.231      1.195      1.264      0.226     -0.057     -0.227
440.2500      -3904.486    -3930.865       26.379   336.2      0.923      1.190      0.045     -0.053      0.186     -0.012
440.5000      -3904.169    -3929.800       25.631   326.7      0.996      1.397      0.883      0.196      0.132     -0.059
440.7500      -3904.380    -3931.023       26.643   339.6      0.558      1.189      0.081     -0.116      0.029      0.127
441.0000      -3905.129    -3932.266       27.137   345.9      0.860      1.408      0.257      0.062     -0.167     -0.047
441.2500      -3904.546    -3930.052       25.505   325.1      0.999      1.099      0.133     -0.324     -0.175      0.176
441.5000      -3906.558    -3931.792       25.234   321.6      0.736      1.019      0.726     -0.020      0.034     -0.132
441.7500      -3905.324    -3930.209       24.884   317.2      0.478      0.848      0.901      0.087      0.316     -0.091
442.0000      -3903.728    -3929.119       25.391   323.6      0.400      0.938     -0.160      0.176      0.299     -0.289
442.2500      -3904.369    -3929.437       25.067   319.5      1.231      1.195      1.228      0.030      0.081      0.233
442.5000      -3903.872    -3930.156       26.284   335.0      0.075      0.468      0.218     -0.057     -0.135     -0.029
442.7500      -3902.079    -3928.738       26.659   339.8      0.468      1.015      0.441     -0.173     -0.119     -0.139
443.0000      -3903.280    -3929.291       26.011   331.5      0.393      1.300      0.911     -0.102      0.274     -0.002
443.2500      -3905.319    -3930.801       25.482   324.8      0.084      0.361      0.833     -0.168      0.127      0.189
443.5000      -3907.079    -3930.621       23.542   300.0      0.968      1.052      0.655      0.191     -0.070      0.130
443.7500      -3905.919    -3930.745       24.825   316.4      0.968      1.229      0.897      0.179     -0.188     -0.054
444.0000      -3903.797    -3929.930       26.134   333.1      0.595      1.065      0.329      0.113     -0.066      0.188
444.2500      -3903.885    -3930.188       26.303   335.2      0.584      1.289      0.333      0.185     -0.262      0.069
444.5000      -3904.499    -3929.839       25.341   323.0      0.991      1.034      0.550      0.058     -0.267      0.100
444.7500      -3904.549    -3931.417       26.868   342.4      1.006      1.009     -0.018      0.130      0.064     -0.149
445.0000      -3904.896    -3931.238       26.341   335.7      0.662      1.460      0.363      0.299     -0.213      0.098
445.2500      -3906.207    -3931.953       25.745   328.1      0.694      0.683      0.148      0.211     -0.210     -0.223
445.5000      -3907.248    -3932.523       25.275   322.1      1.110      0.676      0.609      0.247     -0.057      0.031
445.7500      -3906.625    -3930.563       23.939   305.1      0.517      0.573      0.611     -0.106      0.209     -0.310
446.0000      -3907.115    -3931.934       24.819   316.3      0.497      0.637      0.155     -0.079     -0.099      0.059
446.2500      -3906.536    -3931.005       24.469   311.9      1.337      0.884      0.629      0.203     -0.043     -0.131
446.5000      -3905.695    -3931.279       25.584   326.1      0.951      0.679      0.545      0.167     -0.164      0.116
446.7500      -3904.162    -3931.393       27.231   347.1      0.473      0.948     -0.141      0.249     -0.126      0.226
447.0000      -3904.148    -3930.387       26.240   334.4      0.265      1.072      0.291     -0.096      0.018      0.017
447.2500      -3903.300    -3930.493       27.193   346.6      0.571      0.884     -0.327     -0.030      0.261     -0.030
447.5000      -3906.266    -3932.066       25.799   328.8      1.037      0.973      0.469      0.253      0.004      0.078
447.7500      -3905.203    -3931.925       26.721   340.6      0.527      0.397      0.437      0.085     -0.001     -0.014
448.0000      -3904.055    -3930.949       26.895   342.8      0.791      1.435      0.678      0.115     -0.210      0.083
448.2500      -3903.866    -3930.473       26.606   339.1      0.747      1.127      0.689      0.006     -0.289      0.150
448.5000      -3906.183    -3931.904       25.721   327.8      1.165      0.739     -0.019      0.055      0.141     -0.181
448.7500      -3904.761    -3930.320       25.560   325.8      0.655      1.409      0.679      0.328     -0.284     -0.103
449.0000      -3904.329    -3930.330       26.001   331.4      0.977      0.816      0.152      0.147     -0.113     -0.144
449.2500      -3904.916    -3931.636       26.721   340.6      0.687      1.175     -0.048      0.135     -0.110     -0.063
449.5000      -3905.877    -3930.803       24.927   317.7      0.752      1.231     -0.094      0.369     -0.133      0.101
449.7500      -3903.741    -3929.749       26.008   331.5      0.085      0.764     -0.220      0.039      0.102      0.051
450.0000      -3906.092    -3932.129       26.037   331.8      0.456      0.487      0.680      0.066      0.537     -0.006
450.2500      -3905.257    -3931.065       25.809   328.9      0.659      1.317      0.350     -0.085      0.049     -0.015
450.5000      -3904.124    -3931.194       27.070   345.0      0.829      1.077      0.568     -0.125     -0.057     -0.067
450.7500      -3904.881    -3930.518       25.637   326.7      1.240      0.841      0.556      0.376      0.019      0.158
451.0000      -3905.149    -3931.202       26.053   332.0      0.663      1.145      0.031      0.125     -0.231     -0.200
451.2500      -3904.774    -3931.063       26.289   335.1      1.105      0.815      0.478      0.182      0.074     -0.140
451.5000      -3905.274    -3932.194       26.919   343.1      0.793      0.754      0.399     -0.366     -0.032      0.123
451.7500      -3905.805    -3932.822       27.016   344.3      1.034      0.766      0.581     -0.040     -0.138      0.005
452.0000      -3907.398    -3932.560       25.162   320.7      0.661      0.537      0.222      0.043      0.105      0.230
452.2500      -3907.181    -3931.946       24.765   315.6      0.442      1.002      0.160     -0.069      0.030      0.204
452.5000      -3906.703    -3933.710       27.007   344.2      0.378      0.944      0.267      0.422      0.280     -0.102
452.7500      -3906.057    -3931.317       25.259   321.9      1.055      1.157      0.563      0.065      0.256     -0.126
453.0000      -3906.236    -3931.212       24.976   318.3      0.800      0.709      0.317      0.119     -0.002      0.197
453.2500      -3906.516    -3931.463       24.947   318.0      0.389      0.948     -0.188      0.072     -0.338      0.092
453.5000      -3905.781    -3932.354       26.573   338.7      1.132      1.185      0.076     -0.148      0.068     -0.029
453.7500      -3906.183    -3933.219       27.036   344.6      0.605      0.967     -0.152     -0.159      0.279      0.046
454.0000      -3907.297    -3932.505       25.208   321.3      0.713      1.070      0.340     -0.186      0.277      0.144
454.2500      -3906.183    -3931.147       24.964   318.2      0.819      0.812      0.284      0.080     -0.044     -0.111
454.5000      -3903.430    -3929.137       25.707   327.6      0.290      0.804     -0.458      0.180     -0.360      0.011
454.7500      -3904.178    -3930.037       25.859   329.6      0.983      1.092      0.507      0.007     -0.284      0.029
455.0000      -3905.125    -3932.356       27.230   347.1      0.207      0.669      0.034      0.151     -0.080      0.142
455.2500      -3905.903    -3933.498       27.595   351.7      0.908      0.823      0.351      0.093      0.373      0.237
455.5000      -3908.116    -3932.488       24.371   310.6      0.722      0.939      0.455     -0.245      0.318     -0.118
455.7500      -3907.343    -3930.624       23.281   296.7      0.870      0.854      0.223     -0.033      0.368      0.145
456.0000      -3904.937    -3931.017       26.080   332.4      0.709      0.980      0.130     -0.303     -0.099      0.140
456.2500      -3905.939    -3932.007       26.068   332.2      0.264      0.313      0.195     -0.197     -0.122     -0.235
456.5000      -3905.803    -3930.660       24.857   316.8      0.219      0.711     -0.016     -0.059      0.230     -0.174
456.7500      -3906.403    -3930.727       24.323   310.0      0.874      0.824      0.559     -0.017     -0.170     -0.080
457.0000      -3906.076    -3932.238       26.162   333.4      0.139      0.540     -0.075     -0.159     -0.172     -0.044
457.2500      -3905.968    -3930.216       24.247   309.0      1.341      1.133      0.375     -0.351     -0.077     -0.046
457.5000      -3906.328    -3932.235       25.907   330.2      0.416      0.361     -0.050     -0.257     -0.265     -0.044
457.7500      -3905.818    -3931.511       25.693   327.5      0.369      0.988     -0.010      0.203     -0.163     -0.062
458.0000      -3904.957    -3931.135       26.177   333.6      0.783      0.357      0.548      0.038      0.295     -0.039
458.2500      -3905.595    -3931.436       25.840   329.3      0.658      0.696      0.132      0.087     -0.118     -0.069
458.5000      -3904.664    -3930.954       26.290   335.1      1.216      1.329      0.836     -0.131     -0.168      0.233
458.7500      -3903.639    -3929.487       25.848   329.4      0.230      1.010      0.253     -0.270     -0.105      0.107
459.0000      -3904.410    -3930.394       25.984   331.2      0.399      0.506      0.607     -0.197     -0.071      0.013
459.2500      -3904.851    -3931.152       26.301   335.2      0.913      1.343     -0.001     -0.075      0.091     -0.275
459.5000      -3904.039    -3928.488       24.449   311.6      0.764      0.700      0.231     -0.206      0.290     -0.118
459.7500      -3902.885    -3929.265       26.381   336.2      1.063      0.978      0.343     -0.103     -0.123     -0.075
460.0000      -3901.698    -3928.373       26.674   340.0      0.590      0.622      0.183      0.104     -0.183     -0.023
460.2500      -3902.692    -3929.029       26.337   335.7      0.783      0.597      0.078     -0.001      0.073     -0.060
460.5000      -3904.478    -3931.594       27.116   345.6      0.708      0.757      0.380      0.062      0.195     -0.007
460.7500      -3904.460    -3930.571       26.111   332.8      0.541      0.315      0.314      0.485      0.039      0.002
461.0000      -3905.038    -3931.217       26.178   333.6      1.062      0.999      0.691      0.108     -0.236     -0.032
461.2500      -3905.910    -3932.124       26.214   334.1      0.946      0.149      0.156      0.388     -0.191      0.102
461.5000      -3905.989    -3932.418       26.429   336.8      0.830      0.832     -0.133      0.112      0.074     -0.099
461.7500      -3907.510    -3932.360       24.850   316.7      0.873      0.975      0.015      0.028      0.078      0.219
462.0000      -3907.737    -3932.853       25.116   320.1      0.512      0.690     -0.211     -0.286     -0.115      0.029
462.2500      -3906.493    -3931.589       25.096   319.9      0.855      0.500      0.214      0.003      0.132      0.169
462.5000      -3905.726    -3931.562       25.837   329.3      0.245      0.491     -0.260     -0.211      0.068      0.028
462.7500      -3905.314    -3931.688       26.374   336.1      1.066      1.280      0.075     -0.171      0.045     -0.179
463.0000      -3904.688    -3930.769       26.081   332.4      0.614      0.239      0.200     -0.069     -0.205      0.112
463.2500      -3904.288    -3930.977       26.689   340.2      0.078      1.087      0.019      0.066      0.030     -0.178
463.5000      -3904.914    -3930.295       25.381   323.5      0.755      0.624      0.038      0.022     -0.257      0.314
463.7500      -3904.744    -3933.016       28.272   360.3     -0.039      0.501     -0.091     -0.321      0.017     -0.009
464.0000      -3903.121    -3928.869       25.748   328.2      0.941      0.861      0.969     -0.260      0.049      0.230
464.2500      -3903.988    -3930.226       26.238   334.4      0.485      0.595      0.033      0.067     -0.252      0.035
464.5000      -3907.281    -3931.504       24.223   308.7      1.121      0.867      0.641      0.023     -0.183      0.183
464.7500      -3906.417    -3931.130       24.713   315.0      0.339      1.168      0.146     -0.020     -0.244      0.165
465.0000      -3906.757    -3932.329       25.572   325.9      0.102      0.642      0.038     -0.162     -0.102     -0.240
465.2500      -3906.923    -3931.268       24.345   310.3      0.704      0.833      0.377      0.048      0.022     -0.079
465.5000      -3906.814    -3931.185       24.371   310.6      0.855      1.456      0.565      0.243      0.310     -0.076
465.7500      -3905.627    -3931.328       25.701   327.6      1.072      0.942      0.608      0.304      0.307     -0.304
466.0000      -3904.800    -3930.096       25.296   322.4      0.661      0.888     -0.162      0.401      0.243     -0.021
466.2500      -3905.675    -3930.766       25.091   319.8      1.269      0.937     -0.181     -0.160      0.061     -0.151
466.5000      -3903.291    -3929.309       26.019   331.6      0.225      0.535      0.057     -0.106      0.021     -0.095
466.7500      -3904.038    -3929.722       25.684   327.4      0.496      0.642      0.122      0.079     -0.025     -0.254
467.0000      -3905.511    -3931.479       25.969   331.0      1.181      1.218      0.697      0.080     -0.245     -0.257
467.2500      -3905.668    -3930.619       24.951   318.0      0.510      0.622     -0.353      0.076     -0.301     -0.115
467.5000      -3905.663    -3931.010       25.347   323.0      0.937      0.973      0.974      0.021     -0.142      0.020
467.7500      -3905.195    -3932.007       26.812   341.7      0.860      0.949     -0.224     -0.155      0.351      0.111
468.0000      -3905.521    -3931.343       25.822   329.1      0.669      0.910     -0.280      0.048     -0.020     -0.213
468.2500      -3905.301    -3931.060       25.759   328.3      0.579      1.096      0.188      0.383     -0.134      0.147
468.5000      -3904.865    -3930.501       25.635   326.7      0.169      0.935     -0.294      0.216     -0.385     -0.047
468.7500      -3904.996    -3930.413       25.418   324.0      0.339      0.980      0.147      0.090     -0.025     -0.066
469.0000      -3904.962    -3929.541       24.579   313.3      0.729      1.213      0.235      0.008     -0.105     -0.139
469.2500      -3902.948    -3929.178       26.230   334.3      1.089      1.031      0.332     -0.124      0.229     -0.024
469.5000      -3902.738    -3929.487       26.749   340.9      0.875      0.611      0.528      0.038      0.073     -0.084
469.7500      -3903.793    -3929.469       25.676   327.2      1.167      1.066      0.177     -0.014      0.014     -0.102
470.0000      -3903.901    -3929.780       25.879   329.8      0.398      0.670      0.171      0.115     -0.114      0.369
470.2500      -3905.035    -3931.315       26.280   334.9      0.296      0.829      0.296     -0.115     -0.182      0.114
470.5000      -3902.199    -3929.864       27.665   352.6      0.962      0.937     -0.198     -0.143     -0.006      0.173
470.7500      -3904.317    -3929.871       25.554   325.7      0.801      0.864      0.075      0.092     -0.168     -0.295
471.0000      -3904.124    -3929.872       25.748   328.2      0.862      1.280     -0.074     -0.028     -0.098     -0.006
471.2500      -3905.759    -3930.439       24.680   314.6      0.986      0.814     -0.162      0.110     -0.415     -0.234
471.5000      -3905.454    -3931.709       26.256   334.6      0.588      0.647     -0.102      0.211     -0.278      0.217
471.7500      -3904.777    -3931.061       26.284   335.0      0.337      0.556      0.544     -0.169     -0.027      0.050
472.0000      -3905.840    -3932.076       26.236   334.4      0.127      0.824      0.669      0.022     -0.225      0.016
472.2500      -3905.438    -3930.528       25.089   319.8      0.774      0.761      0.158     -0.119      0.014     -0.069
472.5000      -3906.168    -3931.922       25.754   328.2      0.737      1.441      0.757      0.267     -0.086     -0.100
472.7500      -3905.527    -3931.881       26.354   335.9      0.487      0.546     -0.317      0.033     -0.028      0.149
473.0000      -3905.176    -3930.695       25.518   325.2      0.787      0.715     -0.011     -0.132      0.189      0.315
473.2500      -3905.827    -3932.220       26.393   336.4     -0.287      0.733     -0.019      0.024      0.146      0.130
473.5000      -3907.406    -3933.249       25.842   329.4      1.332      0.737      0.683      0.021     -0.012      0.215
473.7500      -3904.882    -3931.505       26.623   339.3      0.994      0.743      0.068     -0.210     -0.249      0.155
474.0000      -3905.046    -3929.837       24.791   316.0      0.065      0.950     -0.481      0.061     -0.457      0.124
474.2500      -3905.646    -3931.989       26.342   335.7      1.097      0.554      0.336     -0.001     -0.092      0.074
474.5000      -3904.728    -3931.977       27.249   347.3      0.783      0.969      0.230      0.226     -0.032      0.222
474.7500      -3904.396    -3928.719       24.323   310.0      0.909      1.221      0.660      0.256      0.121     -0.070
475.0000      -3905.485    -3929.805       24.321   310.0      1.021      0.883      0.223      0.184      0.042      0.266
475.2500      -3904.430    -3929.445       25.015   318.8      0.256      0.966     -0.314     -0.103      0.014     -0.238
475.5000      -3904.674    -3929.410       24.736   315.3      0.552      0.827      0.281      0.154     -0.058      0.027
475.7500      -3903.810    -3930.294       26.483   337.5      0.861      0.523      0.257      0.150     -0.181      0.099
476.0000      -3904.725    -3930.196       25.472   324.6      0.718      1.252      0.326     -0.201     -0.023     -0.046
476.2500      -3905.258    -3930.387       25.129   320.3      0.383      0.818     -0.475     -0.218     -0.028      0.104
476.5000      -3904.729    -3930.583       25.854   329.5      0.518      0.804      0.640      0.011     -0.225      0.130
476.7500      -3903.380    -3929.551       26.171   333.6      1.569      1.120      0.687      0.023     -0.359      0.223
477.0000      -3904.223    -3931.455       27.231   347.1      0.465      1.118      0.110      0.243      0.047     -0.049
477.2500      -3904.730    -3929.947       25.217   321.4      0.840      1.333      0.403     -0.113      0.009     -0.206
477.5000      -3905.212    -3930.969       25.757   328.3      0.834      1.111      0.241     -0.166      0.044      0.018
477.7500      -3905.063    -3930.138       25.075   319.6      0.774      1.086      0.633     -0.073     -0.054      0.060
478.0000      -3904.894    -3930.571       25.676   327.3      0.915      0.904      0.488     -0.189     -0.043      0.024
478.2500      -3903.039    -3928.794       25.755   328.2      0.855      1.010      0.452      0.094      0.079      0.204
478.5000      -3904.190    -3931.167       26.977   343.8      0.934      0.923      0.525      0.237      0.165     -0.128
478.7500      -3903.455    -3930.149       26.693   340.2      0.758      0.991      0.552     -0.040      0.155     -0.185
479.0000      -3905.270    -3931.738       26.468   337.3      0.789      0.906      0.486     -0.371     -0.138      0.023
479.2500      -3904.798    -3930.829       26.031   331.8      0.886      0.609     -0.096     -0.163     -0.202     -0.087
479.5000      -3904.121    -3929.998       25.877   329.8      0.662      0.940      0.607      0.112     -0.196      0.214
479.7500      -3904.001    -3930.536       26.536   338.2      0.860      1.204      0.262      0.410     -0.093      0.271
480.0000      -3904.210    -3930.515       26.305   335.3      0.740      0.845      0.106      0.246      0.243     -0.099
480.2500      -3905.969    -3931.339       25.369   323.3      0.665      0.836      0.103      0.130     -0.270      0.199
480.5000      -3906.466    -3932.454       25.988   331.2      0.793      0.688      0.384     -0.229      0.171      0.151
480.7500      -3907.191    -3931.964       24.772   315.7      0.737      1.108      0.094     -0.022     -0.142      0.057
481.0000      -3905.826    -3930.629       24.803   316.1      0.525      0.582     -0.031      0.267     -0.184     -0.187
481.2500      -3905.269    -3931.677       26.407   336.6      0.602      0.776      0.778      0.193     -0.332      0.091
481.5000      -3905.128    -3930.447       25.320   322.7      0.320      1.011      0.617     -0.003     -0.031     -0.031
481.7500      -3905.011    -3931.338       26.327   335.5      0.306      0.491      0.540      0.049     -0.532      0.140
482.0000      -3904.351    -3931.207       26.856   342.3      1.087      0.697      0.177     -0.530     -0.197      0.032
482.2500      -3904.435    -3930.877       26.442   337.0      0.510      0.704      0.436     -0.072      0.106      0.108
482.5000      -3903.697    -3930.173       26.476   337.4      0.688      1.269      0.455     -0.091     -0.010      0.076
482.7500      -3904.719    -3930.164       25.444   324.3      0.573      0.734      0.120     -0.106      0.019      0.219
483.0000      -3904.570    -3931.765       27.195   346.6      0.740      0.843      0.570     -0.223      0.225     -0.097
483.2500      -3905.360    -3930.215       24.855   316.8      0.961      1.117      0.313      0.029      0.008      0.075
483.5000      -3905.451    -3931.445       25.994   331.3     -0.004      0.104     -0.344     -0.019      0.042      0.056
483.7500      -3905.865    -3932.178       26.313   335.4      1.284      1.086      0.663      0.028     -0.195      0.220
484.0000      -3905.081    -3930.435       25.354   323.1      0.595      0.848      0.109      0.266     -0.153      0.047
484.2500      -3902.594    -3930.301       27.706   353.1      0.448      0.506      0.660      0.302     -0.119      0.248
484.5000      -3904.492    -3930.432       25.940   330.6      0.425      0.345      0.056      0.322      0.094      0.068
484.7500      -3904.240    -3930.293       26.053   332.0      0.271      1.217     -0.376     -0.406      0.095      0.108
485.0000      -3904.216    -3930.261       26.044   331.9      0.659      1.228      1.034     -0.054     -0.238      0.222
485.2500      -3903.176    -3929.670       26.494   337.7      0.377      0.755     -0.191     -0.037     -0.228      0.059
485.5000      -3905.314    -3931.097       25.783   328.6      0.753      1.074      0.041      0.033      0.031      0.108
485.7500      -3905.111    -3930.955       25.844   329.4      1.165      1.181      0.883     -0.075     -0.172     -0.093
486.0000      -3904.371    -3930.297       25.926   330.4      0.744      0.975     -0.297     -0.187     -0.230      0.038
486.2500      -3906.241    -3931.742       25.500   325.0      0.695      0.949      0.382      0.049     -0.186     -0.119
486.5000      -3906.681    -3931.693       25.012   318.8      0.984      0.602      0.051     -0.160      0.230      0.053
486.7500      -3903.736    -3930.628       26.892   342.7      0.583      0.999      0.267      0.049     -0.088      0.123
487.0000      -3905.748    -3931.899       26.151   333.3      0.880      0.939      0.196     -0.060      0.007      0.081
487.2500      -3904.794    -3932.667       27.873   355.3      0.442      0.822      0.295      0.019      0.092      0.015
487.5000      -3904.844    -3930.644       25.800   328.8      0.870      0.746      0.089     -0.234     -0.108      0.158
487.7500      -3906.428    -3931.905       25.477   324.7      0.977      1.154     -0.207      0.202     -0.091     -0.255
488.0000      -3905.697    -3931.204       25.508   325.1      1.183      0.903      0.723      0.187      0.066      0.024
488.2500      -3906.125    -3931.807       25.682   327.3      0.429      0.677      0.213     -0.198      0.053     -0.039
488.5000      -3906.363    -3930.484       24.121   307.4      1.029      1.608      0.472     -0.151      0.080     -0.031
488.7500      -3905.788    -3932.412       26.624   339.3      1.223      1.260      0.052     -0.155      0.186      0.148
489.0000      -3905.183    -3929.837       24.654   314.2      1.477      1.134      1.024      0.219     -0.282     -0.055
489.2500      -3903.483    -3931.952       28.469   362.8      1.565      0.956      0.483      0.344     -0.036     -0.040
489.5000      -3904.342    -3930.007       25.666   327.1      0.716      0.372      0.384      0.004     -0.016     -0.091
489.7500      -3904.253    -3930.170       25.917   330.3      0.855      1.135      0.175      0.021      0.205      0.037
490.0000      -3905.976    -3931.645       25.669   327.2      0.453      0.621     -0.047      0.279     -0.108      0.066
490.2500      -3903.433    -3930.236       26.803   341.6      1.256      1.361      1.020      0.333     -0.036      0.131
490.5000      -3905.727    -3932.380       26.653   339.7      1.152      0.843      0.404      0.147     -0.175     -0.197
490.7500      -3904.372    -3930.820       26.448   337.1      0.381      0.918     -0.048      0.198      0.059      0.086
491.0000      -3903.659    -3930.123       26.464   337.3      1.001      0.822      1.093      0.083      0.139      0.253
491.2500      -3905.424    -3931.231       25.808   328.9      0.546      0.658     -0.381     -0.182     -0.144      0.085
491.5000      -3906.281    -3932.315       26.035   331.8      1.013      0.920      0.966     -0.269     -0.408     -0.188
491.7500      -3906.606    -3930.687       24.081   306.9      0.978      0.999     -0.099     -0.197     -0.135     -0.057
492.0000      -3904.856    -3932.369       27.513   350.7      0.500      0.450      0.377      0.155      0.216     -0.335
492.2500      -3904.992    -3931.602       26.610   339.1      1.212      1.596      1.365      0.382      0.135      0.265
492.5000      -3905.081    -3929.935       24.853   316.8      0.631      1.057      0.002     -0.169      0.150      0.124
492.7500      -3903.782    -3930.490       26.708   340.4      0.683      1.230      0.390     -0.027     -0.367      0.269
493.0000      -3903.990    -3931.342       27.352   348.6      0.559      1.148      0.525     -0.118     -0.440     -0.009
493.2500      -3904.163    -3932.452       28.289   360.5      0.340      0.512      0.164      0.094     -0.155     -0.092
493.5000      -3904.520    -3931.516       26.996   344.1      0.548      0.734      0.612     -0.010      0.304     -0.141
493.7500      -3905.423    -3931.221       25.798   328.8      0.576      1.324      0.503     -0.129      0.260      0.021
494.0000      -3904.588    -3930.912       26.324   335.5      0.422      0.706      0.284      0.217     -0.312      0.180
494.2500      -3905.180    -3931.243       26.063   332.2      0.694      0.860      0.095     -0.178     -0.414     -0.151
494.5000      -3905.852    -3931.718       25.866   329.7      0.814      0.786     -0.174      0.224     -0.221      0.019
494.7500      -3903.640    -3929.708       26.068   332.2      0.913      0.671     -0.105      0.163     -0.039      0.272
495.0000      -3903.145    -3930.016       26.870   342.5      1.095      1.300      0.283     -0.043     -0.160     -0.114
495.2500      -3902.837    -3929.502       26.664   339.8      0.548      0.833      0.353      0.318      0.059     -0.044
495.5000      -3902.383    -3929.953       27.570   351.4      0.537      0.194      0.337     -0.032      0.066      0.105
495.7500      -3903.513    -3928.925       25.412   323.9      0.563      0.344      0.308     -0.063     -0.068      0.175
496.0000      -3903.689    -3930.291       26.602   339.1      1.343      1.163      0.356     -0.166     -0.152      0.075
496.2500      -3902.918    -3929.609       26.690   340.2      0.542      0.826      0.475      0.070      0.227     -0.117
496.5000      -3904.179    -3931.595       27.417   349.4      1.393      1.147      0.598     -0.131     -0.029      0.034
496.7500      -3905.471    -3932.089       26.618   339.3      0.702      1.071      0.450     -0.131      0.097     -0.027
497.0000      -3904.848    -3931.713       26.865   342.4      0.756      0.576     -0.204     -0.156     -0.055     -0.233
497.2500      -3905.347    -3931.893       26.545   338.3      0.314      1.230      0.505     -0.100      0.043     -0.314
497.5000      -3903.665    -3930.358       26.692   340.2      0.808      1.124      0.494      0.023     -0.156      0.197
497.7500      -3904.559    -3931.163       26.604   339.1      0.514      0.687     -0.292      0.165     -0.233      0.031
498.0000      -3906.100    -3931.600       25.500   325.0      0.446      0.836     -0.067      0.198     -0.170      0.118
498.2500      -3906.062    -3931.671       25.609   326.4      0.710      1.082      0.189     -0.056      0.102     -0.025
498.5000      -3906.734    -3931.423       24.690   314.7      0.636      0.721      0.500     -0.114      0.048      0.001
498.7500      -3907.154    -3932.859       25.705   327.6      0.771      1.037     -0.164     -0.043     -0.078      0.144
499.0000      -3905.596    -3930.730       25.134   320.3      0.811      0.975      0.482      0.281     -0.155      0.253
499.2500      -3905.838    -3931.625       25.787   328.7      0.418      1.244     -0.089     -0.074     -0.091     -0.228
499.5000      -3905.463    -3930.335       24.872   317.0      0.739      1.026      0.146      0.111      0.251     -0.028
499.7500      -3904.770    -3929.916       25.146   320.5      0.944      0.904      0.164      0.228     -0.093      0.271
500.0000      -3904.462    -3930.801       26.338   335.7      0.892      1.106     -0.017      0.285      0.377      0.347
500.2500      -3906.394    -3931.148       24.754   315.5      0.885      1.462      1.248      0.161     -0.368      0.288
500.5000      -3903.842    -3929.893       26.051   332.0      0.331      0.875      0.397     -0.034      0.199      0.035
500.7500      -3904.092    -3930.886       26.795   341.5      0.496      0.519      0.542     -0.098     -0.276      0.109
501.0000      -3905.361    -3931.412       26.051   332.0      1.107      0.154      0.275     -0.513     -0.144     -0.073
501.2500      -3903.164    -3929.565       26.400   336.5      0.751      1.033      0.022      0.098      0.029     -0.283
501.5000      -3901.855    -3929.822       27.968   356.5      0.614      0.988     -0.011      0.075      0.230     -0.151
501.7500      -3903.436    -3931.326       27.890   355.5      1.205      0.873      0.528      0.009      0.319      0.262
502.0000      -3903.261    -3929.289       26.028   331.7      0.446      1.070      0.106     -0.196     -0.111     -0.185
502.2500      -3902.848    -3929.487       26.639   339.5      0.650      0.963      0.764     -0.028     -0.070      0.073
502.5000      -3900.773    -3928.149       27.376   348.9      1.062      0.528      1.095     -0.270     -0.465      0.110
502.7500      -3902.854    -3929.508       26.654   339.7      0.724      0.774      0.215      0.110     -0.219      0.227
503.0000      -3903.509    -3930.449       26.940   343.4      0.714      0.720      0.283      0.320     -0.120      0.065
503.2500      -3903.234    -3929.828       26.593   338.9      1.079      1.290      0.450      0.171     -0.006     -0.109
503.5000      -3903.029    -3930.092       27.063   344.9      1.015      0.568      0.123     -0.258     -0.018      0.031
503.7500      -3904.874    -3929.793       24.919   317.6      1.185      0.965      0.811     -0.126     -0.047      0.058
504.0000      -3905.314    -3930.480       25.166   320.8      0.904      0.889      0.326      0.065      0.061      0.358
504.2500      -3903.730    -3929.526       25.797   328.8      0.945      0.982      0.249      0.142      0.059     -0.121
504.5000      -3904.448    -3931.302       26.855   342.3      0.656      0.742      0.721      0.161      0.054      0.033
504.7500      -3905.328    -3931.037       25.709   327.7      0.628      0.656     -0.086     -0.146      0.038     -0.089
505.0000      -3905.176    -3931.060       25.884   329.9      0.544      0.520      0.148     -0.087      0.062     -0.104
505.2500      -3905.616    -3930.527       24.910   317.5      0.467      0.787     -0.107      0.269     -0.061      0.116
505.5000      -3906.520    -3932.415       25.895   330.0      0.772      1.026      0.500      0.192      0.040     -0.019
505.7500      -3905.280    -3930.285       25.005   318.7      0.694      0.530     -0.157      0.289      0.331      0.206
506.0000      -3905.849    -3931.942       26.093   332.6      1.096      0.683      0.435      0.125      0.341      0.076
506.2500      -3904.626    -3930.997       26.370   336.1      0.621      0.909      0.335      0.221      0.112     -0.184
506.5000      -3906.120    -3930.391       24.272   309.3      0.794      0.592      0.222      0.034     -0.143      0.084
506.7500      -3904.957    -3930.883       25.926   330.4      0.795      0.431     -0.205     -0.143     -0.251     -0.318
507.0000      -3904.716    -3930.401       25.684   327.4      0.451      0.444      0.480      0.162      0.365      0.149
507.2500      -3903.791    -3930.696       26.905   342.9      0.733      0.963      0.629      0.140      0.401     -0.155
507.5000      -3903.557    -3929.191       25.634   326.7      0.486      1.134      0.215      0.147      0.143     -0.167
507.7500      -3904.813    -3931.626       26.813   341.7      1.213      0.998      0.033      0.042     -0.184     -0.277
508.0000      -3904.249    -3930.250       26.001   331.4      0.557      1.131      0.593     -0.317     -0.070      0.172
508.2500      -3904.657    -3930.628       25.971   331.0      0.767      1.231      0.016     -0.033      0.126     -0.121
508.5000      -3904.352    -3930.087       25.735   328.0      0.703      0.664      0.605      0.126      0.131      0.028
508.7500      -3905.273    -3930.726       25.454   324.4      0.909      1.069      0.773     -0.079      0.258      0.096
509.0000      -3904.360    -3931.550       27.190   346.5      1.136      0.967      0.674      0.071      0.123     -0.163
509.2500      -3904.065    -3930.523       26.458   337.2      0.498      0.292      0.139      0.235      0.063      0.006
509.5000      -3903.555    -3929.860       26.305   335.3      0.492      0.964      0.281      0.276     -0.315     -0.057
509.7500      -3904.924    -3930.532       25.608   326.4      0.527      0.571      0.122     -0.034      0.113     -0.143
510.0000      -3904.172    -3932.223       28.051   357.5      0.561      1.165      0.119     -0.110     -0.005     -0.001
510.2500      -3904.321    -3930.746       26.425   336.8      1.014      1.088      0.394      0.131      0.241      0.126
510.5000      -3904.644    -3929.261       24.617   313.7      0.164      0.415     -0.050     -0.075     -0.097      0.037
510.7500      -3905.017    -3930.704       25.687   327.4      1.202      1.407      0.477      0.238     -0.121      0.400
511.0000      -3906.388    -3932.118       25.731   327.9      1.029      0.968      1.031     -0.102     -0.267      0.086
511.2500      -3905.138    -3930.424       25.286   322.3      0.880      0.899      0.416      0.103      0.128     -0.022
511.5000      -3903.137    -3929.029       25.892   330.0      0.966      1.352      0.675     -0.121     -0.062      0.163
511.7500      -3904.112    -3930.522       26.410   336.6      0.461      0.749     -0.442     -0.073     -0.036      0.211
512.0000      -3903.913    -3932.001       28.088   358.0      0.621      1.073      0.371     -0.219     -0.146      0.024
512.2500      -3904.858    -3930.919       26.061   332.2      0.819      1.235      0.840      0.325     -0.205      0.124
512.5000      -3904.350    -3930.863       26.513   337.9      1.195      1.110      0.676      0.307     -0.033     -0.143
512.7500      -3905.706    -3931.592       25.885   329.9      0.883      0.967      0.338      0.235      0.055     -0.134
513.0000      -3904.411    -3929.997       25.586   326.1      0.164      1.051     -0.282     -0.300      0.034     -0.215
513.2500      -3904.571    -3930.963       26.392   336.4      0.426      0.548      0.555     -0.147      0.033      0.085
513.5000      -3905.677    -3931.504       25.827   329.2      0.985      0.873      0.148     -0.092      0.333      0.186
513.7500      -3906.258    -3933.087       26.829   341.9      0.510      0.668      0.335      0.123      0.511      0.092
514.0000      -3905.477    -3931.068       25.591   326.2      0.905      1.634      0.845     -0.130      0.186      0.028
514.2500      -3906.811    -3932.671       25.860   329.6      0.467      0.953      0.324     -0.107     -0.197     -0.090
514.5000      -3904.689    -3929.464       24.774   315.8      0.438      1.245      0.538     -0.180      0.108      0.116
514.7500      -3905.024    -3930.436       25.412   323.9      1.190      1.041      0.400      0.546     -0.171     -0.124
515.0000      -3904.210    -3929.183       24.974   318.3      0.385      0.801      0.246      0.197     -0.342     -0.064
515.2500      -3902.905    -3929.808       26.902   342.9      0.455      0.764      0.625      0.205     -0.316     -0.000
515.5000      -3906.044    -3931.831       25.787   328.7      0.969      0.787      0.132     -0.086     -0.018      0.205
515.7500      -3905.017    -3930.711       25.694   327.5      0.644      0.800     -0.222     -0.151     -0.316     -0.170
516.0000      -3904.555    -3930.694       26.139   333.1      1.111      1.090      0.480     -0.145     -0.006     -0.383
516.2500      -3905.549    -3930.759       25.209   321.3      0.489      0.849      0.009     -0.031      0.316      0.063
516.5000      -3907.260    -3932.251       24.991   318.5      0.688      1.305      0.500      0.108      0.394      0.036
516.7500      -3907.454    -3931.592       24.138   307.6      0.850      0.612      0.836      0.119      0.101     -0.209
517.0000      -3905.900    -3931.993       26.093   332.6      0.637      0.922      0.340      0.147      0.046     -0.280
517.2500      -3905.742    -3931.330       25.587   326.1      0.581      1.215      0.025      0.187     -0.206      0.082
517.5000      -3906.324    -3931.608       25.283   322.2      0.977      0.733      0.713     -0.219     -0.104      0.026
517.7500      -3904.779    -3930.275       25.496   324.9      0.434      1.346     -0.108     -0.055     -0.405      0.088
518.0000      -3904.675    -3930.780       26.105   332.7      0.747      1.030      0.236     -0.119     -0.094      0.150
518.2500      -3906.575    -3932.110       25.534   325.4      0.735      0.786      0.060      0.139     -0.149      0.117
518.5000      -3904.549    -3930.547       25.998   331.3      0.584      0.918      0.488      0.194      0.079     -0.069
518.7500      -3907.122    -3931.450       24.328   310.1      0.739      0.746      0.538      0.105     -0.531      0.111
519.0000      -3906.788    -3931.391       24.603   313.6      0.839      1.541      0.465     -0.113      0.231      0.023
519.2500      -3907.075    -3932.668       25.593   326.2      1.108      0.936      0.738     -0.239     -0.302     -0.028
519.5000      -3908.330    -3932.485       24.155   307.9      0.697      0.717      0.496      0.209      0.001      0.101
519.7500      -3908.307    -3933.615       25.309   322.6      0.773      1.128      0.823     -0.125     -0.189     -0.024
520.0000      -3907.063    -3932.688       25.624   326.6      0.455      0.908     -0.326     -0.061     -0.056      0.012
520.2500      -3907.423    -3932.208       24.785   315.9      0.611      0.736      0.356      0.264     -0.065     -0.036
520.5000      -3906.207    -3931.271       25.063   319.4      0.958      0.974      0.456      0.386     -0.542      0.024
520.7500      -3904.272    -3930.447       26.176   333.6      0.742      1.081     -0.031     -0.224     -0.261     -0.041
521.0000      -3904.216    -3930.245       26.029   331.7      1.127      0.883      1.107     -0.029     -0.071     -0.084
521.2500      -3904.761    -3930.947       26.186   333.8      0.867      1.216     -0.071     -0.250      0.208      0.392
521.5000      -3905.447    -3931.512       26.066   332.2      0.699      0.942      0.665      0.350      0.187     -0.003
521.7500      -3906.346    -3933.509       27.163   346.2      1.049      1.024      1.027      0.043     -0.036     -0.007
522.0000      -3908.548    -3933.153       24.606   313.6      0.225      0.807     -0.044     -0.113      0.192     -0.009
522.2500      -3908.191    -3933.231       25.040   319.1      1.244      1.208      0.627     -0.073     -0.158     -0.065
522.5000      -3906.707    -3931.984       25.277   322.2      1.208      0.797      0.504     -0.252      0.020     -0.102
522.7500      -3905.405    -3930.936       25.531   325.4      0.484      0.946      0.731     -0.314     -0.249      0.085
523.0000      -3905.601    -3931.720       26.119   332.9      0.792      1.549      0.520     -0.150     -0.313     -0.006
523.2500      -3903.309    -3929.688       26.380   336.2      0.751      1.037      0.687      0.187     -0.171     -0.121
523.5000      -3904.105    -3930.867       26.762   341.1      0.657      0.628      0.396     -0.203     -0.279      0.062
523.7500      -3906.646    -3931.736       25.090   319.8      0.361      0.491      0.302     -0.262     -0.266      0.066
524.0000      -3906.914    -3933.008       26.094   332.6      0.987      1.177      0.447     -0.302     -0.079     -0.130
524.2500      -3906.153    -3932.035       25.882   329.9      0.076      0.290      0.265      0.093     -0.119     -0.071
524.5000      -3906.284    -3932.314       26.031   331.8      0.753      0.656      0.656     -0.082     -0.230     -0.048
524.7500      -3906.732    -3932.094       25.362   323.2      1.016      0.629      0.317      0.042     -0.010      0.039
525.0000      -3906.105    -3932.102       25.998   331.3      0.901      0.944      0.485     -0.254      0.142     -0.079
525.2500      -3904.867    -3930.821       25.954   330.8      0.551      1.076     -0.063     -0.105     -0.002     -0.045
525.5000      -3904.480    -3930.148       25.668   327.1      0.656      0.942      0.145     -0.144      0.134      0.053
525.7500      -3904.509    -3929.974       25.465   324.6      0.372      0.826      0.586     -0.270      0.052     -0.047
526.0000      -3902.810    -3929.107       26.297   335.2      0.116      1.020     -0.163      0.402     -0.280      0.161
526.2500      -3905.570    -3930.946       25.376   323.4      1.295      1.154      0.817      0.169     -0.286     -0.010
526.5000      -3905.885    -3930.281       24.396   310.9      1.138      1.112      0.496     -0.077     -0.333     -0.091
526.7500      -3905.866    -3931.426       25.561   325.8      0.922      1.346      0.615      0.053      0.051     -0.205
527.0000      -3903.069    -3930.629       27.560   351.3      0.639      0.860      0.201     -0.192     -0.069     -0.005
527.2500      -3901.071    -3928.853       27.782   354.1      0.289      1.089      0.773     -0.483      0.202      0.171
527.5000      -3901.881    -3930.200       28.319   360.9      0.809      0.256      0.364     -0.297     -0.097      0.281
527.7500      -3904.663    -3929.329       24.666   314.4      0.370      1.087     -0.228      0.108      0.075      0.084
528.0000      -3905.058    -3930.345       25.287   322.3      0.928      0.867      0.480      0.281      0.233     -0.335
528.2500      -3904.090    -3930.713       26.623   339.3      0.777      0.997     -0.136      0.445      0.117     -0.251
528.5000      -3903.976    -3930.693       26.716   340.5      0.795      0.593      0.063     -0.050      0.159      0.019
528.7500      -3906.008    -3930.202       24.194   308.4      0.139      0.587      0.762      0.095     -0.022     -0.051
529.0000      -3905.783    -3931.988       26.205   334.0      0.593      0.916      0.596     -0.165     -0.168      0.027
529.2500      -3905.801    -3930.848       25.047   319.2      0.977      1.361      0.633      0.138     -0.235     -0.025
529.5000      -3904.606    -3930.381       25.775   328.5      0.866      0.803      0.453     -0.141     -0.042      0.160
529.7500      -3905.667    -3931.429       25.762   328.3      0.654      0.842     -0.012      0.031     -0.023     -0.118
530.0000      -3904.732    -3930.326       25.594   326.2      1.014      1.103      0.870      0.230      0.382      0.068
530.2500      -3904.735    -3931.058       26.322   335.5      0.905      0.553      0.248     -0.095      0.265     -0.078
530.5000      -3904.268    -3930.611       26.343   335.7      0.831      1.513      0.198     -0.087     -0.413      0.113
530.7500      -3904.361    -3929.133       24.772   315.7      0.453      0.717      0.236      0.112     -0.208     -0.230
531.0000      -3904.912    -3929.687       24.774   315.8      0.735      0.924      0.430      0.047      0.092     -0.023
531.2500      -3903.905    -3930.725       26.819   341.8      0.961      1.214      0.480     -0.014      0.140     -0.132
531.5000      -3904.169    -3930.121       25.952   330.8      0.713      0.667      0.354      0.338      0.042     -0.071
531.7500      -3903.800    -3929.742       25.942   330.6      0.948      0.545      0.133      0.333     -0.034     -0.109
532.0000      -3904.848    -3930.284       25.436   324.2      0.324      0.659      0.082     -0.228      0.141     -0.014
532.2500      -3905.207    -3930.428       25.221   321.4      0.780      1.402      0.893      0.203      0.080      0.180
532.5000      -3903.158    -3929.315       26.157   333.4      0.847      0.766     -0.275     -0.227      0.276     -0.089
532.7500      -3901.831    -3926.947       25.115   320.1      0.469      0.866      0.189      0.373      0.332     -0.093
533.0000      -3903.450    -3929.221       25.771   328.5      1.051      0.734      0.789     -0.058      0.006     -0.012
533.2500      -3904.155    -3930.349       26.194   333.9      0.957      1.090      0.213     -0.157     -0.317     -0.054
533.5000      -3904.974    -3929.706       24.732   315.2      1.056      0.426      0.029     -0.245      0.085     -0.270
533.7500      -3905.121    -3930.724       25.603   326.3      0.193      0.708      0.253      0.070     -0.208     -0.089
534.0000      -3903.133    -3930.500       27.367   348.8      0.957      1.028      0.416      0.009     -0.243     -0.037
534.2500      -3904.533    -3930.847       26.313   335.4      0.358      0.411      0.024      0.020      0.043     -0.170
534.5000      -3904.856    -3931.352       26.496   337.7      0.370      0.725     -0.033     -0.051     -0.322     -0.101
534.7500      -3904.841    -3930.631       25.790   328.7      0.761      0.880      0.673     -0.177     -0.181      0.261
535.0000      -3904.737    -3931.423       26.686   340.1      0.510      0.873      0.720      0.126      0.405      0.032
535.2500      -3905.268    -3931.512       26.245   334.5      0.492      0.664      0.196      0.130      0.002      0.055
535.5000      -3903.456    -3930.222       26.766   341.1      0.908      0.447      0.256      0.130      0.073      0.158
535.7500      -3902.982    -3929.507       26.525   338.1      0.448      1.236      0.049     -0.002      0.229     -0.084
536.0000      -3903.913    -3930.227       26.313   335.4      0.700      1.198      0.222      0.293     -0.319     -0.033
536.2500      -3904.567    -3932.664       28.097   358.1      0.860      1.131      0.308      0.165      0.159      0.081
536.5000      -3904.558    -3930.964       26.405   336.5      0.772      0.704      0.261      0.196     -0.327      0.217
536.7500      -3904.621    -3931.211       26.591   338.9      0.688      1.132      0.137     -0.062     -0.075      0.067
537.0000      -3905.901    -3931.346       25.445   324.3      0.413      0.727      0.070     -0.220      0.160      0.108
537.2500      -3906.284    -3931.321       25.037   319.1      0.235      0.696     -0.307     -0.062      0.086      0.096
537.5000      -3906.241    -3932.562       26.321   335.5      0.802      0.751      0.701     -0.217      0.487      0.163
537.7500      -3906.146    -3931.950       25.804   328.9      0.409      1.169      0.332     -0.071      0.764     -0.063
538.0000      -3906.387    -3930.670       24.282   309.5      0.720      0.880      0.438     -0.135      0.146     -0.028
538.2500      -3905.817    -3931.167       25.350   323.1      0.399      0.867      0.787     -0.204      0.034     -0.043
538.5000      -3906.439    -3930.461       24.022   306.2      0.995      0.883      0.667     -0.039     -0.107      0.106
538.7500      -3904.917    -3929.854       24.936   317.8      0.562      0.473      0.375      0.119     -0.163     -0.257
539.0000      -3903.624    -3929.894       26.270   334.8      1.080      1.614      0.695     -0.072     -0.040     -0.085
539.2500      -3903.062    -3930.178       27.116   345.6      0.740      1.100      0.579      0.089      0.158     -0.000
539.5000      -3904.158    -3929.094       24.936   317.8      1.053      0.910      0.222      0.174      0.302     -0.042
539.7500      -3905.552    -3930.912       25.361   323.2      0.916      0.934      0.463      0.161      0.511      0.114
540.0000      -3904.701    -3930.226       25.524   325.3      0.736      0.715     -0.015      0.429      0.217     -0.231
540.2500      -3903.695    -3930.512       26.817   341.8      0.702      1.493      0.587      0.242      0.179     -0.096
540.5000      -3904.750    -3930.509       25.758   328.3      0.837      1.062      0.348     -0.233      0.099      0.001
540.7500      -3905.646    -3929.979       24.333   310.1      0.991      1.218      0.475      0.009     -0.125      0.164
541.0000      -3906.444    -3930.837       24.393   310.9      0.625      0.900      0.366      0.099     -0.016      0.018
541.2500      -3904.669    -3930.480       25.811   329.0      0.547      0.383      0.260     -0.128      0.114     -0.001
541.5000      -3905.023    -3931.806       26.783   341.4      0.824      0.926      0.425      0.186      0.069     -0.013
541.7500      -3903.877    -3930.420       26.543   338.3      0.886      1.148      0.282      0.058     -0.285      0.143
542.0000      -3905.005    -3930.465       25.460   324.5      0.931      1.091      0.449     -0.228      0.058     -0.099
542.2500      -3904.344    -3930.434       26.090   332.5      0.604      0.433      0.228      0.037      0.311     -0.218
542.5000      -3905.668    -3930.487       24.819   316.3      0.220      0.652     -0.430     -0.382     -0.085     -0.100
542.7500      -3905.291    -3931.061       25.770   328.4      0.552      1.252      0.290      0.045      0.037      0.179
543.0000      -3905.899    -3930.320       24.420   311.2      0.724      0.607      0.483      0.311      0.372     -0.059
543.2500      -3903.968    -3929.340       25.372   323.4      0.823      0.454      0.351      0.032      0.397     -0.051
543.5000      -3903.942    -3930.351       26.409   336.6      0.577      0.804     -0.067     -0.179      0.084     -0.075
543.7500      -3905.533    -3930.894       25.361   323.2      0.906      0.793     -0.069     -0.189      0.043      0.022
544.0000      -3906.073    -3931.627       25.554   325.7      0.812      1.153      0.399     -0.181     -0.228      0.333
544.2500      -3906.558    -3932.086       25.528   325.4      1.018      0.341      0.016      0.250      0.231     -0.061
544.5000      -3905.432    -3930.490       25.058   319.4      0.452      0.755     -0.044     -0.039      0.206     -0.078
544.7500      -3904.582    -3930.403       25.821   329.1      0.771      0.953      0.513      0.161      0.253     -0.207
545.0000      -3906.010    -3931.251       25.241   321.7      0.491      0.487      0.490     -0.069     -0.226      0.173
545.2500      -3905.184    -3931.057       25.873   329.8      0.607      1.125      0.337     -0.386     -0.245      0.230
545.5000      -3904.508    -3929.300       24.792   316.0      0.776      0.628      0.525      0.201     -0.130     -0.054
545.7500      -3903.316    -3929.487       26.171   333.6      0.793      0.756      0.226      0.302     -0.054     -0.263
546.0000      -3904.408    -3930.036       25.628   326.6      0.398      0.984      0.426      0.320      0.069     -0.179
546.2500      -3905.514    -3930.794       25.280   322.2      0.709      0.623      0.037     -0.276     -0.081     -0.056
546.5000      -3906.894    -3931.410       24.516   312.5      0.634      0.730      0.457     -0.227      0.034      0.208
546.7500      -3906.987    -3932.197       25.210   321.3      0.445      0.806      0.184     -0.141      0.291     -0.110
547.0000      -3904.734    -3930.749       26.015   331.6      0.759      0.146     -0.257      0.287      0.100     -0.142
547.2500      -3904.731    -3931.419       26.689   340.2      0.640      1.231      0.847     -0.004     -0.033      0.121
547.5000      -3905.809    -3929.957       24.148   307.8      0.659      0.908     -0.067      0.043     -0.061     -0.087
547.7500      -3905.176    -3929.774       24.598   313.5      0.763      0.758      0.167     -0.219     -0.140      0.055
548.0000      -3902.757    -3929.583       26.827   341.9      0.457      0.480     -0.199     -0.407      0.060     -0.112
548.2500      -3902.232    -3927.441       25.210   321.3      0.582      0.595     -0.309     -0.161      0.094      0.279
548.5000      -3903.239    -3929.247       26.007   331.5      0.611      0.946      0.370      0.258      0.129     -0.138
548.7500      -3903.862    -3930.693       26.831   342.0      0.432      1.217      0.145      0.087      0.301      0.021
549.0000      -3902.883    -3928.854       25.971   331.0      0.943      0.656      0.171      0.011      0.109      0.104
549.2500      -3903.479    -3928.654       25.175   320.9      0.551      0.764     -0.167      0.179      0.305     -0.082
549.5000      -3903.594    -3929.876       26.282   335.0      0.986      1.122      0.623      0.046      0.149     -0.188
549.7500      -3903.946    -3929.527       25.581   326.0      0.116      0.698      0.202      0.142     -0.408     -0.075
550.0000      -3905.980    -3931.910       25.929   330.5      0.369      0.432      0.850     -0.320     -0.118     -0.148
550.2500      -3904.622    -3930.248       25.626   326.6      1.120      1.167      0.195     -0.473      0.000     -0.028
550.5000      -3905.733    -3931.265       25.532   325.4      0.848      1.270      0.754     -0.255     -0.089     -0.219
550.7500      -3904.869    -3930.260       25.391   323.6      0.809      0.790      0.624     -0.041     -0.092      0.179
551.0000      -3904.029    -3930.868       26.839   342.1      1.067      0.835      0.238      0.019     -0.177      0.204
551.2500      -3903.051    -3929.326       26.276   334.9      0.838      0.494      0.529     -0.063      0.053      0.071
551.5000      -3902.184    -3929.036       26.853   342.2      0.844      1.059      0.503      0.036     -0.041     -0.223
551.7500      -3902.746    -3929.001       26.255   334.6      0.949      0.629     -0.077      0.045      0.085     -0.239
552.0000      -3902.264    -3929.806       27.541   351.0      0.969      0.642      0.663      0.034     -0.276     -0.146
552.2500      -3902.405    -3928.325       25.920   330.4      0.876      1.152     -0.297     -0.155      0.165     -0.001
552.5000      -3901.905    -3928.511       26.606   339.1      0.802      0.286      0.584     -0.068      0.204      0.096
552.7500      -3901.091    -3929.209       28.117   358.4      1.089      0.872      0.529     -0.146      0.114     -0.125
553.0000      -3902.268    -3929.211       26.942   343.4      0.445      0.782      0.253      0.217     -0.325      0.074
553.2500      -3902.380    -3927.452       25.072   319.5      1.122      0.658      0.933      0.060     -0.162      0.088
553.5000      -3902.846    -3928.770       25.925   330.4      1.042      0.417      0.069      0.079      0.054      0.232
553.7500      -3904.035    -3929.698       25.664   327.1      0.908      0.534      0.488     -0.157      0.092      0.068
554.0000      -3904.414    -3931.225       26.810   341.7      0.427      1.048     -0.082     -0.267      0.302     -0.177
554.2500      -3905.528    -3930.553       25.026   319.0      1.074      0.798      0.331     -0.256     -0.111     -0.088
554.5000      -3906.748    -3932.080       25.332   322.9      0.880      1.321      0.298     -0.264      0.075      0.144
554.7500      -3905.465    -3931.042       25.577   326.0      0.551      0.435      0.255     -0.001      0.044      0.176
555.0000      -3904.947    -3931.272       26.325   335.5      0.707      1.059      0.348      0.068     -0.231      0.158
555.2500      -3902.558    -3929.646       27.089   345.3      0.866      0.551     -0.127     -0.153      0.026     -0.116
555.5000      -3903.228    -3929.722       26.494   337.7      0.776      1.083      0.509      0.316     -0.351     -0.068
555.7500      -3901.247    -3927.354       26.106   332.7      1.134      0.649      0.013      0.102     -0.026     -0.113
556.0000      -3901.725    -3927.667       25.942   330.6      0.887      0.718      0.230     -0.184     -0.159      0.031
556.2500      -3901.673    -3928.154       26.482   337.5      0.629      0.731      0.347     -0.141     -0.080     -0.212
556.5000      -3900.303    -3926.306       26.004   331.4      0.442      1.092      0.264      0.232     -0.030      0.097
556.7500      -3899.495    -3926.652       27.156   346.1      0.938      1.026      0.344      0.214     -0.005      0.026
557.0000      -3901.048    -3926.318       25.269   322.1      1.091      0.874      0.604      0.017     -0.179     -0.066
557.2500      -3901.625    -3928.604       26.979   343.9      0.597      0.431      0.162     -0.031      0.076     -0.177
557.5000      -3901.675    -3927.988       26.313   335.4      0.724      0.589      0.197     -0.368     -0.148      0.054
557.7500      -3904.079    -3930.209       26.130   333.0      0.953      0.919      0.285     -0.456     -0.228     -0.014
558.0000      -3903.144    -3928.988       25.845   329.4      1.011      1.095      0.798     -0.245     -0.105     -0.044
558.2500      -3902.915    -3928.030       25.115   320.1      0.390      1.063      0.173      0.341      0.049     -0.229
558.5000      -3902.900    -3929.106       26.206   334.0      0.843      0.684      0.608      0.084     -0.029     -0.003
558.7500      -3903.035    -3928.669       25.634   326.7      0.577      0.760     -0.272     -0.086      0.219      0.116
559.0000      -3900.987    -3927.361       26.374   336.1      1.262      1.294      0.164     -0.430     -0.203     -0.144
559.2500      -3899.615    -3926.940       27.325   348.3      0.351      1.042      0.137     -0.234      0.091      0.145
559.5000      -3900.480    -3926.999       26.519   338.0      0.850      1.109      0.014      0.304     -0.113     -0.375
559.7500      -3902.122    -3928.334       26.212   334.1      1.300      0.928      0.228     -0.044     -0.067     -0.107
560.0000      -3904.707    -3930.525       25.819   329.1      0.411      0.691      0.182      0.450     -0.319      0.088
560.2500      -3904.369    -3929.790       25.422   324.0      0.438      0.406      0.330      0.130     -0.304      0.259
560.5000      -3902.904    -3928.238       25.334   322.9      0.988      0.790      0.243     -0.102     -0.368      0.050
560.7500      -3903.997    -3929.509       25.512   325.2      0.609      0.867      0.769     -0.003     -0.077      0.011
561.0000      -3905.720    -3929.714       23.994   305.8      0.912      0.014      0.391      0.170     -0.210      0.195
561.2500      -3905.478    -3930.500       25.022   318.9      1.043      0.868      0.363      0.245     -0.107      0.273
561.5000      -3904.446    -3929.989       25.543   325.6      0.288      0.228     -0.405      0.210     -0.067     -0.163
561.7500      -3902.768    -3928.557       25.789   328.7      0.497      0.687      0.090      0.015     -0.175      0.162
562.0000      -3904.109    -3929.683       25.574   325.9      0.843      0.677     -0.060     -0.244      0.184      0.014
562.2500      -3904.630    -3930.570       25.941   330.6      0.839      0.956      0.629      0.051     -0.060     -0.030
562.5000      -3904.764    -3930.923       26.159   333.4      0.844      0.742      0.627      0.281     -0.202      0.296
562.7500      -3904.139    -3930.573       26.434   336.9      0.949      0.890      0.531      0.296     -0.038     -0.252
563.0000      -3904.784    -3929.340       24.556   313.0      0.613      0.963      0.005      0.298      0.007      0.123
563.2500      -3904.605    -3930.876       26.270   334.8      0.770      0.868      0.166     -0.154      0.056      0.129
563.5000      -3905.511    -3931.209       25.698   327.5      0.595      0.757      0.075     -0.187     -0.232      0.041
563.7500      -3904.945    -3930.253       25.308   322.6      1.561      0.617      0.377     -0.257     -0.299     -0.250
564.0000      -3905.476    -3931.463       25.987   331.2      1.029      1.003      0.559      0.229      0.175     -0.269
564.2500      -3906.227    -3930.951       24.724   315.1      0.295      0.800     -0.243     -0.208     -0.307      0.029
564.5000      -3905.677    -3931.676       25.999   331.4      0.717      0.555      0.444      0.175     -0.083      0.075
564.7500      -3904.953    -3930.839       25.886   329.9      0.666      0.715     -0.181      0.177      0.092     -0.056
565.0000      -3906.199    -3932.068       25.869   329.7      0.915      0.821      0.349     -0.064     -0.092     -0.130
565.2500      -3906.480    -3932.321       25.842   329.4      0.591      0.751      0.283      0.005     -0.300     -0.067
565.5000      -3907.012    -3932.011       24.999   318.6      0.831      0.741      0.263      0.095     -0.040      0.092
565.7500      -3906.882    -3932.205       25.323   322.8      1.025      0.675     -0.044      0.290      0.244     -0.129
566.0000      -3904.200    -3929.592       25.392   323.6      1.147      0.559     -0.067      0.023      0.040     -0.107
566.2500      -3901.988    -3929.100       27.112   345.5      0.892      0.938      0.082     -0.121      0.154     -0.012
566.5000      -3905.185    -3931.183       25.997   331.3      0.672      1.119     -0.202     -0.156      0.209      0.159
566.7500      -3906.734    -3931.623       24.889   317.2      0.615      0.937      0.833      0.152     -0.409      0.103
567.0000      -3905.816    -3931.479       25.663   327.1      0.934      0.767      0.745     -0.018     -0.316     -0.188
567.2500      -3904.990    -3929.835       24.844   316.6      0.294      0.649      0.201     -0.076     -0.072      0.163
567.5000      -3905.784    -3931.026       25.242   321.7      0.958      0.752      0.352     -0.107     -0.144     -0.067
567.7500      -3905.107    -3929.552       24.444   311.5      0.958      0.893      0.340     -0.063      0.043     -0.163
568.0000      -3905.616    -3930.249       24.633   314.0      0.670      0.727      0.153      0.205      0.057     -0.234
568.2500      -3905.980    -3931.918       25.938   330.6      1.063      0.672      0.500      0.068     -0.467      0.047
568.5000      -3907.244    -3931.277       24.033   306.3      0.734      0.665      0.330      0.081     -0.097     -0.013
568.7500      -3906.766    -3932.643       25.877   329.8      0.246      0.488     -0.206     -0.129     -0.356      0.108
569.0000      -3908.137    -3931.979       23.842   303.9      1.301      0.774      0.784     -0.149      0.437      0.008
569.2500      -3907.164    -3932.725       25.561   325.8      1.007      1.209      0.200     -0.094      0.065     -0.148
569.5000      -3906.953    -3932.333       25.381   323.5      0.898      0.917      0.034      0.040      0.075      0.018
569.7500      -3906.376    -3933.034       26.658   339.8      0.572      1.169      0.225      0.011     -0.392     -0.074
570.0000      -3907.472    -3932.646       25.173   320.8      0.276      0.706      0.274      0.037      0.044     -0.187
570.2500      -3907.991    -3932.619       24.629   313.9      1.028      1.284      0.410     -0.350     -0.084     -0.171
570.5000      -3908.081    -3932.105       24.023   306.2      1.109      1.206      0.406     -0.114      0.345      0.048
570.7500      -3906.781    -3932.635       25.854   329.5      0.404      1.175     -0.323      0.037     -0.150      0.180
571.0000      -3907.885    -3932.357       24.472   311.9      0.852      1.272      0.015      0.009      0.278     -0.178
571.2500      -3905.933    -3931.232       25.299   322.4      1.169      0.507      0.749      0.140     -0.418      0.005
571.5000      -3907.064    -3932.423       25.358   323.2      0.746      1.122      0.397     -0.008      0.349      0.082
571.7500      -3906.251    -3932.142       25.892   330.0      0.749      0.684     -0.315     -0.129      0.263     -0.024
572.0000      -3906.619    -3930.599       23.979   305.6      0.841      0.502      0.594     -0.144      0.239      0.103
572.2500      -3906.747    -3931.377       24.630   313.9      0.504      0.163      0.138      0.082      0.191      0.130
572.5000      -3906.208    -3931.830       25.622   326.6      0.973      1.241     -0.141     -0.155      0.020      0.020
572.7500      -3904.727    -3930.230       25.504   325.0      0.894      1.074      0.222     -0.006      0.135      0.144
573.0000      -3904.653    -3930.510       25.857   329.6      0.630      1.013      0.743      0.101      0.189      0.168
573.2500      -3904.854    -3931.610       26.757   341.0      0.734      0.686      0.578     -0.425      0.030      0.057
573.5000      -3904.474    -3930.756       26.283   335.0      0.513      0.348      0.372      0.005     -0.011     -0.183
573.7500      -3905.086    -3931.576       26.491   337.6      0.485      0.991      0.482     -0.146     -0.264      0.048
574.0000      -3903.075    -3929.524       26.449   337.1      0.379      0.803      0.151     -0.039     -0.173      0.123
574.2500      -3903.311    -3929.584       26.273   334.9      0.647      0.817     -0.075     -0.052      0.035     -0.112
574.5000      -3903.324    -3929.642       26.318   335.4      1.074      1.114      1.006     -0.096     -0.136     -0.080
574.7500      -3903.590    -3929.506       25.915   330.3      0.962      0.730      0.264      0.066      0.055     -0.028
575.0000      -3901.097    -3928.266       27.169   346.3      1.043      1.257      0.385      0.174     -0.224     -0.252
575.2500      -3899.707    -3926.911       27.204   346.7      1.367      1.061      0.540     -0.083     -0.440     -0.106
575.5000      -3899.780    -3927.191       27.411   349.4      0.648      1.018      0.597     -0.083     -0.201      0.142
575.7500      -3901.423    -3928.380       26.957   343.6      0.342      0.511     -0.183      0.032      0.046      0.035
576.0000      -3904.807    -3929.665       24.858   316.8      0.562      0.658      0.525     -0.349     -0.195     -0.027
576.2500      -3903.606    -3929.957       26.351   335.9      0.771      1.103      0.345      0.198     -0.474     -0.008
576.5000      -3904.021    -3929.997       25.976   331.1      0.808      0.781      0.522     -0.149      0.056      0.071
576.7500      -3904.691    -3930.573       25.883   329.9      0.771      0.957      0.373      0.172      0.095      0.238
577.0000      -3905.026    -3930.633       25.607   326.4      0.692      1.376      0.659     -0.230      0.088      0.024
577.2500      -3906.639    -3931.067       24.428   311.3      0.773      1.233      0.210     -0.091      0.337      0.166
577.5000      -3907.308    -3932.799       25.491   324.9      1.427      0.913      0.226      0.134     -0.167     -0.105
577.7500      -3906.517    -3932.341       25.824   329.1      0.651      0.939      0.134     -0.072     -0.068     -0.123
578.0000      -3905.821    -3931.730       25.909   330.2      0.353      0.465      0.142      0.069     -0.264     -0.259
578.2500      -3907.326    -3931.678       24.353   310.4      0.801      1.070      0.548      0.135     -0.172     -0.083
578.5000      -3904.444    -3930.643       26.199   333.9      0.600      1.281      0.630     -0.170     -0.016      0.021
578.7500      -3906.526    -3931.694       25.168   320.8      0.960      0.902      0.303      0.110      0.120      0.195
579.0000      -3906.258    -3932.218       25.959   330.9      0.714      0.629      0.505      0.034     -0.192     -0.023
579.2500      -3905.985    -3931.292       25.307   322.5      1.289      0.508      0.180     -0.027     -0.026      0.167
579.5000      -3905.132    -3931.117       25.985   331.2      0.551      0.741      0.317      0.116      0.184      0.015
579.7500      -3904.367    -3931.503       27.136   345.9      1.449      0.499     -0.087      0.065      0.219      0.169
580.0000      -3905.272    -3931.398       26.126   333.0      0.712      0.472     -0.479      0.056      0.388      0.088
580.2500      -3906.165    -3932.171       26.006   331.5      0.779      0.980     -0.025      0.155      0.222      0.497
580.5000      -3907.128    -3932.856       25.729   327.9      0.640      0.664      0.213     -0.131     -0.069      0.301
580.7500      -3906.602    -3931.716       25.114   320.1      0.864      1.129      0.508      0.300      0.245      0.288
581.0000      -3903.944    -3930.291       26.347   335.8      0.986      0.785      0.422      0.304     -0.152      0.303
581.2500      -3903.405    -3930.660       27.255   347.4      0.545      0.535      0.454     -0.090      0.081      0.061
581.5000      -3905.558    -3930.936       25.378   323.5      0.456      0.259     -0.128     -0.289     -0.197     -0.236
581.7500      -3905.664    -3930.683       25.019   318.9      1.169      1.372      0.905     -0.310     -0.337      0.051
582.0000      -3904.470    -3930.322       25.851   329.5      0.419      1.254      0.280      0.360     -0.173      0.044
582.2500      -3906.342    -3931.232       24.890   317.2      0.280      0.776     -0.147     -0.017      0.041      0.033
582.5000      -3905.875    -3931.386       25.511   325.1      1.126      0.799      0.612      0.324      0.146      0.120
582.7500      -3906.633    -3932.353       25.721   327.8      0.537      0.751      0.343      0.005      0.264      0.033
583.0000      -3906.676    -3932.616       25.941   330.6      0.457      0.376      0.738     -0.057      0.443     -0.166
583.2500      -3906.187    -3932.212       26.025   331.7      0.764      1.281      0.046     -0.202     -0.020      0.062
583.5000      -3906.663    -3932.004       25.341   323.0      0.869      1.046     -0.155      0.223     -0.288      0.148
583.7500      -3904.657    -3930.942       26.284   335.0      0.581      0.586     -0.281      0.022      0.045     -0.102
584.0000      -3904.414    -3930.688       26.275   334.9      0.811      0.798      0.701      0.132      0.052      0.115
584.2500      -3904.261    -3929.417       25.157   320.6      0.511      1.185      0.273     -0.169     -0.183     -0.087
584.5000      -3902.615    -3929.286       26.671   339.9     -0.377      0.870     -0.287     -0.167     -0.148      0.298
584.7500      -3903.609    -3929.130       25.521   325.3      0.918      0.306      0.815      0.114      0.141     -0.069
585.0000      -3904.619    -3930.236       25.617   326.5      0.037      0.491      0.295      0.215     -0.019     -0.187
585.2500      -3905.297    -3930.574       25.277   322.2      0.830      0.685     -0.021     -0.051      0.026     -0.103
585.5000      -3905.920    -3930.428       24.508   312.4      1.229      0.822      0.171     -0.250      0.280     -0.149
585.7500      -3905.743    -3930.562       24.819   316.3      0.685      0.264     -0.089     -0.018      0.103      0.019
586.0000      -3904.946    -3929.474       24.527   312.6      1.270      0.842      0.958     -0.223      0.111      0.185
586.2500      -3903.591    -3929.878       26.287   335.0      0.343      0.557      0.085     -0.099     -0.000     -0.107
586.5000      -3904.894    -3930.112       25.218   321.4      0.868      0.815      0.220      0.396     -0.217      0.072
586.7500      -3905.722    -3931.617       25.895   330.0      0.850      0.686      0.512      0.062     -0.120      0.077
587.0000      -3904.531    -3931.102       26.571   338.7      0.242      0.414      0.336     -0.131      0.036      0.105
587.2500      -3904.949    -3930.846       25.897   330.1      0.389      0.354     -0.034      0.052      0.248      0.053
587.5000      -3904.638    -3930.750       26.112   332.8      0.243      0.422     -0.559      0.024     -0.311     -0.158
587.7500      -3905.208    -3929.898       24.689   314.7      0.509      0.958      0.371     -0.120     -0.165     -0.089
588.0000      -3904.924    -3930.541       25.617   326.5      0.231      0.737      0.178     -0.010      0.026      0.097
588.2500      -3905.313    -3930.557       25.244   321.7      0.683      1.401     -0.210     -0.159     -0.057     -0.294
588.5000      -3903.495    -3929.182       25.687   327.4      0.742      0.472      0.164     -0.065      0.109     -0.109
588.7500      -3903.263    -3929.315       26.052   332.0      0.941      0.799      0.552     -0.116      0.083      0.249
589.0000      -3902.340    -3928.946       26.605   339.1      0.622      0.437     -0.640     -0.328     -0.264      0.085
589.2500      -3902.995    -3928.994       25.999   331.4      0.585      1.181      0.276      0.170      0.437      0.065
589.5000      -3903.608    -3930.293       26.686   340.1      0.574      0.621     -0.119     -0.232     -0.069     -0.096
589.7500      -3903.458    -3929.245       25.787   328.7      0.287      0.614     -0.042     -0.134     -0.099      0.001
590.0000      -3904.748    -3930.813       26.065   332.2      0.921      0.703      0.350      0.017      0.045      0.112
590.2500      -3907.040    -3932.422       25.382   323.5      0.541      0.340     -0.238     -0.111     -0.014      0.155
590.5000      -3906.168    -3931.897       25.729   327.9      0.800      0.602      0.054      0.066     -0.024      0.180
590.7500      -3904.583    -3930.977       26.394   336.4      0.722      0.244      0.847     -0.169      0.082      0.107
591.0000      -3905.167    -3931.250       26.083   332.4      0.398      0.923     -0.138     -0.308      0.122      0.103
591.2500      -3904.763    -3931.820       27.057   344.8      0.666      0.573      0.019     -0.351      0.144      0.059
591.5000      -3905.050    -3930.795       25.745   328.1      0.999      0.902      0.570     -0.042     -0.323      0.090
591.7500      -3904.296    -3930.906       26.610   339.1      0.958      1.177      0.104      0.140     -0.112     -0.048
592.0000      -3904.030    -3929.890       25.860   329.6      0.854      0.711      0.301      0.202     -0.255      0.048
592.2500      -3903.765    -3929.310       25.544   325.6      0.428      0.663      0.381     -0.174     -0.185     -0.163
592.5000      -3904.495    -3931.590       27.095   345.3      0.634      0.567      0.102     -0.221     -0.205     -0.154
592.7500      -3901.396    -3929.229       27.833   354.7      0.624      0.794      0.265     -0.420     -0.096      0.267
593.0000      -3903.049    -3929.234       26.186   333.7      0.967      1.116      0.315     -0.130     -0.050     -0.029
593.2500      -3904.863    -3930.051       25.188   321.0      0.860      0.651      0.833      0.138      0.322      0.127
593.5000      -3903.998    -3929.938       25.940   330.6     -0.027      0.775     -0.752      0.373      0.220     -0.050
593.7500      -3905.101    -3931.680       26.579   338.8      1.594      1.158      0.313      0.246     -0.199     -0.093
594.0000      -3904.838    -3929.844       25.006   318.7      0.507      0.344      0.271     -0.256     -0.100     -0.044
594.2500      -3904.509    -3930.170       25.661   327.1      0.496      0.681     -0.243      0.053     -0.246      0.162
594.5000      -3904.694    -3930.365       25.671   327.2      0.784      0.952      0.470      0.016      0.040      0.040
594.7500      -3905.445    -3931.747       26.302   335.2      0.569      0.785      0.938     -0.173      0.012      0.070
595.0000      -3904.585    -3931.128       26.543   338.3      0.800      1.111      0.249     -0.088     -0.202      0.018
595.2500      -3906.177    -3932.843       26.666   339.9      0.884      0.918      0.627     -0.153      0.005     -0.010
595.5000      -3905.122    -3931.055       25.932   330.5      0.476      0.830      0.257     -0.102     -0.270      0.054
595.7500      -3902.538    -3929.466       26.928   343.2      0.717      1.007      0.078     -0.066     -0.220     -0.004
596.0000      -3902.759    -3929.428       26.669   339.9      0.672      1.031     -0.014      0.088     -0.049     -0.168
596.2500      -3904.039    -3931.309       27.270   347.6      0.558      0.780     -0.093      0.316      0.065      0.090
596.5000      -3904.518    -3930.123       25.605   326.3      0.732      1.021      0.623     -0.168     -0.070      0.052
596.7500      -3904.307    -3931.936       27.629   352.1      0.721      0.850      0.309     -0.014     -0.382      0.064
597.0000      -3903.786    -3929.809       26.023   331.7      0.520      0.781      0.389      0.138     -0.358      0.034
597.2500      -3905.277    -3932.250       26.973   343.8      0.554      1.042      0.363     -0.107      0.182     -0.114
597.5000      -3905.097    -3931.987       26.890   342.7      0.617      0.995     -0.543     -0.022     -0.001      0.178
597.7500      -3904.455    -3930.594       26.139   333.1      0.913      0.517      0.560     -0.004      0.262      0.145
598.0000      -3905.742    -3931.706       25.964   330.9      0.663      0.597     -0.315      0.151      0.016     -0.089
598.2500      -3904.153    -3930.840       26.687   340.1      0.642      0.997      0.430      0.179     -0.326     -0.030
598.5000      -3905.730    -3931.591       25.861   329.6      0.811      1.119      0.374      0.171     -0.033     -0.185
598.7500      -3904.559    -3930.628       26.069   332.3      0.995      0.435     -0.120      0.113      0.114     -0.209
599.0000      -3905.957    -3931.339       25.381   323.5      1.243      1.087      0.558      0.157      0.054      0.085
599.2500      -3906.683    -3931.845       25.162   320.7      0.887      0.913      0.006     -0.113     -0.122      0.167
599.5000      -3906.037    -3931.225       25.188   321.0      0.483      1.015     -0.109     -0.035     -0.299      0.087
599.7500      -3905.892    -3932.365       26.473   337.4      0.334      1.024      0.133      0.093      0.027      0.184
600.0000      -3905.973    -3932.191       26.219   334.2      0.874      0.469      0.581     -0.196      0.031     -0.182
600.2500      -3906.534    -3931.339       24.805   316.1      0.737      0.787      0.565      0.039      0.063     -0.100
600.5000      -3907.834    -3932.583       24.749   315.4      0.657      0.854     -0.452     -0.065     -0.127     -0.137
600.7500      -3906.918    -3932.592       25.674   327.2      1.386      0.756      0.694     -0.042     -0.178      0.013
601.0000      -3907.732    -3933.706       25.974   331.0     -0.007      1.430     -0.168     -0.050      0.094      0.373
601.2500      -3907.466    -3933.739       26.273   334.9      0.527      0.657      0.576     -0.144      0.037      0.098
601.5000      -3907.212    -3932.130       24.918   317.6      0.814      1.125      0.267     -0.070     -0.126      0.006
601.7500      -3906.970    -3932.808       25.838   329.3      0.315      0.863      0.327     -0.153      0.608     -0.257
602.0000      -3905.251    -3931.763       26.513   337.9      0.854      1.443      0.929     -0.047     -0.152      0.047
602.2500      -3904.630    -3931.658       27.028   344.5      0.654      0.352      0.384     -0.208     -0.189     -0.030
602.5000      -3904.499    -3931.175       26.675   340.0      0.383      1.124      0.718      0.175     -0.416      0.033
602.7500      -3906.165    -3931.011       24.846   316.7      0.312      0.643      0.054     -0.384      0.157      0.192
603.0000      -3904.324    -3930.379       26.056   332.1      0.746      0.912      0.303      0.131      0.265     -0.211
603.2500      -3905.851    -3930.906       25.055   319.3      0.721      0.857      0.026     -0.090      0.244     -0.120
603.5000      -3904.144    -3929.958       25.815   329.0      0.733      1.223      0.060      0.286     -0.257     -0.091
603.7500      -3904.570    -3929.742       25.172   320.8      0.511      0.929      0.838      0.004     -0.103     -0.008
604.0000      -3904.332    -3931.062       26.731   340.7      0.537      0.583     -0.290      0.068     -0.003      0.009
604.2500      -3905.411    -3930.797       25.387   323.6      0.336      0.738     -0.521     -0.003      0.131     -0.043
604.5000      -3905.468    -3931.423       25.955   330.8      0.656      1.177      0.523     -0.001      0.002     -0.261
604.7500      -3904.913    -3930.698       25.785   328.6      0.650      0.953     -0.247     -0.133     -0.176      0.165
605.0000      -3905.249    -3929.887       24.637   314.0      0.734      0.848      0.605      0.024     -0.240      0.084
605.2500      -3906.011    -3931.469       25.458   324.5      0.701     -0.123     -0.292      0.489      0.089     -0.103
605.5000      -3906.648    -3933.210       26.562   338.5      0.754      1.063     -0.026     -0.028      0.315     -0.308
605.7500      -3904.307    -3930.611       26.304   335.3      0.809      0.958      0.328     -0.373      0.211     -0.311
606.0000      -3907.261    -3931.818       24.557   313.0      1.043      0.802      0.048     -0.193      0.020      0.157
606.2500      -3907.724    -3932.885       25.162   320.7      1.325      1.304      1.093     -0.044     -0.113     -0.030
606.5000      -3906.038    -3930.860       24.823   316.4      0.593      1.009      0.278     -0.332      0.023     -0.264
606.7500      -3906.184    -3930.961       24.777   315.8      0.695      0.581      0.250     -0.199      0.369     -0.114
607.0000      -3906.602    -3931.601       24.999   318.6      0.596      0.638     -0.125      0.044     -0.003     -0.030
607.2500      -3905.311    -3930.187       24.876   317.0      0.868      0.715      0.132      0.136      0.049     -0.042
607.5000      -3904.395    -3930.732       26.336   335.7      0.371      0.965      0.308      0.170      0.089     -0.135
607.7500      -3905.994    -3932.243       26.249   334.6      0.578      0.781      0.286      0.086      0.070     -0.229
608.0000      -3904.148    -3930.276       26.128   333.0      1.422      0.934      0.715     -0.076      0.028     -0.185
608.2500      -3903.442    -3929.264       25.822   329.1      0.637      0.725      0.431      0.121     -0.255      0.034
608.5000      -3905.114    -3929.930       24.817   316.3      0.468      0.638      0.550     -0.331     -0.188     -0.045
608.7500      -3905.941    -3932.370       26.429   336.8      0.840      0.387      0.207      0.055     -0.183     -0.129
609.0000      -3907.637    -3932.701       25.064   319.4      0.643      0.680      0.445     -0.179     -0.099     -0.255
609.2500      -3907.507    -3932.154       24.647   314.1      0.899      1.081      0.205     -0.372     -0.225     -0.175
609.5000      -3904.586    -3931.043       26.457   337.2      1.145      0.920      0.275     -0.176     -0.049     -0.097
609.7500      -3903.212    -3929.429       26.217   334.1      1.035      1.077      0.703      0.185      0.096     -0.183
610.0000      -3903.825    -3930.977       27.152   346.1      0.174      0.710      0.145     -0.155     -0.167     -0.149
610.2500      -3906.094    -3931.950       25.857   329.5      1.338      1.129      0.892      0.094     -0.205     -0.127
610.5000      -3904.821    -3931.326       26.505   337.8      0.612      1.156      0.284     -0.344      0.128      0.079
610.7500      -3904.017    -3930.911       26.893   342.8      0.589      0.832      0.395     -0.111      0.107      0.205
611.0000      -3905.470    -3931.105       25.635   326.7      1.268      0.970      0.807      0.106      0.142     -0.000
611.2500      -3905.683    -3933.196       27.513   350.7      1.181      0.491     -0.104      0.357     -0.048     -0.217
611.5000      -3905.023    -3931.099       26.076   332.3      1.187      0.781      0.192     -0.028     -0.161      0.030
611.7500      -3907.087    -3932.636       25.549   325.6      0.715      1.234      0.581      0.162     -0.479      0.169
612.0000      -3906.067    -3931.502       25.435   324.2      0.578      1.249      0.654      0.224      0.147      0.337
612.2500      -3906.441    -3932.976       26.535   338.2      0.183      1.062      0.270      0.193     -0.288     -0.163
612.5000      -3906.196    -3931.984       25.788   328.7      0.783      0.908      0.297      0.152      0.217     -0.048
612.7500      -3906.447    -3931.885       25.438   324.2      1.512      0.948      0.377      0.001      0.144     -0.273
613.0000      -3906.767    -3931.952       25.185   321.0      1.011      0.795      0.087      0.222      0.104     -0.124
613.2500      -3907.636    -3933.017       25.381   323.5      0.765      1.500      0.991     -0.037     -0.046      0.090
613.5000      -3906.948    -3933.354       26.407   336.6      1.145      1.049      0.249     -0.160     -0.143     -0.125
613.7500      -3905.732    -3931.664       25.931   330.5      1.170      0.615     -0.041      0.268     -0.358      0.022
614.0000      -3906.311    -3932.215       25.904   330.1      1.281      0.619      0.806     -0.223      0.085      0.314
614.2500      -3907.459    -3931.704       24.244   309.0      0.940      0.555     -0.189     -0.149      0.235     -0.345
614.5000      -3905.310    -3931.146       25.836   329.3      1.282      0.300      0.198      0.019     -0.132     -0.077
614.7500      -3905.986    -3932.796       26.810   341.7      0.774      0.587     -0.020     -0.346     -0.335     -0.210
615.0000      -3903.823    -3930.735       26.911   343.0      1.403      0.770      0.779     -0.094      0.076      0.045
615.2500      -3903.766    -3930.506       26.740   340.8      1.143      0.706     -0.008      0.112     -0.074      0.154
615.5000      -3905.629    -3931.559       25.930   330.5      0.473      0.872      0.370      0.117      0.071     -0.056
615.7500      -3906.006    -3932.239       26.234   334.4      0.636      0.371     -0.215     -0.307      0.211      0.054
616.0000      -3906.061    -3931.071       25.010   318.8      1.025      0.575      0.799     -0.385      0.271      0.036
616.2500      -3907.683    -3934.338       26.655   339.7      0.617      1.170      0.843      0.087      0.189      0.138
616.5000      -3908.314    -3933.634       25.319   322.7      0.175      0.648     -0.015      0.047      0.110      0.020
616.7500      -3907.162    -3933.567       26.405   336.5      1.083      1.075      0.974     -0.072     -0.101      0.227
617.0000      -3907.356    -3933.365       26.009   331.5      0.662      0.347      0.253     -0.284      0.250      0.241
617.2500      -3908.048    -3933.391       25.343   323.0      0.611      0.781     -0.159     -0.110     -0.123      0.236
617.5000      -3906.827    -3933.082       26.255   334.6      1.033      1.024      0.012      0.100     -0.219     -0.023
617.7500      -3906.454    -3931.826       25.373   323.4      1.054      0.833      0.084     -0.059     -0.244      0.083
618.0000      -3904.444    -3931.305       26.861   342.3      0.259      0.836      0.242      0.014     -0.223      0.015
618.2500      -3903.476    -3931.066       27.590   351.6      0.319      0.525     -0.037      0.282     -0.249      0.180
618.5000      -3904.576    -3930.283       25.707   327.6      0.714      0.891     -0.018     -0.082      0.165      0.177
618.7500      -3906.106    -3932.062       25.957   330.8      0.944      0.826      0.515     -0.216     -0.247      0.245
619.0000      -3907.934    -3933.125       25.191   321.1      1.162      1.025      0.625     -0.039     -0.098      0.190
619.2500      -3907.962    -3933.009       25.047   319.2      0.440      0.684     -0.405      0.209      0.295     -0.229
619.5000      -3907.580    -3932.332       24.752   315.5      0.742      0.462      0.163      0.150     -0.095      0.163
619.7500      -3908.425    -3933.763       25.338   322.9      0.739      0.524     -0.009      0.187      0.103     -0.064
620.0000      -3908.497    -3934.250       25.753   328.2      1.276      1.179      0.249      0.077      0.222     -0.176
620.2500      -3905.661    -3932.788       27.127   345.7      0.593      0.594      0.718     -0.116     -0.365      0.056
620.5000      -3906.077    -3931.722       25.645   326.8      1.004      1.093      0.797     -0.032     -0.090     -0.102
620.7500      -3905.169    -3932.258       27.088   345.2      0.544      1.087      0.823      0.178     -0.314     -0.027
621.0000      -3907.468    -3933.266       25.797   328.8      0.409      0.946      0.178     -0.052     -0.241     -0.133
621.2500      -3907.515    -3933.248       25.734   328.0      1.128      1.113      0.431      0.054     -0.081     -0.098
621.5000      -3909.286    -3933.643       24.357   310.4      0.390      0.634      0.176     -0.171     -0.025     -0.019
621.7500      -3908.323    -3934.088       25.766   328.4      0.840      0.740      0.337      0.126      0.102      0.040
622.0000      -3909.375    -3934.808       25.433   324.1      0.805      1.160      0.727      0.023     -0.094     -0.088
622.2500      -3908.442    -3933.704       25.261   322.0      0.525      0.657      0.045      0.302     -0.025     -0.186
622.5000      -3908.620    -3933.887       25.268   322.0      0.743      0.837     -0.018      0.080     -0.090      0.103
622.7500      -3908.275    -3933.554       25.278   322.2      1.023      0.758      0.572      0.017      0.116      0.130
623.0000      -3907.894    -3933.258       25.364   323.3      0.737      0.628     -0.192      0.236      0.051      0.069
623.2500      -3909.106    -3933.233       24.126   307.5      0.784      0.655      0.043      0.015     -0.142      0.043
623.5000      -3908.366    -3933.449       25.083   319.7      0.818      0.764      0.748      0.042     -0.280      0.012
623.7500      -3909.172    -3934.822       25.650   326.9      0.672      0.741      0.472      0.115      0.326     -0.021
624.0000      -3907.624    -3932.228       24.604   313.6      0.878      0.425      0.224     -0.123     -0.055     -0.027
624.2500      -3907.918    -3933.270       25.351   323.1      0.660      0.335      0.379     -0.097      0.002      0.016
624.5000      -3906.980    -3932.212       25.232   321.6      0.948      1.410      0.844      0.286     -0.218     -0.201
624.7500      -3906.618    -3932.271       25.653   327.0      0.450      0.436     -0.034      0.237     -0.268      0.055
625.0000      -3907.424    -3932.605       25.180   320.9      1.165      0.794      0.408      0.292     -0.315     -0.151
625.2500      -3906.577    -3931.695       25.118   320.1      1.007      0.640      0.786      0.167     -0.118     -0.091
625.5000      -3906.133    -3932.204       26.071   332.3      0.565      0.818     -0.111     -0.157     -0.077      0.136
625.7500      -3905.056    -3931.358       26.302   335.2      0.456      0.368      0.713     -0.027     -0.167     -0.189
626.0000      -3906.875    -3933.007       26.132   333.1      1.012      0.712      0.284     -0.184     -0.086     -0.111
626.2500      -3907.177    -3932.870       25.693   327.5      1.124      0.836      0.263      0.062      0.156      0.053
626.5000      -3905.905    -3931.708       25.803   328.9      0.935      0.844     -0.087      0.052      0.186      0.222
626.7500      -3905.931    -3933.057       27.126   345.7      0.402      0.650      0.103     -0.261      0.022     -0.109
627.0000      -3904.948    -3931.359       26.412   336.6      1.076      1.060      0.212      0.169     -0.023      0.122
627.2500      -3907.731    -3931.961       24.231   308.8      0.690      0.538     -0.170      0.036     -0.376     -0.043
627.5000      -3906.892    -3931.660       24.768   315.7      0.984      0.745     -0.170     -0.112     -0.018      0.072
627.7500      -3906.564    -3933.265       26.701   340.3      0.680      0.991      0.546     -0.052      0.086     -0.082
628.0000      -3905.579    -3931.406       25.826   329.2      0.733      0.411     -0.263     -0.052      0.094      0.136
628.2500      -3906.296    -3931.298       25.002   318.7      1.258      0.801      1.315     -0.261      0.129      0.231
628.5000      -3905.640    -3931.386       25.746   328.1      0.970      0.936      0.565      0.054      0.300      0.073
628.7500      -3906.760    -3932.214       25.454   324.4      0.686      0.653     -0.162      0.065      0.042     -0.221
629.0000      -3906.088    -3931.333       25.244   321.7      0.279      1.165     -0.345      0.178      0.170      0.208
629.2500      -3904.672    -3931.621       26.948   343.5      0.601      0.700     -0.394      0.060      0.088     -0.103
629.5000      -3905.842    -3930.654       24.812   316.2      0.982      1.002      0.143     -0.253      0.067     -0.184
629.7500      -3904.241    -3930.893       26.652   339.7      0.810      1.003      0.451      0.186     -0.388      0.206
630.0000      -3903.956    -3931.866       27.911   355.7      0.972      0.398      0.019     -0.047      0.056     -0.038
630.2500      -3904.251    -3930.989       26.738   340.8      0.572      1.309      0.693     -0.057      0.275      0.027
630.5000      -3904.580    -3930.587       26.007   331.5      0.789      1.373      0.482      0.025      0.028      0.023
630.7500      -3905.338    -3931.157       25.820   329.1      0.583      0.847      0.295     -0.146     -0.054      0.159
631.0000      -3906.222    -3932.874       26.652   339.7      1.063      1.077      0.539     -0.049     -0.085      0.033
631.2500      -3907.158    -3932.285       25.128   320.3      0.798      0.451      0.628      0.056     -0.229     -0.141
631.5000      -3906.544    -3932.435       25.891   330.0      0.439      0.971      0.452      0.189     -0.012      0.018
631.7500      -3906.900    -3931.886       24.986   318.4      0.697      0.383     -0.039     -0.266      0.051      0.030
632.0000      -3908.171    -3931.958       23.788   303.2      0.772      0.540      0.376      0.063      0.262      0.187
632.2500      -3907.338    -3932.657       25.319   322.7      0.970      1.298      0.716      0.100      0.537     -0.005
632.5000      -3906.404    -3932.263       25.859   329.6      1.206      0.799      0.029      0.018     -0.307      0.195
632.7500      -3906.306    -3931.819       25.513   325.2      0.961      0.873      0.502      0.004     -0.120      0.203
633.0000      -3906.819    -3932.398       25.579   326.0      0.524      0.574     -0.093     -0.133     -0.319      0.000
633.2500      -3908.891    -3934.498       25.607   326.4      0.533      0.608     -0.162      0.042      0.268     -0.145
633.5000      -3908.085    -3933.379       25.294   322.4      0.892      0.958     -0.078     -0.131      0.414     -0.349
633.7500      -3907.158    -3932.089       24.931   317.8      0.678      0.597      0.383      0.070     -0.205      0.028
634.0000      -3907.802    -3932.038       24.236   308.9      0.344      0.944      0.348      0.034     -0.106      0.182
634.2500      -3906.511    -3932.670       26.160   333.4      0.496      0.904     -0.057     -0.053     -0.248     -0.116
634.5000      -3907.564    -3932.763       25.199   321.2      0.684      1.028      0.549     -0.243     -0.075      0.169
634.7500      -3908.298    -3932.365       24.067   306.7      0.372      0.966      0.432     -0.062      0.210     -0.200
635.0000      -3906.520    -3932.606       26.086   332.5      1.038      1.244      0.215      0.510     -0.154      0.187
635.2500      -3905.988    -3932.195       26.207   334.0      0.822      0.225     -0.703     -0.347     -0.348      0.021
635.5000      -3907.322    -3933.076       25.754   328.2      0.055      0.785     -0.142      0.027     -0.276      0.051
635.7500      -3906.338    -3933.045       26.707   340.4      0.893      0.732      0.120     -0.086     -0.134     -0.105
636.0000      -3907.842    -3932.535       24.693   314.7      0.072      0.152     -0.144      0.089     -0.036     -0.211
636.2500      -3908.404    -3934.832       26.427   336.8      0.534      0.623      0.311     -0.166     -0.044     -0.208
636.5000      -3907.673    -3933.073       25.400   323.7      0.602      0.566      0.270     -0.110      0.087      0.243
636.7500      -3908.012    -3933.425       25.413   323.9      0.604      0.840     -0.349     -0.057      0.038      0.212
637.0000      -3906.393    -3931.828       25.435   324.2      0.772      0.765      0.477     -0.137      0.113     -0.081
637.2500      -3907.254    -3933.024       25.770   328.4      0.056      1.057     -0.236     -0.089      0.107     -0.027
637.5000      -3906.874    -3931.902       25.028   319.0      0.631      1.364      0.524     -0.033      0.210     -0.004
637.7500      -3906.077    -3931.862       25.784   328.6      0.688      0.808     -0.089     -0.116      0.137      0.174
638.0000      -3904.706    -3930.722       26.017   331.6      0.401      0.503      0.679      0.122      0.152      0.092
638.2500      -3905.033    -3931.907       26.874   342.5      0.776      1.530      0.596     -0.267     -0.071      0.138
638.5000      -3905.527    -3932.128       26.602   339.0      0.705      0.235     -0.077     -0.204     -0.031      0.092
638.7500      -3903.032    -3929.589       26.558   338.5      1.093      0.478      0.436      0.072      0.215     -0.001
639.0000      -3904.184    -3931.493       27.309   348.1      0.628      0.630     -0.092     -0.030      0.014      0.067
639.2500      -3905.681    -3932.396       26.714   340.5      0.733      0.876     -0.025     -0.186     -0.188      0.259
639.5000      -3905.665    -3931.899       26.234   334.4      1.069      0.828      0.393     -0.278      0.298     -0.131
639.7500      -3905.321    -3931.800       26.480   337.5      0.398      0.808     -0.117     -0.100     -0.129      0.256
640.0000      -3905.750    -3930.661       24.912   317.5      0.316      0.649      0.153     -0.313     -0.039     -0.086
640.2500      -3905.801    -3931.498       25.697   327.5      1.003      1.042      0.588      0.202     -0.054     -0.184
640.5000      -3904.360    -3931.687       27.327   348.3      0.997      0.782      0.259     -0.173      0.133     -0.015
640.7500      -3907.190    -3932.328       25.138   320.4      0.450      1.003     -0.305      0.203      0.223      0.228
641.0000      -3906.066    -3931.860       25.794   328.8      0.827      0.370      0.344     -0.330      0.228      0.323
641.2500      -3906.167    -3932.454       26.287   335.0      1.137      1.363      0.422     -0.005     -0.280     -0.123
641.5000      -3904.011    -3931.244       27.233   347.1      0.583      0.624      0.702     -0.128      0.174     -0.045
641.7500      -3904.825    -3930.863       26.038   331.9      0.638      0.927      0.692      0.353      0.130      0.004
642.0000      -3904.423    -3930.793       26.370   336.1      0.781      0.728      0.330      0.323     -0.117     -0.130
642.2500      -3904.539    -3931.644       27.106   345.5      1.068      1.509      0.499     -0.027      0.025     -0.084
642.5000      -3905.127    -3929.591       24.464   311.8      0.313      0.644      0.203     -0.279     -0.151     -0.170
642.7500      -3906.225    -3932.029       25.804   328.9      0.517      0.543     -0.184     -0.063     -0.378     -0.204
643.0000      -3907.671    -3932.814       25.143   320.5      0.956      1.026      1.000      0.115      0.241      0.149
643.2500      -3907.015    -3932.464       25.448   324.3      1.263      1.049      0.486      0.390      0.422     -0.109
643.5000      -3907.313    -3933.526       26.213   334.1      0.557      0.660      0.146     -0.044      0.498      0.077
643.7500      -3906.608    -3932.590       25.982   331.1      0.663      1.018      0.541     -0.073     -0.214      0.086
644.0000      -3906.757    -3932.587       25.830   329.2      0.595      0.850      0.111      0.066     -0.257     -0.217
644.2500      -3903.824    -3931.427       27.603   351.8      0.583      0.319     -0.012      0.215     -0.055      0.124
644.5000      -3905.920    -3929.523       23.603   300.8      0.401      1.136      0.313      0.082      0.428      0.079
644.7500      -3905.628    -3930.615       24.987   318.5      0.804      1.125      0.419      0.011      0.145     -0.064
645.0000      -3905.789    -3931.773       25.984   331.2      0.550      0.531      0.070     -0.018     -0.074      0.040
645.2500      -3905.933    -3932.146       26.213   334.1      0.529      0.929      0.689     -0.122     -0.115     -0.118
645.5000      -3905.201    -3931.120       25.919   330.3      0.313      1.139      0.260     -0.020      0.166     -0.032
645.7500      -3906.476    -3932.038       25.562   325.8      0.355      0.498      0.027      0.002     -0.023     -0.126
646.0000      -3907.098    -3933.219       26.121   332.9      1.406      1.026      1.027      0.058      0.005     -0.212
646.2500      -3905.951    -3932.224       26.272   334.8      0.805      1.223      0.543      0.342      0.032     -0.058
646.5000      -3906.358    -3931.666       25.309   322.6      0.945      1.233      0.364      0.024     -0.168     -0.037
646.7500      -3905.286    -3931.475       26.189   333.8      0.835      0.843      0.455     -0.237     -0.009      0.041
647.0000      -3905.258    -3931.729       26.472   337.4      1.149      0.865      0.216      0.032      0.334      0.012
647.2500      -3904.067    -3930.815       26.748   340.9      0.312      1.271      0.141      0.280      0.079     -0.018
647.5000      -3902.633    -3928.784       26.152   333.3      0.184      0.557     -0.155      0.166     -0.307     -0.278
647.7500      -3904.901    -3932.123       27.222   346.9      0.903      1.468      0.828      0.110     -0.036     -0.023
648.0000      -3906.503    -3932.698       26.195   333.9      0.381      0.338      0.319     -0.131      0.184      0.094
648.2500      -3905.435    -3931.276       25.841   329.3      0.790      0.449     -0.182     -0.131      0.213      0.139
648.5000      -3903.295    -3930.370       27.076   345.1      0.559      0.643      0.265      0.053      0.115     -0.122
648.7500      -3903.827    -3929.178       25.351   323.1      1.114      1.273      0.463      0.114     -0.303      0.002
649.0000      -3905.479    -3931.432       25.953   330.8      0.808      0.686     -0.023      0.176     -0.149      0.326
649.2500      -3906.262    -3931.683       25.421   324.0      0.045      0.601      0.159      0.165      0.110      0.011
649.5000      -3905.503    -3931.809       26.306   335.3      0.750      1.184      0.641     -0.040      0.147     -0.013
649.7500      -3906.497    -3932.260       25.764   328.4      0.691      0.345      0.101      0.062      0.005      0.129
650.0000      -3906.095    -3932.899       26.804   341.6      0.875      1.199      0.068      0.148      0.274     -0.288
650.2500      -3906.911    -3932.501       25.590   326.1      0.696      1.026      0.363     -0.009      0.055      0.048
650.5000      -3907.413    -3933.589       26.175   333.6      1.007      1.401      0.358      0.384      0.074      0.119
650.7500      -3905.618    -3932.249       26.631   339.4      0.602      0.477      0.077      0.236     -0.098     -0.045
651.0000      -3906.112    -3932.612       26.501   337.8      0.897      0.995      0.924     -0.133      0.002      0.390
651.2500      -3906.990    -3933.481       26.490   337.6      0.921      0.453     -0.180      0.183     -0.090      0.099
651.5000      -3905.743    -3932.320       26.578   338.7      0.454      0.736      0.085     -0.347     -0.102     -0.043
651.7500      -3907.839    -3933.256       25.418   324.0      0.752      1.197     -0.004      0.327     -0.085      0.092
652.0000      -3907.134    -3932.936       25.802   328.9      0.975      1.368     -0.202     -0.199      0.109      0.434
652.2500      -3905.194    -3932.073       26.879   342.6      0.431      0.839      0.253     -0.228     -0.180      0.008
652.5000      -3905.976    -3931.522       25.546   325.6      0.949      0.591     -0.005     -0.121      0.192     -0.184
652.7500      -3905.295    -3930.771       25.476   324.7      0.542      1.122     -0.091      0.020      0.413     -0.093
653.0000      -3905.186    -3931.580       26.395   336.4      0.680      1.035      0.520      0.337      0.431     -0.114
653.2500      -3904.223    -3930.356       26.132   333.1      0.652      1.055      0.823      0.028      0.001     -0.156
653.5000      -3905.669    -3931.918       26.250   334.6      0.713      0.706      0.204      0.158     -0.255     -0.132
653.7500      -3905.923    -3931.247       25.324   322.8      0.742      0.948      0.490      0.100     -0.012     -0.131
654.0000      -3906.063    -3932.481       26.419   336.7      0.651      0.651      0.507     -0.175      0.252      0.204
654.2500      -3907.211    -3932.427       25.216   321.4      1.227      0.862      0.457      0.147      0.269      0.084
654.5000      -3906.950    -3932.361       25.411   323.9      0.881      0.522      0.299     -0.060      0.244      0.094
654.7500      -3906.060    -3931.228       25.168   320.8      1.156      0.803      0.477     -0.019     -0.109     -0.199
655.0000      -3905.757    -3932.601       26.844   342.1      0.668      1.058      0.490     -0.105     -0.211     -0.121
655.2500      -3905.931    -3931.934       26.004   331.4      0.688      0.285      0.310      0.046     -0.545      0.160
655.5000      -3904.082    -3930.644       26.562   338.5      0.994      0.491      0.625      0.161      0.575     -0.072
655.7500      -3903.613    -3929.905       26.291   335.1      0.814      0.640      0.307      0.114      0.135      0.037
656.0000      -3907.077    -3933.255       26.179   333.7      0.868      0.797      0.080      0.057      0.332      0.052
656.2500      -3905.107    -3931.726       26.619   339.3      0.771      0.878      0.119      0.031     -0.055     -0.079
656.5000      -3906.478    -3932.264       25.786   328.6      0.718      1.390      0.505     -0.074     -0.191     -0.128
656.7500      -3906.282    -3931.466       25.183   321.0      0.727      1.361      0.597      0.009     -0.071     -0.195
657.0000      -3905.813    -3930.774       24.961   318.1      1.238      0.954     -0.061      0.142      0.192     -0.193
657.2500      -3905.483    -3930.884       25.400   323.7      0.886      0.927      0.207     -0.080     -0.008     -0.019
657.5000      -3906.730    -3932.116       25.386   323.5      0.554      0.406      0.148     -0.101     -0.042      0.147
657.7500      -3907.134    -3932.498       25.364   323.3      0.653      0.293     -0.369      0.231     -0.440      0.226
658.0000      -3905.356    -3931.622       26.266   334.8      0.662      0.961      0.179      0.318     -0.122      0.030
658.2500      -3903.859    -3931.461       27.602   351.8      0.787      0.956      0.177      0.410      0.230     -0.030
658.5000      -3903.820    -3930.528       26.708   340.4      1.485      0.899      0.536     -0.317     -0.028     -0.047
658.7500      -3904.815    -3931.419       26.605   339.1      0.368      1.039      0.097     -0.162      0.059      0.004
659.0000      -3903.353    -3929.208       25.855   329.5      0.686      0.618     -0.578      0.151      0.011      0.134
659.2500      -3904.736    -3930.280       25.543   325.6      0.638      0.830      0.666     -0.062     -0.228      0.043
659.5000      -3904.064    -3929.868       25.804   328.9      1.016      1.129      0.978      0.242      0.248     -0.199
659.7500      -3905.310    -3930.293       24.983   318.4      1.131      0.676      0.089      0.297      0.013      0.016
660.0000      -3904.510    -3930.541       26.031   331.8      0.946      0.317      0.494      0.038     -0.172      0.049
660.2500      -3902.372    -3928.386       26.014   331.6      0.393      0.934      0.065      0.175     -0.397      0.083
660.5000      -3906.019    -3931.215       25.196   321.1      0.400      1.180     -0.107      0.037     -0.131     -0.077
660.7500      -3904.273    -3929.988       25.715   327.7      0.894      0.925      0.493      0.077      0.015      0.332
661.0000      -3903.733    -3929.515       25.781   328.6      0.411      0.863      1.233     -0.050      0.066      0.117
661.2500      -3903.183    -3929.586       26.403   336.5      0.305      0.550     -0.572     -0.063      0.096     -0.137
661.5000      -3905.590    -3931.108       25.518   325.2      0.463      1.179      0.651     -0.166     -0.217      0.080
661.7500      -3904.904    -3930.705       25.802   328.8      0.580      0.714      0.597      0.007      0.167      0.212
662.0000      -3905.336    -3931.813       26.477   337.5      0.445      0.582      0.322     -0.546     -0.044      0.029
662.2500      -3905.995    -3931.875       25.880   329.8      0.327      1.024      0.171      0.017      0.320      0.093
662.5000      -3903.893    -3931.112       27.219   346.9      0.666      0.354     -0.129      0.016     -0.173      0.246
662.7500      -3903.761    -3929.829       26.068   332.2      0.943      0.736      0.542      0.178      0.154     -0.257
663.0000      -3904.996    -3930.068       25.072   319.5      0.860      0.853      0.026      0.027     -0.219     -0.030
663.2500      -3905.934    -3931.618       25.684   327.4      0.718      0.923      0.448     -0.193      0.040     -0.089
663.5000      -3903.837    -3930.585       26.748   340.9      0.715      0.929      0.398      0.214      0.071      0.290
663.7500      -3902.832    -3928.521       25.689   327.4      0.888      0.668      0.604      0.116      0.311      0.106
664.0000      -3902.393    -3931.419       29.026   369.9      0.470      0.433      0.079      0.011     -0.084     -0.109
664.2500      -3902.815    -3930.781       27.966   356.4      0.469      0.523      0.022     -0.113      0.079     -0.094
664.5000      -3903.359    -3930.727       27.368   348.8      1.192      1.124      0.455      0.246     -0.012      0.051
664.7500      -3905.832    -3931.494       25.662   327.1      0.635      0.989      0.519     -0.115      0.174     -0.201
665.0000      -3906.825    -3932.044       25.220   321.4      0.897      0.267      0.115      0.239     -0.274      0.085
665.2500      -3907.686    -3931.131       23.445   298.8      0.301      0.888      0.249      0.195     -0.026      0.389
665.5000      -3904.786    -3930.699       25.913   330.3      0.877      0.509      0.204     -0.074     -0.155     -0.171
665.7500      -3903.792    -3929.863       26.071   332.3      0.649      0.881      0.155     -0.459     -0.070     -0.169
666.0000      -3905.378    -3931.093       25.715   327.7      0.767      0.713      0.367     -0.071      0.080     -0.114
666.2500      -3905.228    -3931.164       25.936   330.6      1.209      0.510      0.658      0.263      0.036     -0.068
666.5000      -3904.728    -3930.654       25.926   330.4      0.885      0.540     -0.285      0.462     -0.015      0.101
666.7500      -3901.936    -3928.447       26.511   337.9      0.762      0.539     -0.047      0.083      0.077      0.150
667.0000      -3901.176    -3929.396       28.220   359.7      1.010      0.909     -0.437      0.328      0.121     -0.028
667.2500      -3902.521    -3929.172       26.651   339.7      0.663      0.965      0.527     -0.280     -0.112      0.113
667.5000      -3903.299    -3930.021       26.723   340.6      0.497      0.490      0.349     -0.206      0.027     -0.042
667.7500      -3902.685    -3930.215       27.531   350.9      0.753      1.236      0.475     -0.012      0.370      0.236
668.0000      -3903.416    -3930.693       27.278   347.7      0.664      0.538      0.693      0.068     -0.021     -0.001
668.2500      -3903.941    -3929.309       25.367   323.3      1.126      0.991      0.102     -0.026      0.010      0.027
668.5000      -3903.622    -3929.835       26.213   334.1      0.746      1.484      0.176     -0.115      0.044     -0.075
668.7500      -3903.096    -3929.535       26.439   337.0      0.778      1.061      0.173      0.147     -0.060      0.076
669.0000      -3902.928    -3929.654       26.727   340.6      1.122      1.130      0.532     -0.117     -0.331     -0.020
669.2500      -3903.731    -3930.987       27.256   347.4      0.574      0.778      0.429      0.059     -0.252     -0.103
669.5000      -3906.181    -3932.113       25.933   330.5      1.115      1.036      0.085      0.315      0.140     -0.261
669.7500      -3904.942    -3931.092       26.149   333.3      0.897      0.764      0.265     -0.233      0.080     -0.023
670.0000      -3905.713    -3932.085       26.372   336.1      0.867      0.743      0.194     -0.064      0.228      0.034
670.2500      -3905.282    -3931.588       26.306   335.3      1.146      1.082      0.424      0.227      0.088     -0.097
670.5000      -3904.705    -3930.731       26.026   331.7      1.096      1.103      0.906     -0.118     -0.293      0.153
670.7500      -3905.963    -3931.465       25.502   325.0      0.589      0.950     -0.490     -0.399     -0.176     -0.215
671.0000      -3906.098    -3931.369       25.271   322.1      0.722      1.209      0.483      0.142      0.292     -0.106
671.2500      -3904.613    -3930.790       26.177   333.6      0.908      1.117      0.253      0.213     -0.058      0.015
671.5000      -3904.064    -3929.582       25.517   325.2      0.757      0.838      0.427      0.062     -0.077      0.009
671.7500      -3904.790    -3931.016       26.225   334.2      0.534      0.738      0.444      0.156     -0.304      0.012
672.0000      -3905.205    -3929.899       24.695   314.7      0.362      0.641      0.441     -0.042     -0.040     -0.005
672.2500      -3904.122    -3931.689       27.567   351.3      0.265      1.291      0.766     -0.129      0.005     -0.074
672.5000      -3904.185    -3929.851       25.665   327.1      0.973      1.325      0.245     -0.004      0.352      0.087
672.7500      -3904.833    -3930.982       26.148   333.3      1.103      0.866      0.767      0.150     -0.148     -0.023
673.0000      -3904.692    -3931.219       26.527   338.1      0.889      1.568      0.598      0.370     -0.091     -0.024
673.2500      -3904.518    -3930.482       25.964   330.9      0.716      1.081      0.149     -0.234     -0.296     -0.070
673.5000      -3904.451    -3930.203       25.752   328.2      1.140      0.889      0.500      0.089     -0.062      0.008
673.7500      -3906.909    -3932.334       25.425   324.0      0.914      0.742      0.563      0.037      0.270      0.299
674.0000      -3906.302    -3932.422       26.120   332.9      0.631      0.677      0.452     -0.045      0.043      0.126
674.2500      -3905.098    -3930.542       25.444   324.3      1.312      1.027      0.801      0.161      0.255     -0.089
674.5000      -3906.461    -3931.736       25.275   322.1      0.963      0.852      0.552      0.135     -0.184     -0.206
674.7500      -3905.978    -3930.693       24.716   315.0      0.547      0.813     -0.172     -0.052      0.118     -0.221
675.0000      -3906.527    -3931.359       24.832   316.5      0.451      1.023      0.746      0.018      0.287     -0.331
675.2500      -3903.591    -3930.219       26.628   339.4      0.558      1.042      0.259      0.261      0.179      0.063
675.5000      -3902.573    -3929.416       26.843   342.1      0.870      1.113      0.271      0.271      0.352      0.305
675.7500      -3905.256    -3931.162       25.906   330.2      0.562      1.245      0.586     -0.510      0.160     -0.119
676.0000      -3904.419    -3930.583       26.164   333.5      1.080      1.111      0.432     -0.442      0.084      0.073
676.2500      -3904.035    -3929.508       25.473   324.7      0.812      1.333      0.986     -0.163     -0.127     -0.175
676.5000      -3903.810    -3930.674       26.863   342.4      0.773      0.616      0.379     -0.026      0.043      0.082
676.7500      -3905.660    -3930.014       24.354   310.4      0.827      1.270      0.829      0.054      0.182     -0.116
677.0000      -3904.664    -3930.544       25.880   329.8      0.414      0.781      0.306      0.150      0.198      0.014
677.2500      -3904.973    -3930.545       25.573   325.9      1.143      1.232      0.134      0.123     -0.016     -0.040
677.5000      -3904.274    -3930.093       25.818   329.1      0.898      1.084      0.690     -0.002     -0.123      0.157
677.7500      -3903.046    -3929.701       26.655   339.7      0.242      0.932      0.061      0.294      0.088      0.179
678.0000      -3904.495    -3931.352       26.857   342.3      1.185      1.161      0.648     -0.106     -0.162      0.048
678.2500      -3906.683    -3931.463       24.780   315.8      0.596      0.856     -0.133      0.105     -0.046      0.074
678.5000      -3904.494    -3930.553       26.059   332.1      0.381      1.006      0.397      0.176     -0.177      0.022
678.7500      -3903.322    -3929.464       26.142   333.2      0.801      0.791      0.360     -0.330     -0.148      0.143
679.0000      -3903.706    -3930.356       26.650   339.7      0.132      0.645     -0.483     -0.435      0.052      0.153
679.2500      -3904.290    -3929.457       25.166   320.8      0.438      0.994      0.183     -0.213      0.155     -0.052
679.5000      -3905.633    -3930.441       24.808   316.2      0.816      1.111      0.349     -0.194      0.201     -0.003
679.7500      -3906.319    -3931.339       25.021   318.9      0.882      0.671      0.315      0.283      0.264      0.085
680.0000      -3906.342    -3931.923       25.581   326.0      1.334      0.520      0.566      0.148     -0.135      0.115
680.2500      -3906.569    -3931.994       25.426   324.1      0.311      0.573      0.518      0.029     -0.154      0.002
680.5000      -3905.745    -3931.374       25.628   326.6      1.209      0.686      0.791      0.029     -0.099      0.073
680.7500      -3907.007    -3932.384       25.377   323.4      0.335      0.755     -0.132     -0.044      0.092     -0.078
681.0000      -3907.109    -3931.866       24.757   315.5      0.452      1.073     -0.314      0.214     -0.102     -0.304
681.2500      -3906.130    -3931.518       25.388   323.6      0.540      0.805      0.878     -0.087     -0.125      0.184
681.5000      -3906.405    -3931.229       24.824   316.4      0.335      0.863      0.135     -0.086      0.295      0.034
681.7500      -3905.291    -3931.651       26.360   336.0      0.676      1.113      0.439     -0.183      0.187     -0.099
682.0000      -3906.046    -3932.283       26.238   334.4      0.297      0.764      0.189      0.028      0.042     -0.044
682.2500      -3906.670    -3931.821       25.151   320.6      0.173      0.538     -0.072      0.084     -0.158     -0.041
682.5000      -3906.488    -3932.700       26.212   334.1      0.852      0.941      0.560      0.056     -0.198      0.018
682.7500      -3906.286    -3931.937       25.651   326.9      1.130      1.059     -0.412     -0.194     -0.128      0.225
683.0000      -3903.771    -3930.308       26.537   338.2      0.502      1.237     -0.125     -0.046      0.014      0.078
683.2500      -3905.194    -3931.311       26.117   332.9      1.077      0.435      0.538     -0.025     -0.006      0.474
683.5000      -3906.897    -3932.324       25.427   324.1      1.262      1.326      0.466      0.222     -0.007      0.113
683.7500      -3905.710    -3931.996       26.286   335.0      0.477      0.800     -0.012     -0.021      0.017     -0.019
684.0000      -3905.938    -3931.435       25.497   325.0     -0.083      1.035      0.014      0.000      0.088     -0.062
684.2500      -3906.297    -3930.268       23.971   305.5      0.180      0.661     -0.225      0.079     -0.196      0.289
684.5000      -3906.656    -3932.981       26.325   335.5      0.692      1.052     -0.042     -0.058     -0.111      0.047
684.7500      -3905.256    -3932.141       26.885   342.7      0.707      0.531      0.172     -0.167      0.058      0.036
685.0000      -3908.060    -3931.499       23.440   298.7      0.876      0.613      0.401     -0.638      0.022      0.036
685.2500      -3907.976    -3933.352       25.376   323.4      0.330      0.874      0.367      0.096     -0.126      0.152
685.5000      -3905.162    -3931.498       26.336   335.7      0.806      1.142      0.350     -0.237      0.120      0.085
685.7500      -3905.411    -3931.512       26.101   332.7      0.688      0.788     -0.061      0.196      0.060      0.287
686.0000      -3904.200    -3930.351       26.151   333.3      0.437      0.720      0.647      0.156     -0.207      0.073
686.2500      -3905.439    -3932.570       27.130   345.8      0.775      0.962      0.798     -0.166     -0.130      0.010
686.5000      -3905.242    -3930.799       25.557   325.7      0.655      0.585     -0.174      0.060     -0.259      0.187
686.7500      -3906.458    -3930.946       24.488   312.1      0.973      0.758      0.780     -0.384      0.238     -0.060
687.0000      -3905.537    -3931.144       25.607   326.4      0.850      1.193      0.089     -0.217     -0.248      0.122
687.2500      -3907.476    -3932.491       25.015   318.8      0.849      1.042      0.641     -0.068     -0.335      0.156
687.5000      -3906.812    -3932.094       25.282   322.2      0.868      1.441      0.361      0.181     -0.227      0.094
687.7500      -3905.652    -3932.439       26.787   341.4      0.910      0.548      0.794      0.112     -0.054     -0.145
688.0000      -3906.889    -3932.561       25.671   327.2      0.267      0.679     -0.008      0.085     -0.046      0.095
688.2500      -3907.276    -3931.995       24.718   315.0      0.620      0.690     -0.037      0.146      0.219      0.063
688.5000      -3908.943    -3933.552       24.610   313.7      0.068      0.869      0.111      0.188     -0.002     -0.049
688.7500      -3906.533    -3932.657       26.125   333.0      0.536      0.806      0.778      0.176     -0.059     -0.055
689.0000      -3906.890    -3932.493       25.603   326.3      0.273      0.802      0.001      0.071     -0.274     -0.007
689.2500      -3907.118    -3932.005       24.887   317.2      0.562      0.748     -0.042     -0.457      0.022      0.035
689.5000      -3907.189    -3932.096       24.907   317.4      0.996      0.989      0.087     -0.097     -0.205     -0.120
689.7500      -3907.425    -3933.595       26.169   333.5      0.589      0.742      0.185      0.261     -0.022      0.118
690.0000      -3905.718    -3931.492       25.774   328.5      0.593      0.815      0.384      0.266     -0.174     -0.149
690.2500      -3907.527    -3931.654       24.128   307.5      0.710      0.396      0.353      0.072     -0.168      0.218
690.5000      -3907.466    -3933.060       25.594   326.2      0.929      0.964      0.738      0.233     -0.019      0.154
690.7500      -3907.657    -3932.690       25.033   319.0      0.754      0.835      0.435     -0.195      0.316     -0.040
691.0000      -3906.855    -3931.320       24.465   311.8      0.560      0.597     -0.123      0.210      0.094      0.183
691.2500      -3905.725    -3932.393       26.667   339.9      0.939      1.075      0.443      0.348     -0.271     -0.006
691.5000      -3904.985    -3930.132       25.146   320.5      0.643      1.019      0.217      0.278     -0.348      0.155
691.7500      -3906.276    -3932.109       25.832   329.2      0.612      0.431     -0.300      0.101      0.087     -0.033
692.0000      -3907.138    -3931.359       24.220   308.7      1.142      1.433      1.049     -0.014      0.246      0.006
692.2500      -3905.470    -3930.799       25.329   322.8      0.935      0.586      0.184     -0.255     -0.064     -0.057
692.5000      -3906.029    -3931.971       25.942   330.6      0.718      1.185      0.286     -0.004      0.062      0.064
692.7500      -3904.927    -3932.119       27.192   346.6      0.980      0.686      0.549      0.168     -0.388     -0.041
693.0000      -3905.609    -3931.978       26.369   336.1      0.732      0.468      0.083      0.063     -0.073      0.118
693.2500      -3906.222    -3932.629       26.406   336.6      0.183      0.812     -0.123     -0.213      0.250      0.279
693.5000      -3904.744    -3931.543       26.800   341.6      1.230      1.173      0.678      0.154      0.521     -0.062
693.7500      -3904.648    -3929.991       25.343   323.0      0.455      0.951      0.423     -0.148      0.179      0.057
694.0000      -3907.103    -3931.769       24.665   314.4      0.506      0.563      0.194      0.534      0.015     -0.447
694.2500      -3908.763    -3933.054       24.291   309.6      0.697      1.293      0.756      0.026     -0.512     -0.063
694.5000      -3905.323    -3931.797       26.474   337.4      0.802      1.101      0.683      0.064     -0.301     -0.030
694.7500      -3905.865    -3931.717       25.852   329.5      1.272      1.003      0.798      0.020     -0.066      0.204
695.0000      -3904.395    -3931.111       26.716   340.5      0.880      1.161      0.533      0.257      0.173      0.058
695.2500      -3905.315    -3931.723       26.409   336.6      0.210      0.966     -0.082      0.296      0.175     -0.195
695.5000      -3906.214    -3932.145       25.930   330.5      0.606      0.606      0.242      0.026      0.115     -0.061
695.7500      -3907.322    -3931.720       24.398   311.0      0.163      0.824     -0.092      0.227      0.171     -0.161
696.0000      -3904.868    -3931.134       26.266   334.8      1.140      0.830      0.639     -0.029     -0.157      0.246
696.2500      -3905.836    -3931.632       25.797   328.8      0.344      1.364     -0.273     -0.040     -0.072     -0.019
696.5000      -3904.790    -3931.298       26.508   337.9      0.692      0.751     -0.169      0.179      0.220     -0.087
696.7500      -3905.317    -3931.310       25.993   331.3      0.768      1.110      0.677      0.201      0.150      0.123
697.0000      -3905.437    -3932.557       27.120   345.6      0.234      0.203     -0.017      0.159      0.057      0.272
697.2500      -3906.413    -3932.668       26.255   334.6      0.960      0.459      0.763      0.205      0.169      0.149
697.5000      -3905.084    -3931.772       26.688   340.1      0.732      1.332     -0.209      0.003     -0.290     -0.159
697.7500      -3905.384    -3931.953       26.569   338.6      1.110      0.597      0.329     -0.124     -0.192      0.081
698.0000      -3904.936    -3930.877       25.942   330.6      0.555      1.165      0.439      0.047     -0.142      0.152
698.2500      -3903.669    -3929.945       26.276   334.9      0.778      1.279      0.102      0.173      0.001     -0.087
698.5000      -3903.991    -3930.297       26.306   335.3      1.092      0.953      0.587      0.013      0.064      0.022
698.7500      -3901.978    -3929.619       27.641   352.3      0.396      0.566     -0.183     -0.136     -0.021     -0.021
699.0000      -3905.251    -3931.162       25.911   330.2      0.804      0.693      0.230     -0.015      0.063      0.284
699.2500      -3906.771    -3932.392       25.621   326.5      0.625      0.215      0.101      0.039     -0.132     -0.242
699.5000      -3905.462    -3931.378       25.916   330.3      0.823      0.852     -0.012      0.125     -0.253      0.128
699.7500      -3904.046    -3931.505       27.459   350.0      0.753      0.410      0.091      0.093     -0.161      0.108
700.0000      -3906.119    -3931.878       25.759   328.3      1.024      1.138      0.385      0.140     -0.155     -0.323
700.2500      -3904.658    -3931.732       27.074   345.1      0.575      1.132     -0.627     -0.129      0.011     -0.200
700.5000      -3906.237    -3931.896       25.659   327.0      0.884      1.408     -0.119      0.052      0.006     -0.023
700.7500      -3904.845    -3930.391       25.545   325.6      0.526      0.290      0.307     -0.048     -0.292     -0.052
701.0000      -3904.767    -3930.640       25.873   329.8      0.290      1.047      0.094     -0.068     -0.163      0.118
701.2500      -3903.201    -3929.853       26.651   339.7      0.245      0.257      0.080      0.073      0.083     -0.179
701.5000      -3904.298    -3929.780       25.482   324.8      0.925      1.109      0.050      0.142     -0.019     -0.015
701.7500      -3905.520    -3930.656       25.136   320.4      0.298      0.468     -0.262      0.025      0.046     -0.207
702.0000      -3907.195    -3933.560       26.365   336.0      0.349     -0.236     -0.533     -0.089      0.051     -0.176
702.2500      -3906.808    -3932.268       25.460   324.5      0.726      0.332      0.200     -0.276     -0.183      0.112
702.5000      -3904.539    -3931.192       26.653   339.7      0.433      0.780     -0.333     -0.295     -0.007     -0.142
702.7500      -3905.372    -3931.786       26.414   336.7      0.472      0.286      0.021     -0.021      0.007     -0.114
703.0000      -3905.968    -3931.920       25.952   330.8      0.697      0.677      0.672     -0.224      0.257      0.207
703.2500      -3905.510    -3932.208       26.698   340.3      0.199      0.907      0.052     -0.055      0.052     -0.075
703.5000      -3907.409    -3932.137       24.728   315.2      0.861      0.466      0.917     -0.272     -0.064     -0.034
703.7500      -3908.036    -3932.300       24.264   309.3      0.459      0.966     -0.318     -0.011     -0.026      0.340
704.0000      -3908.343    -3933.375       25.032   319.0      0.521      1.111      0.196      0.060     -0.335     -0.237
704.2500      -3906.078    -3931.552       25.474   324.7      1.350      0.880      0.718     -0.125      0.144      0.136
704.5000      -3905.156    -3930.642       25.486   324.8      0.016      0.813     -0.537     -0.018      0.140     -0.009
704.7500      -3904.456    -3931.612       27.156   346.1      0.672      0.898      0.970      0.039     -0.022      0.189
705.0000      -3904.588    -3930.967       26.379   336.2      0.713      0.293     -0.423      0.482     -0.243      0.010
705.2500      -3906.727    -3933.088       26.361   336.0      0.807      1.225      0.130     -0.086     -0.123     -0.085
705.5000      -3904.860    -3931.346       26.486   337.6      0.573      0.821      0.365     -0.098     -0.152     -0.163
705.7500      -3905.307    -3931.716       26.409   336.6      0.699      0.806      0.470     -0.420     -0.129      0.035
706.0000      -3904.238    -3930.957       26.719   340.5      1.030      0.839      0.319     -0.189      0.257      0.099
706.2500      -3904.582    -3930.796       26.214   334.1      0.946      0.662      0.391      0.060      0.284      0.067
706.5000      -3905.425    -3932.240       26.815   341.8      0.662      0.526      0.214      0.041      0.287      0.064
706.7500      -3905.731    -3930.735       25.005   318.7      0.621      0.487     -0.078     -0.185      0.295     -0.006
707.0000      -3906.476    -3932.150       25.674   327.2      0.982      0.888      0.429     -0.004      0.312     -0.091
707.2500      -3907.285    -3932.148       24.862   316.9      0.904      1.287      0.440     -0.002     -0.016      0.186
707.5000      -3905.908    -3931.513       25.605   326.3      0.667      0.615      0.085     -0.272      0.023     -0.112
707.7500      -3906.230    -3932.560       26.330   335.6      0.837      0.857      0.235      0.228     -0.058      0.083
708.0000      -3905.123    -3931.460       26.337   335.7      0.867      1.173      0.792      0.032     -0.121      0.215
708.2500      -3905.282    -3931.036       25.754   328.2      0.234      0.577      0.123      0.091     -0.189     -0.203
708.5000      -3904.862    -3930.033       25.171   320.8      1.249      1.093      0.493      0.030      0.097     -0.026
708.7500      -3904.597    -3930.956       26.359   336.0      1.302      0.499      0.208     -0.193      0.100      0.166
709.0000      -3906.222    -3932.208       25.986   331.2      0.708      0.920     -0.183     -0.231      0.397     -0.024
709.2500      -3906.536    -3931.593       25.057   319.4      0.659      0.844      0.063      0.305      0.159     -0.002
709.5000      -3906.786    -3932.263       25.477   324.7      0.794      1.123     -0.308      0.000      0.026      0.100
709.7500      -3905.727    -3931.624       25.897   330.1      1.083      0.649     -0.130     -0.020      0.133     -0.113
710.0000      -3904.791    -3931.353       26.562   338.5      0.654      1.256      0.457      0.093      0.057      0.224
710.2500      -3903.970    -3929.529       25.559   325.8      0.657      0.394      0.065     -0.209     -0.149      0.073
710.5000      -3904.929    -3931.440       26.511   337.9      0.585      0.773      0.085     -0.255      0.116     -0.034
710.7500      -3904.220    -3931.064       26.844   342.1      0.516      0.613      0.080     -0.103      0.089      0.047
711.0000      -3906.139    -3933.143       27.004   344.2      0.941      0.557     -0.039     -0.177     -0.234     -0.046
711.2500      -3905.523    -3930.351       24.827   316.4      1.095      0.976      0.130      0.057     -0.108      0.180
711.5000      -3905.703    -3931.234       25.531   325.4      0.412      0.935      0.371     -0.099      0.221      0.072
711.7500      -3905.154    -3931.273       26.119   332.9      0.773      0.759      0.092      0.173      0.326      0.042
712.0000      -3904.585    -3929.239       24.654   314.2      0.691      0.787      0.183      0.178     -0.234      0.309
712.2500      -3904.170    -3930.796       26.627   339.4      0.922      0.923      0.292      0.208     -0.094     -0.139
712.5000      -3906.524    -3932.444       25.921   330.4      0.681      0.635     -0.088      0.257     -0.108     -0.357
712.7500      -3907.688    -3931.928       24.240   308.9      0.768      0.673     -0.166      0.001     -0.144     -0.010
713.0000      -3906.995    -3931.689       24.694   314.7      1.033      0.509      0.732     -0.043      0.148      0.070
713.2500      -3906.914    -3932.158       25.244   321.7      1.286      0.910     -0.248      0.165     -0.036     -0.049
713.5000      -3905.285    -3932.039       26.754   341.0      0.942      0.752     -0.006     -0.158     -0.104     -0.051
713.7500      -3906.860    -3931.219       24.360   310.5      0.628      0.519     -0.314      0.103      0.385      0.192
714.0000      -3905.089    -3930.630       25.542   325.5      1.080      1.124      0.509     -0.301     -0.227      0.100
714.2500      -3905.447    -3932.296       26.848   342.2      0.579      0.511      0.631     -0.096     -0.307     -0.201
714.5000      -3905.670    -3931.169       25.499   325.0      0.934      0.273      0.262      0.035     -0.086     -0.034
714.7500      -3905.644    -3930.247       24.603   313.6      0.607      1.510      0.234     -0.126     -0.041     -0.165
715.0000      -3905.140    -3931.895       26.755   341.0      0.132      0.772      0.267     -0.192     -0.144      0.037
715.2500      -3904.480    -3929.756       25.275   322.1      0.764      0.486      0.652      0.246     -0.036      0.279
715.5000      -3906.398    -3931.049       24.650   314.2      0.702      0.937      0.080     -0.167      0.037     -0.030
715.7500      -3906.998    -3932.424       25.426   324.1      0.368      1.339      0.033     -0.331      0.144      0.123
716.0000      -3906.879    -3931.749       24.869   317.0      1.157      1.254      0.890     -0.165      0.004      0.080
716.2500      -3907.344    -3932.515       25.171   320.8      0.202      0.992     -0.467      0.086      0.146      0.071
716.5000      -3906.566    -3931.475       24.910   317.5      0.840      0.755      0.518     -0.114      0.367      0.159
716.7500      -3904.227    -3930.539       26.312   335.4      0.582      0.963      0.135      0.185      0.043      0.122
717.0000      -3906.011    -3932.485       26.474   337.4      0.150      0.509      0.138      0.121     -0.012      0.241
717.2500      -3906.911    -3932.435       25.524   325.3      0.683      1.419      0.162      0.049      0.346      0.279
717.5000      -3905.240    -3931.647       26.407   336.6      0.811      1.234      0.554      0.009      0.250      0.374
717.7500      -3905.754    -3932.466       26.712   340.5      0.741      0.566     -0.232     -0.351     -0.357      0.035
718.0000      -3907.546    -3932.025       24.479   312.0      0.921      1.139      0.622     -0.016     -0.275      0.144
718.2500      -3907.931    -3931.805       23.874   304.3      0.493      1.054      0.392     -0.136      0.024      0.148
718.5000      -3905.882    -3931.297       25.415   323.9      1.315      1.005      0.582     -0.206     -0.112      0.197
718.7500      -3904.725    -3930.904       26.179   333.7      0.829      0.342      0.219     -0.202     -0.143     -0.153
719.0000      -3905.664    -3932.801       27.137   345.9      0.825      0.704      0.138     -0.300      0.224     -0.013
719.2500      -3906.775    -3933.236       26.462   337.3      0.937      0.610      0.222     -0.115     -0.044      0.059
719.5000      -3904.323    -3930.972       26.649   339.6      0.581      0.485     -0.676      0.004      0.013      0.147
719.7500      -3904.574    -3930.846       26.272   334.8      0.171      0.533     -0.104      0.128      0.309     -0.064
720.0000      -3907.160    -3932.047       24.887   317.2      0.927      1.106     -0.024     -0.335      0.223      0.220
720.2500      -3908.169    -3932.756       24.587   313.4      0.558      0.686      0.654     -0.254     -0.091     -0.035
720.5000      -3906.997    -3933.213       26.216   334.1      1.047      0.599      0.866     -0.310      0.063     -0.125
720.7500      -3906.077    -3931.467       25.389   323.6      0.031      0.298     -0.110     -0.085     -0.147     -0.399
721.0000      -3906.161    -3930.956       24.795   316.0      0.624      0.671      0.453      0.103     -0.378      0.077
721.2500      -3906.688    -3931.510       24.822   316.4      0.538      0.928      0.056      0.005     -0.294     -0.048
721.5000      -3905.715    -3932.845       27.130   345.8      1.112      0.572     -0.076      0.294      0.075     -0.008
721.7500      -3904.712    -3930.058       25.346   323.0      1.140      0.975     -0.059     -0.150     -0.160      0.080
722.0000      -3906.309    -3931.117       24.809   316.2      0.745      1.091      0.521     -0.002     -0.197     -0.176
722.2500      -3905.534    -3931.017       25.482   324.8      1.473      0.931      0.656     -0.288      0.014     -0.108
722.5000      -3906.182    -3932.762       26.580   338.8      0.308      0.513      0.487     -0.173     -0.071      0.019
722.7500      -3905.586    -3932.903       27.318   348.2      0.568      0.624      0.039     -0.041     -0.093     -0.093
723.0000      -3905.099    -3931.608       26.509   337.9      0.534      1.065      0.731      0.077     -0.221      0.365
723.2500      -3905.140    -3932.332       27.192   346.6      1.288      1.066      0.694      0.147     -0.324      0.183
723.5000      -3905.008    -3929.924       24.916   317.6      0.711      0.765      0.277      0.152     -0.084      0.027
723.7500      -3904.772    -3932.245       27.473   350.1      0.710      0.802     -0.043      0.304     -0.399     -0.218
724.0000      -3906.709    -3932.439       25.730   327.9      0.473      0.962      0.585      0.209      0.162     -0.164
724.2500      -3906.651    -3931.770       25.119   320.1      0.690      0.789      0.339     -0.090     -0.009      0.065
724.5000      -3907.142    -3932.505       25.363   323.3      1.052      0.658      0.334     -0.248     -0.305      0.231
724.7500      -3909.600    -3934.366       24.765   315.6      0.729      0.840     -0.132     -0.083     -0.264      0.076
725.0000      -3906.926    -3933.543       26.617   339.2      0.586      1.175      0.685     -0.085     -0.291      0.236
725.2500      -3907.511    -3932.018       24.507   312.3      1.413      1.145      0.491     -0.178      0.006     -0.096
725.5000      -3907.654    -3933.011       25.357   323.2      0.321      0.528     -0.157      0.000     -0.235     -0.045
725.7500      -3906.082    -3932.575       26.493   337.7      0.602      1.038      0.485     -0.256     -0.044      0.175
726.0000      -3908.112    -3932.326       24.214   308.6      1.041      0.790      0.936      0.080      0.051      0.147
726.2500      -3907.323    -3931.902       24.579   313.3      0.881      0.886      0.459      0.042     -0.294     -0.093
726.5000      -3906.249    -3932.634       26.384   336.3      0.744      0.882      0.124      0.034      0.281     -0.068
726.7500      -3906.439    -3932.833       26.394   336.4      1.009      0.711      0.465      0.307     -0.079     -0.140
727.0000      -3905.313    -3931.626       26.313   335.4      0.490      0.455     -0.025      0.175     -0.252     -0.035
727.2500      -3907.365    -3932.963       25.599   326.3      0.550      1.273      0.216      0.084     -0.114     -0.202
727.5000      -3907.426    -3934.118       26.692   340.2      1.351      1.347      0.394     -0.046     -0.184     -0.045
727.7500      -3906.294    -3931.308       25.014   318.8      0.910      0.680      0.511      0.045      0.081      0.135
728.0000      -3906.544    -3930.881       24.337   310.2      0.746      0.980      0.135     -0.057     -0.286      0.023
728.2500      -3904.326    -3931.198       26.873   342.5      0.918      0.236      0.548      0.032     -0.162      0.174
728.5000      -3905.730    -3930.546       24.816   316.3      0.803      1.150      0.647      0.279     -0.055      0.192
728.7500      -3905.867    -3931.994       26.127   333.0      0.910      0.611      0.512      0.188      0.229     -0.136
729.0000      -3906.959    -3932.328       25.369   323.3      0.980      1.005      0.330     -0.249      0.419      0.111
729.2500      -3907.070    -3932.927       25.857   329.6      0.504      0.998      0.442     -0.316      0.269      0.260
729.5000      -3906.279    -3932.465       26.186   333.8      0.876      0.909     -0.082      0.071      0.075     -0.029
729.7500      -3905.625    -3931.174       25.549   325.6      0.773      0.872      0.146      0.269      0.139      0.097
730.0000      -3907.402    -3933.437       26.035   331.8      1.003      1.416      0.759      0.352     -0.092      0.266
730.2500      -3908.132    -3932.532       24.400   311.0      0.825      0.580     -0.259     -0.207      0.209     -0.158
730.5000      -3907.474    -3931.673       24.198   308.4      0.821      1.383      0.594      0.064     -0.014      0.099
730.7500      -3907.583    -3931.972       24.389   310.8      1.336      0.870      0.241     -0.129      0.031      0.087
731.0000      -3907.190    -3931.667       24.477   312.0      0.514      0.927      0.633      0.052      0.203     -0.105
731.2500      -3906.482    -3932.219       25.736   328.0      0.552      0.717     -0.016     -0.067     -0.113      0.077
731.5000      -3903.743    -3931.000       27.257   347.4      0.907      0.920      0.357     -0.043     -0.069     -0.116
731.7500      -3904.668    -3930.693       26.025   331.7      1.096      0.848      0.312      0.380     -0.371     -0.304
732.0000      -3904.736    -3932.062       27.326   348.3      1.158      0.574     -0.136      0.174     -0.158      0.057
732.2500      -3906.281    -3932.047       25.766   328.4      0.828      0.874      0.019      0.326     -0.619      0.251
732.5000      -3905.830    -3931.731       25.902   330.1      0.952      0.924     -0.163      0.130      0.210      0.050
732.7500      -3906.735    -3931.837       25.102   319.9      0.737      0.986      0.564      0.128      0.165      0.187
733.0000      -3906.717    -3932.745       26.027   331.7      0.397      0.733      0.044     -0.361      0.214      0.083
733.2500      -3904.230    -3931.243       27.013   344.3      0.531      0.543     -0.047     -0.040     -0.120      0.119
733.5000      -3904.113    -3930.272       26.160   333.4      0.890      1.108      0.540     -0.376     -0.307      0.021
733.7500      -3904.714    -3931.863       27.149   346.0      0.905      0.514      0.574     -0.110      0.041     -0.090
734.0000      -3906.821    -3931.771       24.950   318.0      0.672      1.159      0.723     -0.017      0.074     -0.074
734.2500      -3905.988    -3930.850       24.862   316.9      0.328      0.848     -0.147     -0.047      0.183      0.030
734.5000      -3904.438    -3931.536       27.097   345.4      0.476      0.959     -0.097     -0.378     -0.126      0.054
734.7500      -3904.514    -3930.839       26.325   335.5      0.817      1.191      1.044     -0.124      0.161      0.091
735.0000      -3903.845    -3931.236       27.391   349.1      0.286      0.746      0.090      0.194     -0.269     -0.065
735.2500      -3906.628    -3932.967       26.339   335.7      0.263      0.879      0.880      0.287     -0.266      0.065
735.5000      -3906.045    -3931.345       25.299   322.4      1.549      1.225      1.122      0.032      0.157      0.031
735.7500      -3906.800    -3931.708       24.908   317.5      1.088      0.936     -0.511     -0.006      0.028     -0.293
736.0000      -3906.835    -3932.609       25.774   328.5      1.036      1.283      0.713      0.137     -0.002      0.106
736.2500      -3906.768    -3931.436       24.667   314.4      0.760      0.944      0.053     -0.211      0.025     -0.233
736.5000      -3907.695    -3934.069       26.374   336.1      0.913      1.324      0.304     -0.088      0.013      0.036
736.7500      -3906.112    -3930.852       24.740   315.3      1.030      1.269      0.362      0.307     -0.058      0.318
737.0000      -3907.346    -3932.170       24.823   316.4      0.684      0.599      0.313     -0.083      0.325      0.023
737.2500      -3907.078    -3932.393       25.315   322.6      0.656      1.279      1.000     -0.161     -0.205      0.043
737.5000      -3905.995    -3930.625       24.630   313.9      1.067      0.578      0.561      0.005      0.231      0.106
737.7500      -3903.956    -3931.348       27.392   349.1      0.723      0.831      0.221      0.193      0.098      0.160
738.0000      -3906.431    -3932.477       26.046   332.0      1.231      1.015      0.878      0.276     -0.090     -0.121
738.2500      -3905.785    -3930.139       24.354   310.4      0.543      0.989     -0.034      0.322      0.234      0.049
738.5000      -3906.054    -3929.973       23.919   304.9      1.085      0.897      0.222     -0.120      0.115     -0.156
738.7500      -3903.980    -3930.015       26.035   331.8      0.806      1.082      0.209     -0.179      0.154     -0.138
739.0000      -3903.733    -3929.615       25.882   329.9      0.761      0.789      0.350     -0.387      0.163     -0.102
739.2500      -3903.318    -3929.500       26.182   333.7      0.693      1.531     -0.202     -0.001      0.093     -0.251
739.5000      -3905.284    -3930.797       25.513   325.2      0.742      1.111     -0.123     -0.179      0.184      0.166
739.7500      -3904.372    -3929.725       25.353   323.1      1.154      0.978      0.373      0.097      0.142     -0.155
740.0000      -3904.033    -3929.949       25.917   330.3      0.843      1.134      0.207      0.285      0.373     -0.014
740.2500      -3904.012    -3930.880       26.868   342.4      1.024      1.019      0.655      0.222     -0.076      0.060
740.5000      -3906.100    -3931.623       25.522   325.3      0.677      1.219      0.581     -0.194      0.417      0.031
740.7500      -3904.216    -3930.862       26.646   339.6     -0.038      0.954      0.523     -0.073      0.166     -0.286
741.0000      -3902.477    -3928.377       25.901   330.1      0.874      1.703      0.534      0.340      0.324     -0.091
741.2500      -3904.268    -3930.812       26.544   338.3      0.423      0.836      0.379     -0.081      0.360      0.318
741.5000      -3904.825    -3929.541       24.716   315.0      1.272      0.795      0.570      0.077      0.221     -0.020
741.7500      -3905.404    -3931.482       26.078   332.4      0.452      0.613      0.128      0.104     -0.320      0.068
742.0000      -3905.566    -3931.327       25.761   328.3      0.858      1.096      0.302     -0.070     -0.048     -0.088
742.2500      -3904.404    -3932.056       27.652   352.4      1.373      1.360      0.887     -0.414      0.438     -0.011
742.5000      -3904.642    -3932.215       27.573   351.4      0.997      1.064     -0.089      0.062      0.003     -0.103
742.7500      -3905.125    -3931.935       26.810   341.7      1.075      0.930      0.611      0.058     -0.097     -0.105
743.0000      -3905.548    -3931.622       26.074   332.3      0.932      1.267      0.195      0.082     -0.020      0.147
743.2500      -3905.244    -3930.806       25.562   325.8      0.825      0.689      0.399      0.079     -0.098     -0.111
743.5000      -3904.621    -3930.001       25.380   323.5      0.716      1.176     -0.322     -0.078     -0.033      0.128
743.7500      -3902.852    -3929.812       26.960   343.6      0.660      0.842     -0.038     -0.153     -0.211      0.069
744.0000      -3903.811    -3929.885       26.074   332.3      1.233      0.799      0.490      0.182     -0.081      0.087
744.2500      -3903.026    -3928.636       25.610   326.4      0.679      0.747      0.174     -0.128     -0.056      0.155
744.5000      -3904.195    -3930.545       26.350   335.8      1.334      1.259      0.322      0.041      0.043     -0.069
744.7500      -3904.394    -3931.090       26.697   340.3      0.690      0.309      0.092     -0.081      0.129      0.002
745.0000      -3904.435    -3930.523       26.088   332.5      0.753      1.175      0.218      0.086      0.282      0.079
745.2500      -3904.908    -3931.166       26.258   334.7      0.341      0.866      0.439      0.474      0.134     -0.001
745.5000      -3905.376    -3931.444       26.068   332.2      0.392      0.403      0.080      0.136     -0.078     -0.133
745.7500      -3905.468    -3930.912       25.444   324.3      0.719      0.600      0.130     -0.109     -0.364     -0.292
746.0000      -3904.272    -3930.540       26.267   334.8      0.715      1.055      0.772      0.126      0.230      0.169
746.2500      -3904.676    -3929.809       25.133   320.3      0.453      0.978     -0.341     -0.244      0.254      0.120
746.5000      -3903.297    -3930.233       26.935   343.3      1.005      0.805      0.908      0.151      0.063     -0.079
746.7500      -3903.881    -3930.320       26.439   337.0      0.411      1.072      0.116      0.079     -0.078     -0.196
747.0000      -3905.914    -3930.548       24.634   314.0      0.701      1.223      0.594     -0.093      0.048     -0.240
747.2500      -3903.887    -3930.717       26.829   341.9      0.977      1.134      0.975      0.138      0.154      0.025
747.5000      -3905.553    -3931.692       26.139   333.1      0.553      0.770      0.267     -0.166      0.153      0.300
747.7500      -3903.924    -3930.156       26.232   334.3      0.704      0.861      0.342      0.021      0.156     -0.036
748.0000      -3905.860    -3932.677       26.817   341.8      0.353      0.778     -0.135     -0.209      0.082      0.270
748.2500      -3904.947    -3930.910       25.963   330.9      0.519      0.942      0.404     -0.276     -0.051     -0.175
748.5000      -3905.385    -3930.644       25.259   321.9      0.765      1.131      0.687     -0.267      0.102      0.175
748.7500      -3905.553    -3931.137       25.584   326.1      0.807      0.341     -0.128     -0.190      0.158     -0.056
749.0000      -3905.577    -3931.180       25.603   326.3      0.876      1.224     -0.068     -0.085      0.195      0.086
749.2500      -3905.193    -3930.909       25.716   327.8      0.858      0.897      0.115     -0.066     -0.024     -0.151
749.5000      -3905.164    -3932.425       27.261   347.4      1.140      1.232      0.871      0.128      0.139     -0.216
749.7500      -3904.476    -3929.969       25.493   324.9      0.397      0.701      0.630     -0.197     -0.159     -0.272
750.0000      -3906.794    -3931.527       24.733   315.2      0.693      0.977      0.418     -0.085     -0.046      0.164
750.2500      -3904.551    -3929.964       25.412   323.9      0.900      0.845      0.673      0.094     -0.003      0.238
750.5000      -3904.340    -3929.871       25.531   325.4      0.659      0.908      0.259     -0.019      0.032      0.325
750.7500      -3904.985    -3931.516       26.531   338.1      0.719      1.246      0.138      0.238     -0.103      0.353
751.0000      -3904.581    -3930.088       25.506   325.1      1.537      0.867      0.577      0.165     -0.050      0.137
751.2500      -3904.719    -3929.918       25.199   321.2      0.930      1.020      0.131      0.028     -0.033      0.098
751.5000      -3904.570    -3930.327       25.757   328.3      0.541      1.106      0.476     -0.152      0.079      0.357
751.7500      -3902.840    -3929.872       27.033   344.5      0.758      1.452     -0.052     -0.099     -0.165      0.066
752.0000      -3902.947    -3930.054       27.107   345.5      0.495      0.614      0.355      0.027     -0.040      0.170
752.2500      -3905.661    -3933.054       27.392   349.1      1.051      1.038      0.900     -0.215     -0.033     -0.093
752.5000      -3904.307    -3930.439       26.132   333.1      0.198      1.157     -0.052      0.101      0.080     -0.057
752.7500      -3905.250    -3932.276       27.027   344.5      1.078      0.617      0.309      0.181     -0.257     -0.146
753.0000      -3905.919    -3930.415       24.496   312.2      0.027      1.185      0.519     -0.082     -0.125     -0.163
753.2500      -3906.181    -3932.337       26.156   333.4      0.254      1.020      0.409     -0.282      0.106      0.090
753.5000      -3904.583    -3930.136       25.553   325.7      0.977      0.802      0.313     -0.008      0.216      0.047
753.7500      -3904.882    -3930.734       25.852   329.5      0.760      1.015      0.398     -0.127     -0.224      0.001
754.0000      -3904.284    -3929.942       25.658   327.0      0.466      0.625      0.280     -0.039      0.015      0.210
754.2500      -3905.265    -3930.859       25.594   326.2      0.709      0.672      0.649     -0.296     -0.188      0.192
754.5000      -3904.764    -3930.807       26.043   331.9      0.848      0.566      0.386      0.071      0.208      0.085
754.7500      -3905.413    -3931.398       25.985   331.2      0.451      1.099      0.202      0.210     -0.195     -0.183
755.0000      -3906.572    -3931.390       24.819   316.3      0.859      0.745      0.233     -0.259      0.225     -0.126
755.2500      -3905.366    -3930.767       25.402   323.7      0.655      0.537      0.239     -0.088     -0.349      0.142
755.5000      -3906.464    -3933.019       26.556   338.5      0.720      0.973      0.240     -0.027      0.028     -0.057
755.7500      -3905.887    -3931.657       25.770   328.4      0.540      0.353      0.062     -0.180      0.029     -0.095
756.0000      -3904.242    -3929.713       25.471   324.6      1.023      1.101      0.793     -0.111      0.031      0.038
756.2500      -3903.213    -3928.104       24.891   317.2      0.425      0.444      0.052      0.275     -0.136     -0.037
756.5000      -3905.328    -3931.843       26.515   337.9      0.940      1.027     -0.124     -0.287      0.050     -0.365
756.7500      -3904.689    -3929.562       24.873   317.0      0.687      1.150      0.996     -0.233     -0.107      0.060
757.0000      -3906.454    -3931.374       24.920   317.6      0.596      0.433      0.410      0.312      0.354     -0.017
757.2500      -3906.069    -3931.599       25.531   325.4      0.727      1.063      1.027     -0.121      0.044     -0.322
757.5000      -3905.885    -3932.485       26.600   339.0      1.013      1.361      0.682      0.163     -0.154      0.176
757.7500      -3904.380    -3930.806       26.426   336.8      0.752      0.427      0.305     -0.173      0.137      0.137
758.0000      -3904.093    -3930.127       26.034   331.8      0.561      0.997      0.688     -0.092      0.388      0.091
758.2500      -3903.711    -3930.757       27.046   344.7      0.330      0.772      0.077     -0.081     -0.073     -0.141
758.5000      -3903.669    -3930.519       26.849   342.2      0.980      0.805      0.669     -0.122      0.067     -0.127
758.7500      -3902.766    -3930.182       27.416   349.4      0.800      0.732      0.353     -0.051     -0.101      0.007
759.0000      -3903.293    -3928.823       25.529   325.4      0.794      0.549     -0.168      0.075     -0.105      0.335
759.2500      -3901.796    -3928.849       27.054   344.8      0.919      0.438      0.284      0.103     -0.089     -0.294
759.5000      -3903.587    -3929.948       26.360   336.0      0.830      1.191      0.181     -0.181      0.471      0.030
759.7500      -3901.654    -3930.353       28.698   365.8      1.004      0.643      0.562     -0.065      0.213      0.177
760.0000      -3903.205    -3929.249       26.044   331.9      0.403      0.696      0.138     -0.149      0.225     -0.097
760.2500      -3903.130    -3929.671       26.541   338.3      1.039      1.018      0.436      0.164     -0.077      0.188
760.5000      -3903.608    -3930.140       26.532   338.2      0.739      0.626     -0.180      0.256     -0.172     -0.001
760.7500      -3903.714    -3930.638       26.923   343.1      1.274      0.781      0.027      0.261      0.189     -0.021
761.0000      -3904.303    -3930.218       25.915   330.3      0.743      0.923      0.662      0.082      0.393      0.102
761.2500      -3903.449    -3929.574       26.125   333.0      0.436      0.782      0.169      0.115      0.072     -0.043
761.5000      -3904.431    -3931.079       26.648   339.6      0.535      0.530     -0.115     -0.135      0.135     -0.177
761.7500      -3905.221    -3929.524       24.304   309.8      0.594      1.348      0.455     -0.481     -0.109     -0.070
762.0000      -3903.726    -3930.486       26.760   341.1      0.652      0.933      0.234      0.105      0.120     -0.066
762.2500      -3902.868    -3930.057       27.189   346.5      0.624      1.162      0.270     -0.239      0.321     -0.011
762.5000      -3903.863    -3932.158       28.295   360.6      0.664      0.962      0.233     -0.069      0.008      0.018
762.7500      -3905.452    -3932.375       26.924   343.1      0.697      0.957      0.487     -0.162      0.212      0.047
763.0000      -3904.526    -3930.916       26.390   336.3      0.519      0.861      0.376     -0.133      0.178      0.084
763.2500      -3904.025    -3929.994       25.969   331.0      0.388      0.458     -0.335     -0.005      0.074     -0.017
763.5000      -3904.106    -3930.735       26.628   339.4      0.780      0.669      0.671     -0.053      0.304      0.305
763.7500      -3906.110    -3932.084       25.974   331.0      1.264      1.096      0.061     -0.063      0.536     -0.169
764.0000      -3906.696    -3932.761       26.065   332.2      1.258      0.198     -0.092      0.115     -0.098      0.088
764.2500      -3906.881    -3931.316       24.435   311.4      1.349      0.843      0.558     -0.026     -0.152     -0.108
764.5000      -3906.864    -3932.210       25.346   323.0      0.398      0.517      0.077      0.069     -0.023      0.014
764.7500      -3904.087    -3931.673       27.585   351.6      0.879      0.784      0.338      0.404      0.259      0.354
765.0000      -3904.409    -3930.224       25.815   329.0      0.706      0.736      0.238     -0.025      0.256      0.124
765.2500      -3904.040    -3929.822       25.782   328.6      0.541      0.789      0.278     -0.293      0.258      0.245
765.5000      -3905.108    -3931.714       26.606   339.1      1.329      1.234      0.550     -0.019     -0.202      0.182
765.7500      -3906.568    -3932.859       26.292   335.1      0.574      0.465      0.380     -0.141     -0.051     -0.149
766.0000      -3906.413    -3932.866       26.454   337.2      0.658      0.564      0.299      0.016      0.055      0.078
766.2500      -3908.059    -3934.362       26.303   335.2      0.798      0.967      0.117      0.147      0.386     -0.073
766.5000      -3907.278    -3933.857       26.579   338.8      0.845      0.359      0.584     -0.009      0.186     -0.048
766.7500      -3907.577    -3932.091       24.513   312.4      0.575      0.545      0.394     -0.040      0.002      0.110
767.0000      -3906.262    -3932.654       26.392   336.4      0.113      1.047      0.227      0.147     -0.331      0.011
767.2500      -3905.761    -3930.812       25.050   319.3      1.051      0.786      0.432      0.079     -0.102      0.149
767.5000      -3904.803    -3931.011       26.208   334.0      0.127      0.431      0.005     -0.055      0.042      0.052
767.7500      -3906.668    -3931.681       25.012   318.8      0.329      0.804     -0.050     -0.329      0.198     -0.081
768.0000      -3906.642    -3933.575       26.933   343.3      0.469      0.580      0.452      0.043      0.328      0.193
768.2500      -3905.539    -3932.212       26.673   340.0      0.608      0.380     -0.439      0.380     -0.009      0.201
768.5000      -3905.969    -3931.374       25.405   323.8      1.072      0.813      0.575      0.103     -0.095      0.149
768.7500      -3906.328    -3932.271       25.943   330.7      0.633      0.462     -0.264      0.097     -0.114     -0.087
769.0000      -3904.147    -3931.740       27.594   351.7      1.258      0.792      0.043      0.063     -0.052     -0.104
769.2500      -3905.583    -3931.039       25.457   324.5      0.280      0.514     -0.251      0.379      0.190     -0.020
769.5000      -3907.479    -3932.772       25.293   322.4      0.582      0.729     -0.670     -0.146      0.096     -0.392
769.7500      -3906.530    -3931.528       24.998   318.6      0.810      0.846      0.541      0.143     -0.096      0.041
770.0000      -3904.390    -3930.473       26.083   332.4      0.358      0.201     -0.458      0.431      0.183      0.306
770.2500      -3904.966    -3931.282       26.316   335.4      0.400      0.645     -0.294     -0.156     -0.036     -0.136
770.5000      -3905.280    -3933.318       28.038   357.4      0.238      0.700     -0.306     -0.053     -0.093     -0.187
770.7500      -3907.714    -3933.755       26.041   331.9      0.286     -0.057     -0.379     -0.136      0.214     -0.149
771.0000      -3905.696    -3932.350       26.654   339.7      0.895      1.018      0.113      0.165     -0.296     -0.051
771.2500      -3907.466    -3932.484       25.018   318.9      0.438      0.277     -0.215     -0.047     -0.310      0.185
771.5000      -3908.142    -3933.395       25.252   321.8      0.848      0.705     -0.238     -0.007      0.058      0.043
771.7500      -3907.500    -3933.583       26.084   332.4      0.721      0.616      0.584     -0.034      0.194      0.128
772.0000      -3908.418    -3934.476       26.058   332.1      0.514      0.710     -0.600     -0.047     -0.225     -0.273
772.2500      -3909.280    -3933.841       24.561   313.0      0.541      0.737     -0.058     -0.039      0.151      0.081
772.5000      -3907.842    -3932.754       24.912   317.5      0.777      0.906     -0.082     -0.168      0.039      0.082
772.7500      -3906.205    -3931.788       25.583   326.1      0.586      0.628      0.135      0.004      0.097     -0.087
773.0000      -3905.728    -3931.613       25.886   329.9      1.052      0.422      0.231     -0.206      0.196     -0.145
773.2500      -3907.055    -3932.579       25.524   325.3      0.465      0.346     -0.422     -0.009      0.013     -0.141
773.5000      -3905.809    -3933.087       27.278   347.7      0.493      0.522      0.264     -0.149     -0.253      0.307
773.7500      -3904.234    -3931.087       26.852   342.2      0.537      0.610      0.159      0.183      0.226     -0.129
774.0000      -3904.404    -3931.848       27.444   349.8      0.214     -0.069      0.352     -0.067      0.325      0.235
774.2500      -3904.656    -3931.097       26.441   337.0      1.142      1.105      0.063      0.018      0.207      0.070
774.5000      -3905.218    -3931.748       26.530   338.1      0.468      0.953     -0.442      0.044     -0.198     -0.007
774.7500      -3905.855    -3931.700       25.846   329.4      1.025      0.541     -0.050     -0.141      0.107     -0.030
775.0000      -3907.866    -3933.004       25.138   320.4      1.026      0.867      0.411      0.119     -0.309      0.209
775.2500      -3907.100    -3932.274       25.174   320.8      0.499      1.116     -0.032      0.084     -0.220      0.077
775.5000      -3905.706    -3931.012       25.306   322.5      1.016      0.851      0.551      0.034      0.041      0.157
775.7500      -3905.811    -3932.026       26.215   334.1      0.382      0.827     -0.508      0.109      0.315     -0.367
776.0000      -3906.039    -3930.997       24.958   318.1      0.607      0.949     -0.089     -0.261     -0.078      0.166
776.2500      -3905.368    -3930.589       25.221   321.4      1.311      0.736      0.432     -0.140     -0.208      0.054
776.5000      -3904.716    -3930.480       25.765   328.4      0.834      0.860      0.015     -0.167      0.248      0.297
776.7500      -3903.976    -3931.513       27.537   351.0      0.511      0.747     -0.203     -0.290      0.137      0.006
777.0000      -3906.433    -3931.894       25.461   324.5      0.970      1.197      0.459     -0.094      0.177      0.168
777.2500      -3906.669    -3931.918       25.250   321.8      0.460      0.597     -0.437      0.132      0.093      0.196
777.5000      -3905.047    -3929.877       24.830   316.5      0.615      1.399      0.497      0.098      0.007     -0.132
777.7500      -3906.361    -3932.424       26.063   332.2      0.576      0.539      0.266     -0.031      0.101      0.093
778.0000      -3904.841    -3931.883       27.043   344.7      0.295      0.433      0.239     -0.116     -0.094     -0.257
778.2500      -3905.197    -3932.595       27.398   349.2      0.779      0.705      0.664     -0.347      0.406     -0.069
778.5000      -3905.899    -3931.945       26.046   332.0      0.085      0.274     -0.181      0.056      0.084     -0.078
778.7500      -3905.994    -3931.841       25.848   329.4      0.552      0.618     -0.250      0.043      0.148     -0.032
779.0000      -3906.134    -3931.139       25.005   318.7      1.323      0.495      0.413      0.242     -0.039      0.370
779.2500      -3905.311    -3931.749       26.437   337.0      0.632      1.060      0.281     -0.162      0.088      0.023
779.5000      -3905.823    -3931.205       25.382   323.5      0.728      0.989      0.522     -0.146     -0.007      0.096
779.7500      -3907.151    -3933.286       26.135   333.1      0.848      0.669     -0.070      0.195     -0.036      0.087
780.0000      -3907.400    -3933.089       25.688   327.4      0.646      0.497      0.062     -0.067     -0.213      0.080
780.2500      -3906.200    -3932.900       26.699   340.3      0.280      0.893      0.069      0.121     -0.052     -0.008
780.5000      -3906.679    -3931.408       24.730   315.2      0.295      0.983      0.095     -0.061      0.014      0.046
780.7500      -3905.076    -3930.283       25.207   321.3      0.914      0.691      0.234      0.255      0.230     -0.073
781.0000      -3905.076    -3930.347       25.271   322.1      1.047      1.173      0.457     -0.007      0.024      0.229
781.2500      -3904.120    -3929.565       25.445   324.3      1.025      1.150     -0.148      0.130      0.191      0.027
781.5000      -3903.007    -3930.676       27.669   352.6      0.775      0.906      0.324      0.537     -0.107      0.139
781.7500      -3903.466    -3928.877       25.411   323.9      0.802      1.130      0.183     -0.125     -0.261     -0.209
782.0000      -3903.204    -3929.380       26.176   333.6      0.345      0.947      0.271      0.064      0.115     -0.117
782.2500      -3905.027    -3930.801       25.773   328.5      0.992      0.822      0.289     -0.070      0.176     -0.301
782.5000      -3904.278    -3931.384       27.106   345.5      0.957      0.798      0.075      0.098      0.174      0.010
782.7500      -3903.773    -3930.239       26.466   337.3      0.645      1.317      0.474     -0.071      0.058      0.143
783.0000      -3905.765    -3931.292       25.526   325.3      1.097      0.517      0.050     -0.233      0.121     -0.288
783.2500      -3904.455    -3930.637       26.182   333.7      0.895      0.638     -0.394     -0.116      0.285      0.107
783.5000      -3904.216    -3930.195       25.979   331.1      0.452      0.808      0.514      0.517     -0.003     -0.173
783.7500      -3904.405    -3930.564       26.159   333.4      0.085      0.452      0.033      0.316     -0.136      0.199
784.0000      -3905.219    -3931.701       26.481   337.5      0.625      0.657      0.597      0.078      0.233      0.036
784.2500      -3905.564    -3931.953       26.389   336.3      0.987      1.055      0.264     -0.112      0.065      0.131
784.5000      -3906.761    -3931.211       24.451   311.6      0.513      0.952      0.330      0.226      0.087      0.043
784.7500      -3907.332    -3931.444       24.112   307.3      0.693      0.880     -0.215      0.172     -0.087     -0.156
785.0000      -3903.994    -3930.896       26.902   342.9      0.515      0.655      0.148     -0.195     -0.127     -0.028
785.2500      -3902.519    -3929.599       27.080   345.1      0.456      0.834      0.296      0.103     -0.119      0.136
785.5000      -3903.455    -3930.595       27.141   345.9      0.691      0.780      0.133     -0.068     -0.041      0.128
785.7500      -3902.165    -3929.396       27.230   347.1      0.597      0.373     -0.509      0.175      0.196     -0.084
786.0000      -3902.882    -3929.915       27.033   344.5      0.735      1.142      0.826     -0.075      0.277      0.429
786.2500      -3903.856    -3929.664       25.808   328.9      0.922      0.316      0.412      0.056     -0.143      0.106
786.5000      -3904.662    -3930.574       25.913   330.3      0.860      1.087      0.097      0.080     -0.319     -0.084
786.7500      -3902.472    -3928.669       26.197   333.9      1.569      1.040      0.466      0.162      0.286     -0.142
787.0000      -3902.079    -3928.267       26.188   333.8      0.687      0.896      0.347     -0.206      0.199      0.094
787.2500      -3904.122    -3930.655       26.533   338.2      0.622      0.671      0.602     -0.096     -0.147      0.079
787.5000      -3903.151    -3931.107       27.955   356.3      0.579      0.516      0.214      0.192     -0.116      0.071
787.7500      -3903.633    -3929.162       25.529   325.4      0.681      1.346      0.434      0.241     -0.253      0.302
788.0000      -3903.293    -3929.749       26.455   337.2      0.842      1.253     -0.035      0.169     -0.251     -0.156
788.2500      -3905.767    -3931.296       25.529   325.4      0.851      0.780      0.628     -0.004      0.138     -0.197
788.5000      -3906.957    -3932.606       25.649   326.9      0.326      0.535      0.293     -0.191      0.100      0.058
788.7500      -3904.904    -3931.531       26.628   339.4      0.696      0.789      0.209     -0.221     -0.039      0.023
789.0000      -3904.295    -3931.065       26.770   341.2      1.175      0.705      0.553      0.042     -0.295      0.089
789.2500      -3907.159    -3932.844       25.685   327.4      0.732      0.535      0.006      0.159      0.142      0.003
789.5000      -3907.036    -3931.984       24.947   318.0      0.976      0.967      0.218      0.188      0.083      0.148
789.7500      -3907.317    -3933.906       26.589   338.9      0.862      0.641      0.108      0.215     -0.112      0.083
790.0000      -3908.003    -3932.250       24.247   309.0      0.935      0.719      0.443      0.130      0.025      0.321
790.2500      -3906.892    -3932.279       25.387   323.6      0.857      0.886      0.777      0.048     -0.137      0.035
790.5000      -3906.679    -3932.440       25.761   328.3      0.052      0.461      0.380      0.165     -0.242      0.095
790.7500      -3907.556    -3931.956       24.400   311.0      0.607      0.668      0.025      0.321      0.005      0.021
791.0000      -3905.372    -3931.485       26.114   332.8      0.691      0.922      0.258     -0.064     -0.016      0.035
791.2500      -3906.108    -3931.651       25.543   325.5      0.302      0.764     -0.085      0.016     -0.018      0.035
791.5000      -3905.671    -3931.605       25.933   330.5      0.619      0.415     -0.392     -0.196     -0.147     -0.164
791.7500      -3904.903    -3931.031       26.128   333.0      0.790      0.769     -0.052      0.152      0.149     -0.068
792.0000      -3906.756    -3931.803       25.046   319.2      1.229      0.818      0.038     -0.037     -0.044      0.133
792.2500      -3904.954    -3930.695       25.741   328.1      0.539      1.307      0.145      0.209      0.083     -0.157
792.5000      -3904.051    -3930.524       26.473   337.4      0.903      0.926      0.296     -0.051      0.252     -0.025
792.7500      -3904.923    -3930.263       25.340   323.0      0.448      0.076     -0.367     -0.083      0.359     -0.278
793.0000      -3904.970    -3930.536       25.566   325.8      0.396      1.040      0.548     -0.206     -0.078     -0.311
793.2500      -3905.024    -3930.735       25.711   327.7      0.887      0.730      0.045      0.011      0.196      0.021
793.5000      -3906.372    -3932.366       25.994   331.3      0.824      0.330      0.274      0.268      0.354     -0.116
793.7500      -3904.278    -3931.101       26.822   341.9      0.665      1.358      0.594     -0.023     -0.102      0.068
794.0000      -3907.330    -3931.265       23.935   305.1      0.492      0.739      0.411     -0.055      0.109     -0.170
794.2500      -3906.928    -3932.030       25.103   319.9      0.761      0.539      0.253     -0.075      0.059      0.033
794.5000      -3906.348    -3932.146       25.798   328.8      0.473      0.650      0.099      0.002     -0.118     -0.165
794.7500      -3907.633    -3931.901       24.268   309.3      0.233      0.783     -0.037     -0.093      0.054     -0.204
795.0000      -3906.625    -3931.882       25.258   321.9      0.755      0.476     -0.038     -0.055     -0.035     -0.013
795.2500      -3906.329    -3932.209       25.880   329.8      0.613      1.239     -0.016     -0.151     -0.151      0.301
795.5000      -3907.141    -3932.153       25.011   318.8      0.459      0.652     -0.175     -0.069     -0.085      0.169
795.7500      -3907.179    -3932.828       25.649   326.9      0.941      0.823      0.092      0.044     -0.130     -0.072
796.0000      -3905.947    -3932.612       26.665   339.8      0.580      0.919      0.344      0.005      0.363     -0.114
796.2500      -3907.519    -3932.667       25.148   320.5      1.026      0.909      0.053      0.141      0.017     -0.117
796.5000      -3908.032    -3931.870       23.838   303.8      0.556      0.631      0.287     -0.345      0.060     -0.012
796.7500      -3906.414    -3931.337       24.923   317.6      0.983      1.075     -0.153      0.169      0.186     -0.003
797.0000      -3905.495    -3931.000       25.505   325.1      1.005      0.768      0.090      0.071      0.362      0.183
797.2500      -3904.377    -3931.813       27.437   349.7      1.444      1.010      0.521     -0.046      0.258     -0.153
797.5000      -3903.810    -3929.939       26.129   333.0      0.923      0.740      0.184      0.156      0.113     -0.123
797.7500      -3902.905    -3929.847       26.942   343.4      0.227      1.040     -0.010     -0.433     -0.252      0.264
798.0000      -3903.823    -3930.417       26.594   338.9      0.355      0.669      0.565     -0.267     -0.067     -0.304
798.2500      -3906.945    -3932.150       25.205   321.2      1.421      0.799      0.594     -0.052      0.016     -0.209
798.5000      -3905.681    -3932.039       26.358   335.9      0.918      0.900      0.168     -0.288      0.148      0.046
798.7500      -3906.059    -3931.625       25.566   325.8      0.855      1.018     -0.000     -0.068     -0.378     -0.133
799.0000      -3906.021    -3931.643       25.622   326.6      0.379      0.134      0.290     -0.057      0.462     -0.217
799.2500      -3904.786    -3931.443       26.657   339.7      1.046      1.496      0.551     -0.162      0.196      0.078
799.5000      -3907.475    -3932.650       25.175   320.9      0.349      0.779      0.175     -0.083      0.050     -0.042
799.7500      -3906.742    -3932.017       25.275   322.1      0.546      0.723     -0.132     -0.144      0.112     -0.021
800.0000      -3907.665    -3932.738       25.072   319.6      0.508      1.239      0.358     -0.167     -0.520     -0.028
800.2500      -3907.224    -3933.236       26.012   331.5      0.717      0.659      0.373      0.200     -0.309     -0.205
800.5000      -3907.738    -3932.241       24.503   312.3      1.340      0.863      0.446      0.216      0.208     -0.086
800.7500      -3907.216    -3933.065       25.849   329.4      1.067      1.041      0.065      0.110      0.248     -0.042
801.0000      -3905.044    -3929.724       24.680   314.6      0.637      0.194      0.107     -0.117     -0.058     -0.049
801.2500      -3906.853    -3931.818       24.965   318.2      0.427      1.104      0.463     -0.011     -0.127     -0.188
801.5000      -3904.743    -3932.559       27.817   354.5      0.687      0.938      0.555      0.135     -0.299      0.179
801.7500      -3906.902    -3931.242       24.340   310.2      1.241      1.079      0.612     -0.162      0.284      0.151
802.0000      -3905.591    -3931.731       26.139   333.2      0.649      0.890      0.284      0.229      0.100     -0.033
802.2500      -3904.512    -3930.926       26.413   336.6      0.582      0.958      0.211     -0.179     -0.039     -0.033
802.5000      -3904.228    -3930.439       26.211   334.1      0.893      0.988      0.478      0.024      0.171      0.232
802.7500      -3904.236    -3930.194       25.958   330.8      1.210      1.153      0.075     -0.244      0.134      0.023
803.0000      -3905.623    -3931.006       25.383   323.5      0.964      0.812      0.632      0.058     -0.169     -0.056
803.2500      -3904.872    -3930.604       25.732   328.0      0.888      0.464      0.135      0.099      0.027      0.196
803.5000      -3905.615    -3931.960       26.345   335.8      0.695      0.642     -0.336     -0.096      0.067     -0.005
803.7500      -3906.759    -3933.189       26.430   336.9      0.285      0.448      0.374     -0.126      0.187     -0.200
804.0000      -3904.928    -3931.756       26.828   341.9      0.632      1.028      0.083      0.162     -0.089      0.080
804.2500      -3905.053    -3931.467       26.413   336.6      0.394      1.303      0.165     -0.021      0.043      0.320
804.5000      -3902.541    -3929.279       26.737   340.8      0.852      0.418      0.072      0.191      0.240     -0.049
804.7500      -3902.888    -3929.136       26.248   334.5      0.241      0.904     -0.419     -0.157      0.199      0.082
805.0000      -3902.956    -3929.944       26.988   344.0      0.984      1.117      0.514     -0.073      0.122     -0.076
805.2500      -3904.981    -3928.589       23.607   300.9      0.902      0.601      0.701      0.030      0.269     -0.160
805.5000      -3905.139    -3930.768       25.629   326.6      0.924      0.734     -0.081     -0.405     -0.019      0.188
805.7500      -3903.308    -3930.352       27.044   344.7      0.804      0.802     -0.020      0.115      0.139      0.190
806.0000      -3903.575    -3929.704       26.129   333.0      1.162      0.782      0.270     -0.144      0.301      0.015
806.2500      -3901.746    -3927.873       26.128   333.0      0.449      0.647     -0.517     -0.013     -0.040     -0.195
806.5000      -3902.151    -3929.463       27.312   348.1      0.447      1.256      0.117     -0.137     -0.255      0.026
806.7500      -3901.746    -3928.116       26.370   336.1      1.003      1.136      0.165     -0.078     -0.277      0.183
807.0000      -3903.397    -3929.738       26.340   335.7      1.157      0.512      0.268     -0.240     -0.163      0.328
807.2500      -3903.536    -3928.389       24.852   316.7      0.641      1.183     -0.192     -0.219      0.061      0.020
807.5000      -3903.433    -3928.567       25.135   320.3      1.164      1.262      0.046     -0.045     -0.189      0.001
807.7500      -3903.800    -3928.550       24.750   315.4      0.498      0.140      0.090      0.019     -0.035      0.107
808.0000      -3900.630    -3928.843       28.213   359.6      0.610      1.042      0.195      0.182     -0.321     -0.094
808.2500      -3901.058    -3927.671       26.612   339.2      0.971      1.015      0.935      0.020     -0.328     -0.001
808.5000      -3901.504    -3928.424       26.920   343.1      0.386      0.530     -0.508     -0.013      0.262     -0.080
808.7500      -3900.398    -3926.787       26.389   336.3      0.906      1.328      0.507     -0.156      0.134      0.385
809.0000      -3902.083    -3927.858       25.774   328.5      0.733      1.312     -0.016      0.242      0.093      0.266
809.2500      -3902.836    -3928.804       25.968   331.0      1.089      0.814      0.093      0.308      0.015      0.021
809.5000      -3903.644    -3928.614       24.970   318.2      0.928      1.235      0.875      0.290      0.066     -0.079
809.7500      -3904.317    -3929.173       24.856   316.8      0.602      0.583      0.518     -0.363      0.235     -0.281
810.0000      -3901.752    -3928.087       26.335   335.6      0.426      0.757      0.311     -0.290     -0.104      0.183
810.2500      -3901.536    -3928.269       26.733   340.7      0.279      0.662      0.480     -0.010     -0.041     -0.205
810.5000      -3902.998    -3929.054       26.056   332.1      0.647      1.108      0.153     -0.112      0.090      0.087
810.7500      -3900.558    -3927.775       27.218   346.9      0.390      1.140      0.299      0.226     -0.073      0.246
811.0000      -3903.281    -3928.550       25.269   322.1      1.377      0.909      0.571      0.019      0.300      0.306
811.2500      -3903.275    -3928.328       25.054   319.3     -0.104      1.127      0.042      0.371      0.213     -0.178
811.5000      -3903.986    -3930.440       26.454   337.2      0.052      0.652      0.371      0.172     -0.060     -0.456
811.7500      -3904.433    -3930.153       25.720   327.8      0.584      0.902     -0.028      0.027      0.247     -0.050
812.0000      -3904.119    -3930.203       26.085   332.5      0.042      1.013      0.003      0.063      0.257      0.131
812.2500      -3903.027    -3929.750       26.723   340.6      1.190      0.999      0.090     -0.018      0.103     -0.101
812.5000      -3903.635    -3929.845       26.210   334.1      0.667      0.544      0.122     -0.015      0.138      0.241
812.7500      -3904.241    -3930.262       26.021   331.6      1.494      0.676      0.890     -0.121      0.179     -0.026
813.0000      -3903.888    -3928.721       24.833   316.5      0.569      0.655      0.438     -0.108      0.397      0.067
813.2500      -3904.460    -3930.716       26.256   334.6      0.841      0.877      0.062     -0.075     -0.053     -0.021
813.5000      -3904.707    -3930.065       25.358   323.2      0.962      0.782      0.349      0.335      0.277     -0.248
813.7500      -3903.377    -3930.175       26.797   341.5      0.753      1.312     -0.034      0.156      0.102     -0.176
814.0000      -3904.709    -3931.098       26.389   336.3      0.704      1.107      0.185      0.037     -0.065      0.063
814.2500      -3903.963    -3930.111       26.148   333.3      1.056      0.965      0.887     -0.270     -0.016      0.007
814.5000      -3902.599    -3929.491       26.892   342.7      0.856      0.975      0.257     -0.158      0.160     -0.192
814.7500      -3903.150    -3929.932       26.782   341.3      0.426      0.407     -0.288      0.130      0.122      0.132
815.0000      -3904.392    -3930.067       25.675   327.2      1.082      1.197      0.688      0.345      0.119      0.171
815.2500      -3904.610    -3931.004       26.393   336.4      0.610      0.822      0.408     -0.183     -0.084      0.159
815.5000      -3905.540    -3931.113       25.573   325.9      0.561      0.422      0.104     -0.589      0.019      0.305
815.7500      -3904.493    -3930.941       26.449   337.1      0.626      0.951      0.801     -0.119      0.277     -0.059
816.0000      -3904.957    -3931.900       26.944   343.4      0.684      0.134     -0.446      0.128      0.051      0.129
816.2500      -3906.391    -3931.250       24.859   316.8      0.980      0.375      0.470      0.112     -0.306      0.137
816.5000      -3904.723    -3930.873       26.150   333.3      0.947      0.787      0.028      0.174     -0.361      0.042
816.7500      -3903.779    -3930.400       26.621   339.3      0.411      0.710      0.097     -0.093      0.307     -0.117
817.0000      -3903.697    -3930.274       26.577   338.7      0.934      0.721      0.989     -0.280      0.328     -0.074
817.2500      -3903.823    -3931.356       27.534   350.9      1.064      0.760      0.454      0.008      0.187      0.074
817.5000      -3904.766    -3930.780       26.013   331.5      0.631      1.002      0.413      0.147      0.175      0.115
817.7500      -3905.191    -3931.346       26.155   333.4      1.027      0.433      0.268      0.155      0.255     -0.193
818.0000      -3905.554    -3930.121       24.567   313.1      1.008      0.952      0.105      0.080     -0.004      0.214
818.2500      -3903.702    -3930.644       26.942   343.4      0.595      1.603      0.377     -0.307      0.001      0.071
818.5000      -3903.112    -3929.187       26.075   332.3      1.072      0.961      0.552     -0.321     -0.273     -0.225
818.7500      -3905.162    -3930.124       24.962   318.1      0.477      0.644      0.164     -0.025     -0.062     -0.119
819.0000      -3906.485    -3931.971       25.486   324.8      0.688      0.914      0.262      0.118      0.096      0.060
819.2500      -3907.548    -3932.782       25.234   321.6      1.062      1.080      0.533      0.178      0.009     -0.228
819.5000      -3906.032    -3930.962       24.930   317.7      0.878      1.178      0.344      0.018      0.033     -0.092
819.7500      -3906.084    -3932.140       26.056   332.1      0.427      0.804      0.211     -0.182     -0.015     -0.017
820.0000      -3906.015    -3932.191       26.175   333.6      0.183      0.498     -0.088     -0.231     -0.419      0.101
820.2500      -3905.995    -3932.204       26.209   334.0      0.371      0.266      0.655      0.462     -0.178      0.173
820.5000      -3905.673    -3932.126       26.453   337.1      0.744      0.805      0.607      0.628      0.114      0.036
820.7500      -3907.029    -3932.254       25.225   321.5      1.155      0.920      0.070      0.311     -0.122     -0.065
821.0000      -3906.307    -3932.095       25.789   328.7      0.516      0.924      0.005     -0.226     -0.282     -0.327
821.2500      -3905.334    -3932.162       26.828   341.9      0.840      0.556      0.257     -0.269     -0.068      0.072
821.5000      -3906.152    -3932.154       26.001   331.4      1.059      0.743      0.447      0.175      0.030      0.073
821.7500      -3906.471    -3932.098       25.628   326.6      0.979      0.573      0.170      0.251      0.335      0.147
822.0000      -3905.556    -3932.356       26.800   341.6      0.838      0.890      0.261      0.052      0.130     -0.001
822.2500      -3905.355    -3931.565       26.209   334.0      0.712      0.815      1.132     -0.138     -0.030      0.034
822.5000      -3905.550    -3932.118       26.569   338.6      0.401      0.374     -0.290     -0.347     -0.161      0.338
822.7500      -3903.817    -3930.429       26.611   339.2      0.151      0.916     -0.055     -0.062     -0.073      0.240
823.0000      -3905.268    -3932.800       27.532   350.9      0.563      0.378      0.137      0.265      0.027     -0.019
823.2500      -3908.084    -3933.436       25.352   323.1      1.225      0.865      0.447      0.274      0.268      0.134
823.5000      -3906.290    -3931.761       25.470   324.6      0.562      1.050      0.086     -0.015      0.220      0.258
823.7500      -3905.636    -3931.745       26.110   332.8      1.045      0.382     -0.214     -0.180     -0.074     -0.315
824.0000      -3906.691    -3931.615       24.924   317.7      0.383      0.926      0.354     -0.208     -0.433     -0.331
824.2500      -3905.501    -3933.972       28.472   362.9      1.436      0.693      0.990     -0.010     -0.020     -0.030
824.5000      -3904.858    -3930.947       26.089   332.5      0.808      0.798      0.177      0.047      0.193      0.367
824.7500      -3906.538    -3932.143       25.605   326.3      0.876      0.636      0.153      0.327      0.118     -0.143
825.0000      -3904.575    -3931.308       26.733   340.7      0.564      0.409      0.091      0.008      0.073     -0.015
825.2500      -3903.643    -3930.655       27.011   344.3      0.417      0.507      0.400     -0.084      0.247     -0.126
825.5000      -3903.962    -3931.455       27.493   350.4      1.269      0.877      0.685     -0.304      0.004     -0.108
825.7500      -3905.094    -3930.963       25.869   329.7      0.700      1.159     -0.046      0.071     -0.046     -0.060
826.0000      -3905.401    -3930.546       25.145   320.5      0.751      0.453     -0.186      0.191     -0.081     -0.022
826.2500      -3906.467    -3932.157       25.691   327.4      1.424      0.966      1.087      0.133      0.009     -0.010
826.5000      -3908.600    -3933.158       24.559   313.0      0.476      0.737     -0.026     -0.200     -0.511     -0.162
826.7500      -3907.656    -3932.950       25.294   322.4      0.948      0.782      0.143     -0.112      0.217     -0.075
827.0000      -3907.332    -3933.224       25.893   330.0      0.720      0.769     -0.253     -0.072      0.718     -0.173
827.2500      -3906.366    -3933.026       26.660   339.8      0.623      1.361      0.169      0.455      0.307     -0.184
827.5000      -3907.503    -3933.275       25.772   328.5      0.746      1.024      0.244      0.261      0.116     -0.014
827.7500      -3908.814    -3933.916       25.102   319.9      0.570      0.589     -0.014      0.186     -0.089     -0.103
828.0000      -3906.119    -3931.553       25.434   324.2      0.844      0.467      0.320     -0.037      0.030     -0.027
828.2500      -3906.653    -3931.619       24.966   318.2      0.853      0.311      0.332     -0.397      0.198     -0.048
828.5000      -3907.984    -3933.348       25.363   323.3      0.553      0.395      0.072     -0.030      0.257     -0.040
828.7500      -3907.854    -3932.655       24.801   316.1      0.561      0.482      0.667      0.093     -0.225     -0.302
829.0000      -3908.951    -3934.399       25.448   324.3      0.560      0.604      0.473      0.137     -0.135     -0.199
829.2500      -3907.336    -3932.435       25.099   319.9      0.522      0.593      0.247      0.298     -0.495      0.154
829.5000      -3906.719    -3932.498       25.779   328.6      0.714      0.115     -0.089      0.108      0.036     -0.142
829.7500      -3906.035    -3932.146       26.112   332.8      0.884      0.789     -0.003     -0.093     -0.048      0.237
830.0000      -3907.300    -3931.794       24.494   312.2      0.730      0.618      0.191      0.073      0.037      0.064
830.2500      -3906.680    -3932.781       26.101   332.7      0.738      0.662      0.336     -0.306     -0.075      0.071
830.5000      -3907.971    -3933.393       25.422   324.0      0.704      1.404      0.645     -0.328     -0.566      0.173
830.7500      -3905.838    -3930.997       25.159   320.7      0.354      0.550     -0.432     -0.010     -0.082      0.162
831.0000      -3905.484    -3931.887       26.403   336.5      1.075      1.126      0.338      0.213      0.279     -0.168
831.2500      -3904.831    -3931.879       27.048   344.7      0.447      0.837      0.115     -0.204      0.129     -0.260
831.5000      -3906.284    -3932.225       25.941   330.6      0.455      0.346      0.242     -0.191     -0.478     -0.064
831.7500      -3905.792    -3932.173       26.381   336.2      0.658      0.984     -0.437      0.105     -0.031     -0.060
832.0000      -3905.069    -3931.243       26.175   333.6      0.910      0.634      0.480     -0.434      0.183      0.067
832.2500      -3904.907    -3931.797       26.890   342.7      0.066      0.545     -0.639     -0.102      0.180      0.240
832.5000      -3903.998    -3930.139       26.141   333.2      1.061      1.020     -0.397      0.047     -0.025     -0.091
832.7500      -3905.289    -3931.433       26.144   333.2      1.082      0.626     -0.058      0.126      0.127      0.043
833.0000      -3905.354    -3930.682       25.328   322.8      1.296      0.960      0.982     -0.298      0.138      0.139
833.2500      -3905.240    -3930.862       25.622   326.6      0.748      1.399      0.941     -0.257      0.448     -0.083
833.5000      -3906.169    -3931.957       25.788   328.7      0.322      0.092     -0.848      0.174      0.405     -0.042
833.7500      -3905.137    -3932.781       27.644   352.3      1.274      1.289      0.845      0.092      0.539      0.120
834.0000      -3906.340    -3931.610       25.270   322.1      0.578      1.040     -0.109     -0.176      0.418      0.043
834.2500      -3905.645    -3932.359       26.714   340.5      0.849      0.737     -0.275     -0.084      0.141     -0.063
834.5000      -3906.356    -3932.338       25.982   331.1      1.016      1.189      0.539     -0.244      0.435      0.061
834.7500      -3906.900    -3932.280       25.379   323.5      0.764      0.987     -0.354     -0.106      0.528      0.020
835.0000      -3907.543    -3932.426       24.883   317.1      1.384      0.711      0.786      0.111      0.223     -0.158
835.2500      -3906.593    -3932.485       25.892   330.0      0.556      0.501     -0.236     -0.054     -0.162      0.033
835.5000      -3905.082    -3931.092       26.010   331.5      0.357      0.756     -0.060     -0.111     -0.109     -0.060
835.7500      -3906.366    -3932.987       26.622   339.3      1.161      1.168      0.581     -0.107     -0.298     -0.096
836.0000      -3907.573    -3933.342       25.769   328.4      0.222      0.984      0.083     -0.036     -0.088      0.319
836.2500      -3908.059    -3934.037       25.979   331.1      1.297      1.165      0.619      0.261     -0.093      0.280
836.5000      -3906.549    -3932.249       25.700   327.6     -0.075      1.164     -0.528     -0.303     -0.312     -0.130
836.7500      -3906.562    -3932.242       25.679   327.3      0.264      0.686      0.382     -0.008     -0.323     -0.092
837.0000      -3906.702    -3933.195       26.494   337.7      0.760      0.830      0.363     -0.400     -0.179      0.281
837.2500      -3905.956    -3932.620       26.664   339.8      0.687      0.189      0.061     -0.057     -0.085      0.088
837.5000      -3907.544    -3932.685       25.141   320.4      0.822      0.812      0.508     -0.130      0.201     -0.074
837.7500      -3905.449    -3932.395       26.946   343.4      0.180      0.677     -0.607      0.118      0.024      0.063
838.0000      -3907.142    -3932.551       25.409   323.8      0.393      0.645     -0.397      0.017      0.039     -0.119
838.2500      -3906.270    -3931.456       25.185   321.0      0.919      0.616      0.132     -0.136     -0.250     -0.084
838.5000      -3906.673    -3931.480       24.807   316.2      0.348      0.310     -0.626     -0.132      0.230     -0.136
838.7500      -3905.606    -3931.681       26.075   332.3      0.983      0.862      0.101     -0.250      0.310      0.165
839.0000      -3905.188    -3931.310       26.122   332.9      0.831      0.853      0.268     -0.172      0.330     -0.254
839.2500      -3906.843    -3932.799       25.957   330.8      0.426      0.713      0.123      0.110     -0.028     -0.021
839.5000      -3904.924    -3931.754       26.830   342.0      1.034      0.829      0.597     -0.188     -0.262     -0.347
839.7500      -3904.674    -3931.002       26.328   335.6      0.483      0.663      0.309     -0.243      0.260      0.157
840.0000      -3905.857    -3931.130       25.273   322.1      1.222      0.804      0.403     -0.212      0.551     -0.118
840.2500      -3905.199    -3930.749       25.550   325.6      0.331      1.168     -0.153     -0.064      0.394      0.063
840.5000      -3905.809    -3932.132       26.323   335.5      0.836      0.886     -0.081     -0.003      0.317      0.062
840.7500      -3904.725    -3930.703       25.978   331.1      0.687      0.521      0.003      0.172     -0.201     -0.169
841.0000      -3906.446    -3932.305       25.859   329.6      0.630      0.533      0.056     -0.337     -0.315     -0.228
841.2500      -3906.150    -3931.976       25.826   329.2      0.869      0.773      0.413     -0.091     -0.364      0.041
841.5000      -3905.027    -3931.391       26.364   336.0      0.551      0.801      0.057     -0.134      0.097     -0.013
841.7500      -3904.292    -3930.352       26.061   332.1      1.060      1.022      0.570     -0.200      0.260     -0.156
842.0000      -3905.860    -3931.874       26.014   331.6      1.157      0.686      0.431      0.039      0.181      0.065
842.2500      -3905.554    -3930.592       25.039   319.1      0.573      0.193     -0.064     -0.033      0.065      0.120
842.5000      -3906.270    -3931.090       24.821   316.3      0.469      1.187     -0.025     -0.121      0.097     -0.011
842.7500      -3906.559    -3931.662       25.102   319.9      1.169      0.431     -0.388     -0.105      0.413      0.087
843.0000      -3905.510    -3932.502       26.993   344.0      0.453      1.208     -0.111      0.113      0.032     -0.146
843.2500      -3906.737    -3932.908       26.171   333.6      1.073      1.662      0.389     -0.395     -0.241     -0.117
843.5000      -3906.716    -3932.974       26.258   334.7      0.495      0.591     -0.357     -0.284     -0.674     -0.098
843.7500      -3905.891    -3930.830       24.939   317.8      1.071      0.814      0.941      0.117     -0.358      0.096
844.0000      -3904.879    -3930.014       25.135   320.4      0.498      0.751      0.503      0.214     -0.169      0.232
844.2500      -3906.322    -3930.478       24.157   307.9      0.406      0.764      0.243      0.263      0.289      0.012
844.5000      -3906.506    -3930.844       24.338   310.2      1.134      0.606      0.387      0.103     -0.059     -0.040
844.7500      -3906.965    -3931.711       24.745   315.4      0.664      0.946      0.129     -0.102     -0.382      0.028
845.0000      -3905.637    -3932.213       26.576   338.7      1.513      0.996      0.337     -0.249     -0.243     -0.129
845.2500      -3902.110    -3929.070       26.960   343.6      1.216      0.777     -0.138      0.066      0.162     -0.108
845.5000      -3902.608    -3929.392       26.784   341.4      0.857      0.839     -0.066      0.125      0.113      0.055
845.7500      -3902.641    -3928.595       25.955   330.8      0.706      0.553      0.105      0.104     -0.127      0.002
846.0000      -3903.893    -3931.662       27.768   353.9      0.508      0.876      0.295      0.018     -0.277     -0.046
846.2500      -3905.442    -3931.221       25.779   328.6      0.867      0.927      0.594      0.068     -0.168     -0.139
846.5000      -3904.943    -3930.845       25.901   330.1      1.169      0.864      0.334      0.081      0.362      0.146
846.7500      -3907.449    -3933.165       25.716   327.8      1.350      0.856      0.198      0.052      0.083     -0.082
847.0000      -3905.532    -3931.367       25.835   329.3      1.012      0.760      0.026     -0.244     -0.231      0.123
847.2500      -3906.624    -3930.919       24.294   309.6      0.891      0.906      0.434      0.098     -0.338      0.095
847.5000      -3907.465    -3932.623       25.158   320.6      0.524      1.018      0.367      0.150      0.038     -0.125
847.7500      -3906.863    -3934.157       27.294   347.9      0.400      0.543      0.254      0.501     -0.009      0.067
848.0000      -3906.141    -3931.186       25.045   319.2      1.041      1.220      0.677     -0.173      0.246     -0.358
848.2500      -3906.734    -3931.867       25.133   320.3      0.169      0.620      0.561     -0.103     -0.008     -0.082
848.5000      -3907.528    -3932.410       24.882   317.1      0.548      0.415      0.020     -0.198      0.225     -0.185
848.7500      -3907.287    -3933.177       25.890   330.0      1.127      1.015      0.767      0.264     -0.068     -0.067
849.0000      -3907.414    -3932.185       24.770   315.7      0.333      1.159     -0.100      0.178      0.231      0.104
849.2500      -3905.891    -3932.661       26.770   341.2      0.820      1.047      0.639      0.146      0.085     -0.127
849.5000      -3906.184    -3930.944       24.760   315.6      0.471      1.074      0.406     -0.085      0.185     -0.049
849.7500      -3905.284    -3932.557       27.273   347.6      1.027      0.478      0.138     -0.086     -0.228      0.247
850.0000      -3905.425    -3931.426       26.001   331.4      0.527      0.673      0.610      0.035     -0.320      0.119
850.2500      -3905.327    -3931.555       26.228   334.3      0.828      1.033      0.546      0.072     -0.005     -0.213
850.5000      -3905.267    -3930.555       25.288   322.3      0.923      0.629      0.307      0.023     -0.276      0.047
850.7500      -3905.877    -3932.324       26.447   337.1      1.105      1.498      0.175     -0.194      0.099     -0.075
851.0000      -3907.672    -3933.365       25.693   327.5      1.020      1.420      0.757     -0.021      0.119     -0.030
851.2500      -3907.611    -3932.165       24.554   312.9      0.757      0.627     -0.132      0.107      0.110     -0.080
851.5000      -3907.155    -3932.559       25.404   323.8      0.590      0.570     -0.009     -0.108      0.237     -0.025
851.7500      -3906.176    -3932.031       25.855   329.5      1.211      0.538      0.329      0.183      0.004     -0.105
852.0000      -3905.426    -3931.253       25.827   329.2      0.741      0.542      0.434      0.195     -0.260      0.098
852.2500      -3905.911    -3932.291       26.380   336.2      0.833      0.737      0.428      0.003      0.071      0.217
852.5000      -3905.347    -3930.916       25.570   325.9      0.795      0.448     -0.435     -0.064      0.050     -0.080
852.7500      -3902.196    -3929.004       26.807   341.7      0.377      0.972     -0.322      0.004      0.048      0.009
853.0000      -3904.475    -3929.924       25.449   324.4      0.417      0.250     -0.453      0.125     -0.245      0.039
853.2500      -3903.860    -3929.764       25.905   330.2      0.856      0.980      0.502      0.579     -0.043      0.327
853.5000      -3905.487    -3931.753       26.266   334.8      0.651      0.553      0.453      0.041     -0.012     -0.004
853.7500      -3903.782    -3929.891       26.109   332.8      0.490      0.818     -0.393     -0.031     -0.053     -0.192
854.0000      -3903.231    -3929.250       26.019   331.6      0.430      1.397      0.939     -0.090      0.337     -0.236
854.2500      -3903.235    -3929.085       25.850   329.5      0.632      1.025      0.333     -0.052      0.117     -0.101
854.5000      -3903.706    -3930.752       27.047   344.7      0.754      0.785     -0.291     -0.271     -0.263      0.081
854.7500      -3904.895    -3931.637       26.742   340.8      0.760      1.194      0.433      0.137     -0.389     -0.084
855.0000      -3904.240    -3930.377       26.137   333.1      0.989      0.555     -0.009     -0.010     -0.383      0.304
855.2500      -3903.020    -3929.435       26.415   336.7      0.752      1.282      0.054     -0.003      0.403      0.106
855.5000      -3906.890    -3933.500       26.609   339.1      0.638      1.145      0.457     -0.067      0.243      0.151
855.7500      -3906.818    -3931.846       25.028   319.0      0.793      0.677      0.312     -0.048     -0.000     -0.067
856.0000      -3905.680    -3932.047       26.367   336.1      0.367      0.430     -0.051     -0.251     -0.158      0.070
856.2500      -3905.477    -3930.162       24.685   314.6      0.557      1.033     -0.187      0.019      0.120     -0.147
856.5000      -3905.521    -3931.440       25.919   330.3      0.780      0.773      0.112      0.094     -0.058      0.093
856.7500      -3904.616    -3930.595       25.979   331.1      0.582      0.663     -0.461     -0.313      0.015     -0.003
857.0000      -3903.885    -3931.824       27.939   356.1      0.803      1.178      0.410     -0.072     -0.182     -0.050
857.2500      -3906.894    -3931.799       24.905   317.4      1.017      0.803      0.838      0.112     -0.415      0.145
857.5000      -3907.372    -3932.822       25.450   324.4      0.681      1.146      0.857      0.080      0.073     -0.351
857.7500      -3906.831    -3933.238       26.407   336.6      0.976      0.815      0.188      0.059      0.165      0.032
858.0000      -3906.582    -3932.334       25.753   328.2      0.506      0.849      0.293     -0.146      0.120     -0.016
858.2500      -3905.981    -3932.059       26.077   332.4      0.480      0.960      0.037     -0.100     -0.141      0.086
858.5000      -3905.147    -3932.267       27.120   345.7      0.843      1.248      0.400     -0.064     -0.101      0.338
858.7500      -3905.137    -3931.213       26.076   332.3      0.384      0.586     -0.001      0.057      0.151     -0.219
859.0000      -3905.069    -3931.869       26.800   341.6      0.927      0.371      0.332     -0.108      0.164     -0.015
859.2500      -3904.486    -3931.009       26.523   338.0      0.314      0.073     -0.051     -0.086      0.159      0.059
859.5000      -3905.390    -3930.802       25.412   323.9      0.434      0.975      0.146     -0.276      0.141      0.040
859.7500      -3905.713    -3932.310       26.597   339.0      0.369      0.977      0.089      0.112      0.095     -0.109
860.0000      -3905.120    -3931.611       26.491   337.6      0.496      0.960      0.221      0.069      0.090      0.025
860.2500      -3904.759    -3930.950       26.191   333.8      0.603      0.373     -0.116      0.085     -0.127      0.295
860.5000      -3904.042    -3930.572       26.530   338.1      0.723      1.038      0.287      0.148     -0.128      0.279
860.7500      -3904.284    -3931.048       26.765   341.1      0.198      0.179     -0.104     -0.232     -0.165      0.102
861.0000      -3903.104    -3929.807       26.703   340.3      0.613      0.548      0.050     -0.145      0.047     -0.060
861.2500      -3904.246    -3931.116       26.870   342.5      0.900      0.878      0.217      0.061     -0.166     -0.138
861.5000      -3903.026    -3929.681       26.655   339.7      0.507      0.358     -0.137     -0.096     -0.100     -0.158
861.7500      -3902.719    -3930.699       27.980   356.6      0.797      0.850      0.013     -0.307     -0.170      0.135
862.0000      -3903.915    -3929.501       25.586   326.1      0.711      0.903      0.410     -0.445      0.098     -0.014
862.2500      -3902.113    -3930.474       28.361   361.5      0.762      0.836      0.338     -0.142     -0.213      0.251
862.5000      -3903.713    -3930.715       27.003   344.2      0.763      0.953      0.306      0.116      0.117      0.040
862.7500      -3904.538    -3931.603       27.065   344.9      0.635      0.843     -0.777     -0.085      0.293     -0.134
863.0000      -3904.195    -3930.857       26.663   339.8      0.839      0.887      0.501      0.143     -0.012      0.102
863.2500      -3904.655    -3930.834       26.180   333.7      0.766      0.448     -0.000      0.050     -0.153      0.055
863.5000      -3905.753    -3932.486       26.733   340.7      0.272      1.353     -0.307      0.193     -0.326     -0.225
863.7500      -3906.513    -3931.820       25.307   322.5      0.187      0.267      0.468      0.202     -0.013     -0.123
864.0000      -3908.233    -3932.966       24.734   315.2      0.985      0.889     -0.180     -0.014      0.163     -0.210
864.2500      -3903.752    -3930.018       26.266   334.8      0.547      0.609     -0.369     -0.030      0.416      0.193
864.5000      -3905.180    -3932.031       26.852   342.2      0.468      0.632     -0.629     -0.009     -0.269     -0.058
864.7500      -3903.982    -3930.753       26.771   341.2      0.935      0.635      0.287      0.133      0.132     -0.002
865.0000      -3904.193    -3930.993       26.800   341.6      0.560      0.630      0.194      0.052     -0.258      0.287
865.2500      -3906.542    -3931.800       25.258   321.9      0.678      1.033      0.092      0.335     -0.120      0.125
865.5000      -3905.334    -3930.873       25.539   325.5      0.889      0.695      0.042     -0.261     -0.294     -0.363
865.7500      -3905.855    -3930.961       25.106   320.0      0.786      0.742     -0.278      0.046     -0.074      0.265
866.0000      -3903.597    -3931.444       27.847   354.9      1.496      0.865      0.461      0.388     -0.043     -0.071
866.2500      -3903.115    -3929.862       26.747   340.9      0.350      0.860      0.463      0.191      0.170      0.042
866.5000      -3903.302    -3930.137       26.835   342.0      0.607      0.695     -0.105      0.148      0.084      0.040
866.7500      -3903.665    -3930.419       26.754   341.0      0.409      0.588      0.357      0.292      0.104      0.107
867.0000      -3903.624    -3930.672       27.048   344.7      0.346      0.700     -0.628      0.217     -0.162      0.166
867.2500      -3905.518    -3931.394       25.876   329.8      1.029      0.584      0.026      0.333     -0.353     -0.117
867.5000      -3906.130    -3931.460       25.330   322.8      1.032      1.439      0.785      0.067     -0.047      0.109
867.7500      -3905.539    -3931.160       25.622   326.6      0.507      0.435      0.437      0.125      0.093     -0.012
868.0000      -3905.170    -3931.012       25.842   329.4      0.417      1.171     -0.020     -0.120      0.225      0.220
868.2500      -3905.796    -3931.627       25.831   329.2     -0.103      0.819      0.374     -0.069      0.250      0.067
868.5000      -3905.053    -3930.234       25.181   320.9      0.725      0.867      0.438      0.093     -0.106      0.104
868.7500      -3903.614    -3930.206       26.592   338.9      0.149      0.602      0.283      0.179     -0.230      0.119
869.0000      -3906.148    -3931.620       25.472   324.6      0.811      0.750      0.689      0.120     -0.054      0.154
869.2500      -3905.204    -3930.996       25.792   328.7      0.729      0.939      0.514      0.450     -0.116      0.108
869.5000      -3904.562    -3930.932       26.370   336.1      0.407      0.681      0.073     -0.033     -0.007      0.185
869.7500      -3905.083    -3930.348       25.265   322.0      0.528      1.269      0.095      0.095      0.101      0.001
870.0000      -3904.536    -3930.542       26.006   331.4      0.360      0.382      0.198     -0.076     -0.211     -0.192
870.2500      -3904.720    -3929.593       24.872   317.0      0.933      1.183      0.294     -0.110     -0.088     -0.059
870.5000      -3903.922    -3931.460       27.538   351.0      0.270      0.365     -0.018     -0.148      0.051      0.035
870.7500      -3906.258    -3932.033       25.775   328.5      0.535      0.889      0.112      0.089      0.067      0.206
871.0000      -3906.661    -3931.791       25.130   320.3      0.784      0.924     -0.011     -0.100     -0.067     -0.038
871.2500      -3904.821    -3930.891       26.070   332.3      0.558      1.065     -0.116      0.009     -0.203     -0.065
871.5000      -3906.448    -3932.244       25.796   328.8      0.693      0.719      0.430     -0.224     -0.021     -0.097
871.7500      -3905.216    -3931.043       25.826   329.2      0.574      0.410      0.073      0.075      0.253     -0.024
872.0000      -3904.742    -3930.043       25.301   322.5      0.888      0.806      0.030      0.006      0.177      0.093
872.2500      -3903.569    -3930.761       27.192   346.6      0.634      1.202      0.430     -0.048      0.346      0.057
872.5000      -3904.077    -3930.109       26.031   331.8      1.175      0.885     -0.066     -0.315      0.362      0.025
872.7500      -3905.181    -3931.210       26.030   331.8      1.090      0.474      0.105      0.133     -0.124      0.099
873.0000      -3903.937    -3930.507       26.570   338.6      0.918      0.790      0.372      0.214      0.144     -0.214
873.2500      -3904.847    -3931.057       26.210   334.0      0.584      0.461     -0.087      0.170      0.213      0.030
873.5000      -3904.231    -3930.233       26.002   331.4      1.008      0.918      0.714      0.053     -0.035     -0.136
873.7500      -3904.675    -3931.035       26.360   336.0      0.826      0.923      0.004      0.043     -0.167     -0.173
874.0000      -3903.737    -3930.372       26.635   339.5      0.699      0.367     -0.176      0.139      0.001      0.182
874.2500      -3903.340    -3929.618       26.279   334.9      1.017      1.117      0.818      0.107     -0.118      0.110
874.5000      -3902.678    -3929.348       26.669   339.9      0.658      0.973     -0.253      0.017      0.169     -0.255
874.7500      -3901.940    -3928.841       26.901   342.9      0.444      0.740      0.048      0.114      0.326      0.180
875.0000      -3904.228    -3930.610       26.382   336.2      0.557      0.927      0.531     -0.035      0.246     -0.029
875.2500      -3905.617    -3932.039       26.422   336.8      0.181      0.518     -0.386     -0.303      0.097     -0.082
875.5000      -3905.497    -3931.093       25.597   326.2      0.584      0.644     -0.160      0.143     -0.137      0.118
875.7500      -3905.145    -3930.382       25.237   321.6      0.933      1.158      0.595      0.285     -0.011      0.117
876.0000      -3904.033    -3928.995       24.961   318.1      0.864      0.547      0.485      0.080     -0.326      0.330
876.2500      -3903.582    -3931.054       27.472   350.1      0.147      0.660     -0.158     -0.107     -0.097     -0.086
876.5000      -3904.200    -3929.096       24.896   317.3      1.114      0.832      0.644     -0.242      0.101     -0.004
876.7500      -3903.894    -3929.906       26.012   331.5      1.154      1.138      0.393      0.174     -0.206     -0.087
877.0000      -3903.558    -3929.631       26.074   332.3      0.834      1.061     -0.544      0.066      0.305     -0.073
877.2500      -3905.283    -3930.504       25.221   321.4      1.284      1.128      0.362     -0.037      0.601     -0.111
877.5000      -3904.835    -3930.512       25.677   327.3      0.921      1.012      0.049      0.095      0.266      0.095
877.7500      -3905.761    -3931.250       25.489   324.9      0.989      0.955      0.133     -0.007     -0.196     -0.434
878.0000      -3905.647    -3930.647       25.000   318.6      0.935      0.206     -0.091      0.390     -0.284      0.057
878.2500      -3905.071    -3931.318       26.247   334.5      0.886      0.944      0.438     -0.285      0.146     -0.013
878.5000      -3905.827    -3930.389       24.562   313.1      0.304      0.890      0.197     -0.147      0.178     -0.444
878.7500      -3905.461    -3931.260       25.798   328.8      0.783      0.948      1.063     -0.022      0.380      0.059
879.0000      -3905.750    -3930.966       25.216   321.4      0.675      0.832      0.554      0.106     -0.180      0.056
879.2500      -3906.279    -3931.941       25.662   327.1      0.404      0.759     -0.102     -0.074      0.006      0.069
879.5000      -3905.456    -3931.246       25.790   328.7      0.886      0.812      0.713      0.565      0.177      0.068
879.7500      -3905.315    -3931.108       25.793   328.7      0.052      0.853      0.672      0.114     -0.094     -0.125
880.0000      -3905.631    -3932.303       26.673   340.0      0.748      0.748     -0.190      0.311     -0.097     -0.120
880.2500      -3905.862    -3932.162       26.300   335.2      1.609      0.947      0.984      0.147     -0.134      0.202
880.5000      -3905.130    -3930.490       25.360   323.2      1.183      0.711      0.841      0.004     -0.265      0.081
880.7500      -3905.441    -3930.348       24.906   317.4      0.640      1.492      0.367      0.336      0.046      0.013
881.0000      -3907.042    -3931.170       24.128   307.5      1.027      1.096      1.147     -0.191      0.246      0.034
881.2500      -3905.684    -3932.380       26.697   340.3      0.945      1.200      0.621     -0.117      0.210      0.024
881.5000      -3905.098    -3930.348       25.250   321.8      0.705      0.459      0.527      0.441     -0.368      0.038
881.7500      -3905.374    -3932.161       26.788   341.4      0.797      0.756      0.707      0.280     -0.104     -0.204
882.0000      -3904.715    -3931.947       27.232   347.1      0.810      1.438      0.587      0.228     -0.063      0.059
882.2500      -3904.935    -3931.415       26.480   337.5      0.347      0.766      0.732     -0.120      0.086      0.206
882.5000      -3906.742    -3930.645       23.903   304.6      0.850      0.962      0.384     -0.000      0.195      0.147
882.7500      -3905.296    -3930.966       25.670   327.2      0.259      0.716      0.091     -0.035     -0.159     -0.068
883.0000      -3905.823    -3930.975       25.152   320.6      0.263      0.449      0.206      0.405     -0.203     -0.037
883.2500      -3905.373    -3931.331       25.957   330.8      0.647      0.655      0.476     -0.048      0.163     -0.044
883.5000      -3905.925    -3933.117       27.193   346.6      0.580      0.575     -0.309     -0.019      0.383     -0.129
883.7500      -3903.867    -3930.590       26.723   340.6      1.125      1.068      0.879     -0.060      0.294     -0.033
884.0000      -3903.015    -3930.050       27.035   344.6      0.574      0.962      0.332     -0.026      0.051      0.209
884.2500      -3901.933    -3930.199       28.266   360.3      1.012      0.979      0.131     -0.197     -0.406     -0.197
884.5000      -3903.308    -3929.985       26.677   340.0      0.527      0.833      0.219     -0.150     -0.026      0.117
884.7500      -3904.258    -3929.898       25.640   326.8      0.715      0.557      0.563      0.390      0.130      0.106
885.0000      -3904.893    -3929.745       24.852   316.7      0.433      1.340      0.974      0.102     -0.255     -0.105
885.2500      -3904.503    -3930.692       26.190   333.8      0.411      0.573      0.391     -0.629     -0.027      0.134
885.5000      -3904.381    -3931.058       26.677   340.0      0.984      0.877      0.428     -0.082      0.013      0.144
885.7500      -3904.821    -3930.967       26.145   333.2      0.730      0.703      0.336     -0.117     -0.461      0.136
886.0000      -3905.511    -3931.101       25.590   326.1      0.737      0.943      0.167      0.181      0.100      0.207
886.2500      -3907.237    -3932.160       24.923   317.6      0.817      0.894      0.747     -0.063      0.421      0.299
886.5000      -3905.863    -3931.365       25.502   325.0      0.646      0.845      0.039     -0.016      0.221      0.152
886.7500      -3905.700    -3932.307       26.607   339.1      0.498      0.892      0.598      0.070      0.102      0.209
887.0000      -3904.112    -3930.843       26.732   340.7      0.415      0.636     -0.119     -0.042      0.216     -0.009
887.2500      -3905.347    -3930.650       25.303   322.5      0.632      0.803     -0.518      0.052     -0.225     -0.352
887.5000      -3905.252    -3930.782       25.530   325.4      1.360      0.435     -0.546     -0.014      0.080     -0.292
887.7500      -3906.533    -3930.225       23.692   302.0      0.536      0.534     -0.181     -0.151     -0.005      0.154
888.0000      -3906.933    -3932.570       25.637   326.8      1.201      1.316      0.826      0.181      0.167      0.140
888.2500      -3906.665    -3932.025       25.360   323.2      0.480      0.692      0.416     -0.170     -0.142     -0.008
888.5000      -3905.345    -3931.453       26.108   332.7      0.446      0.439     -0.572      0.059      0.135      0.034
888.7500      -3904.174    -3929.569       25.395   323.7      1.116      0.970      0.218      0.209      0.412      0.016
889.0000      -3904.273    -3930.661       26.388   336.3      1.192      0.713      0.269      0.020     -0.126     -0.102
889.2500      -3904.612    -3932.024       27.412   349.4      0.520      0.741      0.296      0.002      0.063     -0.203
889.5000      -3904.319    -3931.817       27.498   350.5      0.156      0.795      0.163     -0.024     -0.149      0.267
889.7500      -3903.946    -3931.031       27.084   345.2      0.900      0.829      0.350      0.053     -0.040     -0.097
890.0000      -3904.680    -3929.746       25.066   319.5      1.316      1.466      0.196     -0.199      0.199     -0.179
890.2500      -3906.526    -3932.188       25.663   327.1      0.877      1.175      0.343     -0.018      0.232     -0.251
890.5000      -3907.455    -3933.366       25.912   330.3      0.347      0.166     -0.192     -0.140      0.293      0.024
890.7500      -3906.754    -3932.892       26.138   333.1      0.575      0.948      0.030      0.326     -0.037     -0.174
891.0000      -3907.511    -3931.851       24.340   310.2      0.890      0.335      0.134     -0.004     -0.080     -0.010
891.2500      -3906.490    -3931.900       25.409   323.8      0.276      0.452     -0.415     -0.153     -0.084     -0.101
891.5000      -3906.400    -3932.866       26.466   337.3      0.747      0.480      0.381     -0.151      0.145      0.068
891.7500      -3905.271    -3932.894       27.623   352.1      0.794      0.653     -0.146      0.361     -0.362     -0.070
892.0000      -3905.832    -3932.594       26.763   341.1      0.935      0.931      0.299     -0.109     -0.371      0.152
892.2500      -3903.384    -3931.317       27.933   356.0      0.311      0.983      0.139     -0.182      0.147     -0.149
892.5000      -3906.133    -3931.837       25.705   327.6      0.818      0.874      0.229     -0.032     -0.144      0.112
892.7500      -3905.917    -3932.369       26.452   337.1      0.794      0.763      0.363     -0.053      0.063     -0.022
893.0000      -3905.298    -3931.375       26.077   332.4      0.422      1.085     -0.550      0.179     -0.020      0.133
893.2500      -3907.642    -3933.186       25.544   325.6      0.822      0.691      0.335     -0.236     -0.378     -0.105
893.5000      -3906.321    -3932.072       25.750   328.2      0.832      0.999      0.940     -0.033      0.091     -0.165
893.7500      -3905.093    -3931.417       26.324   335.5      0.576      1.260     -0.003     -0.022      0.129     -0.054
894.0000      -3905.006    -3930.853       25.847   329.4      0.837      1.355      0.634      0.149      0.227     -0.175
894.2500      -3905.375    -3931.787       26.412   336.6      0.961      1.283      0.173      0.032     -0.014      0.155
894.5000      -3906.382    -3931.437       25.055   319.3      0.607      0.896      0.342      0.002     -0.200     -0.248
894.7500      -3906.534    -3932.189       25.655   327.0      0.847      1.010      0.254      0.002     -0.050     -0.208
895.0000      -3904.583    -3931.353       26.770   341.2      0.650      0.690      0.179      0.004      0.249     -0.094
895.2500      -3906.005    -3932.582       26.577   338.7      0.902      0.995     -0.020      0.276      0.589     -0.205
895.5000      -3905.988    -3932.245       26.256   334.6      0.658      1.171     -0.191      0.012      0.113     -0.335
895.7500      -3905.429    -3930.479       25.050   319.3      0.502      1.049      0.090      0.120     -0.263     -0.039
896.0000      -3906.056    -3931.839       25.784   328.6      1.002      0.863      0.266      0.126     -0.027      0.095
896.2500      -3905.491    -3932.159       26.668   339.9      0.541      0.801     -0.472      0.091      0.441     -0.042
896.5000      -3906.519    -3932.003       25.484   324.8      0.435      1.411      0.274      0.072      0.128     -0.093
896.7500      -3906.265    -3932.327       26.062   332.2      1.302      1.317      0.956     -0.101     -0.167     -0.028
897.0000      -3907.033    -3932.310       25.277   322.2      0.927      1.226      0.203      0.347     -0.418      0.139
897.2500      -3907.719    -3931.409       23.690   301.9      0.736      0.981      0.443      0.128     -0.231     -0.189
897.5000      -3906.117    -3932.481       26.364   336.0      0.967      0.811      0.106      0.077     -0.052     -0.274
897.7500      -3906.069    -3932.407       26.339   335.7      0.592      0.862     -0.411     -0.118      0.099     -0.194
898.0000      -3907.082    -3932.542       25.460   324.5      0.728      0.890      0.268      0.009      0.003      0.208
898.2500      -3904.503    -3930.512       26.009   331.5      0.465      0.742      0.053     -0.251     -0.480      0.151
898.5000      -3904.900    -3932.784       27.883   355.4      0.750      0.845      0.504      0.055     -0.250     -0.029
898.7500      -3905.958    -3931.048       25.090   319.8      0.486      0.524      0.412     -0.115      0.007     -0.282
899.0000      -3905.595    -3932.188       26.593   338.9      0.688      0.959      0.789      0.213      0.102     -0.065
899.2500      -3906.524    -3931.255       24.731   315.2      0.542      1.232      0.445     -0.111     -0.045     -0.012
899.5000      -3906.398    -3932.109       25.710   327.7      1.048      0.616      0.636      0.055     -0.169     -0.020
899.7500      -3906.539    -3932.033       25.494   324.9      0.827      0.837      0.125      0.154     -0.230     -0.229
900.0000      -3906.648    -3932.008       25.359   323.2      0.484      0.597     -0.532      0.216     -0.199      0.081
900.2500      -3906.215    -3932.155       25.940   330.6      0.591      0.708      0.275      0.062      0.003     -0.065
900.5000      -3907.653    -3933.068       25.415   323.9      0.878      0.936      0.130      0.063      0.207      0.037
900.7500      -3907.517    -3932.697       25.180   320.9      1.040      1.160      0.179     -0.158      0.021      0.005
901.0000      -3907.318    -3931.755       24.437   311.5      0.615      0.895     -0.447      0.010      0.042     -0.037
901.2500      -3906.206    -3931.170       24.964   318.2      0.927      1.104      0.639     -0.004     -0.381      0.068
901.5000      -3905.849    -3931.007       25.157   320.6      1.027      0.475      0.080     -0.258      0.023     -0.395
901.7500      -3905.362    -3931.343       25.980   331.1     -0.108      0.297     -0.233      0.413     -0.011     -0.176
902.0000      -3905.277    -3930.862       25.585   326.1      1.649      0.690      1.089      0.176     -0.304     -0.121
902.2500      -3904.635    -3930.961       26.326   335.5      0.400      1.365     -0.384     -0.115     -0.229     -0.041
902.5000      -3904.858    -3930.818       25.960   330.9      1.193      0.665      0.566     -0.027     -0.278     -0.140
902.7500      -3905.130    -3931.514       26.384   336.3      0.698      0.614      0.746     -0.283     -0.198     -0.187
903.0000      -3905.491    -3932.352       26.861   342.3      0.764      0.950      0.088     -0.015      0.056     -0.058
903.2500      -3905.132    -3930.565       25.433   324.2      0.607      0.903      0.620      0.050      0.105      0.024
903.5000      -3905.184    -3931.510       26.326   335.5      0.636      1.121      0.018     -0.129      0.207      0.020
903.7500      -3905.102    -3930.895       25.792   328.7      0.658      0.842      0.320     -0.060     -0.246     -0.188
904.0000      -3906.676    -3931.217       24.540   312.8      0.772      1.144      0.221     -0.286     -0.264     -0.047
904.2500      -3906.240    -3931.598       25.357   323.2      0.545      0.816      0.276      0.130      0.283     -0.130
904.5000      -3906.486    -3931.340       24.855   316.8      0.830      1.228      0.336     -0.229     -0.009     -0.231
904.7500      -3905.885    -3932.690       26.805   341.6      0.915      1.178      0.530      0.010      0.256     -0.149
905.0000      -3904.878    -3930.799       25.921   330.4      0.583      0.949     -0.009      0.191     -0.054      0.060
905.2500      -3905.063    -3932.416       27.352   348.6      0.161      0.382      0.272      0.178      0.065      0.147
905.5000      -3904.972    -3931.488       26.516   338.0      0.911      0.740      0.207     -0.143     -0.172     -0.028
905.7500      -3905.110    -3931.159       26.049   332.0      0.178      0.741     -0.314     -0.236     -0.039     -0.279
906.0000      -3904.321    -3931.559       27.237   347.1      0.247      0.924      0.165      0.025      0.127     -0.080
906.2500      -3905.538    -3931.808       26.271   334.8      1.254      0.791      0.190     -0.376     -0.288     -0.003
906.5000      -3905.722    -3930.365       24.644   314.1      0.482      1.318      0.538     -0.012     -0.116      0.204
906.7500      -3904.588    -3929.502       24.914   317.5      0.845      0.801      0.593     -0.075      0.164      0.039
907.0000      -3902.607    -3929.521       26.914   343.0      0.138      0.221     -0.318      0.087     -0.119     -0.033
907.2500      -3904.636    -3930.253       25.617   326.5      0.175      0.854      0.248      0.095      0.183     -0.266
907.5000      -3903.375    -3930.277       26.902   342.9      0.862      1.148      0.342      0.106      0.036     -0.063
907.7500      -3904.706    -3930.731       26.025   331.7      0.924      0.753      0.251     -0.134      0.021      0.105
908.0000      -3905.385    -3930.057       24.672   314.5      0.287      0.965      0.467     -0.026      0.101     -0.057
908.2500      -3903.461    -3930.271       26.810   341.7      0.602      0.704     -0.193      0.038      0.337      0.081
908.5000      -3904.227    -3930.768       26.541   338.3      1.085      0.550     -0.198     -0.239     -0.067     -0.287
908.7500      -3903.507    -3930.576       27.069   345.0      0.966      1.310      0.937      0.158     -0.276     -0.236
909.0000      -3901.293    -3929.387       28.094   358.1      1.095      0.679      0.051      0.228     -0.233     -0.257
909.2500      -3903.079    -3929.641       26.562   338.5      1.196      0.678      0.217     -0.087     -0.022     -0.173
909.5000      -3903.859    -3929.784       25.926   330.4      0.808      0.455     -0.435      0.086      0.205      0.001
909.7500      -3903.231    -3930.570       27.339   348.4      0.444      0.845     -0.234      0.141     -0.049      0.101
910.0000      -3903.901    -3930.918       27.017   344.3      1.513      1.062      0.455      0.018     -0.039     -0.352
910.2500      -3904.244    -3930.995       26.751   340.9      0.293      0.366      0.020      0.174     -0.187     -0.147
910.5000      -3905.095    -3929.985       24.889   317.2      0.765      1.196      0.037      0.111     -0.250     -0.155
910.7500      -3905.542    -3930.306       24.763   315.6      0.735      0.994      0.579     -0.074      0.104      0.204
911.0000      -3904.532    -3930.920       26.388   336.3      0.964      0.831      0.353     -0.094      0.088     -0.067
911.2500      -3904.657    -3930.893       26.236   334.4      0.393      0.678      0.149     -0.148     -0.347     -0.269
911.5000      -3906.961    -3932.062       25.101   319.9      0.776      1.056      0.053     -0.152      0.152     -0.146
911.7500      -3908.043    -3933.145       25.102   319.9      0.412      0.535      0.038      0.076     -0.213     -0.126
912.0000      -3908.164    -3932.977       24.813   316.3      1.197      1.020      0.232      0.025      0.103     -0.213
912.2500      -3907.084    -3933.015       25.931   330.5      0.408      0.714      0.291     -0.315      0.313      0.008
912.5000      -3905.950    -3931.368       25.417   324.0      0.581      0.796      0.239     -0.277      0.122      0.086
912.7500      -3906.494    -3932.050       25.556   325.7      0.534      0.912     -0.013      0.303     -0.100     -0.105
913.0000      -3905.491    -3931.501       26.010   331.5      0.843      0.626     -0.114      0.315      0.100      0.087
913.2500      -3905.189    -3930.375       25.186   321.0      0.453      0.551      0.397      0.081     -0.177      0.015
913.5000      -3904.064    -3930.096       26.032   331.8      0.714      0.973      0.231     -0.417     -0.138     -0.162
913.7500      -3905.924    -3931.557       25.633   326.7      1.274      1.005      0.389     -0.190      0.007      0.054
914.0000      -3906.776    -3931.816       25.040   319.1      1.115      1.072      0.074     -0.362      0.067      0.056
914.2500      -3907.192    -3931.573       24.382   310.8      0.759      1.358      0.632     -0.016      0.198      0.217
914.5000      -3906.858    -3931.140       24.282   309.5      0.459      1.431      0.165      0.158     -0.217      0.011
914.7500      -3908.089    -3932.844       24.755   315.5      0.604      0.190      0.132      0.092     -0.055     -0.118
915.0000      -3909.721    -3934.608       24.887   317.2      1.041      0.903      0.447     -0.485      0.068     -0.004
915.2500      -3908.442    -3933.671       25.229   321.6      0.908      0.712      0.015     -0.376      0.020      0.199
915.5000      -3907.922    -3932.198       24.276   309.4      0.346      0.894      0.090     -0.095      0.067     -0.171
915.7500      -3906.412    -3932.118       25.707   327.6      0.927      0.701      0.349      0.067      0.095     -0.083
916.0000      -3907.162    -3931.261       24.099   307.2      0.797      0.754      0.440     -0.094      0.017      0.351
916.2500      -3905.642    -3931.685       26.043   331.9      0.986      1.460      0.277     -0.245     -0.062     -0.053
916.5000      -3904.188    -3930.202       26.015   331.6      0.906      1.318     -0.123     -0.363     -0.021      0.073
916.7500      -3906.064    -3929.995       23.930   305.0      1.322      0.896     -0.168      0.426      0.124      0.010
917.0000      -3905.088    -3931.310       26.223   334.2      0.707      0.458      0.290     -0.137     -0.065      0.059
917.2500      -3905.441    -3930.997       25.556   325.7      0.593      0.823      0.238      0.121     -0.011     -0.421
917.5000      -3904.764    -3930.525       25.761   328.3      0.534      0.580     -0.268     -0.135     -0.257     -0.200
917.7500      -3905.436    -3930.993       25.557   325.7      0.732      1.305      0.435      0.189     -0.236      0.032
918.0000      -3905.494    -3930.641       25.147   320.5      0.793      1.057      0.135     -0.070      0.093      0.030
918.2500      -3904.542    -3931.010       26.468   337.3      1.038      0.760      0.151      0.453      0.191      0.009
918.5000      -3904.541    -3930.279       25.739   328.0      0.824      1.075      0.231      0.053      0.003      0.002
918.7500      -3906.726    -3931.325       24.599   313.5      0.488      1.033      0.381      0.455     -0.104     -0.024
919.0000      -3905.957    -3931.229       25.272   322.1      1.068      1.275      0.674      0.200     -0.025      0.061
919.2500      -3903.142    -3929.157       26.016   331.6      1.036      0.498     -0.310      0.114      0.294     -0.070
919.5000      -3903.299    -3930.878       27.579   351.5      1.004      0.958      0.465      0.004      0.208     -0.249
919.7500      -3902.960    -3928.702       25.743   328.1      0.708      0.719      0.373      0.128     -0.107      0.041
920.0000      -3902.223    -3928.690       26.467   337.3      1.020      0.721      0.746     -0.130     -0.396      0.019
920.2500      -3903.677    -3929.802       26.124   333.0      1.443      1.368      0.542      0.112     -0.278      0.170
920.5000      -3903.385    -3929.739       26.354   335.9      1.290      1.020      0.910     -0.005      0.182      0.100
920.7500      -3902.663    -3930.076       27.413   349.4      0.901      0.942      0.357     -0.014     -0.011      0.004
921.0000      -3902.419    -3928.543       26.125   333.0      0.868      1.417      0.685     -0.189     -0.292      0.138
921.2500      -3904.303    -3929.632       25.329   322.8      0.919      0.681     -0.368      0.270     -0.176      0.043
921.5000      -3903.643    -3928.750       25.106   320.0      0.868      0.407     -0.377      0.048     -0.481      0.168
921.7500      -3904.671    -3929.842       25.171   320.8      1.035      1.087      0.299      0.295     -0.183     -0.020
922.0000      -3905.955    -3931.298       25.343   323.0      0.959      0.545      0.226     -0.022      0.128      0.521
922.2500      -3904.294    -3929.564       25.270   322.1      0.563      1.212      0.511     -0.132     -0.229     -0.101
922.5000      -3904.134    -3929.353       25.219   321.4      0.197      0.535     -0.015     -0.187      0.196      0.020
922.7500      -3905.359    -3931.442       26.083   332.4      0.461      0.575      0.416      0.023      0.302     -0.071
923.0000      -3903.656    -3930.325       26.669   339.9      0.570      0.714      0.442     -0.217     -0.103      0.105
923.2500      -3904.622    -3930.897       26.275   334.9      0.523      0.233     -0.231     -0.053     -0.144     -0.185
923.5000      -3904.214    -3929.697       25.483   324.8      0.885      1.111      0.267     -0.159      0.307     -0.056
923.7500      -3903.739    -3929.703       25.964   330.9      0.809      0.546     -0.004     -0.168      0.055      0.075
924.0000      -3904.533    -3930.588       26.055   332.1      0.339      1.149      0.412      0.071      0.302      0.160
924.2500      -3903.575    -3930.551       26.977   343.8      1.057      0.712      0.546     -0.330     -0.409      0.106
924.5000      -3902.974    -3929.520       26.546   338.3      0.523      0.469      0.190     -0.131     -0.219     -0.241
924.7500      -3904.517    -3929.224       24.707   314.9      0.697      0.697      0.488      0.227     -0.131     -0.160
925.0000      -3903.635    -3931.031       27.396   349.2      0.543      0.912      0.256     -0.007      0.424      0.072
925.2500      -3903.923    -3929.058       25.135   320.4      0.620      1.143      0.318      0.047      0.060      0.338
925.5000      -3904.334    -3930.333       25.999   331.4      1.045      0.910      0.047     -0.018      0.112     -0.247
925.7500      -3903.084    -3929.285       26.201   333.9      0.815      1.326      0.208      0.288     -0.187     -0.010
926.0000      -3902.744    -3930.283       27.539   351.0      1.067      0.748      0.112      0.197      0.085     -0.089
926.2500      -3903.911    -3930.889       26.978   343.8      0.747      1.250      0.153     -0.025      0.321      0.028
926.5000      -3904.362    -3929.448       25.086   319.7      0.367      0.563      0.544     -0.451      0.156      0.050
926.7500      -3905.311    -3930.457       25.146   320.5      0.790      0.470      0.371     -0.100     -0.051     -0.024
927.0000      -3906.597    -3932.342       25.745   328.1      0.233      0.223      0.534      0.009     -0.367     -0.140
927.2500      -3904.365    -3930.798       26.433   336.9      0.747      0.805     -0.306      0.229     -0.217     -0.066
927.5000      -3903.001    -3928.926       25.925   330.4      0.502      0.904      0.591      0.169     -0.066      0.362
927.7500      -3904.699    -3930.896       26.197   333.9      0.546      0.267      0.022     -0.407     -0.064      0.225
928.0000      -3904.193    -3929.985       25.792   328.7      1.109      0.886     -0.371     -0.407     -0.433      0.171
928.2500      -3904.583    -3931.072       26.488   337.6      1.168      0.832      0.726     -0.268     -0.083     -0.130
928.5000      -3904.662    -3930.107       25.445   324.3      0.715      1.002      0.565      0.131      0.097      0.110
928.7500      -3903.652    -3930.035       26.383   336.3      1.429      1.303      0.014      0.276      0.093     -0.218
929.0000      -3903.578    -3929.708       26.130   333.0      0.726      0.673      0.213     -0.003     -0.047      0.081
929.2500      -3904.487    -3930.192       25.705   327.6      1.169      0.744      0.319      0.041      0.082     -0.131
929.5000      -3904.755    -3929.608       24.853   316.8      1.088      0.965      0.240     -0.175     -0.383      0.255
929.7500      -3903.953    -3929.527       25.574   325.9      1.297      1.036      0.591     -0.067     -0.429     -0.162
930.0000      -3902.003    -3929.889       27.887   355.4      0.388      1.087     -0.396      0.031     -0.240      0.119
930.2500      -3904.635    -3932.198       27.563   351.3      1.078      0.826      0.513      0.174     -0.152     -0.210
930.5000      -3903.439    -3928.976       25.537   325.5      0.835      0.506     -0.188     -0.013     -0.058     -0.082
930.7500      -3905.117    -3931.969       26.853   342.2      0.846      0.822      0.659     -0.346      0.053      0.077
931.0000      -3905.946    -3931.290       25.344   323.0      1.142      0.633      0.772     -0.091     -0.051      0.186
931.2500      -3905.305    -3931.276       25.971   331.0      0.437      0.693     -0.216      0.319      0.026     -0.058
931.5000      -3907.316    -3929.842       22.526   287.1      0.718      0.591      0.319      0.346     -0.017     -0.144
931.7500      -3905.796    -3931.858       26.062   332.2      0.664      0.976      0.131      0.266     -0.358     -0.103
932.0000      -3906.312    -3931.186       24.873   317.0      0.771      0.620      0.066      0.172     -0.298     -0.156
932.2500      -3905.710    -3931.614       25.904   330.2      1.379      1.325      0.254     -0.436     -0.335      0.047
932.5000      -3906.577    -3932.111       25.534   325.4      0.234      0.122      0.034      0.117     -0.039      0.070
932.7500      -3905.543    -3931.026       25.483   324.8      0.391      0.954      0.355      0.067     -0.286     -0.246
933.0000      -3905.198    -3930.777       25.579   326.0      0.661      0.891      0.868     -0.144     -0.256      0.213
933.2500      -3906.736    -3931.491       24.755   315.5      0.658      0.298     -0.297     -0.025     -0.306     -0.147
933.5000      -3906.552    -3932.687       26.135   333.1      1.198      0.991      0.725     -0.154     -0.007     -0.055
933.7500      -3906.731    -3932.064       25.333   322.9      0.419      0.587      0.153      0.071     -0.121     -0.123
934.0000      -3904.557    -3931.104       26.547   338.4      0.846      1.045      0.382     -0.125      0.084      0.091
934.2500      -3905.130    -3930.694       25.565   325.8      0.942      0.814      0.087      0.081     -0.149     -0.010
934.5000      -3904.825    -3930.256       25.431   324.1      1.071      1.054      0.267     -0.006      0.201     -0.010
934.7500      -3904.596    -3930.000       25.404   323.8      1.172      0.622      0.147      0.230      0.169     -0.086
935.0000      -3905.003    -3930.521       25.518   325.2      0.293      0.358     -0.150     -0.237      0.321     -0.184
935.2500      -3904.806    -3930.011       25.205   321.2      0.636      0.968      0.306      0.082      0.142      0.162
935.5000      -3903.613    -3929.005       25.392   323.6      0.364      0.718     -0.198     -0.056      0.029      0.123
935.7500      -3904.824    -3931.072       26.248   334.5      0.826      0.753      0.438     -0.114     -0.010     -0.146
936.0000      -3906.485    -3932.032       25.547   325.6      0.940      1.507      0.444     -0.015      0.028      0.003
936.2500      -3905.129    -3931.772       26.643   339.6      0.672      0.717      0.024     -0.514     -0.022      0.349
936.5000      -3905.082    -3930.927       25.844   329.4      0.785      0.554      0.351     -0.068     -0.073     -0.048
936.7500      -3905.234    -3931.020       25.786   328.6      0.914      0.582      0.104      0.001      0.146     -0.067
937.0000      -3905.214    -3931.156       25.942   330.6      0.625      0.898     -0.161      0.075      0.076      0.161
937.2500      -3903.706    -3928.992       25.286   322.3     -0.004      0.953      0.032      0.226      0.084     -0.018
937.5000      -3905.146    -3930.660       25.514   325.2      0.394      0.889      0.414      0.217     -0.052     -0.005
937.7500      -3903.055    -3930.079       27.024   344.4      0.282      0.651      0.188      0.167      0.140     -0.016
938.0000      -3904.943    -3929.762       24.819   316.3      0.355      0.777     -0.149     -0.329     -0.202      0.326
938.2500      -3904.455    -3930.673       26.218   334.2      1.093      1.058      0.924     -0.095      0.342      0.018
938.5000      -3904.558    -3930.789       26.231   334.3      0.623      0.288     -0.445      0.262     -0.067     -0.159
938.7500      -3903.109    -3929.383       26.274   334.9      0.748      0.824      0.195     -0.084     -0.188     -0.305
939.0000      -3903.069    -3929.241       26.172   333.6      1.375      1.056      1.000     -0.163      0.009      0.237
939.2500      -3904.640    -3929.584       24.944   317.9      0.764      0.441      0.337     -0.171     -0.083      0.140
939.5000      -3902.541    -3929.035       26.494   337.7      0.359      1.179      0.310      0.121     -0.055      0.332
939.7500      -3904.708    -3931.888       27.180   346.4      0.491      0.889      0.239      0.252     -0.391      0.194
940.0000      -3903.868    -3929.691       25.823   329.1      1.147      0.641      0.245     -0.279     -0.138     -0.210
940.2500      -3903.768    -3930.181       26.412   336.6      0.842      1.140      0.854     -0.358     -0.097      0.205
940.5000      -3902.882    -3929.529       26.647   339.6      0.763      0.568      0.079      0.259     -0.184      0.343
940.7500      -3904.940    -3930.797       25.858   329.6      0.988      1.288      0.651     -0.140      0.052     -0.102
941.0000      -3903.972    -3929.556       25.585   326.1      0.820      0.999     -0.273     -0.129     -0.151     -0.187
941.2500      -3903.766    -3930.765       26.999   344.1      0.586      1.250     -0.520     -0.157     -0.214     -0.181
941.5000      -3905.310    -3930.884       25.575   326.0      1.116      1.069      0.260     -0.420     -0.168     -0.258
941.7500      -3903.809    -3930.110       26.301   335.2      0.602      0.906      0.273     -0.013      0.020     -0.160
942.0000      -3902.576    -3929.510       26.934   343.3      0.565      0.620      0.069      0.005     -0.095     -0.190
942.2500      -3904.424    -3929.883       25.459   324.5      0.528      0.901     -0.165     -0.428      0.362     -0.118
942.5000      -3904.361    -3929.521       25.160   320.7      0.255      0.478     -0.067      0.010      0.225      0.160
942.7500      -3904.719    -3932.026       27.307   348.0      0.560      0.839     -0.251     -0.140     -0.105      0.089
943.0000      -3905.196    -3931.654       26.458   337.2      1.060      0.576      0.459     -0.002     -0.381      0.277
943.2500      -3904.050    -3930.410       26.360   336.0      1.302      1.257      0.562      0.081      0.294      0.038
943.5000      -3903.775    -3929.319       25.543   325.6      0.837      0.643      0.750      0.344      0.145      0.193
943.7500      -3904.908    -3931.229       26.321   335.5      0.552      1.037      0.609      0.202     -0.032     -0.078
944.0000      -3904.105    -3930.225       26.120   332.9      1.250      0.797      0.071     -0.153      0.230      0.079
944.2500      -3903.970    -3930.647       26.677   340.0      0.590      0.625     -0.328     -0.214      0.201     -0.021
944.5000      -3904.425    -3929.929       25.505   325.1      0.774      1.337      0.769      0.189      0.349      0.092
944.7500      -3904.774    -3929.794       25.020   318.9      1.059      1.190      1.020      0.612      0.147      0.134
945.0000      -3903.788    -3929.108       25.321   322.7      0.543      0.649      0.502      0.044      0.211      0.324
945.2500      -3904.173    -3930.221       26.048   332.0      0.598      1.154      0.366      0.035     -0.053      0.048
945.5000      -3904.562    -3930.457       25.894   330.0      0.817      0.669      0.386     -0.120      0.188      0.067
945.7500      -3904.200    -3930.459       26.260   334.7      0.921      0.701      0.392     -0.289     -0.076     -0.073
946.0000      -3903.537    -3928.853       25.316   322.7      0.752      0.745      0.547      0.171     -0.245     -0.044
946.2500      -3903.370    -3929.222       25.852   329.5      0.808      0.677      0.491      0.132      0.406     -0.045
946.5000      -3902.234    -3929.228       26.994   344.1      1.126      0.953      1.030      0.067      0.434     -0.089
946.7500      -3903.008    -3928.846       25.837   329.3      0.754      1.071     -0.289      0.108      0.353      0.052
947.0000      -3904.219    -3930.207       25.987   331.2      0.992      1.071      0.365      0.063      0.142     -0.033
947.2500      -3904.761    -3929.331       24.570   313.2      1.874      1.416      0.609     -0.064     -0.005      0.198
947.5000      -3903.595    -3929.775       26.180   333.7      0.441      0.336     -0.356     -0.041     -0.123     -0.089
947.7500      -3902.913    -3929.048       26.135   333.1      0.881      0.887      0.654      0.148     -0.091      0.220
948.0000      -3903.395    -3928.733       25.338   322.9      0.857      0.944      0.377      0.046     -0.271     -0.167
948.2500      -3903.902    -3929.945       26.043   331.9      0.915      0.964      0.611     -0.281     -0.194     -0.240
948.5000      -3902.068    -3929.069       27.000   344.1      0.430      0.629     -0.428      0.022     -0.293      0.277
948.7500      -3904.215    -3928.692       24.477   312.0      0.354      0.872      0.437     -0.289     -0.405      0.127
949.0000      -3906.348    -3930.844       24.496   312.2      0.672      0.481      0.396     -0.215     -0.053      0.043
949.2500      -3904.964    -3931.137       26.173   333.6      0.994      0.597      0.047     -0.131      0.204      0.098
949.5000      -3905.275    -3931.582       26.307   335.3      0.423      1.082      0.205      0.249      0.138      0.207
949.7500      -3903.700    -3928.898       25.199   321.2      0.745      0.713      0.479     -0.088      0.048      0.044
950.0000      -3902.264    -3929.156       26.892   342.7      0.714      1.170      0.698     -0.099     -0.142      0.024
950.2500      -3903.171    -3929.064       25.893   330.0      0.993      1.158      0.302      0.121     -0.162     -0.270
950.5000      -3904.164    -3930.367       26.203   334.0      1.061      1.000      0.454      0.453      0.181      0.266
950.7500      -3903.691    -3929.192       25.501   325.0      0.820      1.255      0.481     -0.174     -0.021     -0.010
951.0000      -3906.205    -3931.503       25.298   322.4      0.387      0.684     -0.348     -0.271     -0.003      0.117
951.2500      -3907.317    -3931.250       23.933   305.0      1.163      0.818      0.377      0.211     -0.135      0.117
951.5000      -3905.812    -3931.688       25.875   329.8      1.068      1.043      0.314      0.008     -0.482     -0.058
951.7500      -3905.788    -3931.311       25.523   325.3      0.718      1.276      0.036      0.112     -0.224      0.101
952.0000      -3905.834    -3932.324       26.490   337.6      0.869      0.313      0.289     -0.025     -0.335      0.127
952.2500      -3906.512    -3930.580       24.067   306.7      0.732      0.682      0.116      0.084      0.104      0.159
952.5000      -3905.787    -3931.346       25.559   325.8      0.481      0.289      0.159      0.136      0.226      0.028
952.7500      -3905.485    -3931.046       25.562   325.8      1.054      0.399      0.639     -0.026      0.167      0.019
953.0000      -3903.727    -3930.663       26.935   343.3      0.585      0.740      0.121     -0.052      0.054      0.099
953.2500      -3904.589    -3930.826       26.237   334.4      0.372      0.621     -0.196     -0.090     -0.074     -0.215
953.5000      -3904.324    -3929.468       25.144   320.5      0.506      1.290      1.026      0.096      0.045     -0.020
953.7500      -3904.248    -3930.691       26.443   337.0      1.086      0.961      0.064      0.131      0.031     -0.127
954.0000      -3902.342    -3929.230       26.888   342.7      0.224      0.364     -0.175     -0.156      0.224     -0.079
954.2500      -3903.824    -3929.236       25.413   323.9      0.538      1.083     -0.136      0.172     -0.309      0.270
954.5000      -3902.961    -3929.100       26.139   333.1      1.108      0.406     -0.117      0.231     -0.072      0.063
954.7500      -3903.923    -3929.423       25.499   325.0      0.398      0.942     -0.094      0.191      0.197     -0.143
955.0000      -3904.088    -3929.799       25.711   327.7      1.214      1.089      0.590     -0.244      0.174     -0.000
955.2500      -3905.707    -3930.909       25.202   321.2      0.967      0.872      0.031     -0.036      0.004     -0.146
955.5000      -3905.898    -3931.089       25.192   321.1      0.801      0.817      0.251      0.066     -0.163      0.168
955.7500      -3906.052    -3931.839       25.788   328.7      1.015      1.077     -0.041      0.069     -0.367     -0.051
956.0000      -3905.196    -3929.697       24.501   312.3      1.126      1.003      0.456      0.181      0.156     -0.067
956.2500      -3902.702    -3929.156       26.453   337.2      0.845      0.570      0.537      0.150      0.025      0.034
956.5000      -3902.798    -3928.932       26.134   333.1      0.431      0.630     -0.353     -0.158      0.286      0.302
956.7500      -3904.179    -3930.920       26.741   340.8      1.460      1.138      0.451     -0.229      0.019      0.068
957.0000      -3905.059    -3931.886       26.827   341.9      0.918      1.047     -0.311     -0.059      0.165      0.210
957.2500      -3904.202    -3929.366       25.163   320.7      1.198      0.792      0.240      0.488      0.174      0.188
957.5000      -3903.776    -3930.650       26.875   342.5      1.048      0.663      0.846      0.002      0.339      0.087
957.7500      -3903.391    -3930.252       26.861   342.3      0.901      0.710     -0.205     -0.275      0.028      0.250
958.0000      -3902.135    -3928.488       26.353   335.9      0.823      1.270      1.362     -0.041     -0.394     -0.187
958.2500      -3900.576    -3928.433       27.858   355.1      0.922      0.410     -0.103     -0.194     -0.086     -0.143
958.5000      -3901.558    -3929.034       27.476   350.2      0.868      1.178      0.526      0.284     -0.367     -0.067
958.7500      -3901.809    -3928.770       26.960   343.6      1.151      0.802      0.565      0.294     -0.380     -0.180
959.0000      -3902.751    -3929.853       27.103   345.4      0.268      0.693     -0.181     -0.143     -0.310      0.133
959.2500      -3901.671    -3928.385       26.714   340.5      0.577      1.028      0.375     -0.069      0.094     -0.072
959.5000      -3904.633    -3930.620       25.987   331.2      0.752      0.774      0.034     -0.089      0.098     -0.425
959.7500      -3904.474    -3929.791       25.317   322.7      0.997      1.269      0.789     -0.463     -0.251     -0.164
960.0000      -3906.074    -3931.531       25.457   324.5      0.710      0.782      0.767      0.199     -0.063     -0.136
960.2500      -3904.508    -3930.656       26.148   333.3      1.064      0.507      0.537     -0.103     -0.138     -0.172
960.5000      -3903.844    -3931.117       27.272   347.6      1.024      0.931      0.290     -0.131     -0.134     -0.076
960.7500      -3905.900    -3931.193       25.293   322.4      1.534      0.941     -0.045     -0.050     -0.013      0.234
961.0000      -3904.554    -3931.342       26.788   341.4      1.243      0.633      0.105     -0.433      0.396      0.147
961.2500      -3903.784    -3929.069       25.285   322.3      0.461      0.523     -0.208     -0.101      0.109     -0.203
961.5000      -3904.509    -3930.092       25.582   326.1      1.180      1.200      0.954     -0.049     -0.097      0.062
961.7500      -3905.455    -3930.494       25.038   319.1      0.308      0.350     -0.109      0.175     -0.269      0.260
962.0000      -3905.831    -3930.786       24.954   318.0      0.582      1.020      0.088     -0.113      0.191      0.012
962.2500      -3902.727    -3929.522       26.795   341.5      1.245      1.428      0.677      0.064      0.087     -0.088
962.5000      -3903.040    -3928.322       25.282   322.2      1.129      0.626      0.105     -0.074     -0.240      0.069
962.7500      -3904.031    -3930.119       26.088   332.5      0.659      0.431     -0.610     -0.233     -0.171      0.016
963.0000      -3902.561    -3928.343       25.782   328.6      0.761      0.853      0.208      0.066     -0.294      0.125
963.2500      -3903.503    -3929.117       25.614   326.5      0.606      1.393      0.243     -0.246      0.091     -0.101
963.5000      -3901.985    -3930.669       28.684   365.6      0.737      1.269      0.622     -0.245     -0.145     -0.055
963.7500      -3901.790    -3929.006       27.216   346.9      0.186      0.631     -0.149      0.317     -0.121     -0.076
964.0000      -3900.451    -3928.098       27.647   352.4      0.279      1.038      0.096      0.075      0.123      0.034
964.2500      -3902.440    -3927.760       25.320   322.7      0.546      1.012     -0.182      0.341     -0.070      0.071
964.5000      -3904.104    -3929.870       25.766   328.4      0.545      0.861      0.302      0.288     -0.136      0.088
964.7500      -3905.159    -3931.106       25.947   330.7      0.924      1.095      0.309     -0.038     -0.058      0.025
965.0000      -3903.916    -3929.127       25.211   321.3      0.232      0.906      0.489     -0.086      0.151      0.040
965.2500      -3905.347    -3931.252       25.906   330.2      0.811      0.590      0.463     -0.531     -0.204      0.175
965.5000      -3903.109    -3931.346       28.238   359.9      0.976      0.791     -0.027     -0.123     -0.049      0.100
965.7500      -3904.847    -3931.397       26.550   338.4      0.535      0.966     -0.209      0.139     -0.239     -0.087
966.0000      -3903.368    -3929.292       25.924   330.4      0.796      1.253      0.496      0.350     -0.308      0.083
966.2500      -3905.602    -3930.689       25.087   319.7      0.382      0.139     -0.432      0.223     -0.292      0.013
966.5000      -3905.591    -3930.920       25.329   322.8      0.952      1.205     -0.057     -0.245      0.059      0.034
966.7500      -3903.882    -3928.648       24.766   315.7      1.543      1.291      0.781     -0.170     -0.089      0.157
967.0000      -3905.275    -3930.901       25.626   326.6      0.429      0.581      0.145     -0.147     -0.074     -0.155
967.2500      -3902.352    -3929.623       27.271   347.6      1.078      0.820      0.181      0.029     -0.346      0.071
967.5000      -3901.595    -3928.455       26.860   342.3      0.271      1.013      0.007     -0.034      0.230      0.099
967.7500      -3902.908    -3929.419       26.511   337.9      0.922      1.184      0.480      0.230      0.163      0.184
968.0000      -3902.663    -3930.340       27.677   352.7      1.208      0.781      0.212     -0.052     -0.102     -0.095
968.2500      -3903.177    -3929.393       26.216   334.1      0.487      0.959     -0.183     -0.231      0.149     -0.275
968.5000      -3902.601    -3928.726       26.126   333.0      0.660      1.255      0.501      0.177     -0.175      0.020
968.7500      -3902.288    -3927.522       25.233   321.6      0.896      0.793      0.586     -0.137     -0.126     -0.045
969.0000      -3900.802    -3927.007       26.205   334.0      1.151      1.016      0.449     -0.051      0.013      0.209
969.2500      -3899.915    -3927.183       27.268   347.5      0.766      0.589      0.095     -0.057     -0.242      0.237
969.5000      -3901.330    -3928.662       27.332   348.3      0.032      0.780     -0.494      0.243     -0.065      0.123
969.7500      -3902.998    -3928.943       25.945   330.7      0.849      0.726      0.200      0.229     -0.051      0.045
970.0000      -3903.606    -3930.103       26.496   337.7      1.114      1.469      0.391      0.322     -0.049     -0.345
970.2500      -3904.646    -3929.909       25.263   322.0      1.068      1.070      0.160      0.161     -0.179     -0.081
970.5000      -3903.865    -3929.978       26.113   332.8      0.699      1.340      0.595      0.137     -0.167      0.063
970.7500      -3903.887    -3929.539       25.651   326.9      1.501      0.898      1.197     -0.041     -0.058      0.332
971.0000      -3903.727    -3930.448       26.721   340.6      0.263      0.329      0.018      0.176      0.089     -0.080
971.2500      -3903.238    -3929.070       25.832   329.2      0.807      1.528      0.379      0.089      0.088      0.108
971.5000      -3904.496    -3930.962       26.466   337.3      0.620      0.676     -0.089      0.196      0.122      0.348
971.7500      -3903.291    -3929.423       26.131   333.1      0.762      1.185     -0.256     -0.241     -0.156      0.063
972.0000      -3904.253    -3930.920       26.667   339.9      0.847      0.705      0.450     -0.159      0.130     -0.028
972.2500      -3905.448    -3930.536       25.087   319.7      0.610      1.198      0.483      0.017      0.132      0.027
972.5000      -3905.101    -3930.395       25.294   322.4      1.263      1.048      0.416      0.124      0.009     -0.017
972.7500      -3905.531    -3931.774       26.243   334.5      0.840      1.241      0.539      0.312      0.025     -0.139
973.0000      -3906.995    -3932.430       25.435   324.2      0.404      0.392      0.007      0.071     -0.119      0.108
973.2500      -3906.092    -3930.548       24.456   311.7      1.100      0.822      0.435     -0.042      0.279      0.136
973.5000      -3904.464    -3930.470       26.006   331.5      0.187      0.958     -0.401      0.083      0.242      0.037
973.7500      -3905.428    -3930.766       25.337   322.9      0.627      0.908     -0.231     -0.400      0.153     -0.176
974.0000      -3904.487    -3929.185       24.698   314.8      0.754      1.196      0.404      0.260      0.275      0.117
974.2500      -3905.793    -3931.914       26.120   332.9      1.029      0.765      0.565      0.470      0.053      0.184
974.5000      -3905.930    -3930.497       24.567   313.1      0.575      0.948      0.174     -0.063      0.173     -0.134
974.7500      -3906.163    -3931.935       25.772   328.5      0.790      0.618      0.164     -0.374     -0.005      0.058
975.0000      -3906.836    -3931.460       24.623   313.8      0.628      0.604      0.481     -0.441     -0.134      0.054
975.2500      -3906.085    -3932.907       26.823   341.9      0.726      0.593      0.290     -0.076      0.416      0.237
975.5000      -3905.321    -3931.091       25.770   328.4      0.073      0.821      0.015      0.252      0.128      0.391
975.7500      -3905.728    -3931.203       25.475   324.7      1.247      0.750      0.423      0.424      0.475      0.163
976.0000      -3907.017    -3932.632       25.615   326.5      0.637      0.868      0.028      0.125      0.378     -0.001
976.2500      -3905.299    -3931.481       26.183   333.7     -0.119      0.235     -0.380     -0.265      0.304     -0.109
976.5000      -3905.436    -3932.518       27.082   345.2      0.890      0.768      0.876      0.023     -0.155     -0.012
976.7500      -3906.550    -3931.342       24.792   316.0      0.624      0.792      0.435      0.251     -0.130     -0.222
977.0000      -3906.589    -3931.764       25.175   320.9      0.115      1.061      0.346     -0.067      0.164     -0.114
977.2500      -3905.999    -3931.754       25.756   328.3      0.273      0.664      0.218      0.222      0.001     -0.011
977.5000      -3901.988    -3929.360       27.371   348.9      0.288      0.791     -0.062      0.203     -0.038     -0.406
977.7500      -3903.560    -3930.663       27.103   345.4      0.681      0.570      0.050     -0.079      0.169      0.193
978.0000      -3904.273    -3930.802       26.529   338.1      0.687      0.675      0.812     -0.024      0.078     -0.093
978.2500      -3905.172    -3930.899       25.727   327.9      1.109      0.709      0.682     -0.255      0.360     -0.043
978.5000      -3905.267    -3932.472       27.205   346.7      0.786      0.745     -0.068      0.121      0.282     -0.152
978.7500      -3906.319    -3932.375       26.056   332.1      1.087      0.912      0.532     -0.305      0.094     -0.009
979.0000      -3905.865    -3931.102       25.237   321.6      1.049      1.393      0.216      0.183      0.164     -0.088
979.2500      -3906.149    -3932.243       26.094   332.6      0.400      0.527     -0.001     -0.020      0.014      0.130
979.5000      -3904.636    -3930.693       26.057   332.1      1.269      1.275      0.666      0.353     -0.036     -0.118
979.7500      -3906.323    -3932.605       26.282   335.0      0.792      0.508      0.161      0.150      0.244     -0.146
980.0000      -3905.451    -3930.412       24.961   318.1      0.466      0.636     -0.202     -0.201     -0.015      0.229
980.2500      -3906.127    -3932.307       26.180   333.7      0.692      0.872      0.289     -0.110      0.089     -0.096
980.5000      -3907.587    -3932.800       25.213   321.3      1.113      1.237      0.094     -0.113     -0.121     -0.319
980.7500      -3906.880    -3931.783       24.903   317.4      0.734      1.061      0.504     -0.279      0.106      0.111
981.0000      -3904.938    -3930.525       25.587   326.1      0.690      0.512     -0.057      0.238      0.176     -0.215
981.2500      -3906.424    -3932.609       26.185   333.7      0.657      0.391      0.555      0.023     -0.090      0.084
981.5000      -3906.147    -3931.641       25.494   324.9      0.970      0.560     -0.056      0.243      0.121     -0.064
981.7500      -3904.591    -3931.487       26.896   342.8      0.489      0.396     -0.188      0.221      0.022     -0.223
982.0000      -3904.552    -3930.713       26.161   333.4      0.649      0.500     -0.037      0.190      0.186      0.040
982.2500      -3904.623    -3931.520       26.897   342.8      0.763      1.195      0.091      0.033      0.035     -0.144
982.5000      -3905.221    -3929.989       24.768   315.7      0.971      0.855      0.101      0.303     -0.324     -0.204
982.7500      -3904.018    -3929.327       25.309   322.6      0.832      0.967      0.169     -0.006     -0.207      0.080
983.0000      -3904.745    -3930.982       26.237   334.4      0.888      0.756      0.064      0.209     -0.070     -0.109
983.2500      -3904.772    -3931.179       26.407   336.6      0.639      0.914      0.340     -0.124      0.188     -0.248
983.5000      -3906.976    -3932.261       25.286   322.3      0.387      0.924     -0.124      0.053      0.052      0.009
983.7500      -3905.445    -3931.425       25.979   331.1      0.604      0.766      0.441      0.069     -0.013      0.212
984.0000      -3906.028    -3931.326       25.297   322.4      0.763      0.606     -0.172     -0.115      0.049     -0.065
984.2500      -3903.488    -3930.147       26.658   339.8      1.049      0.754      0.237     -0.181      0.213      0.026
984.5000      -3905.252    -3931.822       26.570   338.6      0.803      1.226      0.068      0.063     -0.018     -0.054
984.7500      -3904.724    -3930.425       25.701   327.6      0.799      0.057      0.006     -0.170     -0.011     -0.017
985.0000      -3903.196    -3929.422       26.226   334.3      0.599      1.059      0.283     -0.105      0.169     -0.063
985.2500      -3903.487    -3931.057       27.570   351.4      0.474      0.832      0.391      0.100     -0.241     -0.033
985.5000      -3904.581    -3931.246       26.665   339.8      0.327      0.360     -0.136     -0.428     -0.019      0.235
985.7500      -3903.774    -3931.376       27.603   351.8      0.707      1.116      0.736      0.112      0.164      0.265
986.0000      -3905.318    -3931.784       26.466   337.3      0.987      0.934     -0.174      0.117      0.170      0.006
986.2500      -3904.400    -3930.349       25.950   330.7      0.563      0.684      0.127     -0.009     -0.044      0.086
986.5000      -3904.227    -3930.558       26.331   335.6      0.642      0.649      0.220      0.115     -0.170     -0.293
986.7500      -3904.246    -3929.738       25.492   324.9      0.455      0.559      0.155     -0.122      0.141      0.189
987.0000      -3903.559    -3930.327       26.768   341.2      0.160      0.575     -0.227     -0.087     -0.390      0.041
987.2500      -3904.386    -3930.405       26.019   331.6      0.682      0.879      1.029      0.161      0.035     -0.248
987.5000      -3906.605    -3932.375       25.769   328.4      0.696      0.512      0.094      0.168      0.270      0.203
987.7500      -3905.079    -3930.995       25.916   330.3      0.808      1.064      0.172     -0.123     -0.030     -0.060
988.0000      -3907.019    -3932.331       25.311   322.6      0.280      0.326     -0.237     -0.109     -0.208     -0.146
988.2500      -3905.879    -3931.960       26.081   332.4     -0.215      0.610     -0.371     -0.194      0.311      0.412
988.5000      -3905.157    -3930.496       25.338   322.9      0.792      0.932      0.614      0.012     -0.131      0.083
988.7500      -3905.535    -3932.217       26.682   340.1      0.661      0.706      0.425      0.052     -0.185      0.141
989.0000      -3905.925    -3930.890       24.966   318.2      0.819      0.970     -0.094     -0.239     -0.094      0.130
989.2500      -3903.644    -3929.656       26.012   331.5      0.626      1.107      0.566     -0.012      0.047      0.059
989.5000      -3901.869    -3928.816       26.946   343.4      0.909      1.054     -0.032      0.247      0.174     -0.198
989.7500      -3903.493    -3929.633       26.140   333.2      0.339      1.199      0.527      0.146      0.023      0.282
990.0000      -3904.753    -3931.326       26.573   338.7      0.682      0.862      0.341      0.339      0.051      0.042
990.2500      -3903.515    -3930.805       27.290   347.8      0.638      0.549      0.779     -0.309      0.054      0.187
990.5000      -3904.796    -3930.421       25.625   326.6      0.579      0.720      0.201     -0.052     -0.049      0.264
990.7500      -3903.640    -3929.181       25.542   325.5      0.448      0.713      0.519     -0.052      0.184      0.040
991.0000      -3904.948    -3930.844       25.896   330.0      1.055      0.797      1.042     -0.169      0.002      0.257
991.2500      -3905.480    -3930.363       24.883   317.1      0.642      0.683     -0.084     -0.106      0.317     -0.019
991.5000      -3904.427    -3931.376       26.950   343.5      0.677      0.678      0.126      0.199      0.234      0.095
991.7500      -3904.224    -3929.445       25.221   321.4      1.025      1.180     -0.152     -0.000      0.184      0.012
992.0000      -3905.032    -3930.646       25.614   326.5      0.422      1.077      0.354      0.211      0.055     -0.059
992.2500      -3907.101    -3931.192       24.091   307.0      1.241      0.984      0.882      0.363     -0.405     -0.119
992.5000      -3906.545    -3932.059       25.514   325.2      0.358      0.400      0.165     -0.153     -0.003     -0.000
992.7500      -3906.204    -3930.377       24.172   308.1      1.441      1.503      0.600     -0.023     -0.185      0.369
993.0000      -3906.006    -3930.385       24.379   310.7      0.923      0.763     -0.065      0.137     -0.251      0.072
993.2500      -3904.043    -3929.988       25.946   330.7      0.968      1.156      0.573      0.046      0.258     -0.177
993.5000      -3905.570    -3931.244       25.674   327.2      0.550      0.387     -0.338     -0.188      0.060     -0.105
993.7500      -3905.629    -3931.251       25.622   326.6      0.437      0.571      0.566     -0.126      0.031     -0.037
994.0000      -3905.663    -3930.204       24.541   312.8      0.587      0.765      0.571      0.049     -0.201     -0.092
994.2500      -3907.112    -3931.171       24.059   306.6      1.185      1.105      0.473      0.333      0.104     -0.177
994.5000      -3906.346    -3931.301       24.955   318.1      0.910      0.605      0.283      0.030     -0.015      0.118
994.7500      -3905.448    -3930.732       25.284   322.2      0.744      1.259      0.404      0.020     -0.064      0.060
995.0000      -3905.796    -3931.787       25.992   331.3      0.943      0.964      0.758      0.130      0.144      0.017
995.2500      -3905.672    -3931.427       25.755   328.3      0.812      0.916      0.328     -0.307      0.502     -0.077
995.5000      -3906.511    -3931.667       25.156   320.6      1.604      1.231      0.434      0.021      0.236      0.077
995.7500      -3905.527    -3930.735       25.208   321.3      0.714      0.900      0.304     -0.281      0.079     -0.101
996.0000      -3904.689    -3930.260       25.572   325.9      1.051      0.803      0.407      0.261     -0.122      0.080
996.2500      -3906.155    -3930.733       24.578   313.2      0.635      0.541     -0.168      0.287      0.092     -0.062
996.5000      -3905.163    -3931.467       26.304   335.2      0.705      1.040      0.713     -0.027     -0.051      0.013
996.7500      -3906.229    -3932.288       26.059   332.1      0.476      0.634      0.299     -0.320      0.464     -0.096
997.0000      -3905.974    -3930.134       24.160   307.9      0.720      0.351      0.272     -0.084      0.196      0.020
997.2500      -3905.895    -3931.924       26.029   331.7      1.236      0.794      0.394     -0.030      0.111      0.196
997.5000      -3904.150    -3930.646       26.497   337.7      0.665      0.485      0.720     -0.068     -0.490     -0.216
997.7500      -3904.428    -3930.684       26.256   334.6      1.420      1.177      0.286     -0.088     -0.383      0.249
998.0000      -3905.160    -3931.747       26.586   338.8      0.342      0.404     -0.469     -0.304      0.123      0.208
998.2500      -3903.192    -3930.772       27.580   351.5      0.863      1.038      0.415     -0.036      0.093      0.084
998.5000      -3903.234    -3929.589       26.355   335.9      0.625      0.751      1.008      0.006     -0.212      0.291
998.7500      -3903.236    -3929.956       26.720   340.6      0.687      0.815      0.604     -0.069     -0.312      0.089
999.0000      -3903.365    -3929.485       26.121   332.9      0.546      0.789      0.366      0.163     -0.692      0.163
999.2500      -3904.079    -3929.665       25.587   326.1      0.486      0.950      0.126      0.077      0.287      0.088
999.5000      -3905.403    -3930.983       25.580   326.0      0.566      0.595      0.610     -0.168      0.364     -0.190
999.7500      -3905.980    -3930.900       24.920   317.6      0.874      0.775      0.637     -0.277      0.155     -0.321
1000.0000     -3908.369    -3932.570       24.202   308.5      0.407      1.081      0.357     -0.311      0.247      0.093
1000.2500     -3904.687    -3930.655       25.968   331.0      0.815      0.711     -0.105     -0.063      0.404      0.063
1000.5000     -3905.133    -3930.586       25.453   324.4      1.058      0.778      0.405     -0.235      0.075     -0.083
1000.7500     -3904.816    -3931.165       26.349   335.8      0.291      0.839      0.009     -0.167     -0.210     -0.056
1001.0000     -3904.038    -3930.636       26.598   339.0      0.857      1.081      0.454      0.034     -0.280     -0.033
1001.2500     -3904.308    -3930.424       26.116   332.9      0.427      0.805      0.646      0.045      0.036     -0.083
1001.5000     -3903.542    -3929.607       26.065   332.2      0.228      1.248      0.676     -0.095     -0.072      0.035
1001.7500     -3903.639    -3929.949       26.311   335.3      0.653      0.655     -0.127     -0.217      0.083     -0.035
1002.0000     -3904.766    -3930.740       25.974   331.0      0.424      0.884      0.131     -0.028     -0.062     -0.066
1002.2500     -3904.413    -3930.736       26.323   335.5      0.398      1.077      0.712     -0.013     -0.175     -0.145
1002.5000     -3902.669    -3928.728       26.059   332.1      0.534      0.667      0.233     -0.061      0.062     -0.289
1002.7500     -3904.651    -3929.848       25.197   321.1      0.717      0.300     -0.008      0.105      0.227      0.212
1003.0000     -3905.351    -3931.086       25.735   328.0      0.727      1.003      0.353      0.182     -0.374      0.044
1003.2500     -3905.525    -3931.441       25.916   330.3      0.549      0.591      0.434     -0.223     -0.194      0.040
1003.5000     -3905.672    -3932.381       26.709   340.4      0.356      0.614      0.349      0.173      0.040     -0.167
1003.7500     -3903.580    -3930.378       26.798   341.5      0.303      1.003      0.438     -0.212      0.032     -0.189
1004.0000     -3902.730    -3930.012       27.282   347.7      0.736      0.115     -0.358     -0.166     -0.126      0.241
1004.2500     -3903.824    -3931.246       27.422   349.5      0.579      0.471     -0.191      0.318      0.242     -0.204
1004.5000     -3904.771    -3931.049       26.278   334.9      0.689      0.498     -0.085     -0.024     -0.591     -0.134
1004.7500     -3904.373    -3930.215       25.842   329.4      0.673      0.635      0.523     -0.051     -0.384      0.198
1005.0000     -3904.670    -3931.242       26.573   338.7      0.734      0.775      0.054     -0.275     -0.337      0.085
1005.2500     -3906.715    -3931.114       24.399   311.0      0.641      1.114      0.703     -0.134      0.148      0.198
1005.5000     -3905.457    -3931.554       26.097   332.6      1.026      0.587      0.522     -0.266      0.149      0.034
1005.7500     -3906.608    -3931.702       25.094   319.8      0.892      1.308      0.313     -0.256      0.137     -0.267
1006.0000     -3906.241    -3931.348       25.106   320.0      0.853      1.312      0.409     -0.554     -0.182     -0.019
1006.2500     -3906.673    -3931.766       25.094   319.8      1.622      0.774      0.592     -0.280     -0.297     -0.090
1006.5000     -3906.651    -3930.680       24.029   306.3      1.201      0.772      0.203     -0.055     -0.055     -0.042
1006.7500     -3905.542    -3931.640       26.098   332.6      0.741      0.765     -0.213      0.036      0.193     -0.323
1007.0000     -3904.304    -3928.832       24.528   312.6      1.299      1.438      0.054      0.079     -0.211     -0.103
1007.2500     -3904.601    -3930.385       25.784   328.6      0.957      0.858     -0.125     -0.180     -0.554      0.265
1007.5000     -3905.963    -3931.088       25.125   320.2      1.055      1.022      0.001     -0.058     -0.448     -0.284
1007.7500     -3905.337    -3931.630       26.293   335.1      0.995      0.881      0.013     -0.062     -0.420      0.106
1008.0000     -3905.672    -3932.213       26.540   338.3      0.940      0.864      0.369      0.251      0.017     -0.204
1008.2500     -3906.526    -3932.590       26.063   332.2      0.794      0.855     -0.247      0.358      0.210     -0.441
1008.5000     -3905.544    -3931.700       26.155   333.4      0.460      1.007      0.371      0.059      0.308     -0.108
1008.7500     -3906.564    -3930.744       24.180   308.2      0.853      0.548      0.421      0.170      0.174      0.040
1009.0000     -3904.937    -3930.340       25.403   323.8      0.355      0.744     -0.072     -0.322      0.135     -0.295
1009.2500     -3905.261    -3932.116       26.855   342.3      0.608      1.212      0.919      0.058      0.264     -0.168
1009.5000     -3906.618    -3932.665       26.047   332.0      0.798      1.470      0.921      0.110      0.221     -0.075
1009.7500     -3905.139    -3930.177       25.038   319.1      0.760      0.753      0.498     -0.002      0.126     -0.167
1010.0000     -3904.836    -3930.522       25.685   327.4      0.898      1.216      0.492     -0.019     -0.289     -0.134
1010.2500     -3905.103    -3930.320       25.217   321.4      1.142      1.065      0.722      0.043     -0.157      0.118
1010.5000     -3906.681    -3930.931       24.250   309.1      0.511      0.568      0.298      0.003     -0.035     -0.265
1010.7500     -3905.943    -3930.931       24.989   318.5      0.888      1.090      0.820      0.458      0.258     -0.359
1011.0000     -3904.307    -3930.459       26.153   333.3      0.503      1.069     -1.080      0.351     -0.068      0.128
1011.2500     -3903.916    -3930.655       26.739   340.8      0.868      0.569      0.239     -0.096     -0.296     -0.251
1011.5000     -3905.592    -3931.076       25.485   324.8      0.313      0.963     -0.007     -0.293     -0.027      0.076
1011.7500     -3904.562    -3930.631       26.069   332.3      0.514      0.605      0.420     -0.041      0.176      0.104
1012.0000     -3906.167    -3930.678       24.511   312.4      0.633      0.937     -0.041     -0.002      0.129      0.105
1012.2500     -3904.982    -3930.929       25.948   330.7      0.873      1.187     -0.436      0.376     -0.101     -0.003
1012.5000     -3904.789    -3930.714       25.925   330.4      0.645      0.210      0.083      0.148      0.001      0.034
1012.7500     -3904.378    -3930.468       26.090   332.5      0.220      0.448     -0.008     -0.095     -0.121      0.104
1013.0000     -3905.303    -3931.359       26.056   332.1      0.172      0.920     -0.133     -0.390      0.369     -0.051
1013.2500     -3904.231    -3928.934       24.703   314.8      0.910      0.683      0.246      0.033      0.116     -0.121
1013.5000     -3903.598    -3931.147       27.549   351.1      0.825      0.614      0.377     -0.226     -0.031     -0.056
1013.7500     -3904.606    -3929.828       25.223   321.5      1.003      0.916      0.563     -0.027      0.013      0.030
1014.0000     -3906.257    -3930.833       24.575   313.2      1.052      0.983      0.833      0.177      0.161      0.164
1014.2500     -3906.171    -3931.659       25.489   324.9      0.835      0.563      0.318     -0.189     -0.297     -0.043
1014.5000     -3905.735    -3930.986       25.251   321.8      0.427      0.702      0.508      0.021     -0.199      0.281
1014.7500     -3904.110    -3931.108       26.998   344.1      0.384      0.721      0.432     -0.156      0.176     -0.088
1015.0000     -3904.182    -3931.722       27.540   351.0      0.390      0.137      0.256      0.164     -0.009      0.253
1015.2500     -3902.948    -3929.940       26.993   344.0      0.662      0.932      0.328     -0.197     -0.117      0.166
1015.5000     -3903.003    -3929.816       26.813   341.7      1.074      0.889      0.984     -0.308      0.314     -0.148
1015.7500     -3903.131    -3928.808       25.677   327.3      0.771      0.515      0.766      0.113     -0.132     -0.058
1016.0000     -3903.204    -3929.554       26.350   335.8      1.071      0.867      0.458     -0.020      0.227      0.013
1016.2500     -3904.488    -3930.682       26.194   333.9      0.881      0.704      0.177      0.463     -0.013     -0.076
1016.5000     -3904.414    -3930.612       26.198   333.9      0.636      1.148      0.589      0.160      0.148      0.003
1016.7500     -3904.398    -3931.259       26.860   342.3      1.074      0.944      0.470      0.297      0.118     -0.281
1017.0000     -3904.373    -3931.692       27.320   348.2      0.865      0.719     -0.050      0.073      0.188     -0.031
1017.2500     -3905.013    -3931.809       26.796   341.5      0.860      0.746      0.573     -0.179      0.228     -0.021
1017.5000     -3905.224    -3931.144       25.920   330.4      0.578      1.159      0.306      0.100      0.090     -0.069
1017.7500     -3904.024    -3930.602       26.578   338.7      0.888      0.993      0.355     -0.040      0.080      0.223
1018.0000     -3903.735    -3928.628       24.893   317.3      0.636      0.796      0.170      0.040     -0.038     -0.073
1018.2500     -3905.265    -3930.043       24.778   315.8      0.820      0.704     -0.174      0.133      0.011     -0.084
1018.5000     -3905.302    -3930.821       25.518   325.2      1.350      1.037      0.885     -0.274      0.038     -0.221
1018.7500     -3905.936    -3932.460       26.525   338.1      0.045      0.666      0.310     -0.089     -0.017     -0.104
1019.0000     -3905.681    -3931.339       25.659   327.0      0.600      0.464      0.510     -0.161      0.103      0.097
1019.2500     -3904.297    -3930.938       26.641   339.5      1.179      0.843      0.691      0.255      0.285      0.116
1019.5000     -3904.638    -3931.178       26.540   338.3      0.843      0.611     -0.333      0.221      0.168      0.200
1019.7500     -3904.213    -3930.464       26.250   334.6      0.827      0.392      0.572      0.207      0.073      0.047
1020.0000     -3905.984    -3931.195       25.211   321.3      0.131      0.458     -0.570     -0.292      0.015     -0.074
1020.2500     -3906.824    -3931.712       24.889   317.2      0.718      0.904      0.454      0.051     -0.133      0.132
1020.5000     -3905.895    -3931.374       25.480   324.7      1.465      0.859      0.922      0.197     -0.092      0.021
1020.7500     -3905.743    -3931.024       25.281   322.2      0.111      1.085      0.502     -0.029     -0.145     -0.146
1021.0000     -3906.112    -3931.320       25.209   321.3      0.894      0.908      0.559     -0.070      0.148      0.091
1021.2500     -3906.602    -3931.371       24.768   315.7      0.447      1.053      0.089      0.027     -0.128      0.035
1021.5000     -3905.877    -3932.067       26.190   333.8     -0.020      0.187      0.090     -0.174     -0.396     -0.184
1021.7500     -3905.884    -3931.025       25.141   320.4      0.804      0.778      0.777     -0.327     -0.579      0.003
1022.0000     -3903.815    -3929.386       25.571   325.9      0.532      0.153      0.025     -0.231      0.153     -0.150
1022.2500     -3904.077    -3930.208       26.132   333.1      0.379      1.034      0.410     -0.187     -0.154     -0.150
1022.5000     -3903.440    -3929.215       25.775   328.5      0.998      0.686      0.659      0.499     -0.120     -0.001
1022.7500     -3906.347    -3930.374       24.027   306.2      0.019      0.165     -0.139      0.080      0.236      0.009
1023.0000     -3907.709    -3932.027       24.318   309.9      0.332      1.211      1.077     -0.478     -0.029      0.027
1023.2500     -3906.384    -3929.933       23.548   300.1      1.003      0.677      0.029     -0.339      0.227     -0.108
1023.5000     -3904.791    -3930.164       25.373   323.4      0.596      0.843      0.665     -0.253      0.001      0.053
1023.7500     -3905.208    -3930.214       25.005   318.7      1.150      1.027      0.857      0.130      0.071     -0.162
1024.0000     -3904.500    -3929.911       25.411   323.9      0.637      0.904      0.262      0.298     -0.471     -0.078
1024.2500     -3903.377    -3929.325       25.948   330.7      0.930      0.826      0.222     -0.037     -0.014     -0.025
1024.5000     -3904.530    -3929.932       25.401   323.7      0.718      0.750     -0.024     -0.300      0.055      0.185
1024.7500     -3903.254    -3928.100       24.845   316.7      0.533      0.875      0.084     -0.011      0.337      0.075
1025.0000     -3900.425    -3928.140       27.715   353.2      1.069      1.126      0.343      0.132      0.343      0.089
1025.2500     -3902.106    -3928.599       26.494   337.7      0.529      0.452     -0.038     -0.035      0.026     -0.128
1025.5000     -3902.945    -3928.361       25.416   323.9      1.182      1.159      0.519      0.514     -0.151      0.137
1025.7500     -3902.159    -3928.663       26.504   337.8      0.894      0.499      0.242     -0.042      0.077      0.148
1026.0000     -3903.198    -3930.028       26.830   342.0      1.013      0.287      0.273     -0.173     -0.207      0.019
1026.2500     -3904.965    -3931.187       26.221   334.2      0.560      0.972      0.287      0.044     -0.040      0.008
1026.5000     -3905.233    -3929.581       24.348   310.3      0.862      1.728      0.633      0.046     -0.166     -0.229
1026.7500     -3905.250    -3931.467       26.217   334.1      0.973      0.804      0.781     -0.226     -0.051      0.206
1027.0000     -3904.814    -3930.685       25.871   329.7      0.686      0.715      0.124     -0.017      0.015     -0.161
1027.2500     -3905.019    -3930.909       25.890   330.0      0.364      0.637      0.206     -0.011     -0.248      0.110
1027.5000     -3902.157    -3927.729       25.572   325.9      0.937      0.827      0.860     -0.224      0.044     -0.053
1027.7500     -3902.262    -3929.450       27.189   346.5      0.420      0.879      0.809     -0.020     -0.016     -0.053
1028.0000     -3902.802    -3928.737       25.935   330.6      1.465      1.525      0.692      0.035     -0.081     -0.243
1028.2500     -3902.793    -3929.355       26.563   338.5      1.109      1.139      0.834      0.062     -0.077      0.078
1028.5000     -3903.363    -3929.185       25.822   329.1      0.965      1.396      0.555      0.176     -0.074     -0.189
1028.7500     -3904.712    -3928.659       23.947   305.2      1.236      0.914      0.689      0.030     -0.030     -0.026
1029.0000     -3905.192    -3930.974       25.782   328.6      0.995      0.577      0.240     -0.161     -0.147      0.085
1029.2500     -3902.972    -3929.386       26.414   336.6      0.569      0.700     -0.236     -0.102     -0.283     -0.158
1029.5000     -3901.750    -3929.838       28.088   358.0      1.051      1.263      0.578     -0.140     -0.017      0.198
1029.7500     -3904.026    -3929.772       25.746   328.1      0.750      1.268      0.238      0.114     -0.116     -0.082
1030.0000     -3905.211    -3931.880       26.669   339.9      0.594      1.012      0.273      0.193      0.085      0.022
1030.2500     -3906.317    -3930.850       24.534   312.7      1.136      1.006      0.669      0.088      0.118     -0.213
1030.5000     -3904.412    -3930.578       26.166   333.5      0.913      1.050      0.506      0.115     -0.241      0.135
1030.7500     -3904.529    -3931.356       26.827   341.9      1.041      0.896      0.519     -0.036     -0.037     -0.181
1031.0000     -3904.311    -3930.599       26.288   335.0      0.921      1.095      0.299      0.122     -0.125      0.157
1031.2500     -3904.789    -3929.822       25.033   319.0      0.887      0.524      0.274      0.203      0.002     -0.267
1031.5000     -3904.834    -3930.982       26.148   333.3      0.944      0.783      0.748      0.074     -0.196      0.350
1031.7500     -3905.462    -3930.399       24.937   317.8      0.458      1.072     -0.047     -0.441     -0.256      0.137
1032.0000     -3905.784    -3932.025       26.241   334.5      0.461      0.770      0.631     -0.313      0.151      0.074
1032.2500     -3905.580    -3930.930       25.350   323.1      0.790      0.905      0.525      0.399      0.269      0.080
1032.5000     -3905.996    -3931.023       25.027   319.0      0.795      0.745      0.592      0.175      0.334     -0.244
1032.7500     -3907.086    -3932.256       25.170   320.8      0.616      0.488      0.291      0.065     -0.179     -0.087
1033.0000     -3906.137    -3932.397       26.260   334.7      1.215      1.168      0.067     -0.009     -0.150     -0.127
1033.2500     -3906.556    -3931.404       24.848   316.7      1.182      1.048      0.139     -0.240     -0.213     -0.061
1033.5000     -3905.898    -3931.792       25.894   330.0      0.315      0.447      0.101     -0.158      0.102     -0.068
1033.7500     -3905.656    -3931.529       25.873   329.8      0.212      0.607      0.300      0.069     -0.286     -0.035
1034.0000     -3905.494    -3931.867       26.374   336.1      0.633      1.020      0.710     -0.091      0.065     -0.049
1034.2500     -3906.118    -3931.571       25.453   324.4      0.379      0.884      0.168     -0.441      0.070      0.178
1034.5000     -3904.891    -3931.324       26.434   336.9      0.530      0.896      0.587      0.111     -0.174      0.119
1034.7500     -3905.557    -3932.043       26.487   337.6      0.576      1.197      0.325      0.125      0.053     -0.111
1035.0000     -3906.807    -3931.709       24.901   317.4      0.951      0.639      0.293      0.182      0.319      0.048
1035.2500     -3906.981    -3933.732       26.751   340.9      0.732      0.634      0.062     -0.048      0.059      0.002
1035.5000     -3906.169    -3931.738       25.569   325.9      0.506      0.532      0.718     -0.220     -0.424      0.083
1035.7500     -3904.958    -3932.209       27.251   347.3      0.875      1.169     -0.064     -0.064     -0.200     -0.270
1036.0000     -3904.315    -3930.868       26.553   338.4      0.432      0.778      0.632      0.072      0.016     -0.021
1036.2500     -3905.711    -3931.195       25.483   324.8      0.138      0.316     -0.593     -0.065     -0.240      0.040
1036.5000     -3903.780    -3930.308       26.528   338.1      0.673      0.784      0.555     -0.080      0.066     -0.113
1036.7500     -3907.372    -3931.753       24.381   310.7      0.818      0.997      0.365     -0.273     -0.126     -0.159
1037.0000     -3906.803    -3932.441       25.639   326.8      1.022      0.784      0.233      0.297     -0.217      0.184
1037.2500     -3905.288    -3930.292       25.004   318.7      0.775      0.402     -0.185      0.088      0.058      0.050
1037.5000     -3904.880    -3931.202       26.322   335.5      0.481      1.087      0.629      0.012      0.214      0.312
1037.7500     -3904.781    -3929.529       24.748   315.4      0.312      0.567      0.094      0.044     -0.053      0.041
1038.0000     -3905.616    -3931.212       25.597   326.2      0.360      0.429      0.084     -0.440      0.088      0.214
1038.2500     -3906.200    -3932.818       26.618   339.3      1.094      1.050      0.485     -0.099     -0.078     -0.034
1038.5000     -3904.730    -3930.757       26.027   331.7      0.965      0.479     -0.251     -0.013     -0.280     -0.250
1038.7500     -3905.063    -3930.879       25.816   329.0      0.459      1.085     -0.094      0.173     -0.160      0.026
1039.0000     -3905.399    -3931.080       25.680   327.3      0.855      1.194      0.658      0.157     -0.050     -0.003
1039.2500     -3905.407    -3932.055       26.648   339.6      0.334      0.825     -0.180     -0.016     -0.145      0.112
1039.5000     -3906.457    -3931.501       25.044   319.2      0.793      1.100      0.569      0.091     -0.086     -0.613
1039.7500     -3905.307    -3933.143       27.836   354.8      0.701      1.411     -0.109     -0.006      0.084      0.007
1040.0000     -3904.258    -3929.324       25.066   319.5      0.483      0.439     -0.218     -0.138      0.441      0.027
1040.2500     -3904.217    -3930.803       26.586   338.9      0.925      1.098      0.837     -0.002      0.050     -0.098
1040.5000     -3903.948    -3929.114       25.166   320.7      0.478      1.061      0.354     -0.121      0.194      0.077
1040.7500     -3903.978    -3930.564       26.586   338.8      0.703      0.901      0.991     -0.154     -0.194      0.213
1041.0000     -3903.961    -3931.158       27.198   346.6      0.035      0.887      0.867     -0.212     -0.398      0.257
1041.2500     -3904.623    -3930.784       26.161   333.4      0.571      0.980      0.363     -0.016     -0.260     -0.416
1041.5000     -3905.759    -3930.899       25.141   320.4      0.713      1.083      0.600     -0.033     -0.049     -0.038
1041.7500     -3905.919    -3932.012       26.093   332.6      0.452      0.718     -0.335      0.304     -0.038      0.155
1042.0000     -3904.419    -3932.118       27.699   353.0      0.737      1.128      0.297      0.051      0.113      0.243
1042.2500     -3904.059    -3931.545       27.486   350.3      1.160      0.602      0.013     -0.168     -0.112     -0.024
1042.5000     -3904.598    -3931.111       26.513   337.9      0.330      0.903     -0.132     -0.130     -0.412     -0.106
1042.7500     -3903.080    -3930.436       27.356   348.7      1.242      0.931      0.653     -0.211     -0.040     -0.017
1043.0000     -3904.896    -3931.262       26.366   336.0      0.773      0.881      0.487      0.078     -0.149      0.047
1043.2500     -3903.337    -3929.767       26.430   336.9      0.821      0.697      0.670      0.153      0.074      0.075
1043.5000     -3902.905    -3929.867       26.961   343.6      0.993      1.022      0.579      0.115      0.326      0.062
1043.7500     -3903.741    -3930.679       26.938   343.3      0.450      0.621     -0.672      0.007     -0.163      0.059
1044.0000     -3905.020    -3930.337       25.317   322.7      0.484      0.297      0.580      0.042      0.182      0.116
1044.2500     -3907.194    -3933.012       25.818   329.1     -0.045      0.385     -0.445      0.155      0.138     -0.129
1044.5000     -3907.146    -3933.081       25.935   330.5      0.440      0.314      0.259      0.109     -0.075     -0.111
1044.7500     -3906.929    -3932.427       25.498   325.0      0.940      1.052      0.003      0.202      0.164      0.165
1045.0000     -3905.180    -3931.842       26.662   339.8      0.702      0.770      0.432      0.160     -0.009      0.112
1045.2500     -3905.245    -3930.763       25.518   325.2      0.468      0.804      0.793      0.305     -0.075     -0.015
1045.5000     -3907.123    -3932.968       25.845   329.4      0.359      0.701      0.888      0.351     -0.050      0.210
1045.7500     -3906.319    -3932.032       25.712   327.7      0.513      0.848      0.051     -0.072      0.242     -0.097
1046.0000     -3906.486    -3932.166       25.680   327.3     -0.027      0.699      0.034     -0.212      0.313      0.326
1046.2500     -3905.809    -3931.046       25.236   321.6      0.520      0.429      0.045     -0.111     -0.172     -0.039
1046.5000     -3907.943    -3933.298       25.355   323.2      0.856      0.813      0.541      0.192     -0.197      0.129
1046.7500     -3907.995    -3932.812       24.817   316.3      1.058      1.174     -0.414      0.300     -0.023     -0.167
1047.0000     -3906.662    -3932.400       25.738   328.0      0.097      0.864     -0.026     -0.089     -0.040      0.062
1047.2500     -3905.460    -3932.205       26.745   340.9      0.407      0.297      0.106     -0.046      0.017      0.206
1047.5000     -3906.579    -3931.774       25.196   321.1      0.550      0.828     -0.604     -0.261      0.032      0.101
1047.7500     -3906.141    -3932.341       26.200   333.9      0.747      0.873      0.427      0.165      0.113      0.055
1048.0000     -3905.906    -3932.052       26.146   333.2      0.510      1.022      0.286     -0.286      0.037      0.004
1048.2500     -3906.186    -3930.958       24.773   315.7      1.043      0.998      0.167      0.039      0.166     -0.097
1048.5000     -3907.443    -3932.459       25.016   318.8      1.021      1.046      0.413     -0.066      0.174      0.068
1048.7500     -3907.602    -3931.849       24.247   309.0      0.406      0.639     -0.061     -0.291      0.230     -0.048
1049.0000     -3906.487    -3932.185       25.698   327.5      0.663      0.634      0.701     -0.154     -0.033     -0.220
1049.2500     -3904.613    -3931.225       26.611   339.2      0.505      1.077     -0.051     -0.025      0.203      0.177
1049.5000     -3903.246    -3929.220       25.974   331.0      1.190      0.967     -0.048     -0.127     -0.362      0.141
1049.7500     -3903.423    -3929.722       26.300   335.2      0.457      1.100     -0.360      0.157     -0.036     -0.075
1050.0000     -3904.587    -3930.933       26.346   335.8      0.815      0.831     -0.442     -0.368     -0.146      0.167
1050.2500     -3903.493    -3929.323       25.830   329.2      0.870      0.919      0.741     -0.204      0.075     -0.026
1050.5000     -3904.506    -3930.116       25.610   326.4      0.773      0.825     -0.016     -0.144      0.107     -0.055
1050.7500     -3904.210    -3929.864       25.654   327.0      0.823      0.898      0.546     -0.104     -0.009      0.208
1051.0000     -3904.831    -3929.828       24.997   318.6      1.061      1.283      0.323      0.320     -0.076     -0.120
1051.2500     -3903.746    -3929.999       26.253   334.6      0.560      0.215      0.245      0.006     -0.465      0.088
1051.5000     -3902.625    -3929.627       27.002   344.1      0.716      0.614     -0.091      0.188     -0.164     -0.178
1051.7500     -3903.920    -3929.822       25.902   330.1      0.675      0.703     -0.113      0.034      0.026      0.166
1052.0000     -3904.719    -3930.713       25.994   331.3      1.027      0.710      0.099     -0.385      0.056     -0.078
1052.2500     -3904.704    -3930.475       25.772   328.5      0.698      1.013     -0.175      0.224      0.050      0.113
1052.5000     -3903.593    -3930.850       27.257   347.4      0.345      0.429      0.174     -0.023     -0.112     -0.073
1052.7500     -3905.505    -3930.488       24.983   318.4      0.921      0.933      0.536      0.204     -0.050      0.011
1053.0000     -3904.748    -3931.272       26.524   338.1      0.716      1.024      0.311      0.258      0.206      0.094
1053.2500     -3906.004    -3931.751       25.747   328.1      0.899      0.868      0.876      0.112      0.128     -0.047
1053.5000     -3906.326    -3931.302       24.976   318.3      0.908      0.807      0.271      0.134     -0.079      0.074
1053.7500     -3904.382    -3929.506       25.123   320.2      0.708      0.603      0.229      0.274      0.141     -0.207
1054.0000     -3904.047    -3930.070       26.023   331.7      0.455      0.620      0.159     -0.125      0.066      0.110
1054.2500     -3905.021    -3930.755       25.734   328.0      0.505      0.311     -0.413      0.202      0.076     -0.034
1054.5000     -3905.104    -3930.926       25.823   329.1      0.665      0.907     -0.029     -0.326     -0.277      0.127
1054.7500     -3904.319    -3930.774       26.455   337.2      0.322      0.943     -0.291     -0.043      0.083     -0.030
1055.0000     -3905.534    -3930.146       24.612   313.7      0.259      0.818      0.157     -0.056     -0.021     -0.221
1055.2500     -3905.301    -3931.797       26.495   337.7      0.345      0.429      0.004     -0.111     -0.027      0.073
1055.5000     -3906.943    -3932.290       25.347   323.0      0.912      0.702      0.134      0.141     -0.112      0.106
1055.7500     -3907.227    -3931.469       24.242   309.0      0.323      1.109      0.279      0.158      0.160      0.004
1056.0000     -3905.930    -3931.296       25.366   323.3      0.769      0.888      0.295      0.188      0.231      0.172
1056.2500     -3905.256    -3931.413       26.157   333.4      0.563      0.845      0.541     -0.383      0.285     -0.066
1056.5000     -3908.434    -3933.406       24.972   318.3      0.490      0.947      0.269     -0.291     -0.383      0.155
1056.7500     -3907.694    -3931.923       24.228   308.8      1.471      0.953      0.430     -0.117     -0.170     -0.092
1057.0000     -3908.474    -3933.674       25.200   321.2      1.113      1.009      0.189     -0.003     -0.110      0.015
1057.2500     -3907.184    -3932.633       25.448   324.3      0.754      0.915     -0.308      0.278     -0.226     -0.168
1057.5000     -3906.853    -3931.556       24.703   314.8      0.780      0.615      0.050      0.070     -0.142      0.048
1057.7500     -3907.331    -3933.120       25.789   328.7      0.766      0.757      0.668     -0.325     -0.204     -0.111
1058.0000     -3906.058    -3931.341       25.283   322.2      0.656      0.472     -0.006     -0.260     -0.189     -0.128
1058.2500     -3906.178    -3930.904       24.726   315.1      0.404      1.060      0.181     -0.068      0.037     -0.154
1058.5000     -3906.491    -3931.170       24.679   314.5      0.393      0.603      0.152     -0.132      0.267     -0.124
1058.7500     -3904.795    -3930.262       25.467   324.6      0.924      0.858      0.136     -0.117     -0.070      0.113
1059.0000     -3905.878    -3930.451       24.573   313.2      0.279      0.550      0.256      0.080     -0.448      0.473
1059.2500     -3904.051    -3930.432       26.381   336.2      0.432      0.304     -0.662      0.069     -0.196     -0.120
1059.5000     -3903.384    -3928.811       25.427   324.1      1.160      0.758      0.381     -0.295     -0.127      0.050
1059.7500     -3904.322    -3931.808       27.486   350.3      0.891      0.377      0.032     -0.012     -0.153     -0.093
1060.0000     -3904.912    -3930.492       25.579   326.0      0.987      1.047      0.388      0.090     -0.107     -0.090
1060.2500     -3902.026    -3928.420       26.394   336.4      0.453      0.473      0.277     -0.140     -0.145     -0.090
1060.5000     -3905.035    -3930.852       25.817   329.0      0.854      1.487      0.118      0.129     -0.365     -0.084
1060.7500     -3905.671    -3931.689       26.018   331.6      0.853      1.083      0.533     -0.091      0.190     -0.041
1061.0000     -3903.019    -3929.238       26.219   334.2      0.574      0.663     -0.061      0.110     -0.153      0.065
1061.2500     -3902.876    -3929.409       26.533   338.2      0.652      0.896     -0.236     -0.188     -0.102     -0.043
1061.5000     -3902.530    -3928.769       26.239   334.4      0.537      0.497     -0.114     -0.400     -0.015     -0.140
1061.7500     -3904.918    -3931.652       26.734   340.7      0.666      0.901     -0.001     -0.208      0.092      0.118
1062.0000     -3902.853    -3930.192       27.340   348.4      0.567      0.923      0.426      0.071      0.217     -0.318
1062.2500     -3901.710    -3929.003       27.294   347.9      0.420      0.809     -0.035      0.346      0.526     -0.051
1062.5000     -3904.034    -3930.901       26.867   342.4      1.321      0.536      0.158      0.193      0.067     -0.186
1062.7500     -3904.238    -3931.094       26.856   342.3      0.995      1.054      0.205     -0.082     -0.259     -0.064
1063.0000     -3905.939    -3931.715       25.777   328.5      0.454      1.145      0.139     -0.294     -0.354     -0.090
1063.2500     -3904.309    -3929.542       25.232   321.6      0.398      1.297     -0.175      0.105      0.227      0.224
1063.5000     -3904.437    -3930.539       26.102   332.7      0.157      0.836      0.890      0.366      0.068      0.057
1063.7500     -3906.213    -3931.896       25.683   327.3      0.936      0.863      0.256      0.063     -0.053      0.140
1064.0000     -3904.756    -3930.966       26.210   334.1      1.365      0.624      0.116      0.332     -0.078     -0.029
1064.2500     -3903.990    -3930.727       26.736   340.8      0.519      1.184     -0.203     -0.332     -0.232      0.036
1064.5000     -3906.715    -3931.928       25.213   321.3      0.871      0.748      0.287     -0.121     -0.161     -0.059
1064.7500     -3906.712    -3931.590       24.877   317.1      1.342      0.990      0.245     -0.159      0.048     -0.238
1065.0000     -3905.396    -3931.217       25.821   329.1      1.325      1.298      0.473      0.099      0.384      0.127
1065.2500     -3903.659    -3930.455       26.795   341.5      0.696      0.623      0.174     -0.084      0.069     -0.074
1065.5000     -3905.850    -3931.774       25.924   330.4      0.638      0.328      0.414     -0.254      0.009      0.215
1065.7500     -3905.878    -3930.714       24.836   316.5      0.822      0.941      0.481     -0.216     -0.341     -0.158
1066.0000     -3904.732    -3929.485       24.753   315.5      0.405      0.896     -0.127     -0.241      0.155     -0.025
1066.2500     -3904.929    -3930.504       25.575   326.0      0.698      0.603      0.146      0.401      0.071      0.068
1066.5000     -3904.673    -3930.075       25.402   323.8      0.530      0.725      0.041     -0.012     -0.017     -0.068
1066.7500     -3903.454    -3929.920       26.466   337.3      0.400      0.582     -1.005     -0.038      0.061     -0.014
1067.0000     -3903.653    -3928.997       25.344   323.0      0.460      0.594      0.202      0.006     -0.002      0.035
1067.2500     -3905.503    -3930.114       24.611   313.7      1.462      0.391      0.095      0.075      0.077     -0.098
1067.5000     -3905.507    -3930.907       25.400   323.7      0.954      1.134      0.063      0.089     -0.214     -0.271
1067.7500     -3904.390    -3929.973       25.584   326.1      0.633      0.665      0.409      0.310     -0.119     -0.321
1068.0000     -3905.988    -3930.843       24.855   316.8      0.287      0.911      0.176      0.045     -0.125     -0.055
1068.2500     -3903.217    -3927.960       24.743   315.4      0.904      0.859      0.559     -0.055      0.138      0.189
1068.5000     -3903.245    -3929.365       26.119   332.9      0.120      1.284      0.412     -0.061      0.200     -0.047
1068.7500     -3904.083    -3930.093       26.009   331.5      0.563      0.719     -0.005      0.169      0.353      0.248
1069.0000     -3904.042    -3929.507       25.464   324.5      0.207      1.257      0.672     -0.108      0.366      0.076
1069.2500     -3903.983    -3929.870       25.887   329.9      1.064      0.993      0.513     -0.250      0.511     -0.085
1069.5000     -3902.530    -3929.994       27.464   350.0      0.935      0.820      1.046      0.054      0.348     -0.006
1069.7500     -3903.540    -3930.973       27.433   349.6      0.200      0.369      0.036      0.073     -0.040     -0.205
1070.0000     -3903.905    -3928.702       24.797   316.0      1.351      0.874      0.586      0.024     -0.140     -0.331
1070.2500     -3903.176    -3929.729       26.552   338.4      0.504      0.673      0.212      0.107     -0.302     -0.215
1070.5000     -3902.293    -3929.123       26.830   342.0      0.790      0.359      0.130      0.392     -0.407      0.213
1070.7500     -3902.372    -3930.666       28.294   360.6      1.045      1.128      0.028     -0.042     -0.258     -0.059
1071.0000     -3902.649    -3930.369       27.721   353.3      0.892      0.330     -0.202     -0.108     -0.124      0.328
1071.2500     -3904.311    -3930.320       26.010   331.5      0.688      0.740      0.374      0.056     -0.156      0.149
1071.5000     -3904.564    -3930.713       26.148   333.3      0.826      0.597      0.213      0.040     -0.189      0.236
1071.7500     -3904.611    -3930.852       26.240   334.4      0.412      0.458     -0.321      0.102     -0.099      0.079
1072.0000     -3904.800    -3930.716       25.916   330.3      0.750      0.637     -0.285     -0.152      0.270     -0.065
1072.2500     -3905.184    -3929.775       24.591   313.4      0.926      0.595     -0.031     -0.264     -0.053      0.295
1072.5000     -3905.740    -3931.169       25.430   324.1      0.584      1.038      0.115     -0.106     -0.005     -0.268
1072.7500     -3905.943    -3931.254       25.312   322.6      0.588      0.994      0.412     -0.220     -0.060     -0.264
1073.0000     -3903.906    -3929.812       25.907   330.2      0.994      0.564      0.658      0.237     -0.404     -0.217
1073.2500     -3904.229    -3929.784       25.555   325.7      1.026      1.045      0.298      0.195     -0.023     -0.111
1073.5000     -3904.591    -3931.765       27.173   346.3      0.894      0.695     -0.067      0.231      0.031     -0.279
1073.7500     -3905.243    -3931.047       25.804   328.9      0.671      1.259     -0.334      0.074     -0.119      0.124
1074.0000     -3903.959    -3929.167       25.208   321.3      1.096      0.394      0.519     -0.025     -0.011     -0.092
1074.2500     -3902.304    -3928.350       26.047   332.0      0.739      0.872      0.385     -0.230     -0.129     -0.188
1074.5000     -3903.611    -3929.065       25.454   324.4      0.526      0.703      0.263     -0.057      0.501     -0.036
1074.7500     -3903.852    -3929.528       25.676   327.2      0.862      1.008      0.436     -0.012     -0.162      0.072
1075.0000     -3904.929    -3930.264       25.335   322.9      1.244      0.687      0.818     -0.048     -0.017      0.051
1075.2500     -3904.782    -3930.193       25.411   323.9      0.880      1.093     -0.290      0.357     -0.276     -0.095
1075.5000     -3906.957    -3931.581       24.623   313.8      1.423      1.386      0.561     -0.152     -0.119      0.025
1075.7500     -3903.709    -3929.274       25.565   325.8      0.483      0.726     -0.190      0.073      0.221     -0.077
1076.0000     -3902.823    -3929.041       26.217   334.1      0.704      1.048      0.458     -0.165      0.190      0.161
1076.2500     -3902.204    -3927.881       25.677   327.3      1.543      1.401      0.927      0.007     -0.129     -0.231
1076.5000     -3902.685    -3929.843       27.158   346.1      0.876      0.950      0.386      0.040     -0.044     -0.002
1076.7500     -3904.373    -3930.358       25.985   331.2      1.139      1.111      0.951      0.238      0.081     -0.090
1077.0000     -3904.642    -3930.801       26.159   333.4      0.921      0.628      0.653     -0.022     -0.049     -0.133
1077.2500     -3903.163    -3930.224       27.061   344.9      0.630      1.292      0.548      0.019      0.510      0.028
1077.5000     -3903.599    -3930.302       26.702   340.3      0.867      0.838      0.178     -0.086      0.120      0.127
1077.7500     -3903.732    -3930.665       26.933   343.3      1.440      1.602      0.889      0.219     -0.008     -0.120
1078.0000     -3904.280    -3930.294       26.014   331.6      0.901      0.885      0.170      0.226     -0.167     -0.146
1078.2500     -3903.816    -3929.588       25.772   328.5      1.426      1.087      0.212      0.337     -0.072      0.069
1078.5000     -3904.505    -3929.832       25.327   322.8      0.978      0.492     -0.424      0.245      0.009      0.101
1078.7500     -3902.950    -3929.562       26.612   339.2      0.572      0.716     -0.061     -0.098     -0.136      0.033
1079.0000     -3905.799    -3931.624       25.825   329.1      0.849      1.293      0.341      0.049      0.178     -0.010
1079.2500     -3904.106    -3929.804       25.698   327.5      0.255      0.403     -0.099      0.059     -0.593     -0.066
1079.5000     -3904.635    -3930.362       25.727   327.9      0.537      0.983      0.112      0.445      0.139      0.098
1079.7500     -3904.939    -3930.685       25.746   328.1      1.524      1.231      0.841     -0.177     -0.151      0.105
1080.0000     -3904.640    -3930.461       25.820   329.1      0.769      0.815     -0.258     -0.447     -0.031     -0.170
1080.2500     -3904.529    -3930.467       25.938   330.6      0.763      0.684      0.517     -0.154     -0.009     -0.530
1080.5000     -3905.314    -3931.883       26.569   338.6      0.877      0.545     -0.078      0.019     -0.026     -0.324
1080.7500     -3905.676    -3931.178       25.502   325.0      0.480      0.905     -0.028      0.061     -0.270     -0.055
1081.0000     -3904.626    -3930.674       26.048   332.0      0.868      0.772      0.766      0.024     -0.074      0.091
1081.2500     -3904.888    -3929.959       25.071   319.5      0.942      0.139     -0.072      0.264      0.237      0.285
1081.5000     -3903.882    -3928.698       24.816   316.3      0.727      0.683     -0.329      0.322      0.416     -0.026
1081.7500     -3904.151    -3930.177       26.027   331.7      0.716      1.111      0.147     -0.126     -0.078     -0.088
1082.0000     -3904.464    -3929.527       25.063   319.4      1.196      0.885      0.452      0.333     -0.284     -0.047
1082.2500     -3903.738    -3929.151       25.413   323.9      0.474      0.493     -0.213      0.372     -0.195      0.286
1082.5000     -3904.463    -3930.354       25.891   330.0      0.673      1.511     -0.069      0.473     -0.108     -0.082
1082.7500     -3902.276    -3928.604       26.328   335.6      1.049      0.692     -0.261      0.060      0.040      0.106
1083.0000     -3902.305    -3928.867       26.562   338.5      0.762      1.340      0.301      0.097      0.424     -0.086
1083.2500     -3902.507    -3928.703       26.196   333.9      1.065      0.839      0.669      0.034      0.174     -0.036
1083.5000     -3901.427    -3928.183       26.756   341.0      0.289      0.522      0.072      0.132      0.156      0.196
1083.7500     -3901.070    -3929.577       28.507   363.3      0.823      0.339      0.231      0.081      0.308     -0.077
1084.0000     -3903.267    -3930.563       27.296   347.9      1.161      1.252      0.548      0.195      0.207     -0.273
1084.2500     -3904.782    -3931.299       26.517   338.0      1.069      0.499      0.019     -0.093      0.172      0.094
1084.5000     -3905.790    -3930.337       24.547   312.9      1.253      1.248      0.437     -0.337      0.126     -0.069
1084.7500     -3905.083    -3930.829       25.746   328.1      0.439      1.031      0.739      0.102     -0.401     -0.093
1085.0000     -3904.502    -3929.261       24.760   315.6      0.787      0.770      0.432      0.170      0.057      0.066
1085.2500     -3905.123    -3931.245       26.122   332.9      0.652      1.166      0.236      0.169     -0.085      0.020
1085.5000     -3905.794    -3930.242       24.448   311.6      0.808      0.591      0.463      0.181     -0.292     -0.199
1085.7500     -3904.282    -3930.421       26.138   333.1      1.007      0.972      0.439     -0.097     -0.027     -0.078
1086.0000     -3902.794    -3929.731       26.937   343.3      0.616      0.656     -0.161     -0.066      0.127     -0.036
1086.2500     -3905.142    -3931.666       26.524   338.1      1.086      1.080      0.727      0.022      0.086      0.148
1086.5000     -3904.937    -3930.920       25.983   331.2      0.880      0.771      0.347      0.348      0.135      0.139
1086.7500     -3905.274    -3931.233       25.959   330.9      0.830      0.564      0.500      0.030      0.010     -0.144
1087.0000     -3905.126    -3932.066       26.940   343.4      0.975      1.116      0.390     -0.001     -0.058     -0.069
1087.2500     -3904.195    -3931.496       27.301   348.0      0.593      0.688     -0.110     -0.012      0.273      0.008
1087.5000     -3903.679    -3931.059       27.380   349.0      0.915      0.816      0.829     -0.147      0.099     -0.025
1087.7500     -3904.188    -3931.240       27.052   344.8      0.520      0.834      0.423     -0.005      0.115      0.027
1088.0000     -3903.278    -3930.232       26.955   343.5      1.203      0.503      1.202      0.338     -0.252     -0.108
1088.2500     -3903.931    -3931.030       27.098   345.4      0.273      0.222      0.229      0.067     -0.224      0.038
1088.5000     -3903.375    -3930.032       26.657   339.7      0.567      1.054     -0.218      0.016     -0.060     -0.098
1088.7500     -3904.914    -3931.187       26.274   334.9      1.223      0.520      1.215     -0.153      0.037      0.004
1089.0000     -3905.298    -3931.018       25.720   327.8      0.309      0.468      0.046      0.058     -0.175      0.165
1089.2500     -3905.692    -3930.706       25.014   318.8      0.832      1.076      0.129     -0.194     -0.049     -0.342
1089.5000     -3906.330    -3932.158       25.827   329.2      1.496      0.879      0.384      0.052     -0.129     -0.245
1089.7500     -3906.067    -3932.193       26.127   333.0      0.875      0.986     -0.039      0.124     -0.123     -0.106
1090.0000     -3905.573    -3930.554       24.980   318.4      1.028      1.106      0.496     -0.272      0.103     -0.018
1090.2500     -3905.807    -3931.167       25.360   323.2      0.512      1.041      0.206      0.108      0.242     -0.083
1090.5000     -3905.099    -3930.714       25.614   326.5      0.783      0.868      0.232      0.067      0.280      0.010
1090.7500     -3905.257    -3931.331       26.074   332.3      0.995      0.760     -0.080      0.096      0.160     -0.092
1091.0000     -3905.051    -3931.787       26.737   340.8      1.069      0.917      0.574     -0.031     -0.483     -0.188
1091.2500     -3904.655    -3930.604       25.950   330.7      0.475      0.885      0.148      0.384      0.042     -0.087
1091.5000     -3904.552    -3930.859       26.307   335.3      0.651      0.949      0.387      0.060      0.200     -0.286
1091.7500     -3904.545    -3931.554       27.009   344.2      0.834      1.157      0.290      0.046      0.160      0.072
1092.0000     -3905.782    -3931.449       25.667   327.1      0.132      0.978      0.151      0.286      0.020      0.063
1092.2500     -3904.930    -3930.772       25.843   329.4      0.070      0.544      0.328      0.252      0.006     -0.099
1092.5000     -3904.755    -3930.637       25.882   329.9      0.924      0.340      0.293     -0.218      0.068     -0.011
1092.7500     -3905.335    -3931.805       26.470   337.4      0.309      0.686      0.112     -0.030      0.167     -0.129
1093.0000     -3906.464    -3931.229       24.765   315.6      1.087      1.581      0.372     -0.153     -0.075      0.116
1093.2500     -3908.123    -3932.925       24.802   316.1      0.930      0.953      0.431      0.225      0.319      0.040
1093.5000     -3907.678    -3932.652       24.974   318.3      1.394      0.947     -0.066     -0.040     -0.184      0.084
1093.7500     -3907.222    -3932.603       25.381   323.5      1.301      1.128      0.544     -0.042     -0.192     -0.337
1094.0000     -3905.457    -3929.959       24.502   312.3      0.963      0.231      0.407     -0.087      0.033     -0.091
1094.2500     -3904.416    -3930.778       26.363   336.0      1.224      0.917      0.541     -0.136      0.550      0.135
1094.5000     -3904.703    -3930.482       25.779   328.6      0.429      0.851      0.669      0.007      0.048      0.055
1094.7500     -3905.822    -3930.678       24.856   316.8      0.687      1.277      0.333     -0.220     -0.271     -0.066
1095.0000     -3904.976    -3930.014       25.038   319.1      0.804      0.316      0.127      0.023     -0.537      0.035
1095.2500     -3904.551    -3929.400       24.849   316.7      0.749      0.895      0.501     -0.027     -0.326      0.015
1095.5000     -3904.235    -3929.486       25.250   321.8      0.096      0.448     -0.384     -0.109     -0.178      0.088
1095.7500     -3904.512    -3930.208       25.696   327.5      1.187      0.742      0.474      0.068      0.016      0.011
1096.0000     -3903.091    -3929.782       26.691   340.2      0.518      0.966      0.128      0.046     -0.165     -0.151
1096.2500     -3903.792    -3931.322       27.530   350.9      0.437      0.789     -0.230      0.174     -0.427     -0.152
1096.5000     -3904.058    -3930.439       26.380   336.2      1.026      0.578      0.916      0.032     -0.227      0.111
1096.7500     -3904.274    -3930.455       26.181   333.7      0.779      1.438      0.317     -0.046      0.240      0.062
1097.0000     -3902.618    -3929.130       26.512   337.9      0.615      0.655      0.365     -0.360      0.213      0.024
1097.2500     -3903.632    -3930.703       27.071   345.0      0.792      0.695     -0.354     -0.130     -0.029     -0.121
1097.5000     -3905.714    -3932.085       26.371   336.1      1.159      1.173      0.295     -0.047     -0.063     -0.195
1097.7500     -3905.227    -3931.485       26.258   334.7      0.590      1.007     -0.210      0.249     -0.275     -0.064
1098.0000     -3905.350    -3930.840       25.490   324.9      0.525      1.049      0.725     -0.266      0.005     -0.056
1098.2500     -3904.064    -3930.783       26.719   340.5      0.570      1.113      0.563     -0.146     -0.169     -0.123
1098.5000     -3903.437    -3930.077       26.640   339.5      0.844      0.807      0.038     -0.209      0.083     -0.021
1098.7500     -3904.759    -3931.307       26.548   338.4      0.740      0.979      0.177     -0.216      0.150      0.005
1099.0000     -3905.706    -3930.990       25.284   322.3      0.955      0.740      0.348     -0.339      0.160      0.337
1099.2500     -3906.091    -3932.546       26.456   337.2      1.205      0.889      0.680     -0.207      0.077     -0.086
1099.5000     -3905.933    -3931.113       25.179   320.9      0.742      0.745     -0.082     -0.070     -0.273     -0.017
1099.7500     -3905.057    -3930.630       25.573   325.9      0.552      0.915      0.618     -0.211      0.153     -0.110
1100.0000     -3905.543    -3931.068       25.525   325.3      1.070      1.418      0.504     -0.083      0.038      0.037
1100.2500     -3907.343    -3931.620       24.277   309.4      0.684      0.742     -0.012      0.065      0.268      0.045
1100.5000     -3906.042    -3930.586       24.544   312.8      0.768      0.743      0.254     -0.222     -0.020     -0.185
1100.7500     -3905.374    -3931.030       25.656   327.0      0.727      1.161      0.298     -0.345     -0.629     -0.093
1101.0000     -3905.319    -3931.421       26.103   332.7      0.363      0.650     -0.310     -0.362     -0.158     -0.030
1101.2500     -3905.184    -3931.712       26.527   338.1      0.283      0.703      0.414     -0.208      0.052     -0.029
1101.5000     -3906.283    -3931.739       25.455   324.4      0.544      0.368      0.081      0.259      0.021      0.363
1101.7500     -3906.981    -3933.380       26.400   336.5      0.443      0.633      0.211      0.488     -0.070      0.091
1102.0000     -3905.312    -3931.122       25.809   328.9      0.534      1.133      0.424      0.122     -0.372      0.113
1102.2500     -3903.115    -3930.175       27.060   344.9      1.455      1.029      0.720     -0.274     -0.178      0.141
1102.5000     -3903.157    -3931.183       28.026   357.2      0.934      0.956      0.137     -0.063      0.336      0.032
1102.7500     -3905.195    -3930.304       25.110   320.0      0.719      1.026      0.271      0.091      0.214     -0.122
1103.0000     -3903.693    -3930.963       27.270   347.6      0.720      0.526      0.340      0.263      0.112      0.133
1103.2500     -3903.591    -3930.404       26.812   341.7      0.832      0.671      0.185      0.359      0.038      0.059
1103.5000     -3904.724    -3930.612       25.888   329.9      0.621      0.354     -0.097     -0.074      0.050      0.008
1103.7500     -3905.634    -3932.449       26.815   341.8      0.695      0.499      0.143     -0.242      0.176     -0.112
1104.0000     -3905.568    -3931.238       25.670   327.2      0.669      0.552     -0.054     -0.045      0.020      0.184
1104.2500     -3906.287    -3931.414       25.127   320.2      0.810      0.839      0.162      0.049      0.092      0.058
1104.5000     -3904.717    -3931.099       26.382   336.2      0.786      1.014      0.284      0.337      0.010     -0.050
1104.7500     -3904.153    -3930.497       26.344   335.8      1.071      1.071     -0.013      0.209     -0.008      0.037
1105.0000     -3903.640    -3931.661       28.020   357.1      1.196      0.908      0.183     -0.006      0.291     -0.416
1105.2500     -3903.586    -3930.527       26.941   343.4      0.527      1.184      0.007      0.023     -0.054      0.152
1105.5000     -3904.821    -3930.812       25.991   331.3      0.691      0.814      0.743     -0.123     -0.391     -0.040
1105.7500     -3904.067    -3929.660       25.593   326.2      0.698      0.478      0.556      0.007     -0.242     -0.006
1106.0000     -3904.913    -3931.383       26.470   337.4      0.185      1.108     -0.261     -0.389      0.001     -0.068
1106.2500     -3905.295    -3930.502       25.207   321.3      0.976      0.910      0.486     -0.097      0.316      0.039
1106.5000     -3905.030    -3931.011       25.981   331.1      0.771      1.017      0.125     -0.232     -0.015      0.052
1106.7500     -3905.478    -3929.797       24.319   310.0      0.552      1.038      0.681     -0.136      0.096      0.189
1107.0000     -3905.131    -3930.199       25.068   319.5      1.073      0.819      0.176      0.206     -0.372      0.043
1107.2500     -3904.636    -3931.626       26.990   344.0      0.059      1.142     -0.234      0.208     -0.143      0.149
1107.5000     -3902.985    -3929.293       26.308   335.3      1.135      0.995      1.007      0.498     -0.052      0.083
1107.7500     -3902.551    -3930.306       27.755   353.7      0.113      0.672      0.036      0.173     -0.206      0.104
1108.0000     -3903.825    -3930.812       26.987   344.0      0.612      1.094      0.447      0.081     -0.104     -0.125
1108.2500     -3903.511    -3930.371       26.860   342.3      0.017      1.118      0.218     -0.109     -0.056     -0.235
1108.5000     -3903.941    -3931.481       27.540   351.0      0.153     -0.081     -0.275     -0.155      0.111      0.057
1108.7500     -3904.115    -3930.837       26.722   340.6      0.748      1.564      1.448     -0.087      0.059     -0.086
1109.0000     -3905.031    -3930.887       25.856   329.5      0.602      0.639      0.182      0.222      0.080     -0.100
1109.2500     -3903.817    -3930.710       26.893   342.8      0.733      0.789      0.799      0.085      0.226      0.069
1109.5000     -3903.715    -3930.496       26.782   341.3      1.383      0.486     -0.186      0.316      0.031      0.101
1109.7500     -3904.757    -3930.439       25.683   327.3      1.237      0.374      0.436     -0.361      0.393      0.045
1110.0000     -3903.144    -3929.287       26.143   333.2      0.952      1.072      0.366      0.130     -0.112     -0.064
1110.2500     -3903.509    -3930.250       26.741   340.8      0.943      0.704      0.484     -0.061      0.151     -0.131
1110.5000     -3903.308    -3929.219       25.911   330.2      1.072      1.047      0.799     -0.158      0.143     -0.299
1110.7500     -3904.585    -3930.793       26.208   334.0      0.821      0.408     -0.138     -0.570      0.344      0.149
1111.0000     -3905.955    -3930.993       25.038   319.1      1.065      0.640      0.323     -0.317     -0.058     -0.120
1111.2500     -3905.959    -3931.514       25.555   325.7      0.989      1.592      0.499     -0.387      0.135      0.117
1111.5000     -3906.047    -3932.203       26.156   333.4      0.476      0.836     -0.303      0.130     -0.003      0.132
1111.7500     -3907.301    -3931.717       24.416   311.2      1.219      1.087      0.683      0.228      0.009      0.216
1112.0000     -3906.103    -3931.002       24.900   317.4      0.344      0.649     -0.396      0.038     -0.338      0.032
1112.2500     -3904.519    -3931.669       27.150   346.0      0.515      0.713     -0.041     -0.185      0.033      0.136
1112.5000     -3905.463    -3932.244       26.781   341.3      1.045      0.915      0.700     -0.270      0.023      0.073
1112.7500     -3907.865    -3932.201       24.336   310.2      0.539      1.340     -0.371      0.174      0.274     -0.132
1113.0000     -3906.192    -3931.432       25.240   321.7      0.542      1.303      0.077      0.169      0.258      0.241
1113.2500     -3905.198    -3931.019       25.820   329.1      1.142      0.775      0.711      0.361      0.137      0.113
1113.5000     -3905.258    -3930.565       25.308   322.6      0.677      0.666      0.186     -0.060      0.021      0.131
1113.7500     -3904.501    -3931.346       26.846   342.2      0.614      0.370      0.342      0.041      0.085     -0.326
1114.0000     -3905.157    -3930.860       25.703   327.6      0.478      1.090      0.338      0.246      0.211      0.067
1114.2500     -3906.650    -3932.457       25.807   328.9      0.525      0.963     -0.095      0.066      0.052     -0.005
1114.5000     -3906.404    -3931.475       25.072   319.5      0.774      1.481      0.330     -0.053      0.661     -0.263
1114.7500     -3905.878    -3931.980       26.103   332.7      0.032      0.230     -0.107      0.194     -0.379     -0.123
1115.0000     -3905.792    -3930.365       24.573   313.2      1.234      1.109      0.782     -0.036     -0.164     -0.132
1115.2500     -3905.445    -3930.244       24.800   316.1      1.139      1.244     -0.188      0.191     -0.084     -0.058
1115.5000     -3905.988    -3931.729       25.741   328.1      1.082      0.869      0.811      0.081      0.086     -0.052
1115.7500     -3903.953    -3929.729       25.776   328.5      1.003      1.044      0.520     -0.068      0.595      0.000
1116.0000     -3905.426    -3930.180       24.754   315.5      1.145      0.872      0.708     -0.319      0.053      0.107
1116.2500     -3904.813    -3930.212       25.400   323.7      0.844      0.923      0.380     -0.146     -0.108     -0.068
1116.5000     -3904.810    -3931.353       26.543   338.3      0.630      0.494      0.525     -0.099     -0.057     -0.015
1116.7500     -3903.981    -3930.389       26.408   336.6      0.939      1.076      0.009     -0.155     -0.086     -0.136
1117.0000     -3905.082    -3929.914       24.832   316.5      0.716      0.560      0.185      0.354     -0.027     -0.148
1117.2500     -3905.401    -3932.033       26.632   339.4      0.991      0.913      0.706      0.223      0.139     -0.026
1117.5000     -3906.352    -3931.896       25.545   325.6      0.363      0.889      0.287      0.308     -0.171      0.295
1117.7500     -3906.253    -3932.666       26.413   336.6      0.832      0.467      0.472     -0.088     -0.506      0.150
1118.0000     -3906.336    -3930.230       23.894   304.5      0.660      0.562      0.011      0.192     -0.337      0.191
1118.2500     -3907.015    -3931.981       24.966   318.2      0.630      0.613      0.535      0.371      0.107      0.209
1118.5000     -3906.379    -3932.116       25.737   328.0      1.273      1.009      0.032      0.029      0.134     -0.033
1118.7500     -3906.355    -3932.521       26.166   333.5      1.156      0.327     -0.149      0.448      0.250     -0.074
1119.0000     -3906.123    -3931.677       25.554   325.7      0.278      0.724     -0.565      0.017     -0.196      0.023
1119.2500     -3905.896    -3930.914       25.018   318.9      0.520      1.011      0.097     -0.223     -0.207     -0.219
1119.5000     -3906.036    -3930.958       24.922   317.6      0.283      0.595     -0.120     -0.322     -0.163     -0.006
1119.7500     -3907.158    -3933.110       25.952   330.8      0.483      1.269      0.829      0.171      0.295     -0.298
1120.0000     -3907.868    -3932.327       24.460   311.7      0.863      0.352      0.203      0.042      0.230     -0.131
1120.2500     -3906.684    -3930.884       24.200   308.4      1.013      0.385     -0.325      0.245      0.361      0.211
1120.5000     -3907.494    -3933.644       26.149   333.3      0.259      0.797      0.479     -0.158     -0.067      0.211
1120.7500     -3906.003    -3932.271       26.268   334.8      1.033      0.917      0.403     -0.022     -0.223      0.065
1121.0000     -3905.142    -3931.590       26.448   337.1      1.076      1.281      0.182      0.233      0.023     -0.082
1121.2500     -3905.320    -3931.680       26.360   336.0      0.972      0.615      0.293      0.010     -0.020     -0.177
1121.5000     -3905.376    -3931.246       25.870   329.7      0.469      0.835      0.301      0.126     -0.079      0.188
1121.7500     -3904.839    -3931.039       26.200   333.9      0.717      0.743      0.429     -0.121     -0.130      0.075
1122.0000     -3905.451    -3929.768       24.317   309.9      0.846      1.046      0.585     -0.037     -0.181     -0.021
1122.2500     -3905.905    -3931.672       25.766   328.4      0.391      0.105     -0.482     -0.045      0.074      0.397
1122.5000     -3903.640    -3929.966       26.326   335.5      0.152      1.055      0.280      0.159      0.092     -0.229
1122.7500     -3904.047    -3930.080       26.033   331.8      0.332      0.791      0.876      0.141      0.231      0.290
1123.0000     -3904.732    -3930.677       25.945   330.7      0.712      0.620      0.213      0.159      0.288      0.002
1123.2500     -3905.159    -3931.081       25.922   330.4      1.234      1.003      0.593     -0.277     -0.048      0.145
1123.5000     -3903.960    -3930.445       26.484   337.5      0.915      1.044      0.228     -0.038     -0.317     -0.021
1123.7500     -3904.318    -3930.913       26.595   339.0      0.847      0.889      0.402      0.030      0.326      0.074
1124.0000     -3905.836    -3930.922       25.086   319.7      0.582      1.037      0.776      0.117     -0.021     -0.015
1124.2500     -3905.134    -3931.744       26.610   339.2      0.634      0.972      0.145      0.194      0.057      0.136
1124.5000     -3905.784    -3930.724       24.940   317.9      0.427      1.059      0.238      0.176      0.132      0.147
1124.7500     -3904.360    -3931.108       26.748   340.9      0.838      0.320      0.250      0.059     -0.017     -0.172
1125.0000     -3905.799    -3931.508       25.709   327.7      0.791      0.741      0.163      0.127      0.020     -0.151
1125.2500     -3904.054    -3929.308       25.254   321.9      0.419      0.811      0.170      0.115     -0.213      0.130
1125.5000     -3905.010    -3931.279       26.269   334.8      0.798      1.109      0.833     -0.015      0.206      0.015
1125.7500     -3904.980    -3930.745       25.765   328.4      0.470      0.819      0.059      0.175     -0.508      0.077
1126.0000     -3905.805    -3931.763       25.958   330.8      0.773      1.495      0.476     -0.067     -0.211     -0.105
1126.2500     -3904.562    -3932.047       27.485   350.3      0.973      0.736      0.115      0.145     -0.177     -0.006
1126.5000     -3905.492    -3930.346       24.854   316.8      0.478      0.699      0.128     -0.050     -0.023      0.115
1126.7500     -3906.903    -3932.217       25.314   322.6      0.254      0.661      0.290      0.253     -0.283     -0.188
1127.0000     -3907.657    -3931.939       24.282   309.5      0.638      0.965      0.213      0.138      0.127      0.274
1127.2500     -3908.597    -3932.592       23.995   305.8      1.137      0.803      0.630     -0.087      0.352      0.085
1127.5000     -3907.683    -3932.424       24.741   315.3      0.702      0.582      0.693     -0.205     -0.087      0.032
1127.7500     -3905.697    -3931.326       25.629   326.7      0.772      0.416      0.168     -0.052     -0.171      0.088
1128.0000     -3905.677    -3930.424       24.747   315.4      0.598      0.562      0.167      0.075      0.001      0.114
1128.2500     -3905.598    -3931.534       25.935   330.6      0.411      0.648     -0.270      0.023      0.254      0.072
1128.5000     -3904.802    -3931.251       26.449   337.1      1.051      1.003      0.660      0.086     -0.091      0.188
1128.7500     -3905.860    -3931.008       25.148   320.5      0.851      0.814      0.281     -0.142      0.055     -0.126
1129.0000     -3905.656    -3930.713       25.057   319.4      0.397      0.983      0.100      0.130     -0.111     -0.230
1129.2500     -3905.817    -3932.086       26.269   334.8      0.549      0.346      0.476     -0.037     -0.170     -0.039
1129.5000     -3905.129    -3931.172       26.043   331.9      0.505      0.718      0.122      0.173     -0.080      0.145
1129.7500     -3905.039    -3931.713       26.675   340.0      0.569      0.712      0.242     -0.015      0.472      0.279
1130.0000     -3905.643    -3931.645       26.001   331.4      0.689      1.469      0.046     -0.047      0.259      0.297
1130.2500     -3906.865    -3932.074       25.210   321.3      0.965      0.842      0.060     -0.282     -0.083      0.105
1130.5000     -3906.563    -3932.343       25.780   328.6      0.410      0.764      0.396     -0.128     -0.370      0.057
1130.7500     -3905.410    -3929.901       24.491   312.1      0.690      0.576      0.450      0.450     -0.110      0.390
1131.0000     -3906.523    -3932.153       25.629   326.7      0.395      1.036     -0.105      0.151     -0.175      0.178
1131.2500     -3905.746    -3931.074       25.328   322.8      0.710      1.008      0.622      0.078      0.199      0.081
1131.5000     -3905.699    -3931.031       25.332   322.9      0.565      0.475      0.234      0.037      0.225     -0.116
1131.7500     -3905.994    -3931.566       25.572   325.9      0.512      1.124      0.215     -0.154      0.110     -0.228
1132.0000     -3905.478    -3931.598       26.121   332.9      0.247      0.279     -0.111     -0.347     -0.078     -0.025
1132.2500     -3905.772    -3931.174       25.402   323.8      0.597      0.444      0.013      0.072     -0.244      0.068
1132.5000     -3906.611    -3932.458       25.847   329.4      0.243      1.255     -0.061      0.467     -0.162      0.191
1132.7500     -3906.505    -3932.510       26.005   331.4      0.782      0.673     -0.057      0.021     -0.147      0.072
1133.0000     -3905.917    -3931.671       25.754   328.2      0.342      0.060     -0.366     -0.136     -0.216     -0.024
1133.2500     -3905.275    -3930.703       25.428   324.1      0.784      0.596      0.789     -0.072     -0.265     -0.087
1133.5000     -3905.233    -3932.149       26.917   343.1      0.832      0.245      0.422     -0.164     -0.355     -0.186
1133.7500     -3906.130    -3930.673       24.543   312.8      0.853      0.826     -0.006     -0.078      0.101      0.043
1134.0000     -3905.738    -3931.358       25.620   326.5      0.936      1.153      0.563     -0.037     -0.134      0.020
1134.2500     -3905.064    -3931.116       26.053   332.0      0.676      0.690     -0.351     -0.028      0.049      0.176
1134.5000     -3905.795    -3931.594       25.799   328.8      0.709      1.036      0.535     -0.265     -0.372     -0.178
1134.7500     -3904.470    -3931.834       27.364   348.8      0.533      0.915      0.395     -0.085      0.056     -0.021
1135.0000     -3905.760    -3931.487       25.726   327.9      0.265      0.783      0.099      0.086      0.388      0.086
1135.2500     -3905.925    -3931.545       25.620   326.5      1.025      1.120      0.614     -0.235      0.086      0.263
1135.5000     -3909.143    -3933.308       24.165   308.0      0.763      0.832      0.277     -0.068     -0.019     -0.009
1135.7500     -3906.361    -3932.363       26.002   331.4      0.619      1.056      0.726     -0.268      0.252      0.329
1136.0000     -3903.381    -3930.001       26.621   339.3      0.760      0.820      0.335     -0.094     -0.286     -0.096
1136.2500     -3904.542    -3930.176       25.633   326.7      0.192      0.908      0.248     -0.040      0.434      0.127
1136.5000     -3903.128    -3930.050       26.922   343.1     -0.071      0.807      0.849     -0.062     -0.048      0.022
1136.7500     -3902.659    -3931.025       28.366   361.5      0.584      0.669     -0.179     -0.273     -0.015      0.094
1137.0000     -3903.730    -3928.721       24.991   318.5      0.700      0.129      0.369     -0.278      0.133      0.177
1137.2500     -3902.053    -3928.826       26.774   341.2      0.751      0.983      0.423     -0.010      0.267      0.030
1137.5000     -3903.519    -3929.498       25.979   331.1      0.397      0.919      0.237     -0.159      0.189     -0.009
1137.7500     -3907.106    -3932.060       24.954   318.0      0.857      0.682      0.611      0.178      0.217     -0.180
1138.0000     -3908.352    -3933.228       24.875   317.0      0.648      0.857      0.324      0.068     -0.407     -0.084
1138.2500     -3907.905    -3933.317       25.412   323.9      0.814      0.577      0.513      0.153      0.040      0.038
1138.5000     -3907.558    -3933.061       25.502   325.0      0.833      1.040      0.106     -0.032      0.127     -0.069
1138.7500     -3906.157    -3933.281       27.124   345.7      0.887      0.705      0.299     -0.147     -0.070     -0.012
1139.0000     -3904.111    -3930.355       26.244   334.5      0.931      0.966      0.761     -0.102      0.439      0.098
1139.2500     -3903.313    -3930.951       27.638   352.2      0.761      0.546      0.160     -0.066      0.170      0.066
1139.5000     -3903.047    -3930.094       27.048   344.7      0.743      0.995      0.502      0.027      0.030      0.123
1139.7500     -3903.854    -3929.268       25.414   323.9      1.180      0.848      0.078     -0.151      0.007     -0.077
1140.0000     -3906.745    -3931.398       24.653   314.2      0.512      0.992     -0.416      0.076      0.179     -0.179
1140.2500     -3905.075    -3931.566       26.492   337.6      0.682      0.795      0.060      0.071     -0.063     -0.388
1140.5000     -3903.941    -3931.328       27.386   349.0      0.953      0.847      0.102      0.446      0.073     -0.121
1140.7500     -3903.673    -3930.315       26.642   339.6      1.042      1.432      0.649      0.398     -0.198     -0.193
1141.0000     -3902.570    -3929.471       26.902   342.9      0.783      0.455     -0.337      0.324     -0.364      0.039
1141.2500     -3902.829    -3930.222       27.393   349.1      0.464      0.900      0.552     -0.007     -0.121     -0.403
1141.5000     -3903.107    -3931.269       28.162   358.9      0.803      1.021     -0.099      0.097      0.074     -0.159
1141.7500     -3903.933    -3929.468       25.535   325.4      0.845      0.477      0.162     -0.076      0.027     -0.135
1142.0000     -3907.369    -3932.370       25.001   318.6      0.542      1.012      0.869     -0.083      0.108     -0.007
1142.2500     -3906.617    -3930.853       24.236   308.9      0.567      0.834      0.125      0.202      0.110      0.176
1142.5000     -3906.296    -3931.704       25.408   323.8      1.411      1.024      0.701      0.293      0.007     -0.030
1142.7500     -3905.083    -3932.002       26.918   343.1      0.994      0.957      0.337      0.121     -0.315      0.277
1143.0000     -3906.190    -3931.293       25.103   319.9      0.525      0.927      0.402      0.010     -0.081     -0.070
1143.2500     -3907.252    -3933.209       25.957   330.8      0.874      0.924      0.475     -0.120     -0.165      0.108
1143.5000     -3905.918    -3931.010       25.092   319.8      1.426      1.172      0.874      0.097     -0.283     -0.164
1143.7500     -3905.942    -3932.332       26.391   336.4      0.981      0.526      0.094     -0.060     -0.119     -0.271
1144.0000     -3905.959    -3931.442       25.483   324.8      0.864      0.910      0.636      0.177      0.243     -0.176
1144.2500     -3905.739    -3931.317       25.578   326.0      0.976      1.261      0.563      0.209      0.163     -0.290
1144.5000     -3904.604    -3929.626       25.022   318.9      0.912      0.876      0.462     -0.020      0.057      0.035
1144.7500     -3905.533    -3931.584       26.051   332.0      1.259      0.794      0.753      0.060      0.047     -0.153
1145.0000     -3904.962    -3929.977       25.015   318.8      0.899      1.321      0.402      0.105      0.273      0.186
1145.2500     -3905.940    -3930.547       24.606   313.6      0.536      0.559      0.212      0.247      0.194     -0.049
1145.5000     -3905.366    -3931.190       25.823   329.1      0.448      1.111      0.547      0.360      0.366      0.494
1145.7500     -3906.779    -3933.097       26.318   335.4      0.738      0.932      0.244      0.000     -0.251     -0.048
1146.0000     -3906.444    -3931.473       25.029   319.0      0.148      0.624      0.670      0.420     -0.096     -0.056
1146.2500     -3907.033    -3932.172       25.139   320.4      1.256      0.850      0.519     -0.280     -0.063     -0.028
1146.5000     -3907.047    -3931.413       24.366   310.5      0.602      0.653      0.398      0.056     -0.144     -0.150
1146.7500     -3908.273    -3932.744       24.471   311.9      0.591      0.627      0.560      0.265      0.098     -0.210
1147.0000     -3907.761    -3933.030       25.268   322.0      0.417      0.721      0.098      0.406      0.333     -0.258
1147.2500     -3907.937    -3932.530       24.593   313.4      0.792      1.052      0.279      0.095      0.009     -0.032
1147.5000     -3906.635    -3931.046       24.411   311.1      0.571      1.082     -0.030      0.046      0.003      0.090
1147.7500     -3906.111    -3931.913       25.802   328.9      1.134      1.270      0.429     -0.328      0.147      0.253
1148.0000     -3905.742    -3931.087       25.346   323.0      0.552      0.655      0.277      0.138     -0.073     -0.071
1148.2500     -3906.713    -3932.347       25.634   326.7      0.741      1.079      0.658      0.094     -0.015      0.070
1148.5000     -3905.785    -3933.341       27.556   351.2      0.998      1.074      0.796      0.003      0.054      0.099
1148.7500     -3906.169    -3931.566       25.396   323.7      0.957      0.963      0.535     -0.032     -0.009      0.180
1149.0000     -3906.394    -3931.831       25.437   324.2      0.742      0.714      0.846      0.470     -0.221     -0.050
1149.2500     -3906.285    -3932.541       26.256   334.6      0.160      0.544      0.005      0.133     -0.093      0.218
1149.5000     -3906.486    -3931.207       24.721   315.1      0.411      0.549      0.291     -0.051      0.025     -0.036
1149.7500     -3906.201    -3932.979       26.778   341.3      1.195      1.034      0.643     -0.164     -0.062      0.209
1150.0000     -3907.487    -3932.585       25.099   319.9      0.982      0.665      0.492      0.018      0.054      0.007
1150.2500     -3906.294    -3931.934       25.640   326.8      1.069      0.704      0.741      0.185      0.001     -0.005
1150.5000     -3906.753    -3932.258       25.505   325.1      0.767      0.264     -0.098      0.145      0.376     -0.202
1150.7500     -3905.371    -3931.187       25.816   329.0      1.293      1.140      0.517      0.203      0.098      0.157
1151.0000     -3904.783    -3932.186       27.403   349.3      0.610      0.991      0.470     -0.124      0.248      0.067
1151.2500     -3907.717    -3932.216       24.499   312.2      0.536      1.276      0.432     -0.107     -0.119      0.025
1151.5000     -3906.639    -3931.750       25.111   320.0      0.763      0.550      0.737     -0.126     -0.329     -0.041
1151.7500     -3906.732    -3933.529       26.797   341.5      1.124      1.113      0.728     -0.058      0.066      0.066
1152.0000     -3906.883    -3933.238       26.356   335.9      0.504      0.633      0.436     -0.053      0.375      0.180
1152.2500     -3906.235    -3932.309       26.074   332.3      0.734      1.150      0.432      0.033      0.446      0.027
1152.5000     -3905.897    -3932.364       26.466   337.3      0.398      0.694      0.232      0.026      0.143     -0.074
1152.7500     -3906.068    -3930.397       24.330   310.1      0.807      1.014      0.401     -0.033     -0.107     -0.129
1153.0000     -3906.808    -3931.723       24.914   317.5      0.636      0.530      0.519     -0.061     -0.190      0.196
1153.2500     -3905.320    -3931.029       25.709   327.7      0.647      0.393      0.172     -0.067     -0.169     -0.311
1153.5000     -3904.802    -3931.010       26.208   334.0      0.889      0.751      0.559      0.229      0.114      0.076
1153.7500     -3905.521    -3930.748       25.226   321.5      0.939      0.962      0.580     -0.241      0.108     -0.011
1154.0000     -3905.915    -3933.577       27.662   352.6      0.860      1.135      0.430     -0.231      0.016     -0.069
1154.2500     -3904.244    -3930.468       26.223   334.2      0.733      0.867     -0.252      0.020     -0.146     -0.120
1154.5000     -3901.492    -3929.309       27.816   354.5      0.708      0.680      0.156      0.025      0.204     -0.081
1154.7500     -3904.013    -3930.218       26.205   334.0      0.149      1.184      0.318      0.184      0.029      0.068
1155.0000     -3905.843    -3932.135       26.292   335.1      1.188      1.048      0.093      0.205      0.032      0.065
1155.2500     -3905.363    -3931.398       26.035   331.8      0.858      0.907      0.410      0.177      0.054     -0.268
1155.5000     -3905.705    -3930.961       25.257   321.9      0.475      0.507      0.146     -0.032      0.030      0.009
1155.7500     -3904.794    -3931.225       26.431   336.9      0.740      0.813      0.665     -0.043      0.264     -0.109
1156.0000     -3905.494    -3931.265       25.772   328.5      0.719      0.295      0.707      0.211     -0.254     -0.054
1156.2500     -3906.721    -3930.846       24.126   307.5      0.725      0.693     -0.110     -0.057     -0.131      0.142
1156.5000     -3907.221    -3932.865       25.644   326.8      0.617      0.906      0.362     -0.353     -0.141      0.160
1156.7500     -3906.420    -3932.655       26.234   334.4      1.112      0.492      0.354     -0.270      0.173      0.114
1157.0000     -3905.645    -3930.187       24.542   312.8      0.804      1.402      0.426      0.228      0.042      0.040
1157.2500     -3905.236    -3931.274       26.037   331.9      0.460      0.852     -0.177      0.054     -0.022     -0.053
1157.5000     -3905.135    -3931.883       26.748   340.9      0.618      0.640      0.538      0.086     -0.198      0.209
1157.7500     -3905.197    -3932.559       27.362   348.7      0.439      0.776      0.099     -0.046     -0.136      0.249
1158.0000     -3905.941    -3930.742       24.801   316.1      0.779      0.722      0.032     -0.026      0.012      0.364
1158.2500     -3906.225    -3932.329       26.104   332.7      1.333      0.900      0.713     -0.129      0.059     -0.048
1158.5000     -3907.369    -3932.688       25.319   322.7      0.570      0.730      0.301      0.199      0.074      0.007
1158.7500     -3904.959    -3930.588       25.630   326.7      0.313      0.885     -0.433      0.252     -0.144      0.123
1159.0000     -3906.124    -3932.022       25.898   330.1      0.865      1.102      0.771      0.458      0.056     -0.118
1159.2500     -3905.626    -3932.855       27.229   347.0      0.852      0.801      0.640      0.085      0.226      0.069
1159.5000     -3907.302    -3933.339       26.036   331.8      1.540      1.545      0.187      0.172      0.217     -0.139
1159.7500     -3906.043    -3931.384       25.341   323.0      0.276      1.038      0.312     -0.180      0.038      0.113
1160.0000     -3906.409    -3932.018       25.609   326.4      1.238      0.688      0.198      0.080     -0.145     -0.124
1160.2500     -3906.620    -3932.269       25.649   326.9      1.301      0.632     -0.075     -0.066     -0.039      0.030
1160.5000     -3906.490    -3933.235       26.745   340.9      0.395      0.499      0.549      0.039     -0.220     -0.036
1160.7500     -3905.986    -3930.225       24.239   308.9      0.492      1.121     -0.374     -0.079      0.164      0.103
1161.0000     -3905.130    -3931.703       26.573   338.7      0.868      1.417      0.562      0.177      0.036     -0.020
1161.2500     -3905.172    -3931.995       26.823   341.9      0.723      0.830      0.344     -0.001      0.449      0.062
1161.5000     -3905.366    -3930.437       25.071   319.5      1.162      1.231      0.851      0.334      0.014     -0.019
1161.7500     -3904.513    -3930.863       26.350   335.8      0.431      0.908      0.422      0.106     -0.224     -0.091
1162.0000     -3904.407    -3930.135       25.728   327.9      0.929      0.887     -0.056      0.060     -0.041      0.038
1162.2500     -3905.748    -3931.244       25.495   324.9      1.050      0.902      0.142     -0.149     -0.222     -0.005
1162.5000     -3904.688    -3930.245       25.556   325.7      1.178      1.049      0.496     -0.050     -0.178      0.249
1162.7500     -3905.553    -3929.870       24.318   309.9      0.838      0.978     -0.172      0.243     -0.087      0.031
1163.0000     -3906.089    -3929.944       23.855   304.0      0.973      0.996      0.192      0.124     -0.006     -0.119
1163.2500     -3905.150    -3932.837       27.688   352.9      0.262      0.319     -0.374     -0.100     -0.048     -0.087
1163.5000     -3905.141    -3930.907       25.766   328.4      0.320      0.692      0.286     -0.129      0.066     -0.089
1163.7500     -3905.252    -3930.999       25.747   328.1      1.037      1.458      0.060     -0.032      0.187     -0.162
1164.0000     -3905.783    -3931.972       26.189   333.8      0.998      1.143      0.200     -0.067      0.098     -0.358
1164.2500     -3907.813    -3933.828       26.015   331.6      0.347      0.885      0.444      0.044     -0.159      0.123
1164.5000     -3905.235    -3932.143       26.908   342.9      0.863      0.774      0.207      0.009     -0.096      0.024
1164.7500     -3906.033    -3931.358       25.324   322.8      0.773      0.948      0.083      0.232      0.276     -0.174
1165.0000     -3903.889    -3931.186       27.297   347.9      0.860      0.788      0.645      0.043      0.006      0.072
1165.2500     -3903.427    -3930.788       27.361   348.7      1.069      0.461      0.194      0.063     -0.108     -0.323
1165.5000     -3904.016    -3930.436       26.420   336.7      1.256      1.168      0.632     -0.320     -0.003     -0.051
1165.7500     -3902.510    -3929.572       27.062   344.9      1.100      0.666      0.180      0.226     -0.094      0.050
1166.0000     -3902.861    -3929.444       26.583   338.8      0.826      0.445      0.262     -0.115      0.187      0.033
1166.2500     -3901.559    -3929.587       28.028   357.2      0.753      1.208      0.342     -0.486     -0.151      0.104
1166.5000     -3902.525    -3929.497       26.973   343.8      0.967      0.519      0.120     -0.590     -0.206      0.038
1166.7500     -3904.404    -3930.882       26.478   337.5      0.888      0.619      0.219      0.150     -0.322      0.435
1167.0000     -3905.665    -3931.331       25.666   327.1      0.574      0.580     -0.007      0.253     -0.076      0.283
1167.2500     -3905.324    -3930.818       25.494   324.9      0.715      1.008     -0.210      0.004      0.024      0.326
1167.5000     -3905.132    -3931.125       25.992   331.3      1.162      0.977      0.294      0.024      0.241      0.030
1167.7500     -3905.467    -3931.586       26.119   332.9      0.939      0.764      0.181     -0.149     -0.024      0.282
1168.0000     -3904.680    -3931.284       26.604   339.1      0.837      1.230      0.493     -0.089      0.024     -0.146
1168.2500     -3903.306    -3930.305       26.999   344.1      0.864      0.789      0.411      0.003     -0.236      0.059
1168.5000     -3902.684    -3929.582       26.898   342.8      1.079      0.599      0.433      0.029      0.227      0.065
1168.7500     -3903.307    -3929.543       26.236   334.4      0.425      0.578      0.530      0.018     -0.148      0.075
1169.0000     -3903.854    -3931.391       27.537   351.0      1.022      1.124      0.454     -0.059     -0.368      0.091
1169.2500     -3905.019    -3931.288       26.269   334.8      0.857      0.416     -0.119     -0.205     -0.209     -0.171
1169.5000     -3907.521    -3932.733       25.213   321.3      0.526      1.116      0.343      0.150     -0.357      0.131
1169.7500     -3905.918    -3932.512       26.594   338.9      1.089      0.915      0.183      0.072      0.103     -0.160
1170.0000     -3906.242    -3932.394       26.152   333.3      0.785      0.956      0.386     -0.255      0.306     -0.082
1170.2500     -3906.317    -3931.843       25.525   325.3      0.380      1.178      0.570     -0.274     -0.193     -0.227
1170.5000     -3904.687    -3930.682       25.995   331.3      0.737      0.750      0.090     -0.378      0.520     -0.045
1170.7500     -3904.970    -3930.732       25.762   328.3      0.713      1.267      0.655     -0.156      0.032      0.115
1171.0000     -3905.806    -3932.104       26.298   335.2      1.054      0.575      0.138      0.110      0.082      0.164
1171.2500     -3906.192    -3932.816       26.623   339.3      0.565      0.667      0.174      0.191     -0.096      0.107
1171.5000     -3905.387    -3931.840       26.453   337.1      0.772      0.598      0.717      0.128      0.252     -0.215
1171.7500     -3905.044    -3930.552       25.508   325.1      0.941      0.404      0.293      0.065     -0.112     -0.193
1172.0000     -3906.516    -3931.411       24.896   317.3      0.724      0.355      0.289     -0.286      0.111      0.209
1172.2500     -3904.132    -3929.937       25.806   328.9      0.585      1.552      0.453     -0.065      0.138      0.015
1172.5000     -3905.004    -3931.161       26.157   333.4      0.845      1.048     -0.051     -0.118     -0.241     -0.129
1172.7500     -3904.804    -3930.365       25.561   325.8      1.472      0.582      0.360      0.130     -0.076     -0.252
1173.0000     -3904.437    -3929.878       25.441   324.3      0.856      0.828     -0.255      0.027      0.221     -0.196
1173.2500     -3905.483    -3932.595       27.111   345.5      1.019      1.129      0.249     -0.028      0.345     -0.015
1173.5000     -3904.808    -3931.353       26.545   338.3      1.048      1.202      0.653     -0.156      0.024     -0.034
1173.7500     -3907.055    -3931.598       24.542   312.8      0.264      0.713      0.355      0.040     -0.278     -0.075
1174.0000     -3905.010    -3931.354       26.344   335.8      1.070      1.082     -0.064      0.222     -0.255      0.086
1174.2500     -3907.432    -3933.019       25.587   326.1      0.998      0.669     -0.120      0.041     -0.136     -0.024
1174.5000     -3908.537    -3933.210       24.673   314.5      0.482      0.484      0.427     -0.057      0.024      0.084
1174.7500     -3907.286    -3933.426       26.140   333.2      0.953      0.969      0.337     -0.064     -0.378      0.160
1175.0000     -3907.650    -3933.468       25.818   329.1      0.262      0.775      0.149     -0.203     -0.389     -0.063
1175.2500     -3905.809    -3930.400       24.591   313.4      0.653      1.105     -0.175      0.377     -0.011     -0.025
1175.5000     -3905.842    -3931.708       25.866   329.7      0.786      1.165      0.734      0.256      0.243      0.223
1175.7500     -3906.121    -3931.665       25.544   325.6      0.884      0.946      0.638     -0.196     -0.411      0.188
1176.0000     -3905.122    -3931.561       26.439   337.0      0.270      0.756      0.238      0.152     -0.168      0.104
1176.2500     -3906.781    -3932.659       25.877   329.8      0.870      0.496      0.781      0.146     -0.001     -0.003
1176.5000     -3905.665    -3931.736       26.070   332.3      0.642      0.794      0.426      0.234      0.102      0.042
1176.7500     -3905.215    -3931.410       26.195   333.9      0.939      1.386      0.239      0.030     -0.022      0.128
1177.0000     -3903.839    -3929.542       25.703   327.6      1.119      1.103      0.026      0.131     -0.120     -0.031
1177.2500     -3903.149    -3928.905       25.756   328.3      0.826      0.872      0.254     -0.099     -0.017      0.115
1177.5000     -3905.218    -3931.151       25.933   330.5      0.990      0.848      0.320     -0.180     -0.476     -0.378
1177.7500     -3904.823    -3932.070       27.247   347.3      0.857      0.703      0.337     -0.189      0.012     -0.188
1178.0000     -3907.072    -3931.761       24.689   314.7      1.083      0.464      0.511     -0.004      0.327      0.374
1178.2500     -3904.775    -3930.890       26.114   332.8      1.051      1.215      0.264      0.537      0.041     -0.009
1178.5000     -3903.489    -3930.041       26.552   338.4      0.643      0.378      0.306      0.279     -0.016     -0.053
1178.7500     -3903.087    -3930.129       27.041   344.6      1.180      1.014      0.637     -0.114     -0.208     -0.239
1179.0000     -3904.996    -3931.562       26.566   338.6      0.918      0.672      0.114      0.177     -0.195      0.136
1179.2500     -3904.555    -3931.200       26.646   339.6      1.004      0.971      0.319      0.058     -0.556      0.037
1179.5000     -3905.361    -3931.367       26.006   331.4      0.787      0.913      0.335      0.113     -0.135      0.125
1179.7500     -3905.096    -3931.070       25.974   331.0      0.891      0.706      0.511      0.256     -0.129      0.418
1180.0000     -3904.454    -3931.065       26.610   339.2      0.959      0.990      0.417     -0.204      0.009     -0.204
1180.2500     -3904.129    -3931.276       27.147   346.0      1.221      1.055      0.903     -0.156     -0.149      0.039
1180.5000     -3904.276    -3931.110       26.834   342.0      0.657      0.921     -0.188     -0.308     -0.303      0.036
1180.7500     -3902.657    -3929.458       26.801   341.6      0.419      0.645      0.959      0.006      0.130      0.095
1181.0000     -3902.619    -3930.266       27.647   352.4     -0.006      0.398     -0.254      0.158     -0.318      0.201
1181.2500     -3902.686    -3929.490       26.804   341.6      0.551      0.875      0.239     -0.345      0.066     -0.062
1181.5000     -3902.757    -3929.652       26.894   342.8      0.356      0.497      0.052     -0.103      0.085     -0.052
1181.7500     -3903.207    -3930.571       27.364   348.8      0.604      0.304     -0.075      0.159      0.007      0.014
1182.0000     -3904.797    -3929.896       25.098   319.9      0.955      0.937      0.283      0.004     -0.118      0.173
1182.2500     -3904.140    -3930.600       26.459   337.2      1.071      0.593      0.160     -0.164     -0.214      0.264
1182.5000     -3903.093    -3929.833       26.739   340.8      0.797      1.669      0.317     -0.092     -0.056     -0.030
1182.7500     -3904.407    -3931.364       26.957   343.6      0.885      0.760      0.496     -0.091      0.070     -0.173
1183.0000     -3905.822    -3931.752       25.930   330.5      0.697      1.028      0.366     -0.120      0.056      0.003
1183.2500     -3906.377    -3931.023       24.646   314.1      0.831      1.337      0.659     -0.497     -0.324     -0.010
1183.5000     -3904.765    -3931.116       26.351   335.9      0.339      0.573      0.806      0.063     -0.279     -0.138
1183.7500     -3904.290    -3930.886       26.597   339.0      0.727      1.323      0.039      0.010     -0.072     -0.063
1184.0000     -3904.609    -3930.607       25.997   331.3      0.603      1.016      0.688     -0.187      0.200      0.137
1184.2500     -3904.282    -3929.978       25.696   327.5      1.224      0.705      0.126     -0.127      0.234      0.101
1184.5000     -3903.713    -3929.134       25.421   324.0      0.719      0.497     -0.625      0.003      0.151      0.052
1184.7500     -3904.442    -3929.217       24.775   315.8      1.095      1.129      0.345     -0.267      0.041     -0.182
1185.0000     -3904.155    -3929.230       25.076   319.6      0.854      0.481     -0.186      0.094      0.053     -0.088
1185.2500     -3902.838    -3930.097       27.259   347.4      1.119      0.567      0.192      0.116      0.010      0.162
1185.5000     -3903.713    -3930.398       26.685   340.1      0.363      0.975      0.158      0.117      0.139      0.077
1185.7500     -3901.106    -3927.283       26.178   333.6      0.744      0.930     -0.108     -0.306      0.236      0.069
1186.0000     -3903.168    -3930.937       27.769   353.9      0.959      0.810      0.474      0.166      0.344     -0.040
1186.2500     -3903.642    -3929.032       25.390   323.6      0.967      0.410      0.659     -0.016     -0.305     -0.105
1186.5000     -3903.475    -3929.401       25.926   330.4      0.847      0.216     -0.100      0.190     -0.140      0.081
1186.7500     -3902.465    -3928.678       26.213   334.1      1.012      1.364      0.688      0.269     -0.004     -0.128
1187.0000     -3904.675    -3929.756       25.082   319.7      0.880      0.800     -0.174      0.057     -0.051     -0.138
1187.2500     -3905.318    -3930.728       25.410   323.9      0.796      0.632      0.342      0.303      0.024      0.064
1187.5000     -3903.367    -3930.452       27.085   345.2      0.591      0.577      0.007     -0.273      0.215     -0.030
1187.7500     -3903.141    -3928.921       25.780   328.6      1.126      1.023      0.723     -0.003      0.234     -0.045
1188.0000     -3902.968    -3929.342       26.374   336.1      0.840      1.180      0.480     -0.039      0.356      0.121
1188.2500     -3902.901    -3929.760       26.859   342.3      0.758      1.184      0.192     -0.231      0.037      0.181
1188.5000     -3902.838    -3928.846       26.008   331.5      0.855      0.847      0.050     -0.483     -0.146      0.302
1188.7500     -3902.135    -3928.464       26.330   335.6      0.758      1.097      0.166      0.287     -0.332     -0.081
1189.0000     -3903.613    -3929.103       25.490   324.9      1.185      0.733      0.928      0.027     -0.086     -0.278
1189.2500     -3904.707    -3929.989       25.282   322.2      0.851      1.090      0.017      0.259     -0.127      0.079
1189.5000     -3905.170    -3930.541       25.371   323.4      1.223      0.413      0.894      0.247     -0.014      0.239
1189.7500     -3907.249    -3931.373       24.124   307.5      1.208      0.693      0.563      0.148      0.064      0.031
1190.0000     -3903.072    -3929.732       26.660   339.8      0.338      0.353     -0.470     -0.044     -0.131      0.124
1190.2500     -3903.122    -3929.309       26.187   333.8      0.690      0.450      0.078     -0.500      0.060      0.223
1190.5000     -3903.935    -3931.055       27.121   345.7      0.854      1.085      1.226     -0.195      0.234      0.171
1190.7500     -3903.736    -3929.475       25.738   328.0      0.596      0.454     -0.120      0.290      0.274     -0.061
1191.0000     -3904.169    -3930.430       26.261   334.7      0.880      0.856      0.513      0.425      0.235     -0.126
1191.2500     -3902.249    -3929.615       27.366   348.8     -0.116      0.215     -0.223      0.225     -0.035      0.229
1191.5000     -3903.525    -3930.458       26.933   343.3      0.662      1.354      0.581     -0.188     -0.262     -0.182
1191.7500     -3903.363    -3929.415       26.052   332.0      0.432      0.697      0.459      0.033      0.113     -0.253
1192.0000     -3903.561    -3929.249       25.687   327.4      0.415     -0.012     -0.277     -0.189      0.021      0.211
1192.2500     -3904.243    -3930.656       26.412   336.6      1.134      1.282      0.351      0.194     -0.090      0.108
1192.5000     -3904.180    -3929.407       25.227   321.5      0.594      0.759      0.143      0.040     -0.061     -0.036
1192.7500     -3905.433    -3931.052       25.619   326.5      1.361      0.736      0.809     -0.052     -0.282      0.128
1193.0000     -3902.832    -3929.513       26.682   340.1      0.420      0.924      0.406     -0.091      0.141      0.016
1193.2500     -3904.259    -3930.312       26.053   332.1      0.615      1.291      0.417      0.125     -0.076     -0.170
1193.5000     -3903.971    -3929.987       26.016   331.6      0.768      0.538      0.609      0.084      0.136     -0.083
1193.7500     -3902.925    -3929.697       26.771   341.2      1.367      1.400      0.439      0.253     -0.127      0.039
1194.0000     -3902.998    -3928.307       25.310   322.6      0.590      0.574     -0.050     -0.203     -0.004      0.165
1194.2500     -3903.243    -3929.456       26.213   334.1      1.098      1.153      0.694     -0.297     -0.282      0.090
1194.5000     -3902.646    -3929.013       26.367   336.0      1.381      0.853      0.745     -0.154      0.057     -0.197
1194.7500     -3902.362    -3929.561       27.199   346.7      0.264      1.109     -0.262     -0.067     -0.179     -0.017
1195.0000     -3902.547    -3929.202       26.655   339.7      0.839      1.110      1.037     -0.043     -0.368      0.077
1195.2500     -3903.047    -3929.114       26.068   332.2      0.605      1.067      0.283      0.186     -0.280     -0.087
1195.5000     -3903.202    -3928.797       25.595   326.2      0.629      0.850      0.566     -0.014     -0.303     -0.026
1195.7500     -3902.654    -3929.145       26.490   337.6      0.571      0.704      0.110      0.150     -0.073      0.265
1196.0000     -3902.303    -3929.492       27.189   346.5      0.783      0.697      0.026     -0.046      0.067     -0.226
1196.2500     -3903.273    -3928.751       25.477   324.7      0.637      1.062      0.351     -0.193      0.054     -0.131
1196.5000     -3904.440    -3930.446       26.006   331.5      0.545      0.893      0.251     -0.347     -0.197     -0.136
1196.7500     -3904.205    -3930.123       25.918   330.3      1.004      0.724      0.298     -0.056      0.106     -0.227
1197.0000     -3905.737    -3930.537       24.800   316.1      0.442      0.897      0.682     -0.327      0.108      0.030
1197.2500     -3907.686    -3932.246       24.559   313.0      0.853      0.814      0.744      0.137      0.092     -0.078
1197.5000     -3907.662    -3931.724       24.062   306.7      0.538      0.908      0.230     -0.095      0.205      0.075
1197.7500     -3906.600    -3931.442       24.841   316.6      0.904      0.453      0.296     -0.076     -0.087      0.205
1198.0000     -3905.888    -3931.809       25.920   330.4      1.014      1.218     -0.177     -0.238     -0.354     -0.122
1198.2500     -3903.952    -3931.162       27.210   346.8      1.168      0.975      0.330     -0.057     -0.165      0.118
1198.5000     -3905.082    -3930.780       25.698   327.5      0.611      0.798      1.055      0.002     -0.260     -0.077
1198.7500     -3904.104    -3930.841       26.737   340.8      0.953      0.998     -0.189      0.019     -0.162     -0.033
1199.0000     -3905.420    -3931.617       26.198   333.9      1.141      0.275      0.513     -0.119      0.331     -0.414
1199.2500     -3905.223    -3931.544       26.320   335.5      1.061      1.110      0.011      0.174      0.016      0.182
1199.5000     -3905.145    -3931.233       26.088   332.5      0.467      0.803     -0.026      0.162     -0.100      0.076
1199.7500     -3904.843    -3930.368       25.525   325.3      0.740      0.619      0.083      0.112      0.168      0.168
1200.0000     -3904.584    -3932.108       27.524   350.8      0.517      0.923      0.309      0.139      0.058      0.157
1200.2500     -3903.155    -3930.643       27.488   350.3      0.854      0.808      0.147      0.060     -0.262     -0.026
1200.5000     -3904.077    -3930.621       26.544   338.3      0.193      0.599      0.236      0.024      0.123      0.268
1200.7500     -3904.107    -3930.426       26.319   335.4      0.525      0.478     -0.366     -0.089      0.016      0.325
1201.0000     -3903.037    -3930.657       27.620   352.0      0.625      1.035     -0.241      0.009      0.035     -0.257
1201.2500     -3903.435    -3930.253       26.818   341.8      0.820      0.828     -0.003      0.059     -0.038     -0.075
1201.5000     -3904.138    -3930.309       26.171   333.6      0.971      1.004     -0.142      0.467      0.396      0.021
1201.7500     -3903.619    -3930.024       26.405   336.5      0.894      0.767      0.167      0.369      0.318      0.185
1202.0000     -3905.458    -3930.874       25.416   323.9      0.650      1.041      0.564     -0.109     -0.278      0.083
1202.2500     -3903.748    -3930.145       26.397   336.4      0.567      1.559     -0.048      0.184     -0.504      0.048
1202.5000     -3905.276    -3931.278       26.001   331.4      0.666      0.723      0.584      0.090      0.031      0.114
1202.7500     -3905.229    -3931.073       25.844   329.4      0.937      0.571      0.282     -0.122      0.175      0.386
1203.0000     -3904.335    -3932.160       27.825   354.6      0.595      1.151     -0.039     -0.122      0.046      0.213
1203.2500     -3905.255    -3930.812       25.557   325.7      1.127      0.668      0.525     -0.359     -0.179     -0.062
1203.5000     -3905.076    -3930.930       25.854   329.5      1.018      0.844      0.507      0.354     -0.273      0.083
1203.7500     -3905.334    -3931.391       26.056   332.1      0.158      0.543     -0.124      0.146      0.047     -0.237
1204.0000     -3903.171    -3929.080       25.909   330.2      0.404      0.935      0.311     -0.164     -0.015     -0.120
1204.2500     -3907.614    -3933.658       26.044   331.9      0.913      0.763     -0.123      0.039     -0.094      0.007
1204.5000     -3905.942    -3930.760       24.819   316.3      0.302      0.382     -0.185     -0.272     -0.211      0.391
1204.7500     -3904.607    -3931.634       27.027   344.5      0.865      1.058      0.075     -0.096      0.022     -0.217
1205.0000     -3905.012    -3929.981       24.968   318.2      0.835      0.426     -0.040     -0.103      0.120     -0.224
1205.2500     -3906.333    -3931.454       25.121   320.2      0.860      1.142      0.272      0.116     -0.224     -0.116
1205.5000     -3906.068    -3930.021       23.952   305.3      1.183      0.743      0.438     -0.194      0.070      0.224
1205.7500     -3905.401    -3930.948       25.546   325.6      0.408      0.489     -0.545      0.014      0.006      0.072
1206.0000     -3905.292    -3930.986       25.694   327.5      0.824      1.137      0.502      0.042     -0.006      0.086
1206.2500     -3904.885    -3931.473       26.587   338.9      0.764      0.420     -0.063      0.383      0.248     -0.201
1206.5000     -3903.648    -3931.062       27.414   349.4      0.652      0.513     -0.294      0.140      0.237      0.044
1206.7500     -3903.291    -3930.330       27.039   344.6      0.688      0.545     -0.396     -0.415      0.198      0.159
1207.0000     -3904.397    -3931.119       26.722   340.6      0.764      1.320      0.061     -0.344      0.250     -0.070
1207.2500     -3905.086    -3930.249       25.163   320.7      0.807      0.490     -0.029      0.068      0.063     -0.143
1207.5000     -3904.705    -3930.732       26.027   331.7      0.531      0.548     -0.050     -0.067     -0.095      0.103
1207.7500     -3903.650    -3931.239       27.589   351.6      0.877      0.743      0.151      0.229     -0.146      0.045
1208.0000     -3906.103    -3930.802       24.699   314.8      1.134      1.631      0.999      0.550      0.053      0.032
1208.2500     -3904.860    -3930.179       25.319   322.7      0.345      0.846      0.573      0.138     -0.278     -0.058
1208.5000     -3905.243    -3929.708       24.466   311.8      0.620      0.545      0.185     -0.056     -0.186     -0.137
1208.7500     -3904.074    -3930.469       26.395   336.4      0.457      1.012      0.090     -0.208     -0.152      0.078
1209.0000     -3904.792    -3930.852       26.060   332.1      0.882      1.112      0.239      0.052      0.269      0.161
1209.2500     -3903.913    -3929.191       25.278   322.2      0.953      0.257      0.086      0.293      0.050     -0.213
1209.5000     -3903.371    -3930.067       26.696   340.2      1.231      0.844     -0.246     -0.029      0.206      0.105
1209.7500     -3905.023    -3931.250       26.227   334.3      0.870      0.576      0.053     -0.070     -0.132     -0.038
1210.0000     -3905.567    -3931.262       25.695   327.5      1.146      0.377     -0.176      0.058      0.052     -0.124
1210.2500     -3905.128    -3931.248       26.120   332.9      1.388      1.295      0.289      0.046      0.196     -0.237
1210.5000     -3904.384    -3929.011       24.627   313.9      0.460      0.532      0.349      0.270      0.382     -0.428
1210.7500     -3904.191    -3929.575       25.384   323.5      0.515      1.009      0.397     -0.156     -0.114      0.070
1211.0000     -3903.063    -3929.434       26.371   336.1      0.562      0.845      0.690     -0.078     -0.077     -0.070
1211.2500     -3904.073    -3929.933       25.860   329.6      0.614      1.130      0.739     -0.311     -0.337      0.069
1211.5000     -3904.480    -3930.421       25.941   330.6      0.573      0.624      0.483     -0.160     -0.149      0.107
1211.7500     -3903.813    -3929.867       26.054   332.1      0.807      1.078      0.445     -0.274     -0.225     -0.061
1212.0000     -3902.508    -3928.755       26.247   334.5      0.665      0.075     -0.285     -0.257     -0.065     -0.054
1212.2500     -3903.433    -3930.001       26.569   338.6      0.764      0.586     -0.068     -0.059      0.028      0.186
1212.5000     -3903.370    -3931.125       27.755   353.7      0.809      1.043     -0.301     -0.408     -0.171     -0.039
1212.7500     -3901.976    -3929.371       27.396   349.2      0.856      0.515      0.052      0.083      0.157      0.159
1213.0000     -3901.938    -3929.605       27.667   352.6      1.074      1.226      0.259      0.018      0.160      0.208
1213.2500     -3902.190    -3929.358       27.168   346.3      0.539      0.740      0.456      0.319      0.049      0.013
1213.5000     -3902.798    -3929.865       27.067   345.0      0.318      0.866      0.568     -0.131      0.257     -0.220
1213.7500     -3902.726    -3930.286       27.560   351.3      0.512      1.003      0.741      0.354      0.098      0.057
1214.0000     -3902.504    -3929.806       27.302   348.0      0.243     -0.102      0.246     -0.240      0.269     -0.330
1214.2500     -3902.341    -3929.596       27.255   347.4      0.444      0.639      0.952     -0.241      0.187     -0.053
1214.5000     -3902.985    -3929.945       26.960   343.6      0.446      0.568      0.029     -0.279      0.632      0.039
1214.7500     -3902.259    -3928.862       26.603   339.1      1.174      1.415      0.593     -0.267      0.012     -0.150
1215.0000     -3901.866    -3928.933       27.067   345.0      0.330      0.519      0.725     -0.183      0.018      0.060
1215.2500     -3902.365    -3929.829       27.465   350.0      0.644      0.765      0.503      0.104      0.267     -0.099
1215.5000     -3903.332    -3930.462       27.131   345.8      0.851      0.891      1.212      0.135      0.029      0.056
1215.7500     -3902.824    -3929.062       26.238   334.4      0.111      0.859     -0.110      0.005      0.218      0.034
1216.0000     -3904.754    -3929.862       25.108   320.0      1.345      0.576      1.166     -0.090     -0.112      0.037
1216.2500     -3904.227    -3929.989       25.762   328.3      0.718      1.012      0.366     -0.116     -0.343      0.145
1216.5000     -3904.348    -3929.408       25.060   319.4      0.638      0.655     -0.136     -0.140     -0.255      0.026
1216.7500     -3903.746    -3929.495       25.749   328.2      0.895      0.903      0.348     -0.003     -0.171     -0.130
1217.0000     -3903.774    -3929.921       26.147   333.2      0.359      0.790      0.500      0.081      0.360      0.132
1217.2500     -3905.859    -3930.392       24.533   312.7      0.752      0.313      0.675      0.005      0.083     -0.088
1217.5000     -3904.092    -3929.234       25.142   320.4      0.333      1.036      0.194      0.136      0.096     -0.084
1217.7500     -3904.998    -3931.121       26.123   332.9      0.777      0.801     -0.109      0.042      0.169     -0.062
1218.0000     -3903.673    -3931.060       27.387   349.1      1.012      0.483      0.328     -0.001      0.047      0.010
1218.2500     -3904.601    -3930.268       25.668   327.1      1.033      1.036      0.338     -0.029     -0.038     -0.042
1218.5000     -3904.443    -3929.887       25.445   324.3      0.765      0.647      0.034     -0.134      0.313     -0.043
1218.7500     -3902.965    -3929.685       26.719   340.5      0.251      0.980      0.039      0.056      0.174     -0.061
1219.0000     -3902.467    -3929.138       26.671   339.9      0.715      0.704      0.259     -0.144     -0.192     -0.072
1219.2500     -3904.489    -3931.683       27.194   346.6      0.115      0.863      0.299      0.344     -0.121      0.058
1219.5000     -3905.991    -3933.108       27.117   345.6      0.393      0.722      0.106      0.163     -0.352     -0.134
1219.7500     -3906.530    -3932.391       25.861   329.6      0.798      1.173      0.040      0.069     -0.009     -0.141
1220.0000     -3905.223    -3931.777       26.554   338.4      1.135      0.939      0.429     -0.338     -0.008     -0.230
1220.2500     -3904.270    -3929.549       25.279   322.2      0.608      1.167      0.251     -0.062     -0.042     -0.012
1220.5000     -3903.222    -3930.221       26.999   344.1      0.993      0.848      0.450      0.072      0.079      0.155
1220.7500     -3902.564    -3928.929       26.365   336.0      0.472      0.285     -0.058     -0.084     -0.193      0.108
1221.0000     -3904.021    -3930.719       26.698   340.3      0.765      0.788      0.301      0.197     -0.241     -0.029
1221.2500     -3905.610    -3931.866       26.256   334.6      0.694      0.621      0.314     -0.513     -0.305     -0.035
1221.5000     -3906.835    -3931.576       24.741   315.3      0.748      0.796      0.434     -0.260     -0.598      0.121
1221.7500     -3906.994    -3933.022       26.028   331.7      0.826      1.153     -0.430      0.013     -0.134      0.051
1222.0000     -3908.002    -3933.719       25.718   327.8      1.010      1.091      0.300     -0.037      0.159      0.143
1222.2500     -3907.070    -3933.299       26.229   334.3      0.409      0.931      0.230     -0.164      0.011     -0.053
1222.5000     -3906.214    -3932.384       26.170   333.5      0.584      0.648      0.100     -0.018      0.263     -0.054
1222.7500     -3905.255    -3930.099       24.844   316.6      0.321      0.699      0.142     -0.013      0.173      0.046
1223.0000     -3906.448    -3932.102       25.654   327.0      0.474      0.637     -0.137      0.087     -0.016      0.053
1223.2500     -3906.076    -3930.599       24.523   312.6      0.865      0.762     -0.059      0.320     -0.150     -0.111
1223.5000     -3906.162    -3931.484       25.322   322.7      0.862      0.303     -0.636      0.143     -0.271      0.132
1223.7500     -3907.531    -3932.029       24.498   312.2      0.921      0.820      0.706      0.071      0.037      0.053
1224.0000     -3908.886    -3934.004       25.118   320.1      1.089      0.780      0.210     -0.282      0.187     -0.024
1224.2500     -3908.399    -3933.041       24.641   314.1      1.009      0.144      0.097      0.112      0.097      0.187
1224.5000     -3908.868    -3933.879       25.010   318.8      1.150      0.890      0.335     -0.080     -0.203      0.019
1224.7500     -3909.022    -3932.725       23.703   302.1      0.578      0.515     -0.432      0.006     -0.358      0.077
1225.0000     -3909.135    -3932.709       23.573   300.4      1.294      0.945      0.317      0.055     -0.065      0.038
1225.2500     -3907.246    -3932.642       25.396   323.7      0.667      0.659     -0.184     -0.095     -0.052     -0.067
1225.5000     -3907.343    -3932.428       25.085   319.7      0.734      0.933     -0.229     -0.423      0.142     -0.152
1225.7500     -3907.534    -3932.364       24.830   316.5      1.167      0.863     -0.189      0.056     -0.264     -0.142
1226.0000     -3907.298    -3932.419       25.121   320.2      0.397      0.585     -0.357      0.198     -0.080     -0.170
1226.2500     -3908.549    -3933.340       24.791   316.0      0.488      0.713      0.122      0.281     -0.585      0.016
1226.5000     -3904.901    -3930.762       25.861   329.6      0.019      0.306     -0.047      0.117     -0.102      0.276
1226.7500     -3904.763    -3931.412       26.649   339.6      0.852      0.662      0.185      0.068     -0.092      0.070
1227.0000     -3905.015    -3929.518       24.502   312.3      1.286      1.174      0.622      0.043      0.014     -0.229
1227.2500     -3904.814    -3931.398       26.584   338.8      0.873      1.159      0.099      0.049     -0.218      0.073
1227.5000     -3904.433    -3929.989       25.556   325.7      1.146      0.976      0.491      0.000     -0.156     -0.327
1227.7500     -3905.082    -3930.506       25.424   324.0      0.359      0.685      0.278     -0.054     -0.099     -0.097
1228.0000     -3903.063    -3930.488       27.425   349.5      0.737      0.872     -0.206     -0.064      0.149      0.063
1228.2500     -3904.801    -3931.393       26.591   338.9      0.850      1.165     -0.153      0.085     -0.146      0.086
1228.5000     -3905.407    -3930.062       24.655   314.2      0.753      0.956      0.350      0.085     -0.038     -0.051
1228.7500     -3905.564    -3931.889       26.325   335.5      0.678      1.640      0.716      0.176     -0.206      0.427
1229.0000     -3904.822    -3930.979       26.157   333.4      0.898      1.249      0.087      0.084      0.224      0.276
1229.2500     -3904.585    -3930.496       25.911   330.2      0.924      1.144      0.461      0.221      0.204      0.414
1229.5000     -3905.202    -3931.080       25.878   329.8      0.358      1.109      0.445      0.094      0.025      0.032
1229.7500     -3905.226    -3931.943       26.717   340.5      0.350      0.842      0.198     -0.054     -0.053      0.141
1230.0000     -3905.086    -3930.865       25.779   328.6      1.212      1.152      0.369      0.173     -0.188     -0.036
1230.2500     -3905.260    -3931.079       25.818   329.1      0.210      0.606     -0.634     -0.221      0.003      0.516
1230.5000     -3907.114    -3931.593       24.479   312.0      1.334      0.297      0.054     -0.044      0.352      0.087
1230.7500     -3906.204    -3931.944       25.740   328.1      0.588      0.753      0.445     -0.101      0.349      0.023
1231.0000     -3906.151    -3931.789       25.638   326.8      0.297      0.739     -0.072     -0.220      0.004      0.055
1231.2500     -3906.997    -3931.019       24.022   306.2      0.715      0.706      0.813      0.212     -0.308      0.057
1231.5000     -3905.817    -3930.197       24.380   310.7      0.878      0.930      0.906      0.170      0.179      0.183
1231.7500     -3907.295    -3931.931       24.636   314.0      0.311      0.831      0.695      0.255      0.065      0.147
1232.0000     -3906.850    -3932.715       25.865   329.7      0.836      0.671      0.190     -0.075     -0.243     -0.018
1232.2500     -3907.457    -3932.386       24.929   317.7      0.717      0.761      0.563      0.186     -0.086     -0.005
1232.5000     -3905.658    -3929.915       24.257   309.2      0.971      0.818      0.693     -0.096     -0.328     -0.094
1232.7500     -3905.286    -3930.051       24.765   315.6      0.297      0.310     -0.266      0.063      0.001     -0.103
1233.0000     -3904.569    -3930.476       25.907   330.2      0.616      0.706     -0.099      0.389      0.086     -0.053
1233.2500     -3905.461    -3931.118       25.657   327.0      0.681      0.836      0.630      0.055      0.222     -0.035
1233.5000     -3906.452    -3932.448       25.995   331.3      0.507      0.132     -0.818     -0.068      0.307     -0.039
1233.7500     -3906.613    -3932.753       26.140   333.2      1.264      0.871      0.152      0.064      0.011      0.231
1234.0000     -3904.929    -3930.967       26.038   331.9      1.217      0.648     -0.438     -0.169      0.313     -0.101
1234.2500     -3905.376    -3931.150       25.774   328.5      1.123      1.176     -0.464      0.054      0.184     -0.152
1234.5000     -3905.674    -3931.264       25.591   326.2      1.404      0.865      0.529     -0.260      0.295      0.004
1234.7500     -3904.382    -3930.960       26.578   338.7      0.212      0.634     -0.256      0.097     -0.066      0.162
1235.0000     -3902.815    -3931.247       28.431   362.4      0.436      1.114      0.013      0.056      0.160      0.031
1235.2500     -3904.952    -3930.460       25.508   325.1      0.709      0.877     -0.187     -0.286     -0.265      0.035
1235.5000     -3905.031    -3931.713       26.682   340.1      1.042      0.487     -0.127     -0.055      0.308     -0.005
1235.7500     -3905.888    -3929.754       23.867   304.2      0.759      1.036      0.288      0.192      0.089     -0.091
1236.0000     -3905.064    -3930.917       25.853   329.5      0.414      0.442     -0.350      0.139      0.124     -0.052
1236.2500     -3902.787    -3929.168       26.381   336.2      0.879      1.026      0.237      0.158      0.003      0.177
1236.5000     -3904.233    -3929.835       25.602   326.3      0.339      0.471     -0.058     -0.224      0.245     -0.077
1236.7500     -3903.128    -3929.548       26.420   336.7      0.486      1.094     -0.441     -0.229      0.000     -0.427
1237.0000     -3903.344    -3929.692       26.348   335.8      0.653      0.865      0.005     -0.158      0.232     -0.034
1237.2500     -3902.788    -3930.672       27.884   355.4      1.015      0.986     -0.347      0.289      0.267      0.097
1237.5000     -3905.394    -3931.773       26.379   336.2      0.555      0.930      0.752      0.313     -0.099      0.070
1237.7500     -3906.395    -3931.626       25.231   321.6      0.724      0.711      0.210      0.061     -0.125      0.236
1238.0000     -3907.575    -3930.906       23.331   297.4      0.784      0.636     -0.024     -0.108     -0.209     -0.090
1238.2500     -3905.494    -3930.828       25.334   322.9      0.830      0.817      0.299      0.020     -0.394      0.266
1238.5000     -3904.330    -3929.818       25.488   324.9     -0.023      0.510      0.282     -0.025     -0.244     -0.182
1238.7500     -3902.963    -3930.359       27.397   349.2      0.747      0.732      0.496     -0.149      0.466      0.212
1239.0000     -3904.661    -3930.195       25.533   325.4      0.686      0.968      0.219      0.127      0.101     -0.155
1239.2500     -3905.475    -3931.874       26.399   336.5      0.822      1.307      0.686      0.125     -0.069     -0.122
1239.5000     -3904.229    -3930.019       25.790   328.7      0.754      0.986      0.454      0.030      0.118      0.123
1239.7500     -3903.789    -3928.885       25.096   319.9      0.349      1.260      0.317     -0.109     -0.062      0.191
1240.0000     -3904.357    -3929.195       24.838   316.6      1.153      1.581      0.311     -0.196      0.009      0.084
1240.2500     -3905.329    -3929.971       24.642   314.1      1.114      1.481      0.646      0.107      0.486     -0.013
1240.5000     -3905.896    -3931.744       25.849   329.4      0.621      0.533     -0.440     -0.163      0.066     -0.068
1240.7500     -3904.699    -3930.984       26.286   335.0      0.828      1.086      0.743     -0.164      0.054     -0.001
1241.0000     -3905.664    -3931.726       26.063   332.2      0.328      1.007      0.324      0.144      0.150     -0.146
1241.2500     -3904.707    -3930.416       25.709   327.7      1.168      0.760      0.195      0.186     -0.128     -0.072
1241.5000     -3904.941    -3930.844       25.903   330.1      0.922      0.862      0.161     -0.272     -0.281      0.117
1241.7500     -3905.216    -3930.416       25.200   321.2      0.564      1.220      0.089     -0.111      0.261     -0.042
1242.0000     -3904.387    -3930.614       26.228   334.3      0.357      0.144      0.441      0.196      0.121      0.312
1242.2500     -3904.861    -3929.809       24.948   318.0      0.950      1.252      0.430      0.099     -0.161     -0.126
1242.5000     -3905.407    -3930.853       25.446   324.3      0.504      0.704      0.316      0.291     -0.238     -0.028
1242.7500     -3904.469    -3930.515       26.046   332.0      1.122      0.971      0.373     -0.054      0.062      0.187
1243.0000     -3905.356    -3930.914       25.558   325.7      1.093      1.370      0.350     -0.124      0.305     -0.066
1243.2500     -3904.770    -3930.859       26.088   332.5      0.551      1.001      0.077      0.066      0.111      0.031
1243.5000     -3903.745    -3930.619       26.874   342.5      0.728      0.461      0.239     -0.013     -0.463      0.170
1243.7500     -3904.034    -3930.245       26.211   334.1      1.246      1.403      0.696      0.230     -0.515      0.053
1244.0000     -3903.166    -3929.310       26.144   333.2      0.108      0.801     -0.338      0.146     -0.050     -0.330
1244.2500     -3904.515    -3930.197       25.682   327.3      1.036      1.147      0.741      0.089      0.054     -0.049
1244.5000     -3904.910    -3930.103       25.192   321.1      0.849      1.052      0.823     -0.153      0.011     -0.160
1244.7500     -3905.724    -3931.620       25.896   330.1      0.822      1.280      0.934      0.228     -0.213      0.139
1245.0000     -3907.441    -3932.100       24.659   314.3      1.042      0.845      0.487      0.190      0.049     -0.054
1245.2500     -3905.617    -3932.057       26.440   337.0      0.531      0.624     -0.073     -0.252     -0.032      0.089
1245.5000     -3906.441    -3932.387       25.946   330.7      0.998      1.134      0.038     -0.244      0.246      0.167
1245.7500     -3905.474    -3930.715       25.241   321.7      0.725      1.018      0.149      0.131      0.401     -0.040
1246.0000     -3904.312    -3931.311       26.998   344.1      0.826      0.460      0.370     -0.101      0.028      0.052
1246.2500     -3903.760    -3930.430       26.670   339.9      0.834      0.705      0.119     -0.079     -0.309      0.078
1246.5000     -3904.050    -3930.673       26.622   339.3      0.808      0.751     -0.118      0.043     -0.360      0.138
1246.7500     -3904.459    -3931.632       27.172   346.3      0.199      0.985      0.566      0.229      0.094     -0.056
1247.0000     -3905.831    -3932.150       26.318   335.4      0.459      1.014      0.124     -0.057     -0.178      0.074
1247.2500     -3906.840    -3931.938       25.098   319.9      0.936      0.182      0.148     -0.277     -0.308     -0.050
1247.5000     -3905.836    -3931.033       25.197   321.1      0.841      0.934      0.269     -0.163     -0.371     -0.139
1247.7500     -3906.320    -3931.891       25.571   325.9      0.755      0.738      0.400      0.272     -0.341     -0.053
1248.0000     -3906.173    -3932.153       25.980   331.1      0.091      0.760      0.603      0.431     -0.070      0.169
1248.2500     -3907.222    -3932.603       25.381   323.5      0.356      0.774     -0.304      0.122      0.130      0.034
1248.5000     -3905.428    -3932.803       27.375   348.9      0.821      0.529      0.654      0.179     -0.039      0.181
1248.7500     -3905.699    -3932.393       26.694   340.2      0.637      1.012      0.489     -0.016     -0.323     -0.087
1249.0000     -3905.812    -3930.792       24.980   318.4      0.184      0.482     -0.417     -0.155     -0.350      0.273
1249.2500     -3906.274    -3932.194       25.920   330.4      0.937      1.246      0.455     -0.044     -0.251     -0.175
1249.5000     -3905.002    -3931.306       26.304   335.3      0.608      0.463     -0.274      0.121     -0.051      0.093
1249.7500     -3906.370    -3932.531       26.161   333.4      0.936      0.217     -0.006      0.132     -0.213      0.039
1250.0000     -3905.207    -3931.727       26.521   338.0      1.212      1.679      0.756     -0.167     -0.190      0.048
1250.2500     -3904.180    -3930.565       26.385   336.3      0.656      0.445      0.413     -0.118     -0.343      0.192
1250.5000     -3904.337    -3931.076       26.739   340.8      0.541      0.500      0.689     -0.045      0.054      0.170
1250.7500     -3905.548    -3931.521       25.973   331.0      0.350      0.724      0.113     -0.077     -0.315      0.012
1251.0000     -3905.674    -3930.484       24.810   316.2      0.432      1.042      0.209      0.304      0.078     -0.226
1251.2500     -3907.369    -3932.055       24.686   314.6      0.428      1.001      0.420      0.012      0.080     -0.264
1251.5000     -3906.027    -3932.076       26.049   332.0      0.896      1.002      0.636      0.126      0.118     -0.022
1251.7500     -3905.734    -3931.993       26.258   334.7      1.095      0.934      0.360      0.060      0.067     -0.010
1252.0000     -3904.505    -3931.817       27.312   348.1      0.297      0.666      0.032     -0.096      0.083     -0.043
1252.2500     -3905.670    -3931.545       25.875   329.8      1.211      1.055      0.501      0.003      0.119     -0.048
1252.5000     -3904.911    -3930.543       25.631   326.7      0.997      1.064      0.245      0.220     -0.016      0.103
1252.7500     -3904.554    -3930.271       25.717   327.8      1.013      0.882      0.330      0.232     -0.011     -0.025
1253.0000     -3903.838    -3930.177       26.339   335.7      0.474      1.086     -0.216      0.144      0.012     -0.061
1253.2500     -3903.402    -3932.198       28.796   367.0      0.775      0.606     -0.144     -0.082     -0.035     -0.095
1253.5000     -3902.723    -3929.018       26.295   335.1      0.572      0.838      0.113      0.065      0.004      0.027
1253.7500     -3905.698    -3931.708       26.010   331.5      0.925      1.317      0.891     -0.017     -0.269      0.254
1254.0000     -3904.987    -3930.382       25.395   323.7      0.340      1.003      0.371      0.218      0.240     -0.075
1254.2500     -3906.466    -3930.985       24.519   312.5      1.631      1.117      0.644      0.236      0.263      0.060
1254.5000     -3905.344    -3932.069       26.725   340.6      0.734      0.873      0.041      0.083     -0.215     -0.028
1254.7500     -3905.019    -3931.136       26.117   332.9      0.816      1.021      0.749     -0.179     -0.203     -0.049
1255.0000     -3904.706    -3930.280       25.575   326.0      0.880      0.938      0.833      0.113     -0.270     -0.378
1255.2500     -3906.259    -3931.364       25.105   320.0      0.434      0.988      0.668      0.430     -0.110     -0.129
1255.5000     -3905.310    -3930.646       25.336   322.9      0.589      0.732      0.781      0.548     -0.353      0.095
1255.7500     -3905.367    -3931.553       26.186   333.8      0.564      0.943      0.268      0.528      0.307     -0.039
1256.0000     -3905.799    -3930.000       24.201   308.4      0.286      1.043     -0.423      0.324     -0.107     -0.251
1256.2500     -3904.528    -3930.118       25.590   326.2      1.588      0.977      1.155     -0.177     -0.205     -0.026
1256.5000     -3905.398    -3929.771       24.373   310.6      1.121      1.503      0.641     -0.250     -0.109      0.167
1256.7500     -3905.118    -3931.190       26.072   332.3      0.655      0.860      0.254     -0.152      0.159     -0.028
1257.0000     -3905.301    -3930.756       25.456   324.4      1.309      1.102      0.531      0.086      0.091      0.039
1257.2500     -3904.180    -3929.864       25.684   327.3      0.592      0.758     -0.279     -0.107     -0.156     -0.068
1257.5000     -3904.565    -3930.228       25.662   327.1      0.798      1.130      0.541     -0.412     -0.110     -0.156
1257.7500     -3905.518    -3931.739       26.221   334.2      0.456      0.506     -0.048     -0.386      0.326     -0.080
1258.0000     -3905.370    -3931.227       25.857   329.6      0.395      1.008      0.635     -0.153      0.231      0.015
1258.2500     -3905.693    -3931.385       25.692   327.4      0.722      0.647      0.347      0.010      0.431     -0.053
1258.5000     -3905.061    -3930.048       24.987   318.5      0.533      0.586      0.234      0.099     -0.001      0.072
1258.7500     -3904.811    -3929.931       25.121   320.2      1.025      0.668      0.462     -0.084      0.074      0.179
1259.0000     -3904.027    -3930.191       26.164   333.5      0.907      1.306      0.093      0.179      0.036     -0.006
1259.2500     -3905.796    -3929.936       24.139   307.7      1.221      1.204      0.163     -0.489      0.003      0.032
1259.5000     -3904.447    -3930.326       25.879   329.8      1.076      0.264      0.373     -0.068     -0.252     -0.112
1259.7500     -3905.451    -3930.788       25.337   322.9      0.651      0.606      0.446      0.282      0.247      0.076
1260.0000     -3903.842    -3929.448       25.606   326.4      0.790      0.636      0.617     -0.252     -0.032      0.252
1260.2500     -3903.849    -3931.323       27.474   350.2      0.485      0.523     -0.340     -0.481      0.065     -0.305
1260.5000     -3904.374    -3930.474       26.101   332.7      1.054      0.593      0.840      0.176      0.120     -0.080
1260.7500     -3906.920    -3932.423       25.502   325.0      0.572      1.117      0.646     -0.032      0.009     -0.035
1261.0000     -3905.372    -3931.865       26.492   337.6      0.970      1.165      0.187     -0.070     -0.178      0.199
1261.2500     -3905.398    -3930.650       25.251   321.8      1.231      0.959      0.478     -0.050     -0.276      0.196
1261.5000     -3906.147    -3932.074       25.927   330.4      0.504      0.471      0.251     -0.457      0.017      0.151
1261.7500     -3905.986    -3932.163       26.177   333.6      0.382      1.216     -0.332     -0.247      0.085     -0.196
1262.0000     -3905.123    -3931.273       26.150   333.3      1.188      0.826      0.748     -0.315      0.316     -0.060
1262.2500     -3905.316    -3931.271       25.955   330.8      0.843      0.385      0.215     -0.216      0.120      0.050
1262.5000     -3905.802    -3932.175       26.372   336.1      0.404      0.674     -0.226      0.017      0.026      0.045
1262.7500     -3905.890    -3930.881       24.991   318.5      1.058      0.535      0.003      0.101      0.065      0.010
1263.0000     -3906.694    -3932.055       25.361   323.2      0.275      0.630      0.124     -0.160     -0.304      0.039
1263.2500     -3904.497    -3931.569       27.072   345.0      0.678      0.292      0.190     -0.126     -0.173     -0.240
1263.5000     -3904.139    -3931.147       27.007   344.2      1.146      1.076      0.828     -0.055     -0.072     -0.085
1263.7500     -3905.550    -3931.110       25.560   325.8      0.681      0.848      0.301     -0.008     -0.003     -0.222
1264.0000     -3904.793    -3931.367       26.574   338.7      0.628      0.946      0.236      0.083      0.161     -0.087
1264.2500     -3904.851    -3930.291       25.440   324.2      0.381      1.034      0.196     -0.030      0.001      0.024
1264.5000     -3905.756    -3931.741       25.985   331.2      0.627      1.050      0.369     -0.145      0.104      0.181
1264.7500     -3905.304    -3929.999       24.695   314.7      0.804      1.101      0.592     -0.077     -0.435     -0.124
1265.0000     -3904.705    -3930.527       25.821   329.1      0.577      0.716      0.205      0.065     -0.110      0.107
1265.2500     -3905.352    -3930.662       25.310   322.6      1.135      0.867      0.553      0.040      0.009     -0.005
1265.5000     -3903.442    -3930.351       26.910   343.0      0.455      0.654     -0.333      0.500     -0.026      0.486
1265.7500     -3905.072    -3930.570       25.498   325.0      0.676      1.103      0.750      0.196     -0.226     -0.015
1266.0000     -3905.952    -3931.406       25.454   324.4      0.478      1.027     -0.169      0.156     -0.199     -0.244
1266.2500     -3907.478    -3932.763       25.285   322.3      0.613      0.528      0.075      0.127     -0.017      0.106
1266.5000     -3906.208    -3931.375       25.167   320.8      1.157      0.836      0.662      0.270     -0.008      0.065
1266.7500     -3905.728    -3931.733       26.006   331.4      0.915      0.710     -0.477      0.096      0.189     -0.070
1267.0000     -3906.282    -3931.886       25.605   326.3      0.981      0.984      0.271     -0.146     -0.268     -0.018
1267.2500     -3907.714    -3933.304       25.590   326.2      0.754      0.737      0.582      0.126     -0.147      0.021
1267.5000     -3907.277    -3932.604       25.328   322.8      0.850      0.799     -0.032      0.158      0.165      0.076
1267.7500     -3905.306    -3931.520       26.214   334.1      0.471      0.195     -0.067     -0.136      0.194     -0.249
1268.0000     -3904.556    -3931.428       26.872   342.5      1.163      0.865      0.179     -0.204      0.338     -0.377
1268.2500     -3905.601    -3932.421       26.820   341.8      1.195      0.889      0.747     -0.426      0.145      0.293
1268.5000     -3904.528    -3931.829       27.301   348.0      0.438      0.777     -0.424     -0.013      0.006     -0.250
1268.7500     -3906.279    -3931.784       25.506   325.1      0.810      1.180      0.304      0.030      0.160     -0.157
1269.0000     -3904.350    -3931.126       26.776   341.3      0.876      0.833      0.411      0.377      0.110     -0.193
1269.2500     -3903.182    -3930.861       27.680   352.8      0.164      0.527     -0.575      0.034      0.097      0.335
1269.5000     -3904.858    -3931.689       26.831   342.0      1.020      1.057      0.743     -0.001     -0.060     -0.123
1269.7500     -3905.711    -3930.912       25.201   321.2      0.596      0.944      0.206      0.063     -0.206      0.095
1270.0000     -3906.506    -3932.471       25.966   330.9      0.902      0.598     -0.100     -0.117     -0.019      0.203
1270.2500     -3905.752    -3931.517       25.765   328.4      0.663      1.369      0.520     -0.137     -0.146     -0.434
1270.5000     -3906.858    -3933.562       26.703   340.3      0.340      0.715      0.230     -0.112      0.054     -0.056
1270.7500     -3906.623    -3931.420       24.797   316.0      0.746      1.415      0.580     -0.263      0.174     -0.095
1271.0000     -3906.255    -3931.950       25.696   327.5      0.349      0.756      0.062      0.045      0.194      0.200
1271.2500     -3905.893    -3932.560       26.666   339.9      0.527      1.049      0.147     -0.303      0.139     -0.174
1271.5000     -3905.656    -3932.004       26.348   335.8      0.626      0.626      0.412      0.028     -0.125     -0.210
1271.7500     -3905.813    -3931.796       25.983   331.2      0.225      0.577     -0.293      0.041     -0.149      0.013
1272.0000     -3906.674    -3931.945       25.271   322.1      0.194      1.010     -0.262     -0.186      0.181      0.098
1272.2500     -3906.131    -3931.549       25.418   324.0      0.744      0.561     -0.382     -0.082     -0.101     -0.197
1272.5000     -3906.422    -3932.155       25.733   328.0      0.434      0.609     -0.290      0.036      0.137      0.101
1272.7500     -3907.017    -3932.870       25.853   329.5      0.770      0.847      0.848      0.173     -0.179     -0.223
1273.0000     -3904.921    -3931.124       26.202   334.0      0.649      0.934      0.072     -0.001     -0.054     -0.103
1273.2500     -3906.684    -3931.765       25.081   319.7      0.404      0.541      0.115      0.217     -0.057     -0.143
1273.5000     -3907.947    -3933.075       25.128   320.3      0.594      0.703      0.122      0.071      0.212     -0.008
1273.7500     -3906.279    -3930.969       24.689   314.7      0.584      0.923      0.432     -0.230      0.148      0.179
1274.0000     -3906.608    -3931.391       24.783   315.9      0.144      0.700     -0.042      0.126      0.186      0.079
1274.2500     -3906.518    -3932.668       26.151   333.3      0.602      0.933      0.188      0.090      0.132     -0.274
1274.5000     -3905.954    -3932.012       26.058   332.1      0.746      0.325      0.066      0.148      0.009      0.097
1274.7500     -3905.821    -3932.091       26.270   334.8      1.015      0.766     -0.361     -0.185      0.305      0.153
1275.0000     -3906.013    -3932.835       26.823   341.9      1.182      0.749      0.361      0.174      0.499     -0.054
1275.2500     -3904.625    -3931.683       27.057   344.9      1.198      0.964      0.151     -0.119      0.238      0.025
1275.5000     -3904.768    -3931.261       26.494   337.7      0.799      0.691      0.154      0.061     -0.094      0.282
1275.7500     -3905.349    -3931.666       26.317   335.4      0.934      0.941      0.677      0.004     -0.087     -0.092
1276.0000     -3907.336    -3931.841       24.504   312.3      0.859      0.827      0.082      0.136     -0.194     -0.265
1276.2500     -3906.415    -3931.249       24.834   316.5      0.661      1.617      0.431      0.152      0.017     -0.119
1276.5000     -3907.198    -3932.525       25.327   322.8      1.111      0.741      0.226     -0.012     -0.021      0.303
1276.7500     -3906.268    -3931.015       24.747   315.4      0.924      0.840      0.262      0.043      0.039      0.307
1277.0000     -3907.648    -3932.945       25.296   322.4      0.034      0.995     -0.311     -0.062     -0.076     -0.244
1277.2500     -3907.385    -3932.339       24.954   318.0      0.634      0.631      0.010      0.103     -0.027      0.162
1277.5000     -3907.112    -3933.056       25.945   330.7      0.481      0.309      0.196      0.313     -0.159     -0.156
1277.7500     -3906.088    -3931.885       25.797   328.8      0.569      1.019      0.432      0.253     -0.115      0.062
1278.0000     -3905.404    -3930.998       25.594   326.2      0.967      1.033      0.622      0.260     -0.100     -0.195
1278.2500     -3906.750    -3931.451       24.700   314.8      0.546      0.773      0.294     -0.254      0.241      0.092
1278.5000     -3906.641    -3933.048       26.407   336.6      0.581      0.709      0.126      0.049     -0.276      0.303
1278.7500     -3908.615    -3932.597       23.983   305.7      0.496      1.286      0.873     -0.269     -0.222     -0.020
1279.0000     -3908.026    -3932.908       24.882   317.1      1.052      0.815     -0.253     -0.079     -0.421     -0.060
1279.2500     -3905.981    -3931.222       25.242   321.7      0.641      0.790     -0.099      0.219     -0.259     -0.012
1279.5000     -3905.774    -3932.279       26.505   337.8      1.021      0.678      0.860     -0.179     -0.269     -0.071
1279.7500     -3908.177    -3931.959       23.782   303.1      0.508      0.786      0.824     -0.051      0.231      0.162
1280.0000     -3909.310    -3934.142       24.832   316.5      0.760      0.943      0.239      0.229      0.355     -0.020
1280.2500     -3907.862    -3933.709       25.847   329.4      0.387      0.557     -0.265      0.120      0.409     -0.249
1280.5000     -3907.787    -3932.969       25.182   321.0      0.588      0.745     -0.042      0.207     -0.098     -0.183
1280.7500     -3907.541    -3931.637       24.096   307.1      1.227      1.237      1.347      0.375     -0.082      0.048
1281.0000     -3907.332    -3931.469       24.137   307.6      0.706      1.031     -0.008     -0.229     -0.326     -0.045
1281.2500     -3906.929    -3932.591       25.663   327.1      1.027      0.819      0.603      0.077     -0.212      0.085
1281.5000     -3907.351    -3932.129       24.778   315.8      0.327      0.340      0.391     -0.222     -0.003     -0.132
1281.7500     -3906.402    -3932.495       26.094   332.6      0.370      0.894     -0.005      0.023      0.176     -0.022
1282.0000     -3907.460    -3932.704       25.244   321.7      0.182      0.272      0.467      0.100     -0.479     -0.218
1282.2500     -3907.802    -3933.064       25.262   322.0      0.968      0.389     -0.079      0.101     -0.143     -0.041
1282.5000     -3906.503    -3932.266       25.763   328.3      1.041      1.198      0.471      0.187     -0.302     -0.211
1282.7500     -3907.366    -3932.585       25.218   321.4      0.714      1.229      0.749     -0.075      0.163     -0.298
1283.0000     -3905.832    -3930.249       24.418   311.2      0.751      0.891      0.460      0.014     -0.135     -0.144
1283.2500     -3904.744    -3931.686       26.941   343.4      0.720      0.754      0.240      0.024      0.115      0.029
1283.5000     -3905.147    -3932.146       26.999   344.1      0.952      0.787      0.850      0.108     -0.192      0.098
1283.7500     -3907.924    -3933.055       25.131   320.3      0.866      0.987      0.372      0.161      0.139      0.214
1284.0000     -3908.259    -3932.858       24.599   313.5      0.394      1.016      0.276     -0.102      0.204      0.147
1284.2500     -3906.163    -3932.191       26.028   331.7      0.898      0.314      0.205     -0.294      0.256     -0.253
1284.5000     -3905.975    -3931.194       25.218   321.4      0.475      0.798     -0.028      0.033      0.062      0.201
1284.7500     -3908.098    -3934.060       25.961   330.9      0.976      1.129      0.637      0.231     -0.143      0.080
1285.0000     -3908.132    -3933.444       25.313   322.6      0.764      0.680      0.120      0.068     -0.249      0.061
1285.2500     -3907.445    -3933.201       25.756   328.3      0.554      0.625      0.033      0.134     -0.132      0.308
1285.5000     -3905.880    -3930.672       24.793   316.0      0.358      0.323     -0.176      0.094      0.069      0.442
1285.7500     -3904.396    -3930.955       26.559   338.5      0.724      0.867      0.373      0.137     -0.106     -0.046
1286.0000     -3904.294    -3930.500       26.205   334.0      0.069      0.452      0.383     -0.026      0.026     -0.007
1286.2500     -3906.572    -3931.044       24.473   311.9      1.084      0.798     -0.093     -0.134     -0.008     -0.139
1286.5000     -3905.139    -3931.313       26.175   333.6      1.201      0.990      0.585      0.189     -0.020      0.301
1286.7500     -3907.243    -3932.264       25.021   318.9      0.588      1.122      0.426     -0.163      0.416      0.205
1287.0000     -3906.401    -3931.685       25.284   322.2      1.272      0.800     -0.116     -0.063     -0.203      0.002
1287.2500     -3907.260    -3932.452       25.192   321.1      1.176      0.789      0.113     -0.065     -0.011     -0.052
1287.5000     -3906.122    -3931.981       25.859   329.6      0.972      0.840     -0.044     -0.002     -0.020     -0.104
1287.7500     -3907.460    -3933.329       25.869   329.7      0.978      0.126      0.353      0.157      0.164     -0.037
1288.0000     -3907.836    -3933.442       25.606   326.4      1.027      0.794      0.313     -0.096      0.328     -0.193
1288.2500     -3908.978    -3932.761       23.783   303.1      0.647      0.663      0.497      0.026     -0.154     -0.083
1288.5000     -3906.495    -3931.594       25.099   319.9      0.987      1.312      0.938     -0.030      0.189     -0.169
1288.7500     -3904.939    -3931.203       26.264   334.7      1.242      0.895     -0.097      0.090      0.196     -0.016
1289.0000     -3904.019    -3930.079       26.060   332.1      0.951      0.728      0.032      0.119      0.028     -0.199
1289.2500     -3905.337    -3931.413       26.076   332.3      1.004      0.905      0.297      0.157      0.105     -0.064
1289.5000     -3905.345    -3931.227       25.882   329.9      1.222      0.588      0.406     -0.084      0.091      0.258
1289.7500     -3904.510    -3931.281       26.771   341.2      0.898      0.731      0.304      0.026      0.176     -0.030
1290.0000     -3905.568    -3932.077       26.509   337.9      0.685      0.727     -0.153      0.037     -0.179      0.256
1290.2500     -3905.864    -3932.064       26.200   333.9      0.523      0.743      0.320      0.243     -0.153     -0.066
1290.5000     -3904.474    -3930.027       25.553   325.7      1.099      0.382      0.474      0.265     -0.160     -0.195
1290.7500     -3906.085    -3931.281       25.197   321.1      0.498      0.367     -0.116     -0.311     -0.130      0.052
1291.0000     -3904.831    -3932.151       27.320   348.2      0.897      0.771      0.613      0.223     -0.223      0.003
1291.2500     -3905.357    -3931.010       25.653   326.9      0.754      1.069      0.056     -0.093      0.350     -0.029
1291.5000     -3905.466    -3931.939       26.473   337.4      0.569      0.576      0.527      0.208     -0.075     -0.109
1291.7500     -3905.354    -3931.256       25.902   330.1      0.735      0.853      0.702      0.158      0.289     -0.076
1292.0000     -3906.874    -3932.058       25.185   321.0      0.186      0.936      0.189      0.458      0.095      0.207
1292.2500     -3907.969    -3932.354       24.385   310.8      1.327      1.130      0.963      0.077      0.216     -0.043
1292.5000     -3907.673    -3931.979       24.305   309.8      0.374      1.149      0.417     -0.016     -0.242      0.173
1292.7500     -3907.474    -3933.103       25.630   326.7      0.365      1.473      0.346     -0.144     -0.536      0.053
1293.0000     -3908.311    -3932.430       24.119   307.4      0.649      0.510      0.487     -0.133      0.106      0.009
1293.2500     -3906.335    -3931.548       25.213   321.3      1.248      1.049      0.589     -0.058      0.379     -0.164
1293.5000     -3903.227    -3929.920       26.693   340.2      0.765      1.428      0.827     -0.021      0.388      0.145
1293.7500     -3905.911    -3930.284       24.373   310.6      0.848      0.774      0.260      0.003     -0.246     -0.025
1294.0000     -3905.166    -3931.676       26.510   337.9      0.768      1.074      0.359      0.051      0.066     -0.040
1294.2500     -3905.554    -3931.265       25.710   327.7      0.907      1.043      0.558     -0.028      0.133      0.009
1294.5000     -3905.421    -3931.702       26.281   335.0      1.110      0.595     -0.328     -0.377      0.171     -0.280
1294.7500     -3903.581    -3929.683       26.102   332.7      0.873      1.213     -0.212      0.058      0.178     -0.310
1295.0000     -3904.305    -3932.169       27.864   355.1      1.252      1.055      0.537      0.307     -0.044     -0.095
1295.2500     -3905.079    -3931.834       26.755   341.0      0.216      0.590     -0.173     -0.252     -0.139     -0.024
1295.5000     -3905.386    -3931.810       26.424   336.8      0.550      0.935      0.373     -0.372     -0.267      0.058
1295.7500     -3905.156    -3930.673       25.517   325.2      0.605      0.295     -0.318     -0.109      0.090      0.051
1296.0000     -3903.906    -3931.565       27.659   352.5      1.160      0.893      0.289      0.059     -0.092      0.073
1296.2500     -3904.826    -3929.714       24.888   317.2      0.769      0.828      0.792      0.186      0.178      0.191
1296.5000     -3903.863    -3930.627       26.764   341.1      0.475      0.346     -0.204      0.056     -0.014      0.144
1296.7500     -3906.183    -3931.927       25.744   328.1      1.025      0.937      0.626     -0.047      0.012      0.007
1297.0000     -3905.183    -3932.664       27.480   350.2      0.703      1.019     -0.014      0.129     -0.242      0.029
1297.2500     -3906.454    -3932.572       26.118   332.9      0.432      0.629     -0.179     -0.117      0.302     -0.215
1297.5000     -3904.428    -3930.203       25.775   328.5      0.677      1.038      0.624     -0.143      0.143      0.073
1297.7500     -3903.390    -3930.073       26.683   340.1      1.184      0.263      0.955     -0.156     -0.025      0.051
1298.0000     -3904.248    -3930.455       26.206   334.0      0.560      1.277      0.642     -0.037      0.666      0.079
1298.2500     -3904.817    -3929.995       25.178   320.9      0.500      0.606      0.014     -0.087      0.262      0.093
1298.5000     -3905.082    -3930.378       25.296   322.4      0.217      0.481      0.542     -0.192      0.314      0.008
1298.7500     -3906.726    -3931.410       24.684   314.6      1.029      0.725      0.657     -0.042      0.265     -0.073
1299.0000     -3906.588    -3932.298       25.710   327.7      0.349      1.092      0.466      0.096      0.125     -0.119
1299.2500     -3906.333    -3931.537       25.204   321.2      0.821      0.860      0.567      0.323      0.187      0.219
1299.5000     -3905.723    -3931.175       25.452   324.4      1.198      1.320      0.795      0.019      0.091     -0.129
1299.7500     -3906.607    -3931.130       24.523   312.6      1.165      1.078     -0.033      0.080     -0.146      0.055
1300.0000     -3905.524    -3930.969       25.445   324.3      0.532      0.835      0.209      0.011      0.279     -0.193
1300.2500     -3904.321    -3931.425       27.104   345.4      0.948      1.257      0.798      0.303      0.179      0.006
1300.5000     -3904.682    -3930.213       25.531   325.4      0.302      0.428      0.357      0.270      0.102     -0.143
1300.7500     -3906.071    -3929.964       23.893   304.5      0.939      1.170      0.450      0.007      0.176      0.295
1301.0000     -3905.674    -3930.072       24.398   311.0      0.960      0.684      0.744      0.050      0.402      0.149
1301.2500     -3902.644    -3929.645       27.002   344.1      0.586      0.877      0.261      0.078     -0.007     -0.068
1301.5000     -3904.319    -3929.795       25.476   324.7      1.028      1.075      0.223     -0.087     -0.048      0.332
1301.7500     -3905.329    -3931.966       26.637   339.5      1.146      1.473      0.195      0.122     -0.087      0.119
1302.0000     -3904.449    -3930.596       26.146   333.2      0.586      0.461     -0.058      0.032     -0.129     -0.115
1302.2500     -3903.396    -3930.128       26.732   340.7      1.075      0.465      0.119      0.110      0.008     -0.244
1302.5000     -3903.172    -3929.046       25.874   329.8      1.010      0.899      0.596      0.211     -0.249      0.188
1302.7500     -3902.991    -3930.125       27.134   345.8      0.834      0.974      0.282     -0.206     -0.256     -0.085
1303.0000     -3904.562    -3930.909       26.347   335.8      0.763      1.177      0.646     -0.464      0.043     -0.015
1303.2500     -3904.149    -3930.805       26.655   339.7      0.888      0.762      0.985     -0.114      0.462      0.274
1303.5000     -3904.231    -3929.873       25.642   326.8      0.804      1.248      0.924      0.151      0.325      0.063
1303.7500     -3906.608    -3932.213       25.605   326.3      0.923      0.880      0.065     -0.085      0.076     -0.225
1304.0000     -3905.538    -3931.504       25.966   330.9      1.288      1.011      0.595     -0.367      0.414     -0.191
1304.2500     -3904.878    -3930.123       25.244   321.7      0.905      1.078      0.976     -0.226      0.196     -0.149
1304.5000     -3905.425    -3932.711       27.287   347.8      0.612      0.468     -0.059     -0.124     -0.139      0.086
1304.7500     -3905.540    -3930.775       25.235   321.6      0.578      0.817      0.887      0.046     -0.273      0.093
1305.0000     -3904.540    -3929.837       25.297   322.4      0.644      0.841     -0.031      0.066     -0.292     -0.155
1305.2500     -3905.068    -3931.395       26.326   335.5      0.909      0.871     -0.194     -0.080      0.050      0.318
1305.5000     -3904.720    -3929.869       25.148   320.5      0.428      0.789      0.511     -0.295     -0.177     -0.266
1305.7500     -3906.058    -3931.427       25.369   323.3      0.532      0.483      0.147     -0.042      0.249     -0.295
1306.0000     -3907.083    -3932.119       25.036   319.1      0.777      1.306      0.562     -0.056      0.145      0.000
1306.2500     -3905.685    -3931.051       25.366   323.3      0.720      0.942      0.517     -0.002     -0.120      0.135
1306.5000     -3906.727    -3931.777       25.050   319.3      0.776      0.575     -0.085      0.283     -0.017      0.048
1306.7500     -3905.939    -3932.010       26.071   332.3      0.326      0.769     -0.155      0.424      0.132      0.087
1307.0000     -3907.030    -3932.983       25.954   330.8      1.050      0.761      0.453     -0.007     -0.130     -0.043
1307.2500     -3908.247    -3932.577       24.329   310.1      0.484      0.711      0.687      0.269      0.067      0.118
1307.5000     -3905.995    -3931.851       25.856   329.5      0.327      0.610      0.382     -0.070     -0.053     -0.043
1307.7500     -3905.401    -3930.526       25.125   320.2      0.584      0.760     -0.132     -0.424     -0.238      0.104
1308.0000     -3904.572    -3932.754       28.183   359.2      0.611      0.780      0.557      0.005      0.115     -0.325
1308.2500     -3905.647    -3931.376       25.729   327.9      0.501      0.328      0.522     -0.072     -0.038     -0.062
1308.5000     -3906.728    -3931.128       24.400   311.0      1.191      1.128      0.477     -0.021      0.527      0.088
1308.7500     -3905.386    -3932.346       26.960   343.6      0.420      0.662      0.093      0.390     -0.078     -0.193
1309.0000     -3906.553    -3931.840       25.287   322.3      0.561      0.602      0.432     -0.042      0.010     -0.104
1309.2500     -3907.291    -3931.396       24.104   307.2      0.875      0.817      0.281     -0.206     -0.133     -0.315
1309.5000     -3908.035    -3933.459       25.425   324.0      0.732      0.978      0.107     -0.171     -0.182      0.120
1309.7500     -3907.632    -3932.863       25.231   321.6      0.834      0.846      0.352     -0.334      0.040     -0.130
1310.0000     -3907.505    -3932.117       24.612   313.7      0.587      1.009      0.310      0.113      0.091      0.070
1310.2500     -3907.691    -3932.683       24.992   318.5      0.794      0.802      0.578     -0.070     -0.265     -0.161
1310.5000     -3906.738    -3932.366       25.628   326.6      0.391      0.609      0.223     -0.073     -0.232     -0.207
1310.7500     -3905.579    -3930.363       24.784   315.9      1.142      1.128      0.675     -0.305     -0.249      0.240
1311.0000     -3905.486    -3931.549       26.063   332.2      0.837      0.620      0.449     -0.284     -0.221     -0.045
1311.2500     -3906.934    -3931.788       24.854   316.8      1.282      0.734      0.442     -0.149     -0.190      0.302
1311.5000     -3906.304    -3930.984       24.681   314.6      1.149      0.729      0.301      0.073      0.103     -0.074
1311.7500     -3904.158    -3931.508       27.350   348.6      0.985      0.472     -0.697     -0.168     -0.165      0.088
1312.0000     -3906.139    -3931.599       25.460   324.5      0.836      0.836      0.073      0.201     -0.066     -0.068
1312.2500     -3906.795    -3931.815       25.020   318.9      0.699      0.855      0.679      0.012      0.095      0.073
1312.5000     -3906.579    -3932.547       25.968   331.0      0.874      1.279     -0.246     -0.165     -0.598     -0.133
1312.7500     -3905.751    -3931.340       25.589   326.1      0.743      0.364      0.391     -0.016     -0.504     -0.173
1313.0000     -3905.490    -3931.509       26.019   331.6      0.757     -0.151     -0.194     -0.114     -0.381      0.101
1313.2500     -3906.500    -3931.688       25.188   321.0      0.555      0.870      0.194     -0.363     -0.327     -0.148
1313.5000     -3905.852    -3931.468       25.616   326.5      0.902      1.044     -0.128     -0.188      0.045      0.225
1313.7500     -3904.840    -3930.281       25.440   324.2      1.328      1.114      0.676     -0.336     -0.260      0.111
1314.0000     -3905.096    -3932.303       27.207   346.8      0.955      0.691      0.634     -0.194      0.084     -0.095
1314.2500     -3903.067    -3930.125       27.058   344.9      1.196      1.109      0.536     -0.268      0.011      0.323
1314.5000     -3903.627    -3930.284       26.656   339.7      0.738      0.870      0.692      0.001      0.134     -0.151
1314.7500     -3903.942    -3930.436       26.494   337.7      1.160      0.398     -0.006      0.266      0.283      0.016
1315.0000     -3904.901    -3930.147       25.247   321.8      1.408      0.742      1.211      0.079      0.233      0.104
1315.2500     -3904.583    -3930.186       25.602   326.3      0.598      0.609      0.232     -0.007     -0.043     -0.029
1315.5000     -3905.313    -3930.917       25.604   326.3      0.757      0.629      0.144     -0.192     -0.063      0.110
1315.7500     -3905.581    -3931.543       25.962   330.9      1.060      0.791      0.084      0.299      0.052      0.104
1316.0000     -3906.325    -3931.880       25.555   325.7      0.343      0.233     -0.603      0.364     -0.321     -0.031
1316.2500     -3905.387    -3930.848       25.461   324.5      0.859      1.039      0.610     -0.102      0.035     -0.121
1316.5000     -3905.051    -3931.036       25.985   331.2      0.895      0.874      0.593     -0.160      0.168     -0.024
1316.7500     -3905.505    -3931.322       25.817   329.0      1.285      0.742      1.195      0.145      0.084      0.268
1317.0000     -3906.198    -3931.992       25.794   328.8      0.378      0.779     -0.412      0.205      0.008      0.083
1317.2500     -3905.255    -3932.389       27.134   345.8      0.898      0.405      0.174     -0.059     -0.071      0.133
1317.5000     -3904.737    -3931.097       26.360   336.0      1.173      1.017      0.227     -0.237     -0.041     -0.021
1317.7500     -3904.231    -3929.906       25.675   327.2      0.577      0.458      0.255     -0.246      0.247     -0.104
1318.0000     -3903.067    -3929.777       26.710   340.4      0.629      0.408      0.011     -0.380      0.334      0.367
1318.2500     -3903.294    -3930.139       26.845   342.1      0.258      0.148      0.468      0.243     -0.265     -0.109
1318.5000     -3902.545    -3929.387       26.842   342.1      0.214      0.792      0.122      0.130     -0.181      0.005
1318.7500     -3904.408    -3929.954       25.546   325.6      1.313      1.323      0.625     -0.208     -0.101      0.096
1319.0000     -3904.352    -3931.182       26.830   342.0      1.075      0.413      0.347     -0.174      0.193     -0.076
1319.2500     -3903.622    -3929.810       26.188   333.8      1.018      1.155      0.244      0.041      0.086     -0.042
1319.5000     -3904.211    -3930.398       26.187   333.8      1.247      1.047      0.190      0.213      0.145     -0.153
1319.7500     -3905.047    -3931.006       25.959   330.9      0.996      0.819      0.299      0.175     -0.179      0.208
1320.0000     -3904.918    -3930.946       26.027   331.7      1.116      0.812      0.823     -0.196      0.107     -0.135
1320.2500     -3905.236    -3931.538       26.302   335.2      0.717      0.337     -0.037     -0.028     -0.233     -0.008
1320.5000     -3905.237    -3930.699       25.462   324.5      0.566      0.482      0.091     -0.377      0.144     -0.092
1320.7500     -3906.379    -3931.581       25.201   321.2      1.179      1.427      0.594     -0.108     -0.069     -0.129
1321.0000     -3905.962    -3931.355       25.393   323.6      0.491      0.783      0.507      0.042      0.083      0.179
1321.2500     -3904.933    -3931.807       26.874   342.5      0.677      1.408      0.702      0.084      0.223      0.058
1321.5000     -3906.067    -3931.295       25.228   321.5      0.684      0.766      0.167     -0.422      0.464     -0.259
1321.7500     -3906.577    -3932.177       25.600   326.3      0.459      0.268      0.012     -0.369      0.083     -0.003
1322.0000     -3904.561    -3931.108       26.547   338.4      0.965      0.711     -0.033     -0.412     -0.102     -0.107
1322.2500     -3905.183    -3932.121       26.938   343.3      0.847      0.655     -0.147      0.072     -0.209      0.011
1322.5000     -3904.873    -3931.171       26.298   335.2      0.971      0.983      0.208     -0.273     -0.241      0.227
1322.7500     -3906.931    -3931.518       24.587   313.4      0.663      0.555     -0.064      0.212      0.146      0.073
1323.0000     -3904.651    -3930.727       26.076   332.3      0.849      0.601      0.347     -0.111     -0.175     -0.007
1323.2500     -3903.595    -3929.404       25.810   329.0      0.974      0.969      0.419      0.060     -0.209      0.252
1323.5000     -3903.846    -3930.171       26.325   335.5      1.074      1.256      0.367     -0.333     -0.122     -0.004
1323.7500     -3905.951    -3931.860       25.908   330.2      1.455      0.670      0.427      0.043      0.047     -0.010
1324.0000     -3906.062    -3930.378       24.316   309.9      1.132      0.825      0.308      0.157      0.154     -0.196
1324.2500     -3906.161    -3930.949       24.788   315.9      0.437      0.497      0.243      0.258     -0.233     -0.113
1324.5000     -3906.155    -3932.531       26.376   336.2      1.304      0.752      0.564     -0.386     -0.298      0.062
1324.7500     -3905.421    -3930.124       24.703   314.8      0.410      0.930      0.200      0.016      0.082      0.032
1325.0000     -3905.779    -3930.681       24.902   317.4      0.526      0.529      0.108      0.034     -0.100     -0.057
1325.2500     -3906.326    -3931.231       24.905   317.4      0.766      0.733      0.156     -0.009     -0.076      0.099
1325.5000     -3903.581    -3928.762       25.181   320.9      1.249      1.094      0.529      0.155      0.304     -0.223
1325.7500     -3904.770    -3932.317       27.547   351.1      1.178      0.809      0.321      0.272      0.116      0.079
1326.0000     -3906.867    -3931.146       24.279   309.4      1.248      1.242      0.467      0.031     -0.067     -0.136
1326.2500     -3907.369    -3932.162       24.793   316.0      0.812      0.679      0.725     -0.116      0.045     -0.201
1326.5000     -3904.280    -3930.746       26.467   337.3      0.881      0.344      0.423      0.125      0.248     -0.093
1326.7500     -3905.594    -3932.069       26.475   337.4      1.732      0.977      0.966      0.137      0.207      0.134
1327.0000     -3905.133    -3930.754       25.621   326.5      0.566      1.392      0.152      0.085     -0.031      0.346
1327.2500     -3904.075    -3931.275       27.201   346.7      0.949      0.939      0.372      0.130     -0.485     -0.262
1327.5000     -3904.595    -3930.437       25.842   329.4      0.640      0.715      0.294     -0.028     -0.155     -0.212
1327.7500     -3905.482    -3931.341       25.858   329.6      0.848      0.513     -0.170      0.041     -0.109     -0.064
1328.0000     -3903.997    -3930.024       26.027   331.7      1.381      0.918      0.061     -0.043      0.123     -0.159
1328.2500     -3905.590    -3930.841       25.251   321.8      0.147      0.603     -0.119     -0.111     -0.308      0.037
1328.5000     -3906.590    -3930.775       24.185   308.2      1.137      0.664      0.161      0.043     -0.170      0.002
1328.7500     -3906.946    -3931.237       24.291   309.6      1.254      0.944     -0.128     -0.074     -0.139     -0.009
1329.0000     -3904.953    -3931.351       26.399   336.5      0.943      0.835      0.377      0.038     -0.121     -0.023
1329.2500     -3905.239    -3930.343       25.104   320.0      0.870      0.966      0.848     -0.148     -0.342      0.056
1329.5000     -3903.671    -3928.808       25.137   320.4      0.783      0.774      0.743     -0.205     -0.242      0.123
1329.7500     -3905.326    -3931.281       25.954   330.8      0.763      1.233      0.729     -0.030     -0.252     -0.156
1330.0000     -3904.309    -3932.057       27.748   353.7      1.061      0.989      0.489      0.401     -0.327     -0.059
1330.2500     -3905.399    -3930.480       25.081   319.7      0.811      0.990      0.618     -0.153     -0.041     -0.126
1330.5000     -3904.076    -3929.451       25.375   323.4      0.732      1.033      0.472     -0.049      0.175      0.047
1330.7500     -3903.427    -3929.773       26.345   335.8      0.621      1.047     -0.066     -0.107      0.308     -0.099
1331.0000     -3903.623    -3930.174       26.551   338.4      1.336      1.039      0.624      0.077      0.059     -0.150
1331.2500     -3904.620    -3929.808       25.188   321.0      0.455      0.632     -0.269     -0.119     -0.320     -0.114
1331.5000     -3903.901    -3930.049       26.148   333.3      1.027      0.733      0.572     -0.073     -0.093      0.046
1331.7500     -3903.823    -3929.461       25.638   326.8      1.040      1.030      0.645      0.032     -0.261      0.048
1332.0000     -3904.043    -3929.923       25.881   329.9      0.404      0.835      0.086     -0.063     -0.106      0.109
1332.2500     -3905.970    -3930.954       24.983   318.4      0.763      1.292      0.873     -0.113     -0.154      0.188
1332.5000     -3906.071    -3932.037       25.966   330.9      0.396      0.906      0.384      0.279      0.040     -0.173
1332.7500     -3904.242    -3929.285       25.043   319.2      0.843      0.494     -0.074      0.001      0.125     -0.211
1333.0000     -3904.624    -3929.645       25.021   318.9      0.362      0.927      0.514      0.001      0.229      0.106
1333.2500     -3906.336    -3930.629       24.294   309.6      0.937      0.592      0.563      0.098      0.123     -0.170
1333.5000     -3905.383    -3930.670       25.287   322.3      0.705      0.552      0.274     -0.133      0.156      0.056
1333.7500     -3904.608    -3930.911       26.303   335.2      0.802      1.182      0.569      0.089     -0.139     -0.161
1334.0000     -3904.634    -3929.323       24.688   314.7      0.620      1.100      0.491     -0.113     -0.207      0.112
1334.2500     -3904.532    -3929.976       25.444   324.3      0.968      0.851      0.512     -0.200      0.212     -0.014
