Time[ps]      Etot[eV]     Epot[eV]     Ekin[eV]    T[K]      ---------------------- stress [GPa] -----------------------
0.0000        -1003.522    -1015.900       12.378   496.2      1.158      0.229      0.515     -0.616     -0.215      0.177
0.2000        -1002.886    -1012.826        9.940   398.5      0.595      0.916      1.512     -0.300      0.403     -0.389
0.4000         -999.753    -1011.484       11.731   470.2      0.524     -0.036      1.097     -0.669      0.130     -0.150
0.6000         -998.759    -1010.297       11.538   462.5      0.356      0.276     -0.124      0.626     -0.505     -0.213
0.8000         -997.563    -1010.079       12.517   501.7      0.909     -0.387      1.174      0.821     -0.182      0.409
1.0000         -997.556    -1009.734       12.178   488.2     -0.303     -0.538      0.427      0.107     -0.556      0.370
1.2000         -995.838    -1009.086       13.248   531.0      0.362     -0.921      0.196      0.729     -0.248      0.055
1.4000         -994.933    -1008.009       13.076   524.1      0.404     -0.598      0.780      0.320     -0.395     -0.286
1.6000         -994.832    -1007.779       12.947   519.0      0.196     -0.608     -0.740     -0.049      0.463     -0.477
1.8000         -993.942    -1006.408       12.466   499.7      0.245      0.223     -0.987      0.038      0.305     -0.569
2.0000         -993.817    -1007.254       13.436   538.6      0.104     -1.607      0.076      0.537      0.111      0.105
2.2000         -994.437    -1007.500       13.063   523.6      0.777      0.069     -0.105     -0.252     -0.198     -0.890
2.4000         -995.278    -1007.248       11.970   479.8      0.382      1.627      0.356     -0.672      0.100      0.897
2.6000         -994.731    -1007.224       12.493   500.8     -0.607     -0.136     -0.597      0.514      0.414     -0.255
2.8000         -994.867    -1007.728       12.860   515.5     -1.405     -0.537      0.299     -0.459      1.034     -0.196
3.0000         -995.347    -1007.189       11.842   474.7     -0.823      0.511      0.206      0.653     -0.418      0.369
3.2000         -994.765    -1008.790       14.025   562.2      0.239      0.752      1.264      0.454     -0.414      0.535
3.4000         -995.678    -1007.904       12.226   490.1      1.740      0.515      0.724     -0.222      0.222     -0.283
3.6000         -996.548    -1009.188       12.640   506.7     -1.400     -2.117     -0.545     -0.200     -0.096      0.062
3.8000         -996.620    -1007.685       11.065   443.6      2.014      2.579      0.997      0.395      0.834      0.248
4.0000         -996.453    -1008.348       11.896   476.8      0.633      0.069     -0.090      0.258     -0.436     -0.257
4.2000         -996.855    -1007.725       10.870   435.7      0.967      0.354      0.603      0.042     -0.326      0.150
4.4000         -995.157    -1007.860       12.702   509.2     -0.055     -0.071      0.037     -0.095      0.152      1.040
4.6000         -996.186    -1008.019       11.833   474.3      1.033      0.214     -0.436     -0.212     -0.748      0.677
4.8000         -997.172    -1007.857       10.685   428.3     -0.040      0.311      0.753     -0.149     -0.445     -0.813
5.0000         -997.493    -1008.532       11.039   442.5      0.227     -0.388     -0.146      0.673      0.173     -0.329
5.2000         -995.102    -1007.866       12.764   511.6      0.582      0.460      0.138      0.499     -0.438     -0.422
5.4000         -996.018    -1006.872       10.854   435.1      0.121      0.244      1.505     -0.053     -0.186      0.168
5.6000         -995.330    -1007.316       11.986   480.4      1.071      0.978      0.232     -0.412      0.464      0.021
5.8000         -996.075    -1007.683       11.608   465.3     -0.104      0.350     -0.412      0.234      0.438     -0.524
6.0000         -995.323    -1007.492       12.169   487.8      0.954      0.226      0.249     -0.330      0.050      0.341
6.2000         -994.263    -1006.943       12.680   508.3     -0.256      0.703      0.002     -0.410     -0.243      0.374
6.4000         -994.079    -1006.083       12.004   481.2      0.197      0.453      1.655     -0.151      0.020      0.359
6.6000         -993.104    -1006.056       12.952   519.2      0.182     -0.381      0.414     -0.538     -0.015     -0.685
6.8000         -993.184    -1006.524       13.340   534.7      1.671     -0.386      0.074      0.896     -0.803      0.450
7.0000         -991.685    -1005.747       14.062   563.7     -1.082      0.083     -0.945     -0.368      0.473      0.441
7.2000         -993.665    -1006.545       12.881   516.3      0.377     -0.020     -0.142      0.419     -0.616     -0.270
7.4000         -994.345    -1007.487       13.142   526.8      0.152      0.848      0.951     -0.219      0.219      0.284
7.6000         -995.458    -1009.625       14.168   567.9     -0.652     -0.208      1.001     -0.651     -0.379     -0.117
7.8000         -994.673    -1007.389       12.716   509.7     -1.168     -0.173      0.466      0.247      0.494     -0.391
8.0000         -995.116    -1008.687       13.572   544.0     -0.621     -0.473      0.234     -0.387      0.192      0.176
8.2000         -997.204    -1009.754       12.550   503.1      0.567      0.028      0.026      0.088      0.325     -0.231
8.4000         -996.774    -1007.924       11.150   447.0     -1.294     -0.130      0.356      0.488      0.078     -0.024
8.6000         -995.453    -1007.923       12.470   499.9      0.309     -0.742     -0.422      0.656     -0.209      0.418
8.8000         -995.836    -1007.951       12.115   485.6     -0.157      1.089      1.170     -0.127     -0.376      0.096
9.0000         -995.499    -1008.790       13.291   532.8     -0.102     -0.864      0.257      0.010     -0.585     -0.571
9.2000         -995.007    -1007.297       12.290   492.7      0.195     -0.436      0.895      0.580      0.390      0.429
9.4000         -995.659    -1008.226       12.568   503.8      0.586      0.125      0.035      0.235     -0.374     -0.198
9.6000         -995.812    -1007.560       11.748   470.9      0.905      0.445      0.447     -0.164      0.267      0.747
9.8000         -996.216    -1008.227       12.011   481.5     -0.418     -0.408      0.463     -0.418      0.090      0.635
10.0000        -993.880    -1006.841       12.961   519.5      0.406      0.081      0.069     -0.037      0.315      0.104
10.2000        -993.115    -1006.349       13.234   530.5     -0.058      0.816      0.391      0.173      0.457     -0.093
10.4000        -993.339    -1005.936       12.597   505.0      0.122      0.144      0.014      0.479      0.239      0.280
10.6000        -992.299    -1005.951       13.652   547.2      0.100      0.122      0.012      0.373     -0.215     -0.235
10.8000        -991.850    -1004.905       13.055   523.3      1.287     -0.240     -0.564     -0.875      0.325     -0.737
11.0000        -992.921    -1004.562       11.641   466.6      1.070      1.592      1.102     -0.206      0.667      0.050
11.2000        -992.336    -1006.442       14.106   565.4     -0.363     -0.210     -0.041     -0.953      0.209     -0.038
11.4000        -992.586    -1006.038       13.452   539.2      1.293      0.225      1.150      0.578     -0.086      0.715
11.6000        -991.986    -1006.026       14.039   562.8     -0.117     -0.317     -1.076      0.130     -0.025      0.555
11.8000        -994.866    -1006.359       11.494   460.7      1.265     -0.329      0.922     -0.109     -0.204     -0.273
12.0000        -995.485    -1007.903       12.418   497.8      0.793      0.870      0.670      0.336      0.007      1.327
12.2000        -994.312    -1007.382       13.070   523.9     -0.184      1.304     -0.215      0.016     -0.162     -0.303
12.4000        -994.101    -1006.919       12.819   513.8     -0.406      0.925      0.125      0.225      1.330      0.092
12.6000        -995.136    -1007.499       12.363   495.6      0.297     -0.032      0.010      0.654     -0.523      0.095
12.8000        -995.715    -1007.240       11.525   462.0     -0.400     -0.495     -0.602      0.375      0.285      0.066
13.0000        -996.650    -1008.135       11.485   460.4      0.903     -0.490      0.702      0.170     -0.156      0.447
13.2000        -995.309    -1007.875       12.566   503.7     -0.286     -0.667     -1.135      0.389     -0.090     -0.252
13.4000        -995.812    -1007.651       11.839   474.6     -0.817      0.823      1.274     -0.288     -0.024     -0.014
13.6000        -996.207    -1008.318       12.111   485.4     -0.504     -0.421      0.170     -0.383      0.309      0.419
13.8000        -995.054    -1008.676       13.621   546.0      0.465     -0.872     -0.072     -0.237     -0.089     -0.597
14.0000        -994.008    -1006.885       12.877   516.2      0.031     -0.234     -0.007      0.173      0.284      0.208
14.2000        -994.763    -1006.763       12.000   481.0      0.916      0.438     -0.663      0.611     -0.052      0.352
14.4000        -994.681    -1006.558       11.877   476.1      0.531      1.677     -0.687      0.519     -0.749     -0.091
14.6000        -992.738    -1006.030       13.292   532.8     -1.106     -0.210     -0.148     -0.253     -0.255      0.460
14.8000        -993.087    -1006.227       13.141   526.7     -0.330     -0.608     -0.246      0.479     -0.450     -0.017
15.0000        -993.183    -1006.451       13.268   531.8      0.470      1.097     -0.895     -0.353      0.744      0.253
15.2000        -994.818    -1007.039       12.220   489.8      0.568      0.053      0.161      0.216      0.301      0.285
15.4000        -994.311    -1006.219       11.908   477.3     -0.282     -0.360     -0.197      0.185      0.224     -0.563
15.6000        -995.004    -1007.327       12.323   494.0      0.604      0.613      1.162     -0.015      0.202      0.419
15.8000        -992.986    -1005.490       12.504   501.2     -0.637      0.510     -0.372     -0.209      0.457      0.056
16.0000        -994.440    -1007.069       12.629   506.2      0.172      0.401      0.005     -0.040     -0.746      0.277
16.2000        -995.600    -1007.674       12.074   484.0     -0.665      0.097      0.505     -0.506     -0.248      0.191
16.4000        -995.765    -1008.168       12.403   497.2      0.927     -0.522     -0.227     -0.346     -0.060      0.163
16.6000        -995.870    -1008.791       12.921   517.9      0.882     -0.229      0.280      0.287     -0.403      0.112
16.8000        -994.433    -1006.438       12.005   481.2     -0.890      0.519      0.012     -0.250      0.080     -0.433
17.0000        -993.910    -1006.732       12.822   514.0      0.227     -0.654     -0.085     -0.383      0.071     -0.407
17.2000        -994.603    -1007.170       12.567   503.8      1.034     -0.508      0.255      0.608     -0.350      0.059
17.4000        -994.573    -1006.065       11.492   460.7     -0.411     -1.060     -0.942     -0.770      0.103     -0.282
17.6000        -995.642    -1007.311       11.669   467.8      1.279      0.529     -0.221     -0.365      0.133      0.235
17.8000        -995.061    -1007.009       11.948   478.9     -0.280     -0.378      0.074     -0.264     -0.154      0.010
18.0000        -994.476    -1008.577       14.101   565.2     -0.965     -0.518      0.004     -0.451      0.055      0.020
18.2000        -995.734    -1007.698       11.964   479.6     -0.434     -0.129      0.009      0.206      0.242     -0.043
18.4000        -995.904    -1008.303       12.399   497.0     -0.150     -0.136     -0.916      0.668      0.547      0.140
18.6000        -994.715    -1006.796       12.081   484.3     -0.527     -0.394      0.064      0.003     -0.584      0.919
18.8000        -994.564    -1007.425       12.861   515.5     -0.638      0.702     -0.408      0.565     -0.324     -0.311
19.0000        -993.953    -1006.422       12.469   499.8     -0.270     -0.701     -0.138      0.065     -0.278      0.081
19.2000        -992.855    -1006.227       13.372   536.0      0.511     -0.275      0.926      0.558     -0.736      0.530
19.4000        -992.455    -1005.789       13.334   534.5     -0.505     -0.026      0.378     -0.217      0.893     -0.422
19.6000        -993.607    -1006.673       13.066   523.7      0.481     -0.139      0.602      0.310      0.124     -0.229
19.8000        -994.431    -1006.436       12.005   481.2     -0.678      1.360      0.220     -0.457      0.052      0.269
20.0000        -994.805    -1007.190       12.385   496.4     -0.208      0.376     -0.306     -0.311     -0.195     -0.458
20.2000        -995.496    -1006.771       11.275   452.0      0.821      0.981     -0.168     -0.007     -0.043      0.409
20.4000        -994.967    -1008.121       13.154   527.3      0.473      0.871      0.489      0.553      0.578     -0.201
20.6000        -994.990    -1006.475       11.485   460.4      0.115      0.813      0.631     -0.269      0.172     -0.447
20.8000        -994.968    -1007.374       12.406   497.3     -0.922      0.806     -0.081      0.154     -0.244      0.657
21.0000        -994.978    -1007.669       12.691   508.7     -0.845      0.482      0.810      0.116      0.077     -0.099
21.2000        -995.871    -1008.261       12.390   496.7     -1.018      1.693      0.248     -0.336     -0.849     -0.420
21.4000        -994.615    -1006.327       11.712   469.5      0.279     -0.521      0.767     -0.071      0.032     -0.038
21.6000        -994.152    -1006.609       12.456   499.3     -0.065      0.409      0.243     -0.033      0.546      0.289
21.8000        -993.823    -1007.066       13.243   530.9      0.685      0.548      1.166      0.411      0.953      0.378
22.0000        -994.802    -1008.015       13.213   529.6      0.024      0.420     -0.356      0.373     -0.191      0.518
22.2000        -994.770    -1007.229       12.460   499.4     -1.895     -0.233      0.087      0.478      0.054      0.089
22.4000        -995.493    -1009.242       13.749   551.1      0.475      1.791      0.179      0.625     -0.326     -0.914
22.6000        -996.020    -1008.869       12.849   515.1      1.321      1.828      1.245     -0.337      0.045      0.024
22.8000        -994.837    -1006.487       11.649   467.0      0.764      0.896      1.058      0.116      0.356      0.255
23.0000        -994.402    -1007.326       12.924   518.1     -0.872      0.407      0.367      0.399      0.870     -0.462
23.2000        -994.102    -1007.696       13.594   544.9      0.939      0.357     -0.943      0.072     -0.438      0.085
23.4000        -994.560    -1007.705       13.145   526.9     -0.031      1.383     -0.568     -0.445      0.420     -0.214
23.6000        -994.453    -1006.397       11.945   478.8      1.970      1.206      0.977      0.014      0.118      0.622
23.8000        -994.251    -1005.669       11.417   457.7      0.965     -0.137      1.075      0.369      0.299      0.335
24.0000        -995.470    -1007.524       12.054   483.2      0.925      0.696      0.270      0.088     -0.432     -0.093
24.2000        -995.183    -1007.404       12.221   489.9     -0.335      0.960      0.854     -0.028      0.461     -0.759
24.4000        -993.804    -1007.195       13.391   536.8     -0.067      0.950      0.220     -0.485      0.152     -0.541
24.6000        -993.238    -1006.101       12.863   515.6      0.731     -1.146      0.242      0.327     -0.258      0.550
24.8000        -993.156    -1006.527       13.371   536.0      0.163     -0.655     -0.393      0.114      0.691     -0.305
25.0000        -993.233    -1005.660       12.427   498.1      0.867     -0.318      0.348      0.470      0.572      0.908
25.2000        -991.421    -1006.272       14.850   595.3     -1.932     -1.230     -0.766      0.492      0.042     -0.277
25.4000        -992.166    -1006.314       14.148   567.1     -0.417     -0.096     -0.547      0.471     -0.374     -0.064
25.6000        -993.821    -1006.721       12.900   517.1      0.227     -0.587     -1.119     -0.180     -0.801     -0.281
25.8000        -994.143    -1006.343       12.200   489.0     -0.203     -0.072      0.442      0.079      0.287      0.284
26.0000        -995.389    -1006.942       11.553   463.1      0.268      0.023      0.941      0.931      0.239      0.344
26.2000        -995.493    -1007.693       12.199   489.0      0.376     -0.225      1.272     -0.021     -0.436     -0.565
26.4000        -995.560    -1007.332       11.771   471.8     -0.284      0.765     -0.435     -0.195      0.608      0.548
26.6000        -996.257    -1008.438       12.182   488.3      0.675     -0.015     -0.242     -0.194     -0.360      0.777
26.8000        -994.536    -1006.905       12.369   495.8     -0.083      0.380     -0.423      0.150     -0.472      0.204
27.0000        -994.573    -1007.066       12.494   500.8     -0.089     -0.416     -0.141      0.016     -0.051     -0.290
27.2000        -995.127    -1007.640       12.513   501.6      0.244      0.853     -0.102      0.077      0.510      0.087
27.4000        -995.133    -1006.883       11.750   471.0     -1.324      0.455     -0.560      0.259     -0.160      0.038
27.6000        -993.684    -1007.262       13.578   544.3      0.728      0.773      0.720      0.589     -0.048     -0.177
27.8000        -993.018    -1007.286       14.268   571.9      0.363      0.593      0.211     -0.582     -0.564     -0.183
28.0000        -994.426    -1008.182       13.756   551.4     -0.458     -0.264      0.373     -0.096      0.170     -0.301
28.2000        -995.045    -1007.295       12.250   491.0      0.610     -0.728      1.277      0.109     -0.077      0.261
28.4000        -995.269    -1007.247       11.977   480.1      1.423      1.597      1.220      0.296     -0.472     -0.475
28.6000        -995.292    -1007.821       12.529   502.2     -0.524     -0.313      0.751      0.107      0.217      0.086
28.8000        -993.599    -1006.428       12.829   514.2     -2.044      0.416     -1.203     -0.214     -0.396      0.664
29.0000        -993.115    -1005.843       12.728   510.2     -0.652      0.248      0.721      0.525      0.265     -0.215
29.2000        -994.136    -1006.852       12.716   509.7      0.822      0.760      0.439      0.182      0.816      0.795
29.4000        -992.538    -1005.700       13.162   527.6      0.166     -0.430      0.617     -0.433     -0.428      0.614
29.6000        -994.734    -1007.632       12.898   517.0      0.746      0.772     -0.332     -0.153     -0.866      0.063
29.8000        -993.878    -1006.972       13.094   524.9      0.328     -0.711      1.588      0.171      0.435     -0.186
30.0000        -992.924    -1005.513       12.589   504.6      0.127      1.135      0.238      0.596     -0.298     -0.299
30.2000        -994.238    -1006.642       12.404   497.2      0.146      0.014      0.329     -0.536      0.087     -0.233
30.4000        -994.970    -1006.532       11.563   463.5      1.171      0.454      0.069     -0.407     -0.181     -0.717
30.6000        -995.090    -1006.940       11.849   475.0     -0.793     -0.716      0.090     -0.050      0.102      0.277
30.8000        -994.728    -1006.608       11.880   476.2     -0.625      0.050     -1.107     -0.336      1.115      0.519
31.0000        -995.090    -1007.765       12.675   508.1      0.925     -0.436      0.308     -0.065      0.250      0.279
31.2000        -996.477    -1009.738       13.261   531.6     -0.452     -0.229      0.987      0.539      0.176     -0.059
31.4000        -995.798    -1007.250       11.453   459.1      0.740     -0.597      0.791      1.203      0.464     -0.019
31.6000        -994.222    -1006.537       12.316   493.7      0.018      0.244     -0.914     -0.246      0.049      0.219
31.8000        -993.108    -1006.801       13.693   548.9      0.109      0.802      0.290      0.332     -0.723      0.468
32.0000        -993.646    -1007.537       13.891   556.8      0.116      0.263      0.914      0.197     -0.037     -0.022
32.2000        -993.718    -1007.320       13.602   545.2     -0.618     -0.159      0.101     -0.187     -0.427     -0.539
32.4000        -992.994    -1005.915       12.920   517.9      0.762      0.571     -0.151     -0.260      0.079      0.110
32.6000        -992.920    -1006.250       13.330   534.3     -0.274     -0.231     -0.013     -0.243     -0.123     -0.561
32.8000        -995.265    -1006.840       11.575   464.0      0.620      0.959      1.066      0.141      0.262     -0.497
33.0000        -994.228    -1006.359       12.131   486.3      0.819      0.357      0.729      0.443     -0.044      0.365
33.2000        -994.360    -1007.060       12.700   509.1      0.510     -0.642     -1.346     -0.137      0.013      0.364
33.4000        -994.607    -1007.673       13.066   523.8     -0.516     -0.408     -0.774      0.416     -0.855     -0.402
33.6000        -993.837    -1007.616       13.779   552.3      2.185      0.918      0.782      0.116      0.018      0.362
33.8000        -994.595    -1007.345       12.750   511.1      0.387      1.273      0.552      0.195     -0.472      0.245
34.0000        -994.265    -1006.623       12.358   495.4     -0.862      0.668     -0.130      0.901     -0.206      0.252
34.2000        -993.754    -1006.162       12.408   497.4      1.378      0.973      1.129      0.181     -0.623      0.034
34.4000        -994.157    -1007.282       13.125   526.1      0.082      0.281      0.861     -0.228     -0.373      0.356
34.6000        -994.396    -1007.457       13.060   523.5     -0.914      0.403      1.224     -0.075      0.131      0.116
34.8000        -994.439    -1007.596       13.157   527.4      1.136      0.229      0.550     -0.352     -0.019     -0.725
35.0000        -994.615    -1007.766       13.151   527.1      0.934      0.846      0.295      0.294      0.838     -0.120
35.2000        -994.682    -1008.258       13.576   544.2      0.132      0.208     -0.894      0.117     -0.080     -0.227
35.4000        -994.979    -1007.415       12.436   498.5      0.718      1.187      0.414      0.045     -0.537      0.226
35.6000        -995.113    -1007.656       12.543   502.8     -0.062      1.380      1.336      0.493     -0.389      0.026
35.8000        -995.380    -1007.130       11.750   471.0      1.172     -0.047      0.584     -0.056      0.211     -0.333
36.0000        -995.051    -1007.443       12.391   496.7      0.675      0.091      0.836      0.475      0.146      0.002
36.2000        -993.688    -1006.745       13.057   523.4      0.865     -0.912     -0.427      1.015     -0.315     -0.037
36.4000        -994.614    -1006.838       12.224   490.0      0.414      0.866      0.848      0.582      0.074      0.117
36.6000        -994.872    -1006.906       12.034   482.4     -0.060     -0.036      0.210      0.691     -0.420      0.000
36.8000        -995.872    -1008.016       12.144   486.8      0.622      0.823      1.463     -0.790      0.143      0.475
37.0000        -996.710    -1008.138       11.428   458.1     -0.627     -0.110     -0.349     -0.194     -0.542     -0.288
37.2000        -993.839    -1006.177       12.339   494.6      1.108      0.292      0.628     -0.033     -0.293     -0.275
37.4000        -995.320    -1008.000       12.680   508.3      0.869      0.111      1.064     -0.282     -0.171      0.669
37.6000        -995.941    -1008.865       12.924   518.1      0.800      1.252     -0.050     -0.567      0.460      0.002
37.8000        -995.757    -1007.175       11.418   457.7     -0.545      0.602      0.933      0.431     -0.088      0.250
38.0000        -996.665    -1008.713       12.048   483.0     -1.076     -0.412     -0.606      0.083     -0.181      0.124
38.2000        -996.043    -1007.541       11.498   460.9     -0.347     -0.634     -0.698     -0.137     -0.233     -0.026
38.4000        -995.390    -1007.281       11.890   476.6      0.222      0.682     -0.436      0.135      0.216     -0.420
38.6000        -995.628    -1008.513       12.886   516.5     -0.916     -0.735      0.263      0.310      0.259      0.497
38.8000        -997.214    -1008.429       11.215   449.6     -0.950     -0.858     -0.285      0.016     -0.632      0.042
39.0000        -999.081    -1009.520       10.438   418.4     -0.096      0.020      0.171      0.366     -0.043      0.366
39.2000        -996.434    -1007.935       11.501   461.0      0.360      0.745      0.258     -0.820     -0.164     -0.658
39.4000        -995.678    -1008.941       13.263   531.6      1.449      0.260      1.502     -0.252     -0.441     -0.260
39.6000        -996.395    -1008.092       11.697   468.9      0.768      0.252     -0.436      0.635     -0.333     -0.457
39.8000        -995.166    -1007.004       11.838   474.5      1.035     -0.479      0.212     -0.590     -0.410     -0.460
40.0000        -993.814    -1006.521       12.707   509.4     -0.733      0.721      0.624      0.336     -0.556      0.122
40.2000        -994.755    -1007.245       12.491   500.7      0.934      1.155     -0.161      0.183      0.058      0.033
40.4000        -994.222    -1006.930       12.708   509.4     -0.691      0.168      0.884     -0.098      0.389     -0.313
40.6000        -994.560    -1007.974       13.413   537.7     -0.403     -0.029      1.248     -0.369      0.465     -0.114
40.8000        -995.040    -1006.732       11.693   468.7      1.260      0.519     -0.291     -0.219      0.476     -0.655
41.0000        -994.499    -1006.859       12.360   495.4     -0.027     -0.391     -0.343     -0.090      0.168      0.573
41.2000        -995.209    -1007.066       11.857   475.3      0.360     -0.525      0.373      0.264     -0.490      0.359
41.4000        -994.675    -1006.598       11.923   477.9     -0.374      0.163      1.391      0.034      0.656      0.059
41.6000        -992.717    -1006.241       13.524   542.1      0.175      0.417     -0.353     -0.266      0.197      0.218
41.8000        -992.622    -1006.619       13.997   561.1      0.830     -0.830     -0.600      0.028      0.715     -0.082
42.0000        -993.806    -1007.309       13.502   541.2     -0.639      0.696     -0.783      0.442      0.078     -0.011
42.2000        -994.672    -1007.742       13.070   523.9      0.009     -0.422      0.860     -0.391      1.008      0.281
42.4000        -994.977    -1007.400       12.422   497.9      0.688      0.769      0.136     -0.906      0.260      0.391
42.6000        -995.563    -1007.331       11.768   471.7     -0.269      0.963      1.710     -0.257      0.230     -0.211
42.8000        -993.843    -1006.094       12.251   491.1      0.765      0.248      1.564      0.235     -0.420      0.102
43.0000        -992.160    -1005.813       13.653   547.3     -0.707     -0.080      0.881     -0.185     -0.101     -0.588
43.2000        -992.138    -1005.017       12.879   516.3      0.757      0.393      0.186      0.147      0.902      0.430
43.4000        -993.496    -1006.850       13.354   535.3      0.562      0.027     -0.039     -0.037      0.419     -0.034
43.6000        -993.826    -1007.688       13.861   555.6      0.197     -0.266     -0.122      0.688     -0.079     -0.135
43.8000        -994.394    -1007.406       13.012   521.6      0.239      1.057      0.612     -0.309      0.490     -0.027
44.0000        -994.784    -1007.428       12.645   506.9      0.664      0.659     -0.029      0.712      0.651     -0.085
44.2000        -994.437    -1006.597       12.160   487.4     -0.806     -0.569     -0.703     -0.044      0.723     -0.177
44.4000        -995.215    -1006.259       11.045   442.7      0.282     -0.665     -0.200     -0.574     -0.487      0.267
44.6000        -994.636    -1007.846       13.210   529.5     -0.754      0.037     -0.835     -0.569      0.490     -0.030
44.8000        -994.269    -1006.761       12.493   500.8     -0.055      1.467      1.018     -0.339     -0.351      0.804
45.0000        -993.464    -1006.760       13.296   533.0      0.159      0.262      0.651      0.023      0.424      0.868
45.2000        -993.869    -1007.433       13.564   543.7      0.443      0.377      0.196     -0.209     -0.567      0.160
45.4000        -996.151    -1008.823       12.672   508.0     -0.034     -0.111      1.081      0.351     -0.184      0.280
45.6000        -996.825    -1009.589       12.764   511.7     -0.403     -1.505     -1.197      0.142     -0.174     -0.375
45.8000        -997.081    -1008.074       10.993   440.7     -0.229      0.562      1.943      0.610      0.412     -0.024
46.0000        -995.188    -1008.647       13.460   539.5     -1.052     -0.123      0.440     -0.551     -0.195     -0.841
46.2000        -995.608    -1008.070       12.462   499.5      0.083      0.704      1.055      0.115      0.343     -1.061
46.4000        -995.393    -1007.849       12.456   499.3      1.130      0.011      0.847     -0.040     -0.485     -0.216
46.6000        -996.245    -1008.572       12.326   494.1      0.206     -0.094     -0.560      0.730     -0.274      0.096
46.8000        -994.741    -1006.682       11.941   478.6     -0.011     -0.370      2.013      0.041     -0.316     -0.126
47.0000        -993.527    -1006.446       12.920   517.9      0.447      0.344     -0.060      0.805      0.054      0.330
47.2000        -994.132    -1005.591       11.459   459.3      0.705      1.038     -0.094      0.329     -0.022      0.401
47.4000        -994.020    -1006.548       12.528   502.2      0.968      0.325      0.330      0.368     -0.012      0.601
47.6000        -995.706    -1008.251       12.545   502.9     -0.616      0.091     -0.379      0.551     -0.084      0.139
47.8000        -995.220    -1007.638       12.418   497.8     -0.121      1.488      0.610      0.156      0.528      0.120
48.0000        -994.850    -1006.707       11.857   475.3      0.668      0.348      0.020      0.901      0.344     -0.452
48.2000        -995.303    -1008.246       12.944   518.8     -0.589     -0.020      0.619      0.305     -0.722     -0.219
48.4000        -994.012    -1008.361       14.348   575.1     -0.778     -0.067      0.479      0.432     -0.013     -0.334
48.6000        -994.610    -1007.210       12.600   505.1     -0.669     -0.736      0.529      0.648     -0.122      1.002
48.8000        -993.908    -1007.208       13.300   533.1      0.160     -0.369      1.265      0.485     -0.186      0.612
49.0000        -994.685    -1007.109       12.424   498.0     -0.349      0.783      0.861     -0.411     -0.218      0.074
49.2000        -995.605    -1009.303       13.698   549.1     -0.034     -0.490      0.727      0.626      0.679     -0.630
49.4000        -995.804    -1008.389       12.585   504.5     -0.748      0.123     -0.163      0.434     -0.365      0.278
49.6000        -994.285    -1007.676       13.392   536.8     -1.156     -0.659     -0.516     -0.069     -0.023     -0.308
49.8000        -993.543    -1007.116       13.572   544.0      0.353      0.187      0.150     -0.453      0.080      0.567
50.0000        -994.598    -1008.153       13.555   543.4      0.105      0.574      0.177     -0.010     -0.108     -0.608
50.2000        -994.306    -1006.469       12.163   487.5      0.736      0.679      0.595      0.194      0.631      0.756
50.4000        -993.922    -1007.465       13.543   542.9      0.835     -0.682      0.635      0.139     -0.453      0.534
50.6000        -993.867    -1007.076       13.209   529.5     -0.335     -0.446      0.007      0.106      0.002     -0.395
50.8000        -994.660    -1008.302       13.642   546.8     -0.231     -0.346     -0.690     -0.269     -0.671      1.060
51.0000        -993.121    -1007.559       14.437   578.7      0.327      0.213      0.296      0.091      0.484      0.120
51.2000        -994.441    -1007.417       12.976   520.1     -0.303     -0.624     -0.973      0.398      0.248     -0.229
51.4000        -993.962    -1007.921       13.959   559.5      0.431      0.037     -0.129     -0.067      0.386      0.017
51.6000        -994.549    -1007.753       13.203   529.3      0.498      1.409      1.013      0.216      0.447      0.107
51.8000        -992.581    -1005.531       12.949   519.1     -0.393      0.188     -0.114     -0.045      0.130     -0.556
52.0000        -992.251    -1007.081       14.830   594.4      0.076      0.792      1.252     -0.502      0.407     -0.132
52.2000        -994.266    -1007.261       12.995   520.9      0.072     -0.423      0.775     -0.165     -0.143     -0.192
52.4000        -995.300    -1006.554       11.254   451.1      0.003     -0.385     -0.407      0.321      0.422     -0.261
52.6000        -996.409    -1008.465       12.056   483.3      1.204      1.496      1.113      0.873      0.199      0.251
52.8000        -995.929    -1007.998       12.068   483.8     -0.502     -0.058     -0.436      0.596     -0.110      0.429
53.0000        -996.106    -1008.398       12.293   492.8      0.701      0.481      1.006      0.392     -0.159      0.016
53.2000        -994.999    -1007.659       12.660   507.5      0.220      0.056      0.312     -0.127     -0.282      0.165
53.4000        -995.943    -1008.140       12.197   488.9      0.851      0.412      0.478     -0.342      0.624      0.790
53.6000        -995.393    -1007.818       12.425   498.1     -0.163     -0.220      0.260      0.258      0.063     -0.610
53.8000        -994.497    -1007.281       12.784   512.4      0.782     -0.320      0.336     -0.235     -0.313     -0.399
54.0000        -995.487    -1008.136       12.649   507.0      0.362     -0.979     -0.615      0.610     -0.397     -0.410
54.2000        -995.670    -1007.112       11.443   458.7      0.263      0.506     -0.860      0.772      0.323     -0.632
54.4000        -995.711    -1007.877       12.165   487.6      1.186      0.839      1.767      0.558      0.037     -0.184
54.6000        -995.772    -1008.374       12.602   505.2     -0.898     -0.627      0.025     -0.160     -0.176      0.130
54.8000        -994.172    -1006.327       12.154   487.2      1.075      0.731      2.146     -0.036     -0.188     -0.669
55.0000        -992.564    -1006.834       14.270   572.0     -0.846      0.395      0.096     -0.157     -0.152     -0.797
55.2000        -993.054    -1006.474       13.420   537.9     -0.157      0.287     -0.177     -0.804     -0.232     -0.256
55.4000        -995.079    -1008.152       13.073   524.0      0.746     -0.859      0.951     -0.260      0.571      0.126
55.6000        -994.663    -1008.158       13.496   541.0      0.126      0.434      0.755     -0.635      0.173     -0.302
55.8000        -995.869    -1008.346       12.477   500.1      0.740      1.349      2.011      0.338     -0.712     -0.295
56.0000        -993.841    -1007.976       14.135   566.6      0.217      0.400      0.392      0.305      0.439      0.650
56.2000        -993.101    -1006.509       13.408   537.4     -0.664     -0.251     -1.476      0.024     -0.180     -0.032
56.4000        -992.041    -1006.578       14.537   582.7      1.510      0.540     -0.301      0.316     -0.509     -0.373
56.6000        -992.855    -1006.093       13.238   530.7      1.111      0.523      0.681     -0.515      0.217      0.619
56.8000        -993.869    -1007.411       13.542   542.8      0.427      1.787      1.044     -0.063      0.049      0.353
57.0000        -993.575    -1005.910       12.335   494.4     -0.175      0.218     -0.784      0.226      0.657     -0.632
57.2000        -993.730    -1007.937       14.207   569.5     -0.811     -0.605     -0.258      0.407     -0.334     -0.087
57.4000        -993.773    -1006.443       12.670   507.9      0.771      1.882      0.710      0.072     -0.458      0.552
57.6000        -994.317    -1007.189       12.872   516.0      0.166      0.150      0.436     -0.198     -0.262      0.030
57.8000        -994.275    -1007.029       12.754   511.2      0.129      1.097     -0.456     -0.063     -0.276      0.100
58.0000        -992.218    -1005.355       13.138   526.6      0.997      0.776      1.327      0.034      0.863     -0.160
58.2000        -993.664    -1006.711       13.047   523.0     -0.441     -0.412     -0.141     -0.594     -0.287      0.516
58.4000        -993.774    -1006.389       12.616   505.7     -1.198     -0.471     -0.763     -0.158      0.211     -0.506
58.6000        -994.353    -1007.266       12.913   517.6     -1.478      0.097     -0.691      0.138     -0.185      0.559
58.8000        -994.405    -1006.712       12.306   493.3      0.097      0.451     -0.329     -0.682     -0.195      0.723
59.0000        -995.202    -1006.825       11.623   465.9      1.231     -0.181     -0.413     -0.088     -0.173      0.026
59.2000        -993.533    -1006.982       13.449   539.1      0.428      0.330      0.891     -0.082      0.290      0.084
59.4000        -994.836    -1007.195       12.359   495.4      0.960      1.082      0.903     -0.023      0.584      0.918
59.6000        -994.930    -1007.148       12.218   489.8     -0.266      0.286      0.259      0.399      0.208      0.803
59.8000        -994.931    -1006.968       12.037   482.5      0.405      0.817      0.393     -0.171     -0.107     -0.373
60.0000        -994.557    -1007.333       12.775   512.1      0.145      0.669      0.494     -0.183      0.620      0.068
60.2000        -994.435    -1007.264       12.829   514.2      0.960      0.358     -0.047      0.029      0.297      0.466
60.4000        -995.390    -1007.990       12.600   505.1      1.087      0.119      0.623      0.423     -0.313     -0.403
60.6000        -996.221    -1007.198       10.977   440.0      0.895      1.603      1.326     -0.030      0.073     -0.365
60.8000        -996.499    -1008.396       11.898   476.9      0.174     -0.096     -0.177      0.244     -0.285      0.134
61.0000        -995.376    -1007.504       12.128   486.2     -0.706      0.617      0.164     -0.381      0.054      0.564
61.2000        -994.404    -1007.237       12.832   514.4      0.044      0.344     -0.463      0.687      0.177      0.558
61.4000        -993.734    -1007.908       14.175   568.2     -0.469      0.172      1.630     -0.333      0.259     -0.066
61.6000        -994.274    -1007.160       12.886   516.5      0.670     -1.313     -0.986     -0.351      0.757     -0.807
61.8000        -995.598    -1008.151       12.553   503.2      0.810     -0.553     -0.186     -0.587     -0.259      0.133
62.0000        -995.676    -1008.492       12.816   513.7     -0.488     -0.805      0.133      0.115     -0.311     -1.077
62.2000        -993.564    -1006.497       12.933   518.4      0.613      1.086      1.058     -0.322     -0.221     -0.694
62.4000        -992.880    -1004.650       11.770   471.8      0.575     -1.431      0.507     -0.675      0.107      0.311
62.6000        -992.617    -1007.137       14.519   582.0      1.191     -0.108     -0.622     -0.028     -0.220      0.595
62.8000        -993.893    -1007.346       13.453   539.3      0.250     -1.424     -1.012     -0.025      0.244     -0.243
63.0000        -994.512    -1007.058       12.547   502.9      0.457     -0.687      0.338      0.692      0.117      0.194
63.2000        -995.121    -1007.162       12.041   482.7      0.393      0.887      0.979     -0.054      0.593     -0.573
63.4000        -994.848    -1007.230       12.382   496.3     -1.160     -0.438      0.065      0.201     -0.411     -0.289
63.6000        -995.019    -1007.366       12.347   494.9     -0.207      0.084      0.095     -0.807      0.449      0.073
63.8000        -994.743    -1006.561       11.818   473.7     -0.283      1.184      0.977     -0.103      0.031      0.165
64.0000        -993.840    -1006.338       12.497   501.0      1.082     -0.573      0.856      0.386     -0.446      0.170
64.2000        -995.292    -1007.080       11.787   472.5      0.727      0.534      1.027      0.248      0.008     -0.398
64.4000        -993.315    -1006.857       13.542   542.8     -0.583      0.288      0.994     -0.132      0.026     -0.825
64.6000        -993.931    -1006.094       12.163   487.5     -0.428     -0.822      0.203      0.182     -0.090     -0.111
64.8000        -992.562    -1006.312       13.749   551.1      0.361     -0.249     -1.664     -0.575     -0.754     -0.295
65.0000        -994.033    -1006.982       12.949   519.1      0.164      0.250      0.816     -0.405     -0.055      0.247
65.2000        -994.009    -1006.970       12.961   519.5     -0.571     -0.361     -0.522      0.102     -0.183      0.094
65.4000        -994.612    -1007.209       12.597   504.9      1.222      0.270     -0.007      0.475      0.044     -0.547
65.6000        -993.768    -1005.897       12.129   486.2      0.254     -0.526      0.950     -0.631      0.117      0.201
65.8000        -993.173    -1006.114       12.941   518.8      0.512     -0.653     -0.572     -0.187      0.249     -0.107
66.0000        -993.469    -1007.309       13.840   554.8     -0.161      0.645     -0.996     -1.028     -0.402     -0.308
66.2000        -994.275    -1006.787       12.512   501.5     -0.576      0.952      0.327      0.329      0.194      0.134
66.4000        -995.985    -1008.170       12.185   488.4     -0.765      0.298     -0.191      0.159     -0.114     -0.054
66.6000        -994.858    -1007.540       12.682   508.4      1.655      0.183     -0.658      0.189     -0.701     -0.118
66.8000        -993.772    -1006.602       12.830   514.3      0.029     -0.139      0.385      0.453     -0.036     -0.146
67.0000        -993.342    -1005.874       12.532   502.3      0.172      0.150     -0.257      0.231      0.264      0.202
67.2000        -991.654    -1005.371       13.717   549.8     -0.898      0.325      0.005      0.064      0.167      0.606
67.4000        -992.924    -1006.742       13.818   553.9     -0.132      0.284     -0.683      0.422     -0.409      0.091
67.6000        -993.598    -1005.666       12.068   483.7      0.520     -0.860      0.102     -0.684     -0.801      0.073
67.8000        -993.099    -1006.267       13.167   527.8     -0.284     -1.289      0.318      0.119      0.180      0.495
68.0000        -993.773    -1006.791       13.018   521.8      0.212      0.469      0.912      0.161      0.026      0.137
68.2000        -994.158    -1006.475       12.317   493.7      1.939      0.926      0.853     -0.661     -0.482      0.208
68.4000        -993.755    -1007.148       13.393   536.8     -0.073      0.498      0.250      0.447      0.095      0.751
68.6000        -993.425    -1005.223       11.798   472.9      0.877      0.638      0.895      0.269      0.165      0.331
68.8000        -994.051    -1006.427       12.376   496.1      1.152      0.097      1.058     -0.185      0.240      0.079
69.0000        -994.137    -1006.440       12.303   493.2      0.982      0.562      0.362     -0.706      0.063      0.139
69.2000        -993.056    -1005.379       12.323   494.0      0.588      0.241      0.886     -0.027      0.249      0.250
69.4000        -993.281    -1006.927       13.646   547.0     -0.313      0.632      0.554      1.056      0.495     -0.198
69.6000        -992.410    -1005.756       13.347   535.0      0.204     -0.177      0.470     -0.026     -0.122      0.259
69.8000        -992.463    -1006.294       13.831   554.4     -0.636      0.320     -1.010      0.336     -0.265      0.236
70.0000        -993.088    -1005.413       12.324   494.0     -0.423      0.592     -0.210      0.099      0.521      0.384
70.2000        -995.051    -1007.444       12.393   496.8     -0.417      2.290      1.095      0.314     -0.404      0.891
70.4000        -996.822    -1008.083       11.261   451.4      0.556      0.976     -0.094     -0.360     -0.286      0.494
70.6000        -996.110    -1008.307       12.197   488.9      0.807      0.208      0.471      0.320     -0.117      0.591
70.8000        -995.107    -1007.281       12.174   488.0      1.100      0.757     -0.578     -0.565     -0.518      0.125
71.0000        -995.406    -1007.105       11.700   469.0      1.239      1.457      1.377     -0.729      0.268      0.244
71.2000        -995.873    -1007.727       11.855   475.2     -0.698     -0.589     -0.383     -0.246      0.426     -0.781
71.4000        -995.760    -1007.423       11.663   467.5      1.006      0.706      0.846     -0.354     -0.201      0.331
71.6000        -995.580    -1008.068       12.488   500.6     -0.516      0.028      0.148     -0.273      0.264      0.134
71.8000        -994.358    -1006.887       12.529   502.2     -0.049      0.264     -0.383      0.416     -0.363      0.142
72.0000        -993.875    -1006.841       12.966   519.7      1.608      0.771      0.620     -0.063      0.113     -0.298
72.2000        -993.258    -1006.212       12.954   519.3      0.638     -0.364     -0.276     -0.295     -0.220     -0.325
72.4000        -994.741    -1007.393       12.652   507.2      0.840      0.574      0.366     -0.240     -0.044      1.185
72.6000        -994.105    -1007.173       13.068   523.8     -0.940      0.678     -0.298      0.921     -0.074     -0.401
72.8000        -992.925    -1006.912       13.987   560.7     -0.232     -0.275      0.599      0.435      0.071      0.479
73.0000        -993.459    -1005.766       12.307   493.3      0.296      0.258      0.455      0.280     -0.233     -0.200
73.2000        -994.626    -1006.756       12.130   486.2     -0.765      0.185      1.205      0.235      0.576      0.213
73.4000        -993.926    -1006.731       12.805   513.3      1.110      0.974      0.622      0.298     -0.219      0.261
73.6000        -992.725    -1005.927       13.202   529.2      0.365      0.121      0.530      0.780     -0.060      0.311
73.8000        -994.466    -1007.911       13.444   538.9      0.425     -0.353     -0.411     -0.490      0.265     -0.445
74.0000        -994.525    -1006.976       12.451   499.1      0.697     -0.623     -0.167     -0.286      0.444      0.077
74.2000        -996.033    -1008.236       12.203   489.2     -0.451      0.942     -0.553     -0.109      0.702      0.175
74.4000        -995.242    -1007.513       12.270   491.8     -0.389     -1.030      0.419     -0.344     -0.450     -0.111
74.6000        -994.948    -1007.229       12.281   492.3      0.258      0.813      0.046     -0.241      0.457      0.219
74.8000        -993.842    -1006.505       12.663   507.6     -0.329      1.094     -0.133     -0.224     -0.160     -0.575
75.0000        -994.153    -1006.641       12.488   500.6      2.241      1.648      1.029     -0.442     -0.117     -0.230
75.2000        -993.909    -1006.522       12.614   505.6      0.453     -0.316     -0.777      0.166     -0.521     -0.876
75.4000        -993.818    -1007.453       13.635   546.6      0.940      0.784      0.771     -0.500     -0.201      0.100
75.6000        -995.346    -1007.734       12.388   496.6      1.188      0.528      0.181     -0.378     -0.167      0.376
75.8000        -994.462    -1007.431       12.968   519.8      0.004     -0.559      0.561     -0.236      0.328     -0.143
76.0000        -994.903    -1007.536       12.633   506.4     -0.685     -0.277     -0.144     -0.573      0.272     -0.228
76.2000        -994.421    -1007.499       13.077   524.2      0.643      0.132      0.510     -0.310     -0.663      0.334
76.4000        -995.221    -1006.903       11.681   468.2      0.439     -0.699     -1.014     -0.182     -0.348      0.482
76.6000        -996.114    -1007.324       11.210   449.4      0.730      0.201      1.228      1.054     -0.436      0.073
76.8000        -996.259    -1008.620       12.360   495.5     -0.044      0.362     -0.428      0.471     -0.406     -0.524
77.0000        -996.859    -1009.194       12.335   494.4      0.188      0.744      0.032     -0.875      0.764      0.001
77.2000        -996.503    -1008.321       11.818   473.7      1.713      1.024      0.198      0.708     -0.534      0.519
77.4000        -997.468    -1007.711       10.243   410.6      1.171      0.960      1.426      0.500      0.171     -0.148
77.6000        -995.691    -1006.969       11.278   452.1      1.045      0.893      1.122      0.434     -0.044      0.178
77.8000        -996.147    -1008.702       12.555   503.3      0.702      0.958      0.407     -1.379      0.110     -0.118
78.0000        -996.481    -1008.165       11.684   468.4     -0.247      0.904      1.109      0.030     -0.258     -0.166
78.2000        -996.263    -1007.755       11.492   460.6      0.249      0.630      0.460     -0.799      0.573     -0.143
78.4000        -995.659    -1007.471       11.811   473.5      0.512      0.719     -0.143      0.454      0.234     -0.155
78.6000        -994.482    -1006.919       12.438   498.6      1.456     -0.053      0.309      0.087      0.157     -0.729
78.8000        -994.589    -1007.726       13.136   526.6      0.888      0.657      0.168      0.096     -0.006     -0.154
79.0000        -993.817    -1006.562       12.745   510.9      0.671      1.362      0.441     -0.405     -0.305      0.621
79.2000        -994.153    -1005.533       11.380   456.2      0.944      0.192      0.585     -0.008     -0.064      0.272
79.4000        -994.671    -1007.408       12.737   510.5      1.058      0.354      0.782     -0.246      0.223     -0.126
79.6000        -994.383    -1007.415       13.033   522.4      0.528      0.429     -0.197     -0.031     -0.257      0.217
79.8000        -996.145    -1008.666       12.521   501.9      0.499      0.055      0.710     -0.018      0.190      0.205
80.0000        -993.350    -1005.876       12.526   502.1     -0.866      0.111      1.112     -0.225      0.379      0.578
80.2000        -994.646    -1006.564       11.918   477.7     -0.078      0.062     -0.209      0.302     -0.087     -0.903
80.4000        -994.741    -1007.631       12.890   516.7      0.460     -0.400      0.618     -0.216      0.236      0.359
80.6000        -993.599    -1007.039       13.440   538.7      1.090      1.521      1.010     -0.024      0.419     -0.166
80.8000        -993.290    -1006.276       12.987   520.6      0.982      0.088      0.414      0.463     -0.276     -0.904
81.0000        -993.793    -1007.200       13.406   537.4     -0.226     -0.493      0.709      0.520     -0.425     -0.409
81.2000        -994.137    -1007.275       13.138   526.6     -0.251      0.302     -0.605     -0.350     -1.054     -0.354
81.4000        -995.116    -1007.484       12.368   495.8      0.191      0.617     -0.263      0.099      0.302     -0.515
81.6000        -994.929    -1008.608       13.679   548.3     -0.573     -0.140     -0.645     -0.029     -0.858     -0.517
81.8000        -995.510    -1008.830       13.321   534.0      0.279     -0.109     -0.033     -0.501     -0.291      0.507
82.0000        -997.157    -1008.331       11.174   447.9      0.750      0.817      0.461     -0.345     -0.500     -0.512
82.2000        -996.548    -1007.108       10.560   423.3     -0.067     -0.049     -0.890     -0.207      0.201     -0.124
82.4000        -994.984    -1007.502       12.519   501.8      0.723      0.460      0.191      0.018     -0.088     -0.573
82.6000        -995.185    -1006.693       11.507   461.3     -0.407      0.492     -0.840     -0.244     -0.376      0.442
82.8000        -996.261    -1007.975       11.714   469.6     -0.181      0.289      0.028     -0.148      0.017      0.042
83.0000        -995.801    -1007.576       11.775   472.0      0.438      0.063      1.214      1.062     -0.682     -0.007
83.2000        -995.222    -1007.533       12.311   493.5      0.107      0.964     -0.413      0.263      0.240      0.765
83.4000        -995.587    -1007.439       11.851   475.1     -0.326      0.524      0.045      0.505     -0.430     -0.382
83.6000        -996.527    -1007.942       11.415   457.6      0.501      0.535      0.279     -0.159     -0.198      0.041
83.8000        -996.881    -1007.495       10.615   425.5     -0.293      0.710      0.444      0.044     -0.293      0.120
84.0000        -996.983    -1008.424       11.441   458.6      0.720     -0.012     -0.272     -0.137     -0.574      0.080
84.2000        -995.660    -1008.278       12.617   505.8     -0.268      0.233     -0.815     -0.128     -0.318      0.317
84.4000        -995.596    -1008.007       12.411   497.5      0.296      0.341      0.122     -0.038      0.116     -0.228
84.6000        -995.821    -1008.395       12.574   504.0      0.332      0.222     -0.528      0.188      0.064     -0.625
84.8000        -996.268    -1008.996       12.728   510.2      0.769      0.242      0.304     -0.364     -0.116     -0.500
85.0000        -996.853    -1010.118       13.265   531.7      0.067      0.021     -0.053     -0.075     -0.207     -0.059
85.2000        -997.605    -1009.168       11.563   463.5      1.126      0.357      0.562      0.339      0.060      0.186
85.4000        -996.416    -1009.049       12.633   506.4      0.604      0.277     -0.541     -0.195      0.413      0.911
85.6000        -994.484    -1007.697       13.213   529.6     -0.521      0.036      0.046      0.727      0.263     -0.462
85.8000        -994.936    -1008.159       13.223   530.0     -0.378      0.909     -0.684      0.022     -0.029      0.075
86.0000        -995.030    -1007.020       11.990   480.6     -0.415      1.223      0.447      0.629     -0.226     -0.230
86.2000        -996.105    -1008.016       11.911   477.5      1.207      0.012      0.894     -0.080      0.512      0.641
86.4000        -995.169    -1008.459       13.290   532.7      0.245      0.973      1.013     -0.152     -0.567     -0.898
86.6000        -993.533    -1006.618       13.085   524.5      0.846      0.358      1.785     -0.286      0.069     -0.072
86.8000        -995.174    -1007.712       12.538   502.6     -0.389      0.890      0.471      0.185     -0.357      0.162
87.0000        -996.090    -1008.949       12.859   515.4      0.635      0.895      1.327     -0.254      0.117      0.155
87.2000        -995.829    -1008.284       12.455   499.3     -0.230      0.103     -0.078      0.560     -0.758     -0.066
87.4000        -995.895    -1007.795       11.900   477.0      0.979     -0.254      0.189     -0.450      0.464     -0.700
87.6000        -995.979    -1007.492       11.513   461.5     -0.614      0.307      0.436     -0.406     -0.708      0.680
87.8000        -995.691    -1007.202       11.511   461.4      0.680     -0.600     -0.159     -0.398      1.055     -0.210
88.0000        -996.622    -1007.595       10.972   439.8      0.473      0.551      0.310      0.038      0.082      0.067
88.2000        -995.998    -1008.076       12.078   484.2      0.052      0.088      0.016      0.231      1.158      0.605
88.4000        -996.211    -1007.968       11.757   471.3      0.999      1.534      0.384     -0.850     -0.095     -0.530
88.6000        -995.950    -1008.060       12.110   485.4      0.394      0.455      0.190      0.174     -0.029     -0.004
88.8000        -995.629    -1007.528       11.899   477.0      0.791      1.539      0.781      0.311     -0.145     -0.298
89.0000        -994.100    -1006.842       12.742   510.8     -0.045     -0.977      0.436     -0.064     -0.065     -0.307
89.2000        -993.697    -1006.060       12.363   495.6      1.021      0.844     -0.464     -0.291     -0.920     -0.605
89.4000        -994.418    -1007.844       13.425   538.1      0.628      0.975      0.983     -0.221     -0.121     -0.345
89.6000        -994.892    -1007.455       12.563   503.6      0.488      1.231      0.068     -0.194     -0.431      0.405
89.8000        -995.412    -1007.536       12.124   486.0      0.382     -0.188      0.486     -0.835     -0.350     -0.366
90.0000        -995.218    -1006.631       11.412   457.5     -0.167      1.359      0.468      0.309     -0.285      0.021
90.2000        -995.038    -1007.206       12.168   487.7     -0.941      1.085      0.359      0.191     -0.506      0.159
90.4000        -995.391    -1007.237       11.845   474.8      1.104      0.005      0.096     -0.591     -0.045     -0.403
90.6000        -995.509    -1007.173       11.664   467.6     -0.723      0.866      0.293     -0.616      0.224     -0.333
90.8000        -994.956    -1008.318       13.362   535.6     -0.712     -0.023      0.222     -0.297      0.325     -0.390
91.0000        -994.767    -1007.442       12.675   508.1      0.219     -0.184      0.201     -0.040     -0.139     -0.158
91.2000        -994.784    -1007.115       12.330   494.3     -1.293     -0.107     -1.302      0.007     -0.429      0.068
91.4000        -994.503    -1007.111       12.608   505.4      1.053      0.449      1.402     -0.231      0.017     -0.113
91.6000        -994.909    -1007.310       12.401   497.1     -0.047      0.090     -1.222     -0.289     -0.375      0.014
91.8000        -995.240    -1007.725       12.485   500.5      0.413      0.135     -0.765     -0.596     -0.083      0.071
92.0000        -993.963    -1006.799       12.835   514.5     -0.018     -0.470      0.376      0.194     -0.554     -0.336
92.2000        -993.900    -1006.114       12.214   489.6     -0.225     -0.174      0.493     -0.233      0.353     -0.705
92.4000        -993.652    -1007.514       13.861   555.6      0.681     -0.625      0.876     -0.576      0.091      0.092
92.6000        -993.812    -1006.098       12.286   492.5     -0.266     -0.453     -0.631     -0.201     -0.070     -0.086
92.8000        -993.557    -1006.297       12.740   510.7      0.379      0.420      0.731     -0.041     -0.316      0.322
93.0000        -994.188    -1007.101       12.913   517.6     -0.536     -0.742     -0.598      0.033      0.048      0.594
93.2000        -995.355    -1007.341       11.986   480.4      0.494      0.382      1.127     -0.178      0.232      0.416
93.4000        -994.757    -1007.604       12.847   515.0      0.466      0.287     -0.063     -0.103     -0.176      0.097
93.6000        -994.143    -1006.751       12.608   505.4      0.041     -0.653      0.695      0.015      0.124     -0.624
93.8000        -995.211    -1007.677       12.466   499.7      1.685      0.215      2.200     -0.177      0.144     -0.173
94.0000        -995.257    -1007.929       12.671   507.9      1.117      0.589      1.215     -0.394      0.277      0.426
94.2000        -995.807    -1008.018       12.211   489.5      0.423      0.579      0.084      0.226     -1.078     -0.342
94.4000        -995.525    -1007.991       12.466   499.7      1.544      1.111      0.991      0.439      0.033     -0.513
94.6000        -994.825    -1007.943       13.118   525.8     -0.088     -0.814      0.907     -0.635     -0.216      0.432
94.8000        -994.596    -1007.442       12.846   514.9      1.569      0.925      0.220     -0.181     -0.377      0.073
95.0000        -993.914    -1006.485       12.572   503.9      0.069     -1.007     -0.533      0.614     -0.376      0.544
95.2000        -993.561    -1007.158       13.597   545.0      0.984      0.660      0.592     -0.587     -0.601      0.479
95.4000        -994.180    -1008.005       13.825   554.2     -0.137      0.933      0.591      0.579      0.192     -0.456
95.6000        -994.593    -1007.324       12.731   510.3      0.215      0.158     -0.692     -0.235     -0.431      0.720
95.8000        -995.076    -1007.163       12.087   484.5     -0.478     -0.895     -0.640      0.264      0.301     -0.390
96.0000        -994.176    -1005.907       11.730   470.2      0.955      0.578      0.371     -0.096     -0.762     -0.579
96.2000        -996.396    -1008.851       12.455   499.3      1.643      1.045      0.361     -0.537      0.301      0.384
96.4000        -996.994    -1007.983       10.989   440.5      1.111      0.265      0.635      0.571      0.039      0.951
96.6000        -995.995    -1007.926       11.931   478.2      0.632      0.261     -0.934      0.224      0.265     -0.265
96.8000        -994.974    -1007.059       12.085   484.4     -0.574      0.395     -0.150      0.006      0.058     -0.124
97.0000        -995.178    -1008.026       12.848   515.0      0.187      0.704      0.608     -0.310      0.313      0.575
97.2000        -995.437    -1007.441       12.004   481.2      0.287      0.365     -0.345     -0.152      0.020      0.181
97.4000        -995.606    -1007.591       11.984   480.4      0.120      0.294      0.754      0.025     -0.197     -0.264
97.6000        -994.935    -1007.428       12.493   500.8      0.300     -0.385      1.344      0.057     -0.044      0.563
97.8000        -995.538    -1007.881       12.343   494.8      0.107     -0.686     -0.545      0.521     -0.136      0.108
98.0000        -996.228    -1007.619       11.391   456.6      0.012      0.429     -0.069      0.042     -0.313     -0.389
98.2000        -994.946    -1007.292       12.346   494.9      0.229      0.213     -0.170     -0.572     -0.095      0.177
98.4000        -995.158    -1007.488       12.330   494.2     -0.103      0.393      1.376     -0.292      0.364      0.191
98.6000        -995.530    -1007.366       11.835   474.4      1.617     -0.390      0.624      0.181      0.363      0.210
98.8000        -995.598    -1008.289       12.691   508.7     -0.936     -1.080      0.001      0.480     -0.237     -0.100
99.0000        -994.990    -1007.649       12.659   507.4      0.518     -0.038     -0.353      0.404      0.187      0.068
99.2000        -993.599    -1006.240       12.641   506.7      0.512      0.707     -0.436     -0.529     -0.047     -0.010
99.4000        -994.318    -1007.256       12.938   518.6     -1.211     -0.660     -0.786     -0.047      0.215     -0.552
99.6000        -993.673    -1007.227       13.555   543.3      0.879      0.991      0.337     -0.315      0.183      0.922
99.8000        -993.840    -1008.347       14.507   581.5      0.851     -0.099      0.271     -0.278      0.139      0.481
100.0000       -994.979    -1008.435       13.455   539.3     -0.767     -0.551     -0.464      0.478      1.200      0.138
100.2000       -994.591    -1007.372       12.781   512.3      1.705      0.359      0.586      0.183      0.144     -0.343
100.4000       -994.947    -1007.110       12.163   487.6      0.253      0.521     -0.098     -0.563      0.219     -0.347
100.6000       -994.662    -1008.055       13.392   536.8      0.006     -0.599      0.124     -0.189     -0.287     -0.405
100.8000       -995.362    -1007.847       12.485   500.5      0.811      0.753      0.028      0.094     -0.654      0.067
101.0000       -995.436    -1007.386       11.951   479.0      0.575      0.687     -0.591     -0.768     -0.377     -0.845
101.2000       -994.803    -1007.681       12.878   516.2      0.282     -0.676      0.624      0.270      0.067     -0.242
101.4000       -994.476    -1006.396       11.920   477.8      0.766      0.503     -0.115      0.349     -0.151     -0.456
101.6000       -994.600    -1006.887       12.286   492.5      0.782      0.760      1.285      0.050     -0.210      0.299
101.8000       -995.127    -1007.864       12.737   510.6     -1.008      0.214     -1.134     -0.940      0.085      0.134
102.0000       -995.365    -1007.868       12.504   501.2      1.181      0.848      1.142      0.065     -0.860     -0.720
102.2000       -994.670    -1007.755       13.085   524.5      0.161      0.680      0.136      0.770      0.818      0.001
102.4000       -996.809    -1008.257       11.449   458.9      0.862      0.299      0.734     -0.258     -0.202      0.109
102.6000       -997.148    -1009.518       12.369   495.8      0.434     -0.488     -0.173     -0.492     -0.097      0.289
102.8000       -996.234    -1009.148       12.914   517.6      0.394      0.854      2.002      0.342      0.258     -0.230
103.0000       -995.753    -1008.903       13.150   527.1      0.205      0.641      0.134     -0.027      0.347     -0.752
103.2000       -994.603    -1008.615       14.012   561.7     -0.115      1.022     -0.066     -0.152      0.176     -0.073
103.4000       -993.728    -1005.974       12.246   490.9      2.171      1.227      1.012     -0.458     -0.275     -0.011
103.6000       -993.040    -1005.739       12.699   509.0     -0.087     -0.669      0.070     -0.217      0.268     -0.018
103.8000       -993.814    -1006.652       12.837   514.6      0.422      0.129      0.072     -0.245     -0.204      0.163
104.0000       -993.501    -1006.205       12.704   509.2     -0.383      0.051      0.098     -0.433      0.898      0.542
104.2000       -994.585    -1007.906       13.321   534.0      1.044      1.863      0.049      0.059     -0.674     -0.167
104.4000       -994.589    -1008.080       13.491   540.8      0.617     -0.388      0.046     -0.761     -0.672      0.067
104.6000       -995.074    -1006.942       11.868   475.7     -0.260      1.384     -0.462      0.013     -0.637      0.271
104.8000       -995.143    -1007.885       12.743   510.8      0.366      1.303      0.649      0.410     -0.065      0.101
105.0000       -994.362    -1006.740       12.378   496.2      1.454     -0.094      0.127     -0.674      0.460      0.486
105.2000       -992.885    -1006.268       13.383   536.5     -1.619     -0.117      0.098     -0.429      0.493      0.210
105.4000       -993.717    -1006.545       12.829   514.2      1.054     -0.046      0.182      0.142     -0.032      0.100
105.6000       -993.700    -1006.218       12.518   501.8      0.552      0.525     -0.238     -0.199     -0.035      0.397
105.8000       -993.630    -1007.256       13.625   546.2     -0.744     -1.271     -0.411      0.861     -0.273     -0.357
106.0000       -993.815    -1006.904       13.089   524.7     -0.998     -0.681      0.682      0.191     -0.258      0.253
106.2000       -996.766    -1009.251       12.485   500.5     -0.339      0.324     -0.111      0.109     -0.447      0.115
106.4000       -996.622    -1009.179       12.557   503.3      0.503     -0.759     -0.687      0.501     -0.222      0.232
106.6000       -995.819    -1008.031       12.212   489.5     -0.708     -0.147      0.546     -0.232      0.305      0.241
106.8000       -994.586    -1008.755       14.169   568.0     -0.117      0.669     -0.317      0.441      0.536      0.393
107.0000       -994.806    -1007.647       12.842   514.8     -0.170      0.401      0.379      0.096     -0.059      0.087
107.2000       -994.298    -1007.555       13.257   531.4      0.584      0.880      0.207      1.129     -0.207     -0.148
107.4000       -993.881    -1007.479       13.599   545.1      0.452      1.789      0.324     -0.024     -0.214      0.562
107.6000       -992.498    -1005.526       13.028   522.2      0.419     -1.193      0.297      0.298     -0.360      0.064
107.8000       -993.249    -1006.794       13.546   543.0      0.353     -0.645     -0.478      0.809      0.228     -0.278
108.0000       -994.245    -1007.492       13.247   531.0      0.264     -1.015      0.720     -0.076     -0.087     -0.229
108.2000       -994.404    -1007.885       13.481   540.4     -0.172      0.146      1.356      0.396      0.466     -0.321
108.4000       -995.282    -1007.534       12.251   491.1      0.588      0.502      1.178     -0.443      0.755      0.276
108.6000       -994.957    -1007.880       12.922   518.0      0.275     -0.414     -0.437     -0.638      0.494      0.467
108.8000       -994.536    -1007.021       12.485   500.4      0.329      0.820      0.860     -0.271     -0.326     -0.484
109.0000       -994.425    -1008.015       13.590   544.7      0.051     -0.325     -0.703     -0.151     -0.348     -0.433
109.2000       -996.583    -1008.579       11.996   480.9     -0.064      0.118      0.870      0.087      0.077      0.086
109.4000       -996.771    -1008.866       12.096   484.8     -1.153     -0.122     -0.885      0.447     -0.271     -0.330
109.6000       -996.661    -1007.967       11.306   453.2      1.135      1.159      0.559     -0.543     -0.044      0.031
109.8000       -996.483    -1008.446       11.963   479.6      0.191      0.461      0.223      0.175      0.133     -0.311
110.0000       -995.782    -1008.961       13.179   528.3      0.488      0.399      0.236      0.572     -0.261      0.070
110.2000       -995.012    -1007.238       12.226   490.1      0.413      0.720      1.480     -0.198     -0.006     -0.423
110.4000       -996.487    -1008.416       11.930   478.2      0.282      0.972     -0.082      0.451     -0.189     -0.637
110.6000       -996.882    -1008.199       11.317   453.6      0.152     -0.955      0.022     -0.413     -0.034      0.475
110.8000       -996.636    -1008.347       11.711   469.4      0.299      0.408     -0.192      0.172     -0.370      0.214
111.0000       -997.079    -1008.413       11.334   454.3     -0.235     -0.769     -0.379     -0.111      0.591      0.063
111.2000       -996.191    -1008.576       12.385   496.4      0.686      0.729      2.201     -0.889     -0.153      0.060
111.4000       -995.945    -1008.182       12.237   490.5      0.273     -0.114      0.010     -0.149      0.491     -0.382
111.6000       -995.948    -1007.804       11.857   475.3      0.280     -0.475     -0.215     -0.219      0.721     -0.103
111.8000       -993.813    -1006.996       13.183   528.5     -0.607      0.774     -0.777     -0.187     -0.639      0.049
112.0000       -994.059    -1005.510       11.451   459.0     -0.436      1.061     -0.103     -0.199     -0.706      0.393
112.2000       -994.197    -1007.126       12.929   518.3      0.509      0.084     -0.124     -0.169     -0.405     -0.309
112.4000       -994.309    -1008.460       14.151   567.2     -0.617      0.468      0.811     -0.105      0.263      0.195
112.6000       -996.209    -1008.215       12.005   481.2      0.187      0.910      0.319      0.042      0.024     -0.600
112.8000       -995.755    -1008.479       12.724   510.0     -1.248      0.450      0.112      0.434      0.061     -0.021
113.0000       -995.270    -1006.764       11.494   460.7      0.913      1.231     -0.070      0.549     -0.797      0.454
113.2000       -995.390    -1007.192       11.802   473.1     -1.158     -0.394      0.624     -0.394      0.003      0.066
113.4000       -994.525    -1007.117       12.593   504.8      0.645      0.668     -0.343      0.509     -0.205      0.377
113.6000       -994.267    -1008.022       13.755   551.4      0.216     -0.059      0.984     -0.212      0.393      0.205
113.8000       -995.072    -1008.162       13.090   524.7      1.118      0.765      0.531     -0.292     -0.040      0.064
114.0000       -995.790    -1007.771       11.981   480.2     -0.090      1.396      0.645      0.328     -0.051      0.042
114.2000       -997.492    -1008.673       11.181   448.2      0.140     -0.819     -0.091      0.031     -0.035     -1.087
114.4000       -997.010    -1009.032       12.022   481.9     -0.407     -0.726     -0.199      0.301      0.244     -0.563
114.6000       -995.945    -1009.222       13.277   532.2      0.368     -0.352      0.140     -0.570      0.617      0.872
114.8000       -995.993    -1007.339       11.347   454.8     -0.081      0.055      0.026      0.258     -0.029     -0.003
115.0000       -993.855    -1007.609       13.754   551.3      0.673     -0.142      0.106     -0.381      0.096      0.098
115.2000       -992.582    -1005.532       12.949   519.1     -0.222     -0.181     -0.099      0.512     -0.247      0.574
115.4000       -994.451    -1006.934       12.483   500.4      0.318      0.414      0.596      0.350      0.172     -0.008
115.6000       -994.062    -1007.460       13.398   537.0      0.050     -0.813      0.010      0.167     -0.323     -0.248
115.8000       -992.988    -1006.501       13.513   541.7     -0.276     -1.007     -0.270      0.586     -0.441      0.201
116.0000       -994.169    -1006.555       12.386   496.5      1.472      1.054     -0.141     -0.109     -0.237      0.573
116.2000       -993.185    -1006.381       13.196   528.9     -0.961      0.237     -0.624      0.529      0.259     -0.008
116.4000       -994.687    -1008.124       13.436   538.6     -0.111      0.383     -0.327     -0.720      0.033     -0.898
116.6000       -994.856    -1007.329       12.474   500.0      0.803     -0.162      0.503      0.115      0.182     -0.073
116.8000       -996.404    -1008.153       11.749   471.0      1.075      0.752      0.185      0.475     -0.359     -0.142
117.0000       -994.660    -1006.857       12.197   488.9     -0.097     -0.713      0.839     -0.654      0.024     -0.343
117.2000       -994.359    -1007.288       12.929   518.3      0.734      0.258      0.069      0.516      0.476      0.440
117.4000       -995.913    -1008.188       12.275   492.1     -0.351      0.013     -0.249     -0.114      0.268      0.119
117.6000       -995.244    -1007.491       12.247   490.9     -0.444      0.584      0.062     -0.097     -0.287      0.045
117.8000       -994.666    -1006.430       11.764   471.6     -0.160     -0.470     -1.005      0.359      0.571      0.496
118.0000       -994.083    -1007.124       13.041   522.7     -0.224      0.069     -1.079     -0.186      0.025     -0.023
118.2000       -992.479    -1006.515       14.036   562.6      0.408      0.412      0.077      0.051      0.069     -0.162
118.4000       -993.035    -1005.090       12.055   483.2     -0.073     -0.363     -0.442      0.139      0.721     -0.454
118.6000       -992.027    -1004.765       12.739   510.6      0.292      0.274     -0.041     -0.793     -0.617      0.238
118.8000       -993.455    -1006.155       12.699   509.1     -0.137      0.062     -0.664     -0.207      0.477      0.456
119.0000       -994.575    -1007.269       12.694   508.8      0.642      0.151      0.118      0.131     -0.074     -0.227
119.2000       -995.721    -1006.759       11.038   442.5      0.906      0.214     -0.516     -0.048     -0.761     -0.188
119.4000       -995.434    -1007.841       12.407   497.3      0.444      0.845     -0.235     -1.366      0.305      0.437
119.6000       -995.410    -1007.978       12.568   503.8      0.312      0.310      0.586      0.117     -0.252     -0.029
119.8000       -995.843    -1007.881       12.038   482.5     -0.324     -0.180     -0.943     -0.599     -0.447     -0.529
120.0000       -995.229    -1007.819       12.591   504.7      0.099      0.362      0.742     -0.649     -0.054      0.411
120.2000       -996.156    -1007.748       11.592   464.7      0.809      1.075      0.718      1.057     -1.048     -0.024
120.4000       -993.812    -1006.412       12.601   505.1     -0.756     -0.027     -0.135      0.221      0.542     -0.211
120.6000       -993.785    -1005.880       12.095   484.8      0.506      0.511     -1.066     -0.505     -1.275     -0.763
120.8000       -994.568    -1007.300       12.732   510.4      0.717      1.064     -0.559     -0.282     -0.203     -0.750
121.0000       -994.428    -1006.797       12.369   495.8      0.073      1.268     -0.182      0.292     -0.205     -0.217
121.2000       -993.969    -1005.774       11.804   473.2     -0.627      0.208      0.793     -0.232     -0.510     -0.225
121.4000       -995.077    -1007.582       12.506   501.3     -0.067      1.345      0.161     -0.133      0.538     -0.375
121.6000       -993.146    -1007.086       13.940   558.8      1.156      0.872      0.696     -0.105     -0.168     -0.393
121.8000       -994.939    -1007.882       12.943   518.8     -0.314     -1.030      0.469     -0.275      0.071     -0.194
122.0000       -994.390    -1006.786       12.396   496.9     -0.628      0.198     -0.394     -0.046     -1.033     -0.221
122.2000       -993.345    -1006.417       13.072   524.0      0.943      1.623      0.686      0.652     -0.829     -0.189
122.4000       -993.996    -1007.145       13.149   527.1     -1.190     -0.788     -1.371     -0.342     -0.792      0.328
122.6000       -995.135    -1007.525       12.390   496.6      0.096     -0.034     -1.425      0.170     -0.344     -0.138
122.8000       -994.569    -1006.558       11.989   480.6      0.901      0.118      1.203      0.634      0.422      0.284
123.0000       -994.413    -1007.963       13.550   543.2     -0.603     -0.207      0.081      0.150     -0.035      0.484
123.2000       -993.538    -1005.834       12.297   492.9      0.183     -0.235      0.156      0.036      0.054      0.029
123.4000       -993.194    -1006.113       12.920   517.9      0.368      1.747      1.000      0.475     -0.051     -0.153
123.6000       -992.825    -1005.340       12.515   501.6      0.847      0.741      0.307      0.153     -0.283     -0.054
123.8000       -992.693    -1005.922       13.229   530.3      0.715      0.491      1.120     -0.491     -0.159     -0.085
124.0000       -994.247    -1007.082       12.835   514.5      0.086     -0.625      1.189      0.705     -0.016     -0.244
124.2000       -995.090    -1006.999       11.908   477.3      0.195      0.165     -0.045      0.615     -0.344      0.016
124.4000       -996.653    -1008.664       12.011   481.5      0.631     -0.465      0.201     -0.827      0.565     -0.626
124.6000       -995.148    -1007.728       12.580   504.3     -0.297     -0.086      0.600      0.643      0.470      0.612
124.8000       -995.944    -1008.643       12.698   509.0      1.417      1.798     -0.091      0.185      0.197      0.435
125.0000       -995.193    -1008.573       13.380   536.3     -0.507     -0.691      0.684      0.295      0.176     -0.015
125.2000       -996.516    -1008.720       12.203   489.2     -0.125      0.845     -0.738      0.280      0.257      0.438
125.4000       -995.471    -1007.676       12.205   489.2      0.485      1.297      1.363     -0.501     -0.034     -0.139
125.6000       -995.157    -1007.431       12.274   492.0     -0.115     -0.044     -0.875     -0.365      0.016     -0.621
125.8000       -997.155    -1008.021       10.866   435.5      0.048      0.642      1.546      0.020     -0.330      0.095
126.0000       -995.979    -1008.335       12.356   495.3      1.551      1.500     -0.323      0.637      0.415     -0.886
126.2000       -995.504    -1007.446       11.942   478.7     -0.580     -0.257      0.542      0.421      0.126      0.034
126.4000       -996.981    -1008.457       11.476   460.0      0.722      1.710      1.419      0.568      0.404     -0.430
126.6000       -996.619    -1008.060       11.441   458.6      0.062      1.222      1.240      0.106      0.041      0.187
126.8000       -995.808    -1007.510       11.702   469.1     -1.557     -1.108     -1.129      0.039     -0.148     -0.103
127.0000       -996.329    -1008.807       12.477   500.2      0.029      0.236      0.903      0.397     -0.380     -0.304
127.2000       -996.452    -1007.896       11.444   458.7     -1.004      0.959      0.623     -0.623     -0.717      0.438
127.4000       -996.016    -1007.794       11.779   472.1      0.131      0.217      1.309      0.055      0.255      0.152
127.6000       -995.848    -1008.564       12.717   509.7      0.533     -0.113      1.231     -0.022     -0.505      0.118
127.8000       -995.032    -1006.717       11.685   468.4     -0.329      0.448      0.824      0.485     -0.246      0.269
128.0000       -995.132    -1007.613       12.481   500.3     -0.536      1.621      0.402      0.229      0.103     -0.198
128.2000       -996.045    -1007.635       11.590   464.6      0.526      1.553      0.115     -0.471     -0.325      0.752
128.4000       -995.544    -1007.461       11.917   477.7     -0.328     -0.528     -0.013      0.194     -0.078     -0.009
128.6000       -995.064    -1007.339       12.276   492.1      1.524      0.570     -0.500     -0.484     -0.401     -0.275
128.8000       -995.623    -1007.852       12.229   490.2      1.298      0.497      0.202     -0.301     -0.579      0.059
129.0000       -995.972    -1007.591       11.618   465.7      1.111     -0.311     -0.107     -0.424      0.134     -1.448
129.2000       -995.312    -1007.260       11.948   478.9      1.630      0.970     -0.005     -0.084      0.171     -0.087
129.4000       -994.425    -1006.728       12.303   493.2      0.790     -0.127      0.393      0.258     -0.478     -0.212
129.6000       -996.158    -1007.796       11.637   466.5      0.961     -0.649      0.961     -0.239      0.179      0.065
129.8000       -997.858    -1009.454       11.596   464.8      1.578      1.175      0.823     -0.815     -1.100     -0.627
130.0000       -996.045    -1008.438       12.393   496.8      1.428     -0.851     -0.706      0.281     -0.597      0.466
130.2000       -995.334    -1006.844       11.510   461.4      2.015      1.960      0.521     -0.483      0.234     -0.178
130.4000       -993.908    -1006.677       12.769   511.8      0.829     -0.438      0.624     -0.713     -0.467     -0.109
130.6000       -994.612    -1007.733       13.121   525.9     -0.075     -0.892     -0.655     -0.191     -0.430     -0.428
130.8000       -994.425    -1007.730       13.305   533.3     -0.171      0.311      0.658     -0.113      0.208     -0.326
131.0000       -995.827    -1007.777       11.951   479.0      0.293     -0.051     -0.379     -0.246     -0.164     -0.400
131.2000       -995.832    -1007.571       11.739   470.6      0.098      0.201      0.590     -0.383      0.015      0.021
131.4000       -994.851    -1006.865       12.014   481.6     -1.045     -0.674      0.114      0.312      0.407      0.314
131.6000       -994.911    -1006.694       11.783   472.3      0.036      0.303      0.394      0.893      0.302     -0.002
131.8000       -995.735    -1007.221       11.486   460.4      0.519      1.341      0.584     -0.780     -0.707      0.076
132.0000       -995.458    -1007.995       12.537   502.5     -1.101     -0.842      0.117     -0.258     -0.113     -0.311
132.2000       -995.276    -1007.971       12.694   508.9     -0.015      0.152      0.215     -0.376     -1.485      0.197
132.4000       -996.708    -1008.710       12.002   481.1      0.122      0.311      0.799      1.012      0.326      0.050
132.6000       -996.909    -1007.520       10.611   425.4      0.718      0.117      0.326     -0.183     -0.312      0.225
132.8000       -995.986    -1008.368       12.382   496.3     -0.212      0.014     -1.623     -0.600     -0.396      0.073
133.0000       -995.392    -1007.338       11.945   478.8     -0.387     -0.287      0.633     -0.007     -0.181     -0.603
133.2000       -994.169    -1007.196       13.027   522.2     -0.936      0.236      0.195      0.486     -0.687      0.047
133.4000       -994.391    -1007.105       12.714   509.6      1.487      0.005      0.631     -0.546     -0.098      0.218
133.6000       -995.683    -1007.817       12.133   486.4     -0.047     -0.272      1.579      0.069     -0.314     -0.143
133.8000       -995.303    -1007.730       12.427   498.1      0.056     -0.747      1.357      0.101     -0.129      0.097
134.0000       -996.988    -1009.213       12.225   490.0      0.353      0.545      0.638      0.656     -0.243      0.445
134.2000       -996.867    -1008.851       11.984   480.4      0.664      0.090      0.733      0.669      0.237      0.084
134.4000       -996.641    -1007.654       11.013   441.5     -0.400      0.440     -0.791     -0.365      0.773      0.518
134.6000       -995.618    -1008.634       13.015   521.7     -0.636     -0.047      0.285      0.264     -0.375      0.701
134.8000       -996.121    -1007.499       11.379   456.1      0.004      0.596      0.498      0.295     -0.008      0.017
135.0000       -996.138    -1008.011       11.873   475.9      0.039     -0.874      0.442      0.106     -0.715      0.045
135.2000       -995.144    -1007.460       12.316   493.7      0.423      0.775     -0.285      0.056      0.199      0.423
135.4000       -994.639    -1006.070       11.431   458.2      0.469      0.475     -0.722     -0.667     -0.041      0.233
135.6000       -994.488    -1006.137       11.650   467.0     -0.178      0.366     -0.150     -0.988      0.247      0.161
135.8000       -994.295    -1007.792       13.497   541.0      0.165      0.648      1.048     -0.377     -0.268     -1.039
136.0000       -994.536    -1006.654       12.118   485.7     -0.880     -0.622     -0.324      0.209     -0.427     -0.004
136.2000       -993.427    -1007.376       13.949   559.1      0.272      0.818      1.137      0.084      0.252      0.352
136.4000       -994.387    -1006.078       11.690   468.6      0.622      1.112      0.337      0.028     -0.500      0.077
136.6000       -995.504    -1007.460       11.956   479.3     -0.078      0.312      0.390      0.155     -0.112     -0.125
136.8000       -994.075    -1007.730       13.655   547.4      0.330     -0.057      0.346     -0.564      0.094      0.838
137.0000       -994.188    -1007.599       13.411   537.6      0.059      0.919      0.130      0.755     -0.042     -0.934
137.2000       -993.442    -1007.221       13.778   552.3     -0.395     -0.558     -0.974      0.212      0.075      0.113
137.4000       -994.589    -1006.665       12.076   484.1     -0.261     -0.347      0.975     -0.201     -0.574     -0.408
137.6000       -994.682    -1007.202       12.520   501.9      0.792      1.010      0.764     -0.124      0.544      0.272
137.8000       -995.717    -1008.713       12.996   520.9     -0.253     -0.152     -0.224      0.209      0.170     -0.761
138.0000       -995.379    -1007.955       12.575   504.1      0.468      0.950      0.253      0.186     -0.263     -0.310
138.2000       -996.925    -1008.086       11.161   447.4      0.792     -0.261     -0.240      0.299      0.136     -0.525
138.4000       -996.034    -1007.557       11.523   461.9      0.327      0.807      0.219     -0.436      0.420      0.249
138.6000       -995.234    -1008.719       13.485   540.5     -0.090      0.459     -0.160     -0.345      0.298     -0.441
138.8000       -994.187    -1006.825       12.638   506.6     -0.129      0.418     -0.258      0.923      0.183      0.032
139.0000       -994.502    -1005.417       10.914   437.5     -0.118      0.592      0.314     -0.569      0.331      0.396
139.2000       -994.424    -1007.049       12.625   506.1      1.379     -0.802     -0.234     -0.245      0.221      0.230
139.4000       -994.277    -1007.339       13.062   523.6     -0.038      0.877     -0.037     -0.447     -0.274     -0.235
139.6000       -994.005    -1006.661       12.656   507.3     -0.515      0.732     -0.146      0.085      0.493      0.295
139.8000       -994.070    -1005.904       11.834   474.4      0.203      1.903      0.099      0.307     -0.422     -0.494
140.0000       -996.645    -1009.134       12.489   500.6     -0.560      0.554      0.504      0.703      0.263     -0.367
140.2000       -996.584    -1008.269       11.684   468.4      0.084      0.320      0.997      0.463     -0.764     -0.680
140.4000       -996.327    -1008.560       12.233   490.3      0.071      0.978     -0.012      0.243      0.359     -0.070
140.6000       -995.745    -1007.936       12.191   488.7      0.529      0.838     -0.023     -0.098      0.475     -0.393
140.8000       -997.067    -1008.885       11.817   473.7     -0.570     -0.727     -0.674     -0.325     -0.243      0.407
141.0000       -995.910    -1007.882       11.972   479.9      0.677      0.113     -0.668      0.401      0.138     -0.399
141.2000       -995.327    -1007.207       11.879   476.2     -0.184      0.143     -0.475     -0.297     -0.122     -0.269
141.4000       -994.783    -1006.852       12.069   483.8      0.132      0.722      0.515     -0.372     -0.112      0.387
141.6000       -994.439    -1006.329       11.889   476.6      0.761      1.193     -0.038     -0.253      0.093      0.774
141.8000       -995.886    -1007.187       11.301   453.0      0.248      0.087     -0.190     -0.214     -0.221     -0.166
142.0000       -996.119    -1007.975       11.856   475.2      0.143     -0.229      1.454     -0.051     -0.126      0.295
142.2000       -995.121    -1007.599       12.478   500.2     -0.100      0.517     -0.504     -0.239      0.235      0.917
142.4000       -994.370    -1007.115       12.745   510.9      1.490      0.508      0.963      0.083     -0.020     -0.386
142.6000       -995.069    -1008.098       13.029   522.3      1.431      0.294     -0.014      0.035      0.208      0.079
142.8000       -995.226    -1007.667       12.441   498.7      0.840      0.762      1.275      0.686      0.578      0.136
143.0000       -994.813    -1007.716       12.902   517.2     -0.755      0.443     -1.238     -0.490     -0.085     -0.167
143.2000       -995.450    -1007.490       12.040   482.6     -1.204      0.277     -1.062      0.344      0.226      0.362
143.4000       -995.277    -1005.993       10.716   429.6     -0.491      0.944      0.115     -0.110     -0.565      0.588
143.6000       -993.886    -1006.443       12.556   503.3      0.107     -1.434      0.275      0.726     -0.323      0.400
143.8000       -994.908    -1007.462       12.554   503.2     -0.657      0.940      0.092     -0.264      0.149     -0.026
144.0000       -995.293    -1007.946       12.653   507.2      0.471     -0.489     -1.102      0.497     -0.543      0.001
144.2000       -995.509    -1006.943       11.434   458.3      0.028     -0.244     -0.341      0.562     -0.482     -0.032
144.4000       -995.376    -1007.544       12.169   487.8      0.978      0.203      0.260      0.603      0.137      0.075
144.6000       -994.226    -1006.786       12.560   503.4     -0.348      0.641      0.616     -0.376     -0.003      0.949
144.8000       -995.892    -1007.710       11.819   473.7      0.731      0.259      1.050     -0.699     -0.257      0.118
145.0000       -995.410    -1007.624       12.214   489.6      0.410     -0.214     -1.081      0.033      0.280      0.342
145.2000       -994.422    -1007.780       13.358   535.4      0.707      1.025      0.446      0.272     -0.846      0.358
145.4000       -995.337    -1007.200       11.862   475.5      0.415      0.661     -0.469      0.861      0.503     -0.005
145.6000       -994.407    -1006.983       12.576   504.1      1.108      0.623      0.846     -0.240     -0.401     -0.404
145.8000       -993.179    -1006.890       13.711   549.6     -0.551     -0.792     -1.038     -0.003      0.132      0.378
146.0000       -994.056    -1006.568       12.511   501.5     -0.188     -0.938      0.429      0.181      0.069     -0.262
146.2000       -994.686    -1006.293       11.607   465.3      0.308     -0.551      0.738     -0.319     -0.222     -0.224
146.4000       -994.656    -1007.297       12.641   506.7     -0.179     -0.265      0.883     -0.026     -0.226     -0.113
146.6000       -995.887    -1006.506       10.620   425.7      1.118     -0.532      0.638      0.997     -0.359     -0.286
146.8000       -994.068    -1007.331       13.263   531.6      0.745      1.116     -0.051      0.553      0.238     -0.595
147.0000       -995.104    -1007.055       11.952   479.1      0.406     -0.148     -0.000      0.022      0.321      0.774
147.2000       -995.549    -1008.339       12.790   512.7      1.001     -0.087      0.307      0.047     -0.325      0.200
147.4000       -994.436    -1007.037       12.601   505.1     -0.165     -0.662      0.737     -0.190     -0.353      0.906
147.6000       -995.818    -1007.332       11.515   461.6      0.101      0.448     -0.901      0.689     -0.284     -0.570
147.8000       -995.147    -1007.244       12.097   484.9     -0.659      0.009     -0.129      0.377      0.100     -0.561
148.0000       -996.483    -1008.298       11.815   473.6     -0.311     -0.524      0.222     -0.584      0.068     -0.090
148.2000       -996.411    -1008.187       11.775   472.0     -0.027     -0.138      0.560     -0.063     -0.204     -0.179
148.4000       -996.598    -1007.972       11.375   455.9     -0.406     -0.602     -0.196     -0.484     -0.294     -0.136
148.6000       -995.984    -1007.777       11.793   472.7     -0.129      0.165     -0.284     -0.168     -0.108     -0.012
148.8000       -994.118    -1006.713       12.595   504.9     -0.409      0.006     -0.550      0.011      0.098     -0.199
149.0000       -994.705    -1006.078       11.373   455.9     -0.380      0.047      0.737      0.201     -0.429      0.374
149.2000       -994.153    -1007.057       12.904   517.3     -0.897      0.044     -0.620     -0.722      0.450     -0.500
149.4000       -994.277    -1006.911       12.634   506.4      0.203     -0.443     -1.120      0.596     -0.187      0.587
149.6000       -994.893    -1007.392       12.499   501.0     -0.493      1.572      0.830      0.272     -0.128      0.802
149.8000       -993.782    -1007.119       13.337   534.6      0.096      0.961      0.103     -0.306     -0.388     -0.170
150.0000       -993.751    -1007.361       13.610   545.6      0.067      0.059      0.327     -0.349     -0.497      0.053
150.2000       -995.147    -1007.344       12.196   488.9     -0.594      0.192     -0.030      0.318      0.087     -0.151
150.4000       -993.336    -1007.178       13.842   554.8     -0.986     -1.006      0.215      0.101     -0.349      0.213
150.6000       -994.112    -1007.274       13.162   527.6      1.059     -0.707     -0.634      0.321     -0.663      0.516
150.8000       -994.059    -1008.094       14.035   562.6     -0.281     -1.112     -0.532     -0.024      0.414     -0.003
151.0000       -995.887    -1008.213       12.326   494.1      0.908     -0.110     -0.477      0.104     -0.369      0.029
151.2000       -995.405    -1008.248       12.844   514.8      2.309      0.899      0.605      0.462     -0.714      0.864
151.4000       -995.240    -1007.473       12.234   490.4     -0.107      0.070      0.095      0.227     -0.809     -0.278
151.6000       -995.802    -1008.468       12.666   507.7      0.047      0.025      0.924      0.100      0.430      0.242
151.8000       -995.660    -1006.959       11.299   452.9     -1.136     -0.790     -1.402      0.718      0.643      0.402
152.0000       -996.554    -1008.231       11.676   468.0      0.575     -1.170     -0.238     -0.090      0.144      0.752
152.2000       -996.094    -1008.552       12.458   499.4      0.478     -0.102      0.431      0.130      0.020     -0.734
152.4000       -996.179    -1008.418       12.239   490.6      1.003      1.547      2.260     -0.223      0.049     -0.020
152.6000       -994.069    -1006.573       12.503   501.2      0.791      0.391     -0.515      0.493      0.027     -0.884
152.8000       -994.296    -1006.956       12.660   507.5     -0.585     -0.735     -0.092      0.482     -0.555     -0.147
153.0000       -993.376    -1005.811       12.434   498.4     -0.218      0.483      0.392      0.636     -0.394     -0.054
153.2000       -994.011    -1006.805       12.794   512.8     -0.255      0.422      1.024     -0.029     -0.253      0.002
153.4000       -994.588    -1006.472       11.884   476.4     -1.716      0.172     -1.860      0.442      0.107      0.324
153.6000       -994.544    -1008.447       13.903   557.3      2.131      0.825      0.380      0.850      0.545      0.023
153.8000       -994.018    -1006.378       12.360   495.4      1.321      1.733      0.806      0.271      0.715     -0.476
154.0000       -994.064    -1006.249       12.184   488.4      0.448     -0.475     -0.785     -0.262     -0.235     -0.276
154.2000       -994.418    -1005.965       11.547   462.9     -0.684      0.290     -0.035     -0.413      0.924      0.713
154.4000       -994.516    -1007.400       12.884   516.4     -0.873      0.744      0.074     -0.244     -0.242     -0.312
154.6000       -995.292    -1007.236       11.944   478.8     -0.125     -0.430      0.846     -0.447      0.054      0.088
154.8000       -996.282    -1008.015       11.734   470.4     -0.366      1.261      1.067     -0.687      0.609     -0.952
155.0000       -996.814    -1008.290       11.476   460.0      0.581      0.556      0.208     -0.310     -1.255      0.765
155.2000       -996.149    -1007.612       11.463   459.5      1.419      0.814      0.172      0.039      0.130     -0.370
155.4000       -995.022    -1007.071       12.049   483.0     -0.744     -1.212     -1.266      0.537     -0.082     -0.176
155.6000       -995.493    -1007.322       11.830   474.2      0.367     -0.802      1.235     -0.343      0.098     -0.617
155.8000       -994.747    -1008.426       13.680   548.3      1.079      0.013      0.852     -0.118      0.267      0.776
156.0000       -994.308    -1006.560       12.252   491.1      0.333     -0.658      0.686     -0.078     -0.207      0.737
156.2000       -992.138    -1006.167       14.028   562.3     -0.166      0.560     -0.045     -0.065      0.213      0.196
156.4000       -992.666    -1006.363       13.697   549.0     -0.407      1.239      0.061      0.733     -0.213     -0.412
156.6000       -992.676    -1005.227       12.552   503.1      0.567     -0.330      0.521      0.273      0.831      0.066
156.8000       -993.889    -1005.991       12.102   485.1      0.618      0.839      0.835     -0.159      0.502     -0.381
157.0000       -994.132    -1008.658       14.526   582.3     -0.161     -0.038     -0.344      0.207      0.220     -0.117
157.2000       -993.856    -1008.059       14.203   569.3      0.891      0.734      1.132     -0.337      0.635     -0.443
157.4000       -993.481    -1005.884       12.404   497.2     -0.699      1.000     -0.889      0.224      0.605      0.111
157.6000       -993.484    -1005.505       12.021   481.8     -0.340     -0.224      1.803      0.353     -0.003     -0.047
157.8000       -995.020    -1007.547       12.528   502.2      0.094     -0.560     -1.030     -0.477      0.123     -0.611
158.0000       -994.305    -1006.661       12.356   495.3     -0.770     -0.823      0.012      0.178     -0.347      0.598
158.2000       -994.103    -1005.526       11.423   457.9     -1.065      0.456     -0.554      0.178      0.362      0.040
158.4000       -993.893    -1005.405       11.511   461.4      1.094      0.526     -1.054     -0.267     -0.530     -0.116
158.6000       -994.872    -1007.426       12.555   503.3      2.576      1.611      0.815     -0.002      0.575      0.091
158.8000       -994.803    -1006.790       11.987   480.5      0.588      1.375      0.501      0.093      0.440      0.384
159.0000       -996.034    -1008.302       12.268   491.7     -1.363     -0.751      1.106      0.132      0.205     -0.488
159.2000       -995.571    -1007.472       11.901   477.0      0.580      0.318      1.027     -0.569     -0.451     -1.203
159.4000       -995.616    -1007.150       11.534   462.3      1.227      0.709      0.019      0.251     -0.440      0.432
159.6000       -994.999    -1008.366       13.367   535.8      0.551      0.895      0.366     -0.145     -0.505      0.323
159.8000       -995.120    -1007.926       12.806   513.3      1.835      1.018     -0.273     -0.890     -1.077      0.634
160.0000       -994.229    -1008.225       13.996   561.0     -0.065     -0.490     -0.364     -0.223      0.265     -0.261
160.2000       -993.926    -1007.273       13.348   535.0      1.085      0.772      1.166      0.330      0.343     -0.761
160.4000       -994.985    -1007.232       12.247   490.9      0.367      0.315      0.191      0.249     -0.160     -0.415
160.6000       -994.344    -1006.700       12.356   495.3      0.492      1.108      0.179     -0.306      0.148     -0.268
160.8000       -994.376    -1006.964       12.588   504.6     -1.254     -0.494     -1.001     -0.085     -0.260      0.802
161.0000       -995.002    -1008.099       13.097   525.0      1.091      0.782      0.889     -0.241      0.792      0.610
161.2000       -994.177    -1007.617       13.440   538.7      0.567      0.033     -0.832     -0.738      0.671      0.048
161.4000       -992.885    -1006.397       13.512   541.6      1.113      0.112      0.964      0.865      0.144     -0.398
161.6000       -993.372    -1007.023       13.651   547.2      0.584     -0.394      0.274      0.333      0.507     -0.594
161.8000       -993.363    -1006.076       12.713   509.6     -0.435      0.485     -0.431     -0.172     -0.555     -0.105
162.0000       -992.762    -1005.886       13.125   526.1      0.282     -0.792      0.189     -0.281     -0.077     -1.219
162.2000       -991.913    -1005.373       13.460   539.5      1.245      0.647      0.933      0.168     -0.035      0.564
162.4000       -992.469    -1006.318       13.849   555.1      1.120      1.659      0.391      0.487     -0.375     -0.040
162.6000       -992.591    -1005.733       13.142   526.8      0.285      0.792      0.331      0.410     -0.305     -0.914
162.8000       -992.074    -1006.052       13.977   560.3      0.401     -0.147      0.915      0.466     -0.341      0.059
163.0000       -993.445    -1006.910       13.465   539.8     -0.181      0.111     -0.190      0.142     -0.131      0.250
163.2000       -993.140    -1006.141       13.001   521.1      1.546      1.252      1.412     -0.086     -0.737      0.215
163.4000       -994.662    -1006.932       12.270   491.8      0.538      0.465      0.329     -0.835      0.135      0.020
163.6000       -995.821    -1008.406       12.585   504.5      0.709      1.506      1.433      0.093     -0.534      0.502
163.8000       -995.567    -1008.739       13.171   528.0      1.270      0.341      0.851      0.139      0.182     -0.029
164.0000       -996.278    -1007.957       11.679   468.1      0.768      1.613      1.330     -0.137      0.257      0.176
164.2000       -995.866    -1006.648       10.782   432.2      0.364     -0.487      0.813      0.194     -0.216     -0.029
164.4000       -994.634    -1007.784       13.150   527.1      1.339      0.185     -0.291      0.078     -0.053      0.418
164.6000       -994.695    -1007.314       12.619   505.8      0.999      0.030     -0.627     -0.187      0.045      0.026
164.8000       -994.744    -1006.832       12.088   484.5     -0.716     -1.107      0.014     -0.235     -0.294      0.598
165.0000       -994.237    -1007.479       13.242   530.8      0.117      0.885     -0.374      0.375     -0.777      0.127
165.2000       -995.497    -1007.760       12.263   491.6     -0.584     -0.662     -0.855      0.351      0.339      0.140
165.4000       -996.141    -1008.073       11.932   478.3     -0.247     -0.253     -0.052     -0.018      0.365      0.189
165.6000       -996.286    -1007.253       10.966   439.6     -0.179      0.090     -0.325     -0.159     -0.288     -0.764
165.8000       -995.914    -1007.147       11.232   450.2      0.844      0.675     -0.623     -0.262      0.287      0.070
166.0000       -994.624    -1007.247       12.623   506.0      0.037      0.453      0.740     -0.405      1.044      0.519
166.2000       -996.854    -1007.911       11.057   443.2      0.550      1.694      0.336     -0.352     -0.065     -0.029
166.4000       -996.881    -1008.460       11.579   464.1      0.324      0.943      0.917      0.246     -0.205      0.430
166.6000       -995.056    -1008.065       13.010   521.5      0.218      1.342      0.212     -0.043      0.038      0.243
166.8000       -996.198    -1008.366       12.168   487.7     -0.750     -0.065      0.600     -1.197     -0.043     -0.055
167.0000       -995.238    -1007.913       12.675   508.1      0.542     -0.594     -0.799     -0.417      0.149     -0.057
167.2000       -995.480    -1008.121       12.641   506.7      0.451      0.440     -0.303     -0.260     -0.298      0.290
167.4000       -995.533    -1007.849       12.316   493.7     -0.057     -0.601      0.108     -0.197      0.401      0.285
167.6000       -994.440    -1007.635       13.195   528.9      0.572      0.782     -0.349     -0.255      1.096     -0.329
167.8000       -993.954    -1007.582       13.629   546.3     -0.292      0.326     -0.587     -0.003      0.550      0.213
168.0000       -994.632    -1006.439       11.806   473.3      0.218      0.426      0.469      0.309      0.235     -0.262
168.2000       -992.887    -1005.410       12.523   502.0      0.102     -0.348      0.886      0.069      0.047      0.871
168.4000       -995.443    -1006.617       11.173   447.9      0.122     -0.260      0.242     -0.087     -0.401      0.291
168.6000       -995.424    -1007.444       12.020   481.8      0.946     -0.035      0.324      0.184      0.982     -0.097
168.8000       -994.634    -1007.279       12.646   506.9      1.000      0.358     -0.381     -0.381      0.130     -0.467
169.0000       -995.516    -1007.857       12.340   494.7      0.603      0.452      0.525      0.303     -0.429     -0.202
169.2000       -995.651    -1008.255       12.604   505.2      0.309     -0.487     -0.985      0.156      0.109      0.477
169.4000       -995.369    -1007.766       12.397   496.9      0.921      1.422      2.007     -0.204     -0.105      0.033
169.6000       -995.475    -1007.066       11.591   464.6      0.229      0.646      2.386     -1.036     -0.098     -0.128
169.8000       -994.522    -1007.522       13.000   521.1     -0.547      0.072      0.385     -1.406     -0.073      0.763
170.0000       -995.391    -1008.646       13.255   531.3     -0.887     -0.228     -0.292      0.359      0.413      0.078
170.2000       -995.962    -1008.140       12.178   488.1      0.951     -0.921      0.961      0.258     -0.587      0.472
170.4000       -995.613    -1007.298       11.685   468.4      0.481      0.040      0.659      0.112      0.118     -0.653
170.6000       -994.675    -1007.510       12.835   514.5      0.359      0.794      1.071      0.525     -0.019     -0.196
170.8000       -995.251    -1007.743       12.492   500.7     -0.027     -0.259      0.334      0.196      0.105     -0.479
171.0000       -994.056    -1007.787       13.730   550.4     -0.372      0.735      0.317     -0.199      0.060     -0.184
171.2000       -994.341    -1007.485       13.143   526.9     -0.585      0.267     -0.215      0.460     -0.592      0.421
171.4000       -994.093    -1006.629       12.536   502.5      0.701      0.195      1.070      0.338      0.149      0.521
171.6000       -993.435    -1006.331       12.895   516.9      0.022     -0.943     -0.316      0.987      1.354      0.159
171.8000       -994.448    -1008.111       13.663   547.7     -0.741      0.361     -1.092     -0.692      0.219     -0.279
172.0000       -992.732    -1006.067       13.335   534.5      0.491     -0.751     -0.127     -0.295      0.200      0.003
172.2000       -995.504    -1008.469       12.965   519.7      0.758      0.393     -0.709     -0.253     -0.169     -0.024
172.4000       -996.274    -1008.354       12.080   484.2      0.667      0.481      0.379     -0.649     -0.055      0.826
172.6000       -996.552    -1008.848       12.295   492.9      1.258     -0.043      1.439     -0.315     -0.411      0.315
172.8000       -996.161    -1008.068       11.907   477.3     -0.094      0.290      0.658      0.835      0.679      0.078
173.0000       -997.210    -1008.641       11.431   458.2     -0.951     -0.996     -0.833     -0.612      0.342      0.341
173.2000       -995.480    -1008.621       13.141   526.7     -0.457     -0.793     -0.272     -0.051     -0.027      0.467
173.4000       -994.364    -1006.579       12.214   489.6      0.812     -0.432      1.291     -0.433      0.152      0.045
173.6000       -995.881    -1008.205       12.324   494.0      0.505      0.022     -0.685     -0.131     -0.041      0.522
173.8000       -994.681    -1007.514       12.833   514.4     -0.166      0.356     -1.273     -0.302      0.873      0.137
174.0000       -994.595    -1006.143       11.548   462.9      1.186      0.622      0.247     -0.226     -0.094     -0.112
174.2000       -995.463    -1007.783       12.320   493.8      0.017      0.438     -0.426     -0.351     -0.719      0.245
174.4000       -995.106    -1007.297       12.191   488.7      0.393      1.303      1.192     -0.240     -0.218      0.314
174.6000       -995.302    -1008.523       13.221   530.0      0.538      1.083      1.314     -0.215     -0.337     -0.354
174.8000       -994.476    -1007.441       12.965   519.7      0.405     -0.229     -0.302     -0.760     -0.431     -0.777
175.0000       -994.955    -1007.875       12.920   517.9      1.007     -0.156     -0.072     -0.115     -0.357      0.399
175.2000       -995.116    -1007.719       12.603   505.2      0.678      0.048      0.212     -0.121      0.226      0.119
175.4000       -995.701    -1007.443       11.741   470.6      0.130     -0.251      0.196      0.198     -0.202     -0.074
175.6000       -995.182    -1007.194       12.012   481.5     -0.536     -0.310     -0.185      0.431     -0.374      0.217
175.8000       -995.062    -1006.693       11.631   466.2      0.417     -0.693     -0.796      0.250      0.256     -0.106
176.0000       -995.497    -1007.596       12.099   485.0     -0.476     -0.904     -0.112      0.730      0.852     -0.270
176.2000       -993.614    -1005.696       12.082   484.3     -0.090     -0.162      0.261     -0.263      0.823     -0.070
176.4000       -997.245    -1008.041       10.796   432.8      1.750      1.253      1.518     -0.205     -0.177      0.353
176.6000       -996.240    -1009.042       12.801   513.1     -0.139      0.857      0.102      0.207     -0.391     -0.010
176.8000       -996.211    -1008.225       12.014   481.6      0.285      0.659      0.371     -0.196     -0.334     -0.107
177.0000       -995.506    -1007.473       11.966   479.7      0.962     -0.167      0.243     -0.001     -0.334      0.245
177.2000       -994.731    -1007.006       12.275   492.0     -0.042     -1.546     -0.194      0.486      0.076     -0.046
177.4000       -995.446    -1007.044       11.597   464.9     -0.199      0.015      0.180      0.329      0.348     -0.426
177.6000       -994.494    -1006.095       11.601   465.0      0.674      1.218      1.475      0.018      0.210     -0.254
177.8000       -994.584    -1007.613       13.028   522.2      0.106     -1.708      0.511     -0.476     -0.488      0.392
178.0000       -993.590    -1005.738       12.148   486.9     -0.144      0.476      1.061      0.395     -0.397     -0.159
178.2000       -994.318    -1006.476       12.158   487.3     -0.133      0.127     -0.482     -0.041      0.150     -0.167
178.4000       -994.341    -1006.596       12.255   491.2      0.265     -0.348     -1.033     -0.849      0.402     -0.403
178.6000       -995.008    -1006.457       11.448   458.9     -0.268      1.070      1.399     -0.416      0.144      0.425
178.8000       -995.287    -1007.848       12.562   503.5     -0.038      0.887      0.130     -0.635     -0.181      0.113
179.0000       -996.638    -1008.877       12.239   490.6     -0.643     -0.237      0.128     -0.301      0.392     -0.179
179.2000       -996.642    -1008.735       12.093   484.7      0.683      0.165     -0.971     -0.322      0.445     -0.067
179.4000       -996.772    -1008.170       11.398   456.9     -0.320      0.214      0.922      0.065      0.194     -0.081
179.6000       -995.480    -1006.250       10.770   431.7     -0.055     -0.112      0.601      0.078     -0.485      0.438
179.8000       -994.096    -1006.473       12.377   496.1      0.698      0.188      0.526      0.049      0.040     -0.233
180.0000       -994.300    -1006.783       12.483   500.4     -0.325      1.175     -0.682     -0.276      0.104     -0.224
180.2000       -994.937    -1007.811       12.874   516.0      0.674      0.352      0.492      0.639      0.414     -0.880
180.4000       -994.637    -1007.532       12.894   516.9      1.346     -0.629     -0.537      0.184     -0.159     -0.418
180.6000       -996.179    -1008.152       11.973   479.9      0.249     -1.005     -0.272     -0.091      0.130     -0.016
180.8000       -995.421    -1007.434       12.012   481.5      0.472      0.972      0.551     -0.036     -0.799     -0.610
181.0000       -995.317    -1007.030       11.713   469.5      0.050      0.160      0.433     -0.240     -0.181      0.334
181.2000       -995.352    -1006.263       10.911   437.3      0.531      1.676      0.947      0.549      0.565     -0.664
181.4000       -994.411    -1006.902       12.492   500.7      0.759      0.867      0.871      0.582     -0.344     -0.703
181.6000       -996.297    -1008.761       12.464   499.6     -0.817      0.787     -0.905     -0.445     -0.455     -0.777
181.8000       -995.663    -1008.058       12.394   496.8      1.206      0.334     -0.485     -0.462     -0.445      0.215
182.0000       -995.239    -1006.633       11.394   456.7      0.797      0.215     -0.373      0.616     -0.006     -0.007
182.2000       -994.758    -1007.816       13.058   523.4      0.173      0.892      0.496     -0.017     -0.118     -0.801
182.4000       -994.838    -1006.910       12.072   483.9     -0.956     -0.530     -0.201      0.279      0.556     -0.073
182.6000       -996.430    -1008.492       12.062   483.5     -0.057     -0.720     -0.005     -0.006      0.134     -0.166
182.8000       -996.993    -1008.634       11.641   466.6     -0.159     -0.611      0.232     -0.313     -0.425     -0.031
183.0000       -997.191    -1008.466       11.275   452.0     -0.025      0.234      0.610      0.736      0.567      0.182
183.2000       -996.529    -1007.960       11.431   458.2     -0.461      0.090      0.143     -0.380     -0.326     -0.610
183.4000       -996.914    -1008.104       11.190   448.5      0.948      0.820      0.935      0.313     -0.055      0.400
183.6000       -996.307    -1007.948       11.641   466.6      1.244      0.639     -1.009      0.557      0.202     -0.518
183.8000       -996.127    -1007.402       11.275   452.0     -0.338      1.326      1.516      0.274     -0.023      0.040
184.0000       -995.060    -1007.514       12.453   499.2     -0.571      0.135      0.152     -0.474     -0.245      1.435
184.2000       -996.230    -1007.849       11.619   465.8     -0.691     -1.398     -0.571     -0.409      0.381      0.117
184.4000       -996.852    -1006.933       10.082   404.1      0.023      0.193      0.481     -0.369     -0.055      0.056
184.6000       -997.190    -1008.037       10.847   434.8      0.420      1.512      0.181     -0.326      0.421     -0.133
184.8000       -996.549    -1008.185       11.636   466.4     -0.065     -0.224     -0.347      0.433      0.401      0.700
185.0000       -996.392    -1008.670       12.278   492.2      0.357      0.733      0.161      0.562     -0.092     -0.429
185.2000       -995.938    -1008.813       12.875   516.1      0.101      0.963      0.717      0.133      0.159     -0.764
185.4000       -994.662    -1006.464       11.802   473.1      1.002      0.581      0.298     -0.145     -0.867     -0.054
185.6000       -994.370    -1007.450       13.080   524.3     -0.160      0.608     -0.118      0.134     -0.200      0.741
185.8000       -995.037    -1007.237       12.200   489.0      0.261      0.334     -0.702      0.171      0.465     -0.173
186.0000       -996.397    -1008.064       11.667   467.7      0.134     -0.756      0.440      0.800     -0.753     -0.214
186.2000       -995.886    -1008.156       12.270   491.8      0.369      2.004      1.594     -0.033     -0.293      0.278
186.4000       -995.652    -1008.220       12.568   503.8      0.961     -0.526      0.212      0.204      0.104      1.237
186.6000       -995.776    -1007.370       11.594   464.7      0.572      0.691      0.382      0.230     -0.039      0.526
186.8000       -995.538    -1007.639       12.101   485.1     -0.125     -1.158     -0.656     -0.060     -0.197     -0.140
187.0000       -993.968    -1006.110       12.142   486.7      0.447      1.134      0.735      0.016      0.118      0.224
187.2000       -993.139    -1005.653       12.514   501.6     -0.067      0.052      0.344     -0.884      0.453      1.023
187.4000       -993.506    -1006.470       12.964   519.7      0.542      0.073     -1.070     -0.284     -0.521      0.262
187.6000       -992.989    -1007.022       14.032   562.5      0.060     -0.444     -0.424     -0.267      0.155      0.769
187.8000       -993.509    -1006.670       13.161   527.6     -0.171      0.600      0.397      0.546      1.018      0.329
188.0000       -993.990    -1007.046       13.056   523.3     -0.124     -0.206     -0.840      0.721     -0.572      0.581
188.2000       -994.987    -1006.436       11.449   458.9      0.293      1.004     -1.218      0.139     -0.061      0.182
188.4000       -993.978    -1007.119       13.141   526.7      0.453      0.415      1.169      0.322     -0.272     -0.193
188.6000       -995.020    -1006.645       11.625   466.0     -0.922      0.545     -0.780      0.105      0.892      0.181
188.8000       -993.810    -1006.251       12.441   498.7      0.603     -0.273     -0.062     -0.447      0.144     -0.328
189.0000       -993.959    -1006.036       12.078   484.1      0.049      0.483     -0.387      0.086      0.018     -0.345
189.2000       -993.927    -1006.357       12.430   498.2     -1.129      0.339     -1.468     -0.075      1.019     -0.209
189.4000       -993.961    -1007.305       13.344   534.9     -0.131     -0.003      0.353      0.128     -0.032     -0.312
189.6000       -994.855    -1007.595       12.740   510.7      1.563     -0.182     -0.054      0.219      0.227     -0.201
189.8000       -993.488    -1005.283       11.795   472.8      0.608      1.155      1.264     -1.057      0.097     -0.306
190.0000       -994.879    -1006.665       11.785   472.4      0.474     -0.509      0.443      0.891     -0.175      0.268
190.2000       -994.345    -1006.939       12.594   504.8     -0.014     -0.314      0.564      0.485     -0.791     -0.040
190.4000       -994.919    -1007.580       12.661   507.5      0.059     -0.018      0.665     -0.417     -0.443     -0.115
190.6000       -996.167    -1007.118       10.951   439.0      0.327     -0.579     -0.597     -0.097      0.284     -0.129
190.8000       -997.350    -1009.054       11.704   469.1     -0.224      0.944      0.399      0.227     -0.153     -0.024
191.0000       -996.006    -1008.499       12.492   500.8     -0.382     -0.447     -0.238     -0.822      0.365      0.037
191.2000       -994.085    -1006.974       12.889   516.7     -0.040      0.259      0.272     -0.611     -0.153      0.014
191.4000       -994.706    -1007.745       13.038   522.6      0.447     -0.993      0.815      0.304     -0.012     -0.185
191.6000       -994.643    -1007.571       12.928   518.2      1.115      0.136      0.477     -0.384     -0.055      0.570
191.8000       -993.814    -1007.090       13.276   532.2      0.845      0.968      0.749      0.662      0.428      0.355
192.0000       -994.760    -1007.139       12.378   496.2      0.449     -0.805      0.012     -0.279      0.387     -0.499
192.2000       -993.982    -1006.919       12.937   518.6      0.355     -0.692     -0.334     -0.043     -1.091     -0.023
192.4000       -994.551    -1007.090       12.539   502.6     -0.397     -0.436     -0.600      0.048     -0.056     -0.185
192.6000       -994.312    -1006.930       12.618   505.8      1.064      1.016      0.793     -0.058     -0.245     -0.584
192.8000       -994.209    -1007.288       13.080   524.3     -0.553     -0.236     -0.061     -0.205      0.852     -0.002
193.0000       -994.597    -1007.180       12.583   504.4      0.105     -0.029     -0.177      0.450      0.239     -0.351
193.2000       -993.206    -1006.175       12.969   519.9      0.567      1.067      0.785      0.355     -0.168      0.146
193.4000       -991.935    -1006.264       14.329   574.4     -1.019     -0.830     -0.301     -0.073      0.076      0.305
193.6000       -992.691    -1007.336       14.645   587.0     -1.435     -0.254     -0.758     -0.026      0.337     -0.782
193.8000       -992.624    -1006.581       13.958   559.5     -0.699     -0.284      0.140     -0.494      0.150      0.656
194.0000       -994.335    -1006.705       12.370   495.9      0.167      0.003     -0.654     -0.003     -0.165      0.660
194.2000       -993.414    -1007.411       13.996   561.0      0.023     -0.141      1.272      0.174     -0.388      0.023
194.4000       -992.791    -1006.688       13.896   557.0     -0.201      1.104      0.230      0.027      0.303      0.437
194.6000       -993.606    -1006.657       13.051   523.1     -1.003      0.939      1.275      0.388      0.084      0.003
194.8000       -993.598    -1006.635       13.037   522.6      0.485     -0.474     -0.115      0.364      0.350      0.157
195.0000       -994.636    -1006.840       12.204   489.2     -0.042     -0.013     -0.043     -0.536     -0.328     -0.392
195.2000       -994.341    -1005.918       11.578   464.1      0.025     -1.361      0.921      0.302     -0.175     -0.252
195.4000       -994.169    -1006.949       12.780   512.3      0.205     -0.134     -0.680      0.089     -0.099      0.003
195.6000       -994.799    -1007.155       12.356   495.3      0.623     -0.013      0.347      0.048     -0.472      0.076
195.8000       -994.230    -1007.313       13.082   524.4      0.753     -0.558     -0.382      0.194      0.168     -0.113
196.0000       -993.246    -1005.581       12.335   494.5     -0.407      0.698      0.220      0.197     -0.389     -0.402
196.2000       -993.454    -1006.151       12.697   508.9      0.969      0.651      1.063     -0.108      0.634      0.230
196.4000       -992.430    -1005.236       12.806   513.3     -0.213      1.095      1.199      0.255      0.209      0.037
196.6000       -991.006    -1004.131       13.126   526.1      0.018     -0.369      0.438      0.617     -0.505      0.131
196.8000       -992.421    -1005.480       13.059   523.5      0.404      0.746     -0.059     -0.447      0.103      0.067
197.0000       -994.656    -1008.029       13.374   536.1     -0.059     -0.297     -0.611      0.569      0.576     -0.549
197.2000       -992.729    -1005.021       12.292   492.7     -1.919     -1.252      0.587      0.482      0.281     -0.573
197.4000       -992.652    -1005.585       12.933   518.4      0.972      0.968      0.885     -0.025      0.683     -1.090
197.6000       -992.948    -1006.642       13.695   549.0     -0.713     -1.557      0.457      0.110      0.007     -0.726
197.8000       -992.635    -1005.224       12.588   504.6      0.054      0.481     -0.537      0.318      0.039     -0.181
198.0000       -993.353    -1006.768       13.414   537.7      0.267     -0.036      0.112     -0.303     -0.053      0.002
198.2000       -992.669    -1005.858       13.189   528.7     -0.733     -0.028      0.007      0.135     -0.071     -0.475
198.4000       -993.958    -1006.032       12.075   484.0      1.103      0.610      1.366     -0.043     -0.125     -0.596
198.6000       -994.716    -1007.117       12.400   497.1      0.414     -0.653     -2.179      0.533     -0.031     -0.403
198.8000       -995.327    -1007.496       12.170   487.8     -0.041     -1.303      0.712     -0.096      0.669      0.173
199.0000       -994.624    -1007.284       12.660   507.5      1.120     -0.089      1.192     -0.185      0.246      0.518
199.2000       -995.566    -1006.880       11.314   453.5      0.990      0.082      0.744     -0.041      0.315      0.010
199.4000       -994.015    -1006.588       12.573   504.0      0.041     -0.383      0.966     -0.353      0.115     -0.109
199.6000       -993.164    -1006.388       13.224   530.1      1.434      1.312      0.778      0.240      0.345     -0.249
199.8000       -992.751    -1006.935       14.183   568.5      0.584      1.032      0.291      0.207     -0.387     -0.230
200.0000       -993.346    -1007.230       13.884   556.5     -0.050     -1.088      0.184     -0.061      0.445      0.038
200.2000       -994.735    -1007.433       12.697   509.0      0.352      0.557      0.084      0.439      0.020      0.483
200.4000       -995.415    -1006.599       11.183   448.3      2.250      0.376      1.371      0.403      0.719      0.223
200.6000       -995.911    -1007.292       11.381   456.2     -0.471     -0.150      0.090     -0.169     -0.695     -0.207
200.8000       -994.723    -1006.506       11.783   472.3      1.235      0.829      1.239     -0.654      0.403     -0.761
201.0000       -995.114    -1006.960       11.845   474.8     -0.677      0.508      0.173     -0.635      0.944     -0.728
201.2000       -995.120    -1007.290       12.171   487.9     -0.221     -0.093      0.391     -0.583      0.160     -0.576
201.4000       -995.110    -1007.743       12.633   506.4      0.756      1.717     -0.089     -0.618      0.251     -0.650
201.6000       -993.624    -1007.294       13.670   548.0      0.545     -0.854      0.751      0.266     -0.213      0.068
201.8000       -994.519    -1006.946       12.426   498.1      0.480      0.822     -0.363     -0.484     -0.359     -0.194
202.0000       -994.384    -1007.150       12.766   511.7      0.060      0.185      0.497     -0.394      0.084      0.443
202.2000       -995.131    -1007.797       12.666   507.7     -0.779      0.701     -0.801      0.856      0.257      0.363
202.4000       -995.402    -1007.776       12.374   496.0     -0.146      0.419     -0.082      0.747      0.677     -1.036
202.6000       -995.781    -1007.300       11.518   461.7      1.699      0.934      1.431     -0.190      0.138     -0.528
202.8000       -995.628    -1006.570       10.942   438.6      1.279      0.423      0.812     -0.116      0.687      0.049
203.0000       -995.581    -1007.279       11.698   468.9     -0.354      0.395      0.355      0.067      0.647     -0.006
203.2000       -994.705    -1006.988       12.283   492.4     -0.621     -2.056     -0.069     -0.158      0.034      0.074
203.4000       -996.185    -1006.786       10.601   424.9      0.252     -0.888      0.210      0.592      0.493     -0.046
203.6000       -995.743    -1007.291       11.548   462.9     -0.025      1.291     -0.110      0.168     -0.126      0.542
203.8000       -994.470    -1006.347       11.877   476.1      0.051      0.847      0.352     -0.169      0.124     -0.347
204.0000       -993.705    -1005.464       11.760   471.4     -0.540     -0.011      1.067      0.154     -0.052      0.153
204.2000       -993.743    -1006.209       12.466   499.7      0.319     -1.234      0.030     -0.479      0.028     -0.566
204.4000       -994.659    -1006.563       11.904   477.2     -0.204      0.528     -0.988     -0.865      0.088     -0.722
204.6000       -994.927    -1007.862       12.935   518.5     -0.295     -0.554     -0.249      0.367     -0.190     -0.076
204.8000       -995.300    -1007.319       12.019   481.8      0.546      0.004      0.100     -0.387     -0.035     -0.794
205.0000       -995.948    -1007.452       11.504   461.2      1.629     -0.217      0.511      0.106      0.372      0.287
205.2000       -996.537    -1008.122       11.585   464.4      0.189     -0.463     -0.413     -0.430      0.058      0.372
205.4000       -996.107    -1007.622       11.515   461.6      0.166     -0.715     -0.379      0.033      0.247     -0.177
205.6000       -996.224    -1008.007       11.783   472.3      0.445      1.857      0.782     -0.566      0.140     -0.688
205.8000       -995.795    -1007.120       11.326   454.0     -0.330     -0.283     -0.862      0.756      0.975     -0.708
206.0000       -996.511    -1007.793       11.282   452.2      0.310     -0.258      0.486     -0.082      0.174     -0.041
206.2000       -994.925    -1007.413       12.488   500.6      0.128     -0.425      1.115     -0.070     -0.031      0.127
206.4000       -995.065    -1006.436       11.371   455.8      1.497     -0.419      0.189     -0.605     -0.043      0.081
206.6000       -995.410    -1006.621       11.211   449.4      0.069     -0.358     -0.697      0.746     -0.119     -0.454
206.8000       -994.958    -1007.456       12.498   501.0      0.749      1.482      0.800     -0.764      0.807     -0.263
207.0000       -994.088    -1007.011       12.923   518.0     -0.637      0.632      1.089     -0.231      0.489     -0.266
207.2000       -994.030    -1007.083       13.054   523.3      0.513     -0.412      0.016      0.774      0.598      0.027
207.4000       -995.103    -1007.680       12.576   504.1      0.487      0.172      0.446      0.274     -0.733     -0.033
207.6000       -995.344    -1008.579       13.234   530.5     -0.391      0.140      0.007     -0.208      0.330      0.163
207.8000       -995.431    -1006.729       11.297   452.8      0.208      0.280      0.470     -0.487     -0.466     -0.387
208.0000       -994.785    -1007.746       12.961   519.5     -0.728      0.873     -0.775      0.373     -0.075     -0.085
208.2000       -993.192    -1006.696       13.504   541.3      0.016      0.805     -0.230     -0.101      0.080      0.251
208.4000       -994.195    -1007.202       13.007   521.4      0.064      0.141     -0.503      0.080      0.032      0.218
208.6000       -994.272    -1007.381       13.110   525.5     -0.920      0.135     -0.317      0.386      0.232     -0.335
208.8000       -994.104    -1007.240       13.136   526.6      1.185     -0.331     -0.450      0.269     -0.661     -0.541
209.0000       -994.702    -1006.987       12.285   492.4     -0.690      0.350     -0.983      0.594      0.080      0.227
209.2000       -994.763    -1007.353       12.590   504.7     -1.301      0.509      0.450     -0.049      0.221      0.323
209.4000       -994.445    -1006.549       12.105   485.2      0.257      0.980      0.022     -0.328     -0.183      0.171
209.6000       -994.472    -1007.554       13.082   524.4     -0.258      0.039      0.558      0.006     -0.089     -0.581
209.8000       -994.717    -1006.571       11.854   475.2     -0.088      0.352     -0.086      0.100     -0.467     -0.186
210.0000       -994.370    -1007.442       13.072   524.0      0.001      0.985      0.816     -0.216     -0.018      0.330
210.2000       -993.662    -1006.103       12.441   498.7      0.179      0.867      0.302     -0.105     -0.208      0.047
210.4000       -993.835    -1006.337       12.502   501.1     -0.189      0.176      0.871      1.475      0.089      0.239
210.6000       -993.459    -1006.539       13.080   524.3     -0.828     -0.984     -0.178      0.325      0.526     -0.155
210.8000       -993.172    -1006.166       12.994   520.8     -0.140     -0.489     -1.508     -0.332     -0.206      0.173
211.0000       -993.171    -1006.308       13.137   526.6      0.232      1.350      1.264     -0.581      0.386     -0.527
211.2000       -994.912    -1006.814       11.902   477.1      0.226      0.904      0.352      0.558     -0.898     -0.022
211.4000       -993.992    -1005.476       11.484   460.3      0.238      1.775      1.211      0.524      0.146     -0.399
211.6000       -993.584    -1006.700       13.115   525.7      0.897      0.103      0.469     -0.249     -0.730      0.301
211.8000       -992.957    -1005.759       12.802   513.2     -0.852     -1.261     -0.069     -0.275      0.790      0.017
212.0000       -992.732    -1006.465       13.733   550.5      0.242      0.416      0.736      0.184      0.019     -0.641
212.2000       -993.068    -1005.635       12.567   503.7      0.313     -0.210      0.741      0.105     -0.286      0.624
212.4000       -993.536    -1006.627       13.091   524.7      0.478      0.022      0.111     -0.081      0.595     -0.309
212.6000       -992.593    -1006.679       14.086   564.6     -0.053      1.361     -0.016      0.843      0.109      0.345
212.8000       -993.374    -1005.887       12.513   501.6     -0.511      0.010      0.321     -0.069      0.537     -1.371
213.0000       -992.196    -1004.784       12.588   504.6      0.089     -0.315      0.042      0.541     -0.701      0.122
213.2000       -993.554    -1005.682       12.128   486.2      0.933     -0.852      0.646      0.019      0.222     -0.198
213.4000       -993.722    -1006.345       12.622   506.0      0.786      0.242      0.524     -0.157     -0.201     -0.009
213.6000       -993.674    -1007.037       13.363   535.7     -0.825     -0.863     -0.995      0.377     -0.054      0.143
213.8000       -994.520    -1007.670       13.150   527.1      0.194      1.216      1.420      0.614      0.329      0.026
214.0000       -994.668    -1006.865       12.197   488.9     -0.725     -0.315     -1.069      0.138      0.170      0.384
214.2000       -994.853    -1007.316       12.463   499.6     -0.601      0.144      0.683      0.166      0.034     -0.264
214.4000       -995.761    -1009.060       13.299   533.1      1.520      1.325      0.688     -0.673     -0.564     -0.224
214.6000       -994.962    -1007.652       12.690   508.7      0.694     -0.032      0.083     -0.059     -0.238     -0.268
214.8000       -995.468    -1007.593       12.125   486.0     -0.464     -0.884     -0.095      0.477      0.694     -0.754
215.0000       -994.507    -1007.088       12.581   504.3     -0.128      0.449      0.057     -0.668      0.492     -0.308
215.2000       -994.201    -1007.874       13.674   548.1      0.189     -0.290     -0.399      0.174     -0.432     -0.370
215.4000       -993.719    -1006.924       13.205   529.3      0.016      0.908      0.286     -0.516      0.270      0.921
215.6000       -994.737    -1008.240       13.503   541.3      0.058     -0.359      0.052     -0.369      0.319     -0.535
215.8000       -993.750    -1006.657       12.907   517.4      0.378      0.475     -0.661     -0.326     -0.201      0.332
216.0000       -993.243    -1007.264       14.021   562.0      0.997      1.620      0.510      0.702      0.464     -0.073
216.2000       -994.826    -1006.667       11.841   474.7     -0.687      0.574     -0.745     -0.026      0.107     -0.864
216.4000       -994.038    -1006.841       12.803   513.2     -0.538     -0.669      0.648      0.959     -0.378     -0.138
216.6000       -993.833    -1006.044       12.211   489.5     -0.701      0.157     -0.959      0.041      0.709     -0.393
216.8000       -992.419    -1006.434       14.015   561.8      0.506      0.946     -0.567      0.392     -0.822      0.030
217.0000       -992.582    -1006.091       13.509   541.5      0.694      0.235      0.467     -0.240      0.219     -0.336
217.2000       -992.219    -1005.270       13.052   523.2     -0.259     -0.204     -0.231     -0.098      0.259      0.098
217.4000       -993.846    -1006.993       13.147   527.0     -0.386     -0.038      0.421      0.706     -0.108     -0.186
217.6000       -993.540    -1006.654       13.114   525.7      0.131     -0.285     -0.010      0.251     -0.512      0.581
217.8000       -994.045    -1007.083       13.039   522.6     -1.152     -0.753     -0.599      0.074      0.099      0.087
218.0000       -993.955    -1006.781       12.827   514.2      0.273     -0.726      0.136     -0.457      0.337     -0.255
218.2000       -994.209    -1007.033       12.824   514.0      0.077      0.731     -1.089      0.122      0.837      0.372
218.4000       -993.844    -1006.563       12.719   509.8     -0.645      0.422      0.446      0.237      0.521      0.391
218.6000       -993.343    -1005.911       12.568   503.8      0.360     -0.651     -0.153     -0.278      0.048     -0.401
218.8000       -994.401    -1007.262       12.861   515.5      0.907      0.611      0.047     -0.218      0.193     -0.688
219.0000       -994.437    -1007.067       12.630   506.3     -0.140      0.372     -0.388      0.642      0.120     -0.380
219.2000       -995.774    -1007.980       12.205   489.2      0.050      0.979      0.445     -0.180     -0.132     -0.287
219.4000       -994.715    -1006.610       11.896   476.8      0.140     -0.632      0.129      0.292      0.500      0.830
219.6000       -993.699    -1005.631       11.932   478.3      0.575      1.071      1.444     -0.385     -0.167     -0.289
219.8000       -994.974    -1007.426       12.453   499.2      0.885      0.413      0.005     -0.352     -0.237      0.298
220.0000       -995.431    -1008.185       12.754   511.2     -0.603      0.806     -0.309      0.406      0.410      0.107
220.2000       -995.620    -1007.370       11.750   471.0      0.097      1.135     -0.471      0.535      0.366     -0.732
220.4000       -994.663    -1006.757       12.093   484.8     -0.432     -0.715      0.714      0.283     -0.370      0.106
220.6000       -994.313    -1007.709       13.396   537.0      1.106      0.158      0.322     -0.211      0.262     -0.253
220.8000       -995.508    -1007.967       12.459   499.4     -0.173      0.379      0.647     -0.289      0.614      0.770
221.0000       -994.391    -1007.545       13.154   527.3      0.156      0.072     -0.909     -0.320      0.892      0.627
221.2000       -995.337    -1007.505       12.169   487.8      0.736      1.326      0.433      0.151     -0.347     -0.338
221.4000       -995.930    -1008.212       12.281   492.3      0.400      1.530      1.222      0.398      0.033      0.001
221.6000       -995.787    -1007.878       12.091   484.7      0.267      0.642      0.224      0.349     -0.965      0.826
221.8000       -995.658    -1007.455       11.798   472.9     -0.186      1.187     -0.032      0.235      0.166      0.093
222.0000       -994.654    -1006.271       11.617   465.7     -0.200      0.698      0.377      0.076     -0.230      0.077
222.2000       -994.585    -1007.429       12.844   514.8      1.112      0.326      0.508     -0.221      0.305     -0.312
222.4000       -995.978    -1008.756       12.778   512.2     -1.087      0.306     -0.490      0.365      0.321      0.141
222.6000       -995.562    -1008.494       12.933   518.4      0.569     -0.292     -0.317      0.025     -0.050     -0.325
222.8000       -995.884    -1007.807       11.923   477.9     -1.803     -1.146     -0.733      0.835      0.413     -0.023
223.0000       -994.738    -1007.130       12.392   496.7     -0.647      0.363     -0.500      0.457     -0.072     -0.132
223.2000       -994.601    -1006.712       12.111   485.5      0.821     -0.080      0.109      0.120      0.357     -0.491
223.4000       -993.671    -1005.697       12.026   482.0      0.622      0.377      0.050     -0.601     -1.220     -0.187
223.6000       -995.205    -1007.045       11.840   474.6      1.096     -0.504      0.505      0.537      0.579     -0.120
223.8000       -995.093    -1006.772       11.679   468.1     -0.048     -0.443      0.222     -0.093      0.311      0.033
224.0000       -994.723    -1007.803       13.080   524.3      0.413     -1.324      0.526      0.107      0.369      0.138
224.2000       -994.401    -1006.818       12.417   497.7      0.502     -0.431      0.418      0.755     -0.077      0.180
224.4000       -995.128    -1007.981       12.853   515.2     -0.169     -0.467     -0.851      0.796     -0.017     -0.178
224.6000       -996.073    -1007.789       11.715   469.6      0.662      0.511      0.235      0.072     -0.136     -0.244
224.8000       -996.829    -1008.366       11.537   462.4      0.249      1.075      0.812      0.162     -0.097      0.036
225.0000       -996.881    -1008.071       11.190   448.6     -0.134      0.545     -0.734     -0.204     -0.512      0.379
225.2000       -996.141    -1008.463       12.322   493.9      0.865     -0.055      1.309     -0.242      0.661      0.181
225.4000       -995.542    -1007.539       11.997   480.9     -0.224     -0.461     -0.086      0.175     -0.204      0.061
225.6000       -996.111    -1007.536       11.426   458.0     -0.129      0.640      0.169      0.100      0.218     -0.016
225.8000       -995.779    -1007.047       11.268   451.7     -0.652      1.311      1.110      0.022     -0.293      0.684
226.0000       -995.567    -1007.031       11.464   459.5      0.200      0.038      0.877     -0.340      0.571      0.281
226.2000       -996.122    -1008.360       12.238   490.6      0.534      0.925      0.066      0.340     -0.195      0.030
226.4000       -994.695    -1006.368       11.674   467.9     -0.344      0.547     -0.557      0.146      0.367      0.244
226.6000       -993.477    -1006.668       13.192   528.8     -0.572     -0.095     -0.584     -0.289      0.282     -0.081
226.8000       -994.003    -1006.906       12.903   517.2     -0.519      1.501      0.181      0.496     -0.641      0.944
227.0000       -993.373    -1006.474       13.101   525.1     -0.005      0.601      0.036      0.381      0.186     -0.356
227.2000       -992.360    -1006.713       14.353   575.3     -0.856      0.454     -0.960      0.047     -0.381     -0.726
227.4000       -992.659    -1005.836       13.177   528.2     -0.067      0.695     -0.463      0.162     -0.552     -0.988
227.6000       -994.847    -1006.841       11.994   480.8     -0.298      1.095     -0.286      0.648     -0.273      0.577
227.8000       -994.790    -1007.328       12.537   502.6      0.026      0.214      0.658      0.102     -0.285      0.627
228.0000       -995.068    -1007.327       12.259   491.4      0.626     -0.507     -0.426      0.213      1.208      0.114
228.2000       -993.995    -1006.437       12.443   498.8      0.645     -0.323      0.329      0.057      0.173     -0.195
228.4000       -993.747    -1006.398       12.651   507.1      1.121      0.151      0.774     -0.270     -0.780     -0.529
228.6000       -994.848    -1007.424       12.577   504.1      0.128      0.403      0.708      0.089     -0.257     -0.267
228.8000       -993.976    -1007.509       13.533   542.5     -0.463     -0.658     -0.137      0.334     -0.390     -0.401
229.0000       -994.126    -1006.602       12.475   500.1     -0.989      1.205      0.046     -0.198     -0.034     -0.850
229.2000       -995.979    -1008.266       12.287   492.5     -0.046      0.110      0.028      0.510      0.080      0.735
229.4000       -995.172    -1007.243       12.071   483.9      0.573      0.053      0.028      0.123      0.310     -1.235
229.6000       -994.421    -1006.110       11.689   468.6     -0.283      0.812      0.953     -0.395     -0.407     -0.206
229.8000       -994.797    -1008.029       13.232   530.4      0.338      0.953      0.032      0.230      0.697     -0.107
230.0000       -994.640    -1006.572       11.932   478.3     -0.859     -0.620     -0.227      0.419     -0.289      0.175
230.2000       -994.560    -1006.778       12.218   489.8      0.017     -0.367     -0.163     -0.334      0.512      0.643
230.4000       -994.203    -1007.502       13.300   533.1      0.346     -1.030     -0.145     -1.143     -0.353     -0.269
230.6000       -995.588    -1007.305       11.717   469.7      1.105      0.972      1.033      0.195      0.488     -0.213
230.8000       -995.252    -1007.602       12.349   495.0      1.193      0.442      0.771      0.599     -0.587     -0.352
231.0000       -997.640    -1008.618       10.979   440.1      0.399      1.130      1.269     -0.361     -0.316     -0.553
231.2000       -997.238    -1008.362       11.123   445.9      0.859      1.580      1.114      0.361     -0.257      0.732
231.4000       -996.054    -1007.970       11.916   477.6      0.666      1.060      0.210     -0.275      0.427     -0.919
231.6000       -995.419    -1007.161       11.742   470.7     -0.964     -0.006      0.804      0.221      0.290     -0.617
231.8000       -994.903    -1008.620       13.718   549.9      0.516     -0.644     -0.839     -0.480      0.123     -0.255
232.0000       -993.416    -1006.137       12.720   509.9      0.549      0.249     -0.562      0.766      0.527     -0.229
232.2000       -995.331    -1007.664       12.333   494.4      0.451     -0.377      1.507      0.642     -0.201      0.373
232.4000       -995.851    -1009.059       13.208   529.4     -0.320      0.151     -0.463     -0.571      0.438      0.204
232.6000       -994.447    -1007.908       13.461   539.6     -0.832     -1.264     -0.195     -0.013      0.896      0.635
232.8000       -995.829    -1007.678       11.848   474.9     -0.820      1.383      0.319      0.449      0.542     -0.564
233.0000       -995.817    -1008.378       12.561   503.5      0.570     -0.421     -0.970      0.426     -0.022     -0.468
233.2000       -995.178    -1006.955       11.777   472.1      1.325      1.886      1.116     -0.332     -0.202      0.306
233.4000       -995.029    -1007.282       12.252   491.1      1.579      0.549      1.126     -0.551     -0.768     -0.652
233.6000       -996.637    -1007.859       11.223   449.9      2.034      0.925      1.297      0.262     -0.334      0.583
233.8000       -994.552    -1007.829       13.277   532.2      0.486     -0.329      1.427     -0.090     -0.110     -0.414
234.0000       -995.015    -1007.348       12.333   494.4      0.549      0.375      0.436     -0.059     -0.655     -0.509
234.2000       -993.463    -1007.819       14.357   575.5      1.552      0.002      0.252     -0.088     -0.365     -0.216
234.4000       -994.658    -1007.475       12.816   513.7      0.486      0.764      2.302      0.219     -0.344      0.512
234.6000       -994.674    -1007.264       12.590   504.7      0.287      0.664      0.686     -0.464     -0.291      0.008
234.8000       -994.692    -1007.714       13.022   522.0      0.515      0.613     -0.146      0.312      0.772     -0.426
235.0000       -996.336    -1008.142       11.806   473.2      1.562      0.208      0.152      0.048      0.192     -0.223
235.2000       -995.877    -1008.113       12.236   490.5      0.303     -0.382      0.253     -0.255     -0.344     -0.205
235.4000       -994.601    -1007.646       13.046   522.9      1.048      1.229      0.666     -0.334      0.501     -0.305
235.6000       -994.837    -1007.728       12.891   516.7      0.283      1.066      0.413      0.208     -0.028     -0.146
235.8000       -994.908    -1007.104       12.196   488.9     -0.273     -0.875      0.240      0.108      0.117     -0.453
236.0000       -995.815    -1008.115       12.300   493.0      0.320      0.770      0.999      0.451      0.244      0.125
236.2000       -993.965    -1007.850       13.885   556.6      0.736     -0.860     -0.263      0.106     -0.420      0.135
236.4000       -994.128    -1007.345       13.217   529.8      0.048     -0.683      0.861      0.666     -0.552      0.452
236.6000       -992.715    -1006.224       13.509   541.5     -0.152      0.992      0.740     -0.113     -0.075      0.352
236.8000       -993.116    -1005.389       12.273   491.9     -0.398     -1.159     -0.147      0.714     -0.750     -0.317
237.0000       -992.951    -1005.444       12.493   500.8      0.304      1.326      0.234     -0.214     -0.009     -0.651
237.2000       -994.377    -1007.730       13.353   535.3     -0.514     -0.834     -0.333     -0.394      0.215     -0.213
237.4000       -994.700    -1006.981       12.281   492.3     -0.085      0.363     -0.587      0.666     -0.110     -0.345
237.6000       -996.200    -1008.735       12.536   502.5      1.085      2.153      0.803     -0.727      0.334      0.187
237.8000       -995.234    -1007.477       12.243   490.8      1.337     -0.616     -0.211     -0.368      0.863     -0.296
238.0000       -994.691    -1008.465       13.774   552.1      0.127     -0.086      0.171      0.846     -0.019      0.555
238.2000       -995.272    -1007.529       12.257   491.3      0.879      0.712     -0.116      0.211     -0.015      0.017
238.4000       -994.051    -1007.047       12.997   521.0      0.588     -1.421     -0.176     -0.279      0.536      0.317
238.6000       -994.147    -1006.667       12.520   501.9      0.123     -0.914     -0.724      0.287     -0.520      0.829
238.8000       -995.496    -1007.737       12.241   490.7      0.326      0.675      0.151     -0.197     -0.427      0.664
239.0000       -996.106    -1008.001       11.894   476.8     -0.224     -1.176     -0.541      0.272     -0.341      0.665
239.2000       -995.243    -1007.546       12.304   493.2      0.474      0.395      0.317     -0.178      0.006      0.274
239.4000       -994.193    -1007.464       13.271   532.0      0.819      0.606      0.923      0.255      0.417      0.213
239.6000       -994.099    -1008.313       14.214   569.7     -0.170     -0.339      0.016     -0.064      0.101      0.624
239.8000       -993.818    -1006.893       13.076   524.1     -0.412     -0.051      0.579     -0.304      0.304     -0.467
240.0000       -994.016    -1006.626       12.610   505.5     -0.626     -0.425     -0.514      0.229     -0.498      0.906
240.2000       -993.584    -1006.218       12.633   506.4      0.753      0.514      0.677     -0.407     -0.069     -0.456
240.4000       -993.846    -1006.819       12.973   520.0     -0.304      0.100      0.284      0.260      1.112      0.228
240.6000       -994.572    -1007.728       13.156   527.4     -0.075      0.393     -0.772     -0.270     -0.166     -0.033
240.8000       -994.614    -1007.739       13.125   526.1      0.086     -0.232     -0.231      0.722     -0.188     -0.134
241.0000       -994.669    -1007.189       12.520   501.9     -0.916     -0.574      0.422     -0.069     -0.793      0.191
241.2000       -993.327    -1005.802       12.475   500.1      0.985      0.313     -0.250     -0.043     -0.499      0.711
241.4000       -994.094    -1006.066       11.971   479.9     -0.072      0.590     -0.378     -0.074      0.238     -0.293
241.6000       -993.952    -1007.083       13.131   526.3     -0.127      1.567      0.298     -0.323     -0.291      1.057
241.8000       -994.575    -1007.404       12.828   514.2      1.220      1.284      1.866     -0.752      0.455      0.451
242.0000       -995.908    -1009.311       13.403   537.2      0.047      0.569      0.012      0.463      0.333      0.290
242.2000       -996.809    -1008.931       12.123   485.9     -0.210     -0.304      0.404      0.340      0.199     -0.305
242.4000       -997.576    -1008.282       10.707   429.2     -0.267      1.089      0.347      0.588      0.351      0.171
242.6000       -996.904    -1008.549       11.645   466.8      1.283      0.592     -0.539      0.499     -0.048      0.083
242.8000       -996.682    -1008.434       11.752   471.1     -0.511     -0.125     -1.159      0.318      0.117      0.402
243.0000       -995.841    -1008.229       12.388   496.6      0.355      0.123      0.152      0.111     -0.610      0.584
243.2000       -994.461    -1007.653       13.192   528.8     -0.400      0.258     -0.989     -0.035      0.333      0.236
243.4000       -993.474    -1006.435       12.962   519.6      1.044      0.351      0.347     -1.094      0.212      0.200
243.6000       -995.047    -1007.317       12.270   491.8     -0.616     -0.070     -0.340     -0.096     -0.058      0.237
243.8000       -993.567    -1006.523       12.955   519.3      0.459     -0.150      0.270      0.222      0.136     -0.132
244.0000       -993.386    -1006.792       13.405   537.4      0.041      0.713     -0.581      0.029     -0.000      0.382
244.2000       -993.175    -1006.080       12.905   517.3      0.584     -0.344      0.457     -0.748      0.187      0.364
244.4000       -992.560    -1007.560       15.000   601.3      0.133     -0.860     -0.496      0.523     -0.109     -0.398
244.6000       -993.697    -1007.090       13.392   536.8     -0.107      0.473      0.023      0.275      0.371     -0.106
244.8000       -994.392    -1007.029       12.638   506.6      0.973     -0.347     -0.423      0.520      0.435     -0.492
245.0000       -995.138    -1006.672       11.534   462.3     -0.823      0.352     -0.293      0.248     -0.299     -0.007
245.2000       -995.912    -1007.450       11.538   462.5     -0.273     -0.643     -0.497     -0.011     -0.153      0.209
245.4000       -996.268    -1008.859       12.590   504.7      0.969      1.100      0.440      0.059     -0.425     -0.113
245.6000       -996.512    -1007.981       11.469   459.7     -0.205      0.622      0.361     -0.131     -0.299      0.464
245.8000       -995.029    -1007.635       12.606   505.3     -0.182     -0.182      0.026      0.268      0.683      0.488
246.0000       -994.810    -1008.018       13.207   529.4     -0.429     -1.332     -0.490     -0.087     -0.249     -0.796
246.2000       -995.749    -1007.469       11.720   469.8      0.408     -0.762     -0.003      0.302      0.080     -0.125
246.4000       -994.989    -1007.897       12.907   517.4     -0.492     -0.334      0.031      0.604     -0.007     -0.163
246.6000       -994.628    -1007.344       12.716   509.7      0.237      0.230     -0.416      0.835     -0.289     -0.481
246.8000       -994.422    -1006.706       12.284   492.4      0.095      0.642     -0.269      0.132     -0.461     -0.097
247.0000       -995.192    -1007.925       12.733   510.4     -0.561     -0.069      0.063     -0.670     -0.055     -0.150
247.2000       -994.662    -1005.757       11.095   444.7     -1.019     -0.096     -0.850      0.464     -0.081     -0.340
247.4000       -994.266    -1006.227       11.962   479.5      0.150      1.464      1.468      0.215      0.087     -0.612
247.6000       -994.669    -1007.323       12.654   507.2      0.401      0.166     -0.545     -0.243      0.433      0.231
247.8000       -993.729    -1006.986       13.258   531.4      0.128      0.846      1.386      0.381      0.205     -0.177
248.0000       -993.632    -1006.175       12.543   502.8      0.011      0.325     -0.776      0.518      0.248      0.017
248.2000       -992.934    -1007.134       14.200   569.2     -0.022     -0.891      0.314     -0.944     -0.652     -0.184
248.4000       -992.877    -1006.204       13.327   534.2     -0.277      0.976      0.432      0.287     -0.413      0.362
248.6000       -994.774    -1007.171       12.397   496.9     -0.162     -0.140      0.790      0.226      0.099      0.506
248.8000       -995.624    -1008.605       12.981   520.3     -0.735     -0.661      0.431     -0.837      0.267      0.368
249.0000       -995.534    -1008.032       12.499   501.0      0.536     -0.874      0.467     -0.056      0.659      0.055
249.2000       -995.380    -1007.518       12.138   486.5      1.259      1.013      0.557     -0.335     -0.134      0.085
249.4000       -996.414    -1008.655       12.241   490.7     -0.132     -0.382      0.132      0.425      0.075     -0.583
249.6000       -996.765    -1008.921       12.156   487.3      0.092     -0.691      1.280      0.508     -0.128     -0.001
249.8000       -996.498    -1007.949       11.451   459.0      1.230      0.222      1.454      0.077      0.192      0.583
250.0000       -996.261    -1008.185       11.924   478.0     -0.194      0.022      0.384      0.317      0.407      0.835
250.2000       -995.436    -1008.557       13.121   525.9     -0.065      0.142      0.570     -0.521     -0.241     -0.431
250.4000       -996.007    -1006.599       10.592   424.6      0.663      0.271      1.376      0.951      0.161      0.078
250.6000       -995.221    -1007.239       12.018   481.7      0.057     -0.147     -0.771      0.496     -0.295     -0.291
250.8000       -995.484    -1007.441       11.958   479.3      0.717      0.859      0.273      0.324     -0.309     -0.652
251.0000       -994.847    -1008.695       13.848   555.1      0.253      0.097     -0.025      0.198     -0.111     -0.449
251.2000       -994.355    -1007.256       12.901   517.1     -0.560     -1.020     -0.688     -0.393     -0.225     -0.123
251.4000       -993.787    -1006.210       12.423   498.0     -0.823      0.014      0.606      0.197     -0.245      0.559
251.6000       -993.513    -1007.128       13.615   545.8     -0.479      0.081     -0.774     -0.426      0.520      0.217
251.8000       -993.833    -1006.904       13.071   524.0     -0.652     -0.833     -0.929     -0.158      0.442      0.270
252.0000       -996.183    -1008.330       12.147   486.9      0.568      0.407      0.702      0.314      0.217      0.453
252.2000       -997.313    -1008.860       11.547   462.9     -0.560      0.365     -0.793      0.004     -0.058     -0.346
252.4000       -996.971    -1007.891       10.920   437.7     -0.143     -0.565      0.002      0.903     -1.091     -0.130
252.6000       -996.095    -1006.975       10.880   436.1     -1.562      0.518      0.150     -0.365     -0.006     -0.172
252.8000       -996.932    -1008.696       11.764   471.6     -0.182     -0.402      0.628     -0.657      0.003     -0.160
253.0000       -997.709    -1009.082       11.373   455.9      0.556      0.862      0.858      0.024     -0.279     -0.376
253.2000       -996.636    -1008.822       12.187   488.5      0.378      0.636      0.337      0.391     -0.074      0.467
253.4000       -996.207    -1008.872       12.664   507.6      0.585      1.584      1.255     -0.185      0.037     -0.616
253.6000       -994.710    -1007.755       13.045   522.9     -0.542     -0.474      0.283      0.625     -0.049      0.003
253.8000       -994.782    -1008.691       13.909   557.5      0.011      0.144     -0.301     -0.022     -0.020      0.686
254.0000       -996.020    -1008.114       12.095   484.8      0.920      0.895      0.173      0.417      0.675     -0.813
254.2000       -995.031    -1007.079       12.048   482.9     -1.629     -0.926     -0.252     -0.429     -0.542      0.516
254.4000       -995.655    -1007.790       12.135   486.4     -0.078      0.335     -0.008     -0.007      0.514     -0.007
254.6000       -995.412    -1008.190       12.778   512.2      0.155     -0.045     -0.449      0.025      0.400     -0.312
254.8000       -996.555    -1008.329       11.774   472.0     -0.243      0.734      0.432     -0.457     -0.501     -0.216
255.0000       -995.533    -1007.318       11.785   472.4      1.336      1.080      0.354      0.733      0.103     -0.072
255.2000       -994.134    -1007.866       13.733   550.5     -0.760      0.269     -0.098     -0.038      0.522     -0.279
255.4000       -994.877    -1006.774       11.897   476.9      0.129      0.689     -0.617      0.568     -0.226     -0.857
255.6000       -996.054    -1008.066       12.012   481.5     -0.875     -0.947     -0.314     -0.378      0.003     -0.222
255.8000       -995.808    -1008.399       12.591   504.7     -0.672     -0.330     -0.323      0.142     -0.214     -0.883
256.0000       -996.919    -1008.539       11.620   465.8      0.303     -0.061     -0.177     -0.260     -0.185      0.776
256.2000       -995.380    -1007.826       12.446   498.9      1.288      1.437      1.372     -0.330     -0.049     -0.296
256.4000       -995.528    -1007.694       12.166   487.7      0.793      1.089      1.196      0.236     -0.391      0.310
256.6000       -995.210    -1007.029       11.819   473.8      0.645      1.257      1.061     -0.419      0.151      0.047
256.8000       -995.354    -1007.262       11.908   477.3      0.439      0.419     -0.006      0.026     -0.254      0.166
257.0000       -994.735    -1006.458       11.723   469.9      0.882      0.704      1.626      0.352      0.064      0.203
257.2000       -993.936    -1006.785       12.849   515.0     -0.763     -0.278      0.124      0.138      0.628      0.331
257.4000       -994.939    -1007.951       13.011   521.5      0.461     -0.296     -0.397     -0.557     -0.372      0.402
257.6000       -994.713    -1007.044       12.331   494.3     -0.082     -0.702     -0.086     -0.374     -0.624      0.559
257.8000       -995.041    -1007.573       12.532   502.3     -0.187      0.651     -0.493     -0.280     -0.544      0.230
258.0000       -992.838    -1006.944       14.106   565.4     -0.480     -0.855      0.703      0.388     -0.010      0.219
258.2000       -992.793    -1006.554       13.761   551.6     -1.046     -0.106     -0.230      0.358     -0.206     -0.143
258.4000       -993.443    -1006.447       13.004   521.2     -0.300     -0.523     -0.110     -0.105     -0.513     -0.143
258.6000       -993.537    -1005.907       12.370   495.8      1.011     -0.543     -1.224      0.369     -0.303     -0.042
258.8000       -994.597    -1007.389       12.792   512.8      0.157      0.823      0.354     -0.005      0.274     -0.330
259.0000       -994.015    -1007.362       13.347   535.0     -0.851      0.645      0.830     -0.038     -0.104     -0.411
259.2000       -992.953    -1005.736       12.783   512.4     -0.460      0.100      0.475     -0.091     -0.044      1.185
259.4000       -993.948    -1006.944       12.996   520.9     -1.144     -0.716     -0.197     -0.617     -0.484      0.328
259.6000       -994.976    -1007.363       12.387   496.5      0.563     -0.105     -0.694      0.293      0.232     -0.484
259.8000       -995.816    -1008.535       12.718   509.8      0.003      0.988      0.731     -0.110     -0.348      0.423
260.0000       -995.288    -1007.217       11.929   478.2      0.488      0.430      0.023     -0.100     -0.473     -0.264
260.2000       -996.155    -1006.638       10.483   420.2     -0.591      0.141     -0.233      0.248      0.563      0.723
260.4000       -996.044    -1007.984       11.940   478.6     -0.536      0.201     -1.023      0.419      0.255      0.339
260.6000       -995.291    -1006.705       11.414   457.5      0.137     -0.596     -0.545     -0.243      0.181      0.100
260.8000       -996.001    -1007.868       11.867   475.7      0.521      0.873     -0.279      0.015     -0.673     -0.106
261.0000       -995.242    -1008.297       13.055   523.3      0.196     -0.089     -0.346      0.353      0.718     -0.321
261.2000       -996.380    -1008.146       11.766   471.6     -0.057      0.562     -1.052     -0.241     -0.306     -0.207
261.4000       -995.280    -1007.826       12.546   502.9     -0.971      0.066     -0.318      0.449      0.496      0.459
261.6000       -995.644    -1007.957       12.313   493.5      0.155      0.718     -0.213     -0.482      0.473      0.260
261.8000       -996.465    -1007.927       11.462   459.4      0.749      0.762      0.094     -0.503      0.328      0.391
262.0000       -997.459    -1009.150       11.691   468.6      0.798      0.465      0.222      0.361      0.336      0.418
262.2000       -996.569    -1008.417       11.848   474.9      0.019      0.590     -0.205     -0.019      0.072      0.378
262.4000       -996.609    -1008.553       11.944   478.8     -0.271      1.375     -0.066      0.302      0.158     -0.188
262.6000       -995.731    -1007.655       11.923   477.9     -0.646     -0.284     -0.259     -0.748     -1.112     -0.140
262.8000       -995.395    -1007.971       12.576   504.1      0.529      0.413     -0.740      0.010      0.237      0.091
263.0000       -995.682    -1009.174       13.492   540.8      0.363      0.271     -0.170      0.017     -0.075     -0.308
263.2000       -996.347    -1008.045       11.698   468.9     -0.071      0.477      0.052      0.763      0.227      0.448
263.4000       -995.044    -1007.403       12.359   495.4     -1.046     -1.489     -0.323      0.023     -0.424      0.303
263.6000       -994.682    -1006.745       12.063   483.5     -0.210      1.058      0.739      0.506     -0.016      0.470
263.8000       -994.851    -1006.683       11.832   474.3     -0.812     -0.944     -0.183     -0.471      0.521      0.559
264.0000       -994.870    -1007.229       12.358   495.4      1.085      1.240      0.895      0.532     -0.345      0.156
264.2000       -994.274    -1007.313       13.039   522.7      0.889      1.026      0.191      0.411     -0.106      0.486
264.4000       -994.052    -1007.136       13.084   524.5      0.257     -0.415      0.410     -0.415      0.185      0.341
264.6000       -994.455    -1008.080       13.625   546.2      0.044     -0.319      0.358      0.683     -0.203     -0.470
264.8000       -994.774    -1007.461       12.687   508.6     -0.399     -0.156      0.792      0.244     -0.244     -0.660
265.0000       -996.233    -1007.601       11.368   455.7     -1.104     -0.254     -0.382     -0.021      0.124      0.086
265.2000       -996.937    -1007.931       10.995   440.7      0.852      0.051      1.004      0.287      0.294      0.177
265.4000       -996.150    -1008.043       11.893   476.7      0.157      0.258     -0.209      0.722      0.113      0.524
265.6000       -995.861    -1008.258       12.396   496.9      0.958      0.092      0.508      0.105      0.229     -0.230
265.8000       -995.924    -1008.428       12.504   501.2      0.409      0.815      1.069     -0.503      0.309      0.010
266.0000       -994.890    -1007.028       12.138   486.6     -0.167      0.373      0.573      0.320     -0.168     -1.364
266.2000       -994.656    -1006.903       12.247   490.9      0.223     -0.220      0.459      0.148      0.300      0.481
266.4000       -994.339    -1007.933       13.594   544.9     -0.731     -0.754     -0.568     -0.083     -0.739     -0.698
266.6000       -994.634    -1006.837       12.204   489.2      1.973      0.211      0.842     -0.267      0.045      0.109
266.8000       -993.481    -1006.912       13.432   538.4      0.539      0.247      1.234     -0.161      0.043      0.215
267.0000       -994.372    -1006.758       12.386   496.5      1.256      0.625      0.184      0.199      0.289      0.024
267.2000       -994.106    -1007.341       13.235   530.5     -0.949     -0.354      0.278     -0.281     -0.504      0.352
267.4000       -995.141    -1006.865       11.724   470.0     -0.421      0.069     -0.513      0.063     -0.352     -0.038
267.6000       -993.981    -1007.083       13.102   525.2      1.074      0.929      1.257      0.607     -0.089      0.189
267.8000       -993.835    -1005.567       11.732   470.3     -1.217      0.521     -1.119      0.650     -0.321      0.432
268.0000       -993.596    -1006.260       12.664   507.6      0.201     -0.508      0.366     -0.016      0.221      0.038
268.2000       -992.814    -1006.825       14.011   561.6     -0.056     -0.818     -0.298      0.215      0.208     -0.070
268.4000       -995.214    -1006.109       10.895   436.7      1.157      0.321      0.735     -0.801      0.106      0.079
268.6000       -993.646    -1005.991       12.345   494.8      0.616     -0.846      1.851      0.815     -0.272      0.261
268.8000       -994.898    -1007.414       12.516   501.7     -0.457     -1.274     -0.240      0.251     -0.153     -0.702
269.0000       -993.947    -1006.871       12.924   518.0      0.275     -0.416     -0.005     -0.229      0.239      0.252
269.2000       -995.372    -1008.051       12.679   508.2      0.307      0.436     -0.325      0.062     -0.081      0.291
269.4000       -994.583    -1007.042       12.459   499.4      0.230      0.354     -0.872     -0.492      0.396     -0.500
269.6000       -994.108    -1007.041       12.934   518.4      0.127      0.122      0.362      0.798      0.284      0.464
269.8000       -995.179    -1007.767       12.588   504.6      0.414      0.344      0.227     -0.691     -0.327      0.626
270.0000       -994.277    -1006.508       12.231   490.3     -0.468     -0.038     -0.970      0.040      0.254     -0.581
270.2000       -994.744    -1006.390       11.647   466.9      1.218      1.045      0.531      0.522     -0.207      0.069
270.4000       -994.178    -1007.828       13.651   547.2      0.104      1.341      0.554      0.100      0.020     -0.131
270.6000       -994.250    -1007.734       13.484   540.5     -0.391      1.119     -0.607      0.274     -0.320      0.052
270.8000       -993.727    -1006.201       12.474   500.0     -0.248     -0.078     -0.273     -0.665     -0.123      0.186
271.0000       -994.054    -1005.762       11.707   469.3     -0.686     -0.841      0.530      0.378      0.079      0.143
271.2000       -993.497    -1006.156       12.658   507.4     -0.004     -0.514      0.956      0.048      0.380      0.406
271.4000       -993.648    -1007.331       13.684   548.5     -1.641      0.076      0.130      0.361      0.116      0.065
271.6000       -992.947    -1006.868       13.920   558.0     -0.222      1.107      0.151     -0.085      0.457     -0.164
271.8000       -994.035    -1006.437       12.402   497.1      1.105      0.185     -0.145      0.028     -0.198      0.076
272.0000       -993.936    -1006.411       12.475   500.1     -0.097      0.139      0.022      0.774      0.230     -0.492
272.2000       -993.530    -1006.774       13.244   530.9      0.108      1.374     -0.228     -0.268      0.605      0.767
272.4000       -994.647    -1007.560       12.913   517.6      0.709      1.405     -0.562      0.236      0.230     -0.996
272.6000       -994.349    -1006.093       11.744   470.8      0.108      0.467      0.709      0.368      0.154      0.101
272.8000       -993.344    -1007.487       14.143   566.9     -0.681     -0.482     -0.674      0.148      0.258      0.561
273.0000       -994.042    -1006.683       12.641   506.7      1.912      0.563      1.023      0.189     -0.291     -0.263
273.2000       -992.568    -1006.475       13.907   557.5      0.501     -0.056     -0.878      0.382      0.249      0.564
273.4000       -992.305    -1006.003       13.697   549.1      0.642      0.758     -0.021     -0.477     -0.004      0.378
273.6000       -994.427    -1006.782       12.355   495.3      0.135     -0.410     -0.840      0.166     -0.149     -0.355
273.8000       -994.642    -1007.160       12.519   501.8     -0.191      0.189      0.120     -0.410      0.509      0.998
274.0000       -994.107    -1006.668       12.561   503.5     -0.072     -0.371     -0.378     -0.240     -0.278      0.033
274.2000       -994.538    -1006.320       11.782   472.3      0.506     -0.558      0.227     -0.728      0.325      0.266
274.4000       -994.661    -1007.016       12.356   495.3     -0.503     -0.778     -0.713      0.174      0.142     -0.130
274.6000       -994.751    -1006.978       12.226   490.1      0.668      0.192     -0.643      0.002     -0.172     -0.028
274.8000       -994.108    -1006.949       12.841   514.7     -0.036     -1.515      0.389      0.327      0.540      0.354
275.0000       -994.990    -1007.370       12.380   496.3      0.456     -0.276      0.079     -0.922      0.272      0.628
275.2000       -995.496    -1007.229       11.734   470.3     -0.998      0.554      0.690     -0.230     -0.783     -0.627
275.4000       -995.276    -1007.492       12.216   489.7     -0.057     -0.105      0.169     -0.060     -0.421     -0.231
275.6000       -995.187    -1007.990       12.802   513.2     -0.107      0.377      0.866     -0.238     -0.353      0.365
275.8000       -995.185    -1007.808       12.623   506.0     -0.210      0.343      0.641      0.217     -0.560      0.132
276.0000       -994.459    -1006.171       11.713   469.5      0.876     -0.406      0.145      0.778     -0.216      0.136
276.2000       -994.112    -1006.027       11.915   477.6      1.992      1.101      0.170      0.032     -0.181      0.546
276.4000       -993.966    -1006.285       12.319   493.8     -0.132     -0.426      0.167      0.247      0.853      0.041
276.6000       -996.202    -1007.685       11.483   460.3      0.280      0.649     -0.097      0.047      0.610     -0.659
276.8000       -997.569    -1009.263       11.693   468.7      0.187      0.742      0.270      0.226     -0.630     -0.177
277.0000       -996.239    -1007.728       11.489   460.5      0.481      0.462      0.794     -0.062     -0.063     -0.435
277.2000       -996.457    -1008.101       11.643   466.7     -0.378      0.056      0.083      0.337     -0.444      0.344
277.4000       -996.701    -1008.427       11.726   470.0      1.242      0.681      0.674      0.089      0.385     -0.011
277.6000       -994.558    -1007.160       12.601   505.1      0.145     -0.155      0.248      0.291     -0.012      0.008
277.8000       -993.715    -1006.198       12.483   500.4     -0.653     -0.172      0.313     -0.496     -0.292     -0.397
278.0000       -992.710    -1006.436       13.726   550.2     -0.498      0.013      0.110      0.077      0.321      0.166
278.2000       -992.086    -1005.857       13.771   552.0      1.352      0.872      0.610      0.203      0.073      0.105
278.4000       -994.914    -1006.327       11.414   457.5      1.177     -0.450      0.738     -0.444      0.304     -0.010
278.6000       -995.041    -1007.567       12.526   502.1      1.129     -1.621     -0.414      0.719     -0.429      0.722
278.8000       -995.150    -1006.767       11.617   465.7     -0.642     -0.625     -0.539      0.193      0.365      0.387
279.0000       -994.872    -1007.850       12.978   520.2     -0.417     -0.413     -0.027      0.088     -0.316     -0.175
279.2000       -995.585    -1007.522       11.937   478.5     -0.439     -1.039     -1.366      0.289      0.213      0.037
279.4000       -997.791    -1009.561       11.770   471.8      0.281      0.238     -0.819      0.151     -0.242     -0.291
279.6000       -996.918    -1009.059       12.140   486.6      0.024     -0.623      0.772     -0.083     -0.357      0.404
279.8000       -996.396    -1007.291       10.895   436.7     -0.181      0.860      0.015      0.195      0.136     -0.026
280.0000       -996.213    -1008.562       12.349   495.0     -0.086     -0.763      0.222      0.533     -0.105      0.722
280.2000       -995.171    -1007.217       12.046   482.9     -0.275      0.198      0.149     -0.174     -0.235     -0.237
280.4000       -995.187    -1007.340       12.153   487.2      0.173     -0.258      0.564     -0.058      0.327      0.359
280.6000       -994.828    -1007.229       12.401   497.1      0.474     -0.099      0.566      0.284      0.023      0.101
280.8000       -996.083    -1007.704       11.621   465.8     -0.222      0.195     -0.001      0.171      0.010     -0.362
281.0000       -995.267    -1007.634       12.367   495.7      0.447      0.076     -0.990      0.780      0.917     -0.321
281.2000       -995.734    -1007.436       11.703   469.1     -0.239     -0.039      0.734     -0.834     -0.255     -0.222
281.4000       -994.065    -1006.610       12.545   502.9     -0.070      0.364     -0.391     -0.269     -0.135      0.199
281.6000       -994.146    -1006.694       12.547   503.0      0.339      0.066      0.779     -0.452     -0.119      0.255
281.8000       -993.189    -1006.723       13.534   542.5      0.514      1.225     -0.150      0.295      0.684      0.162
282.0000       -994.895    -1007.053       12.159   487.4      0.449     -0.610     -0.146     -0.476      0.306     -0.412
282.2000       -995.500    -1007.118       11.618   465.7     -0.739     -0.711     -0.692      0.028     -0.565     -0.534
282.4000       -995.443    -1007.468       12.025   482.0      0.554      0.865      0.655     -0.311      0.095     -0.014
282.6000       -996.122    -1008.303       12.181   488.3      0.620     -0.008     -0.246     -0.496      0.034     -0.208
282.8000       -996.403    -1007.923       11.520   461.8      1.033      0.842      1.170      0.056      0.486      0.391
283.0000       -995.474    -1007.874       12.400   497.1      1.464     -0.761     -0.435      0.311     -0.355     -0.018
283.2000       -995.591    -1007.973       12.382   496.3     -0.909     -1.088      0.186      0.200      0.226     -0.046
283.4000       -995.791    -1007.315       11.524   461.9      2.893      0.160      0.924      0.395      0.481     -0.286
283.6000       -994.114    -1006.801       12.687   508.6     -1.183     -0.287     -0.306      0.268     -0.358      0.030
283.8000       -994.557    -1007.036       12.479   500.2      0.025      0.304     -0.253      0.507     -0.619     -0.034
284.0000       -994.852    -1007.135       12.283   492.4      0.788      0.592      0.319      0.535     -0.117     -0.065
284.2000       -995.489    -1008.151       12.662   507.5      0.511      0.601      0.475     -0.275     -0.462      0.387
284.4000       -993.797    -1007.122       13.325   534.1     -0.069     -0.554      0.318     -0.253      0.364     -0.327
284.6000       -994.090    -1006.852       12.762   511.6      1.268      0.253      0.626     -0.339     -0.363      0.549
284.8000       -993.360    -1006.247       12.886   516.5      0.963     -0.613      0.666      0.210     -0.245      0.137
285.0000       -994.739    -1007.117       12.379   496.2     -1.222     -0.131     -0.901      0.104      0.175     -0.050
285.2000       -993.149    -1006.273       13.123   526.0     -0.230      0.082      0.421      0.258      0.344     -0.108
285.4000       -992.919    -1006.090       13.171   527.9      0.444     -1.316     -1.113     -0.725      0.295      0.605
285.6000       -994.297    -1006.467       12.170   487.8      0.201      0.198      1.525      0.227      0.312     -0.779
285.8000       -995.073    -1007.672       12.599   505.0      0.552      0.189      0.932      0.018     -0.776     -0.244
286.0000       -994.406    -1006.176       11.769   471.8     -0.534      0.908     -0.820     -0.769     -0.009     -0.240
286.2000       -994.615    -1007.388       12.773   512.0      0.247     -0.959      0.268      1.038      0.361      0.290
286.4000       -996.839    -1007.931       11.091   444.6     -0.791      1.267     -0.056     -0.645      0.025      0.339
286.6000       -995.157    -1006.678       11.521   461.8      1.327      0.497      0.499      0.081     -0.192      0.381
286.8000       -995.283    -1007.168       11.885   476.4      0.556      0.713      0.054      0.183      0.268     -0.549
287.0000       -994.703    -1006.959       12.256   491.3      0.148      0.049      0.165      0.212     -0.644      0.006
287.2000       -994.608    -1007.272       12.664   507.6     -0.143      1.876      0.889     -0.807     -0.117      0.355
287.4000       -995.525    -1007.268       11.742   470.7      0.493     -0.319      0.408     -0.560      0.084      0.262
287.6000       -994.564    -1007.675       13.111   525.5      0.694      0.042     -0.172      0.153     -0.365      0.517
287.8000       -992.905    -1006.815       13.909   557.6      0.823      0.668      0.016      0.048     -0.842      0.209
288.0000       -995.175    -1007.209       12.034   482.4      0.948     -0.010      0.881      0.143      0.342      0.171
288.2000       -995.263    -1006.980       11.717   469.7      1.130      0.062      1.055      0.058      0.130     -0.265
288.4000       -993.163    -1006.076       12.913   517.6     -2.437     -0.396     -0.913      0.065     -0.004      0.248
288.6000       -993.668    -1007.095       13.427   538.2      0.022     -0.320     -0.561     -0.248     -0.188      0.682
288.8000       -994.566    -1007.074       12.509   501.4     -0.410      0.042      0.169      0.186     -0.258      0.104
289.0000       -994.810    -1007.218       12.408   497.4      0.811      1.029      1.055     -0.401      0.538     -0.098
289.2000       -995.325    -1007.257       11.931   478.3     -0.470      0.672     -0.552      0.079      0.656     -0.513
289.4000       -996.018    -1007.381       11.363   455.5      0.327      0.478     -0.315     -0.306     -0.138     -0.383
289.6000       -995.261    -1006.758       11.497   460.9      0.400     -0.115      0.370     -0.394     -0.388      0.825
289.8000       -995.988    -1007.370       11.383   456.3     -0.061     -0.133     -0.195     -0.119      0.290     -0.126
290.0000       -996.258    -1008.483       12.225   490.0      0.221      0.562      0.391      0.409     -0.295      0.546
290.2000       -995.872    -1008.616       12.744   510.9      0.518      1.121      1.517      0.111     -0.279     -0.587
290.4000       -993.249    -1006.673       13.423   538.1      0.077      0.049      0.006     -0.731     -0.960     -0.093
290.6000       -993.630    -1005.934       12.304   493.2     -0.065      0.682     -0.220     -0.211      0.752     -0.119
290.8000       -994.025    -1006.237       12.213   489.5      1.325      0.806     -0.133     -0.371      0.230      0.224
291.0000       -994.721    -1007.194       12.473   500.0      1.091      0.244      0.748     -0.139     -0.105     -0.217
291.2000       -995.760    -1008.542       12.783   512.4     -0.453      0.007      0.159     -0.099     -0.391      0.475
291.4000       -995.548    -1007.604       12.056   483.3     -0.221     -0.178      0.322     -0.472      0.301      0.044
291.6000       -994.134    -1007.284       13.150   527.1     -1.032     -1.640     -0.826      0.365     -0.197      0.215
291.8000       -993.284    -1006.387       13.103   525.2      0.657     -0.653      0.506      0.092     -0.360     -0.525
292.0000       -993.945    -1007.102       13.157   527.4      0.729      0.327     -0.304      0.242      0.175      0.172
292.2000       -994.543    -1007.401       12.858   515.4      0.336     -0.702      0.309      0.451      0.039     -0.725
292.4000       -995.406    -1007.718       12.312   493.5     -0.961      0.148     -0.354      0.319      0.466     -0.184
292.6000       -994.175    -1006.663       12.489   500.6      0.013     -0.012      1.415      0.526     -0.516     -0.563
292.8000       -995.324    -1008.536       13.212   529.6     -0.126     -0.402      0.994      0.084      0.270      0.102
293.0000       -996.225    -1008.173       11.948   478.9     -0.351     -1.312      0.306     -0.535      0.021     -0.273
293.2000       -996.974    -1009.057       12.083   484.3     -0.884      0.659     -1.049      0.574      0.079     -0.400
293.4000       -996.569    -1008.851       12.282   492.3      0.258      0.224      1.498      0.562      0.176     -0.349
293.6000       -995.544    -1007.548       12.004   481.2      0.819      0.659      0.866     -0.180     -0.337      0.711
293.8000       -993.792    -1005.673       11.881   476.2     -0.403      0.985      0.073      0.292      0.077      0.053
294.0000       -993.459    -1007.768       14.309   573.6      0.839      1.120      0.899      0.500      0.326     -0.071
294.2000       -993.840    -1007.519       13.679   548.3      0.457      0.387      0.757      0.376      0.088     -0.133
294.4000       -993.246    -1006.927       13.680   548.4     -0.188      0.328      0.427      0.523     -0.619     -0.140
294.6000       -993.543    -1007.014       13.471   540.0      0.629      0.762      0.926     -0.325      0.568     -0.118
294.8000       -994.242    -1007.008       12.767   511.8     -0.004      1.102      1.132      0.718     -0.261     -0.063
295.0000       -994.143    -1006.705       12.562   503.5     -0.174      0.074     -0.160      0.685      0.790      0.046
295.2000       -996.169    -1007.146       10.976   440.0     -0.958     -0.289     -0.001     -0.121     -0.528     -0.346
295.4000       -996.318    -1009.078       12.759   511.5      1.106      0.437      0.682      0.724     -0.426     -0.209
295.6000       -995.681    -1006.830       11.148   446.9      0.524      0.067      0.360     -0.146     -0.292     -0.527
295.8000       -995.116    -1007.557       12.441   498.7     -0.309      0.155     -0.687     -0.335      0.699      0.120
296.0000       -994.775    -1007.915       13.141   526.7      0.653      0.977      0.595      0.689     -0.504      0.454
296.2000       -995.186    -1006.233       11.047   442.8     -0.624      0.553      0.262      0.148     -0.081      0.201
296.4000       -995.279    -1006.674       11.395   456.7      0.775      0.848      0.797     -0.021     -0.030      0.337
296.6000       -995.053    -1008.542       13.489   540.7     -0.521     -0.256      0.645      0.023      0.627     -0.148
296.8000       -994.037    -1005.926       11.888   476.5     -0.243      0.511     -0.692     -0.128      0.254     -0.522
297.0000       -993.164    -1005.644       12.480   500.3     -0.698     -0.917      0.605     -0.147      0.689      0.154
297.2000       -993.097    -1006.597       13.500   541.1      0.718      0.586      0.853      0.153     -0.358      0.541
297.4000       -995.881    -1008.234       12.352   495.1      0.572      0.277      0.668      0.423     -0.148      0.024
297.6000       -995.232    -1007.784       12.552   503.1     -0.313     -1.091     -0.226     -0.155      0.709     -0.037
297.8000       -994.830    -1007.277       12.447   498.9      1.226     -0.571     -0.255      0.200     -0.091     -0.296
298.0000       -994.754    -1006.601       11.848   474.9     -0.373      0.546     -0.382      0.317     -0.115      0.440
298.2000       -994.803    -1007.479       12.676   508.1      0.362      0.291      0.697     -0.425      0.306      0.153
298.4000       -994.876    -1007.587       12.711   509.5      0.621      0.044      0.282     -0.086      1.075      0.120
298.6000       -995.385    -1008.422       13.036   522.5     -0.584      0.928      0.395      0.271      0.644     -0.412
298.8000       -995.295    -1007.890       12.595   504.9      0.392     -0.104     -0.213     -0.062     -0.641     -0.096
299.0000       -993.843    -1006.887       13.044   522.9      0.243      0.485      0.337     -0.049     -0.459     -0.298
299.2000       -995.776    -1007.937       12.161   487.5      1.282      0.968      0.382      0.633     -0.207      0.157
299.4000       -996.114    -1008.627       12.513   501.6      0.598      0.749      0.634      0.811     -0.292     -0.417
299.6000       -995.655    -1007.953       12.298   493.0     -0.252     -0.457      0.014     -0.080      0.443     -0.046
299.8000       -995.907    -1007.016       11.109   445.3      0.928     -0.567      0.258     -0.116      0.061      0.010
300.0000       -994.801    -1006.823       12.021   481.9      0.763      1.643     -0.019      0.495     -0.476     -0.435
300.2000       -993.095    -1006.298       13.203   529.2      0.297      0.155      2.203      0.195     -0.621     -0.090
300.4000       -993.282    -1005.833       12.551   503.1      0.707     -0.091      0.204      0.229      0.371      0.551
300.6000       -992.054    -1005.862       13.808   553.5      0.837      0.886     -0.048      0.203      0.412      0.026
300.8000       -993.310    -1006.111       12.801   513.1     -0.284     -0.480     -0.547     -0.411      0.212     -0.610
301.0000       -994.629    -1006.950       12.321   493.9     -0.271      1.457     -0.285     -0.013      0.712     -0.480
301.2000       -993.698    -1006.043       12.344   494.8      0.085      0.661     -0.178     -0.511     -0.220      0.332
301.4000       -995.402    -1006.355       10.954   439.1      0.950      0.336      1.547      0.208     -0.895      0.098
301.6000       -995.845    -1008.002       12.157   487.3      0.874      0.883      0.167      0.012      0.099     -0.319
301.8000       -996.416    -1008.108       11.691   468.6      0.113     -0.946     -0.907      0.311     -0.769     -0.399
302.0000       -995.215    -1006.793       11.577   464.1      0.805      0.453      1.173     -0.169     -0.231     -0.602
302.2000       -997.094    -1008.883       11.788   472.5      0.685      0.067      0.434      0.125     -0.084      0.022
302.4000       -995.631    -1007.981       12.350   495.0     -1.558      1.292      0.154      0.249      0.332     -0.449
302.6000       -995.173    -1008.006       12.833   514.4      0.329      0.526      0.263      0.950      0.116     -0.413
302.8000       -994.541    -1007.392       12.851   515.1      0.088     -0.207      0.295     -0.095     -0.736      0.087
303.0000       -993.338    -1006.533       13.195   528.9      0.005     -0.116      0.157     -0.231      0.610     -0.842
303.2000       -994.083    -1007.003       12.920   517.9      0.040      0.270     -0.241     -0.301      0.168     -0.006
303.4000       -994.845    -1006.637       11.792   472.7      1.199      1.811      1.275     -0.512     -0.469      0.258
303.6000       -994.369    -1006.918       12.549   503.0     -0.090     -0.452      0.148      0.559     -0.417     -0.222
303.8000       -994.549    -1006.159       11.610   465.4      0.791     -0.003      0.142     -0.200     -0.877      0.337
304.0000       -993.504    -1006.715       13.210   529.5      0.212      1.430      0.248     -0.615      0.215      0.201
304.2000       -994.188    -1006.638       12.450   499.1      0.902      0.202      1.337     -0.117     -0.061      0.381
304.4000       -994.256    -1007.259       13.003   521.2      0.319     -0.322      0.121      0.226      0.274      0.531
304.6000       -994.567    -1007.205       12.638   506.6      1.394      1.303      1.191      0.582      0.324     -0.054
304.8000       -993.315    -1006.251       12.937   518.6     -0.457      1.033      0.325     -0.102      0.048     -0.368
305.0000       -993.487    -1005.581       12.093   484.8     -0.151      0.761     -0.232     -0.732      0.060     -0.365
305.2000       -993.514    -1007.897       14.382   576.5     -0.800     -0.169     -0.071     -0.748      0.147      0.650
305.4000       -994.768    -1007.903       13.135   526.5      0.241      0.031      0.895      0.411      0.625      0.119
305.6000       -996.234    -1007.791       11.557   463.3      0.198     -0.492      0.878     -0.609     -0.518      0.166
305.8000       -995.720    -1007.845       12.126   486.0      0.336      0.408     -0.003      0.194     -0.468      0.608
306.0000       -995.660    -1007.783       12.123   486.0      0.727     -0.713      0.293     -0.287      0.153     -0.342
306.2000       -994.382    -1006.810       12.428   498.2      0.120      0.551      0.823      0.280      0.273     -0.218
306.4000       -993.708    -1005.890       12.183   488.3     -0.880      0.224     -0.252      0.473     -0.024     -0.047
306.6000       -993.934    -1006.317       12.383   496.4     -0.731      0.070     -0.184     -0.262     -0.214     -0.592
306.8000       -994.038    -1007.076       13.038   522.6      0.760     -0.038      0.137      0.513      0.085     -0.732
307.0000       -996.266    -1008.036       11.770   471.8      1.291      0.860      0.340      0.530      0.074      0.350
307.2000       -995.229    -1007.252       12.023   481.9     -0.267      0.705     -0.655      0.659      0.025      0.483
307.4000       -993.583    -1006.245       12.662   507.5     -1.017      0.297      0.442      0.151      0.369     -0.067
307.6000       -993.697    -1006.571       12.874   516.1     -1.273     -0.652     -0.223     -0.739      0.182     -0.101
307.8000       -993.704    -1007.116       13.411   537.6      0.727      0.016     -0.017      0.054     -0.074      0.762
308.0000       -992.948    -1005.620       12.673   508.0      0.386      1.394      0.548     -0.686     -0.355      0.498
308.2000       -993.469    -1006.120       12.650   507.1      0.070      0.392      1.195     -0.462      0.153     -0.332
308.4000       -994.388    -1006.862       12.473   500.0      0.776      0.498      0.390     -0.270     -0.329      0.380
308.6000       -994.657    -1007.791       13.134   526.5      0.248      0.816     -0.173     -0.261     -0.287      0.476
308.8000       -994.689    -1007.735       13.046   522.9     -0.058      0.677      0.690      0.526     -0.106      0.503
309.0000       -994.103    -1006.998       12.894   516.9     -0.733     -0.095     -1.025      0.109      0.846     -0.215
309.2000       -993.797    -1007.576       13.779   552.3     -1.083      0.101      0.058      0.308      0.109      0.410
309.4000       -993.204    -1006.894       13.690   548.8     -0.441     -0.864      1.546     -0.418      0.106      0.166
309.6000       -992.924    -1006.370       13.446   539.0     -0.252     -1.497     -1.527      0.901     -0.442      0.634
309.8000       -992.009    -1005.633       13.624   546.1      0.486     -0.564      1.289     -0.478     -0.146      0.645
310.0000       -992.900    -1005.643       12.743   510.8      0.289     -0.707     -1.095     -0.145      0.109     -0.362
310.2000       -993.070    -1005.428       12.358   495.4      0.068      0.402      0.404      0.555     -0.240      0.395
310.4000       -993.209    -1005.629       12.419   497.8      0.743     -0.179      0.092     -0.072     -0.505      0.133
310.6000       -994.990    -1007.198       12.209   489.4     -0.077      0.716     -0.898     -0.005      0.182     -0.036
310.8000       -993.164    -1006.678       13.514   541.7      0.125     -0.420      0.638     -0.187     -0.370     -0.364
311.0000       -993.142    -1005.865       12.724   510.0      0.032      0.978     -0.521      0.026      0.498     -0.607
311.2000       -993.397    -1006.482       13.085   524.5      0.096      0.379      0.702      0.738      0.106      0.059
311.4000       -992.579    -1005.326       12.747   511.0      0.060     -0.096      1.313     -0.006     -0.263      1.094
311.6000       -992.724    -1005.743       13.019   521.9      0.555      0.963      0.002      0.227      0.209     -0.155
311.8000       -995.144    -1007.054       11.910   477.4     -0.496      0.157     -0.289      0.232      0.862      0.314
312.0000       -996.637    -1008.533       11.897   476.9     -0.160      0.247     -0.370      0.529     -0.253      0.033
312.2000       -996.424    -1008.399       11.975   480.0      0.731     -0.830      0.601      0.461      0.468      0.603
312.4000       -995.066    -1007.326       12.260   491.4      0.504      0.414     -0.048     -0.606      0.193     -0.004
312.6000       -994.131    -1007.139       13.008   521.4      0.101     -0.310      0.380      0.730      0.317      0.299
312.8000       -995.102    -1007.108       12.007   481.3      1.142     -0.015      0.848      0.654     -0.016     -0.550
313.0000       -996.346    -1008.498       12.152   487.1     -0.309      0.738     -0.060      0.063     -0.027     -0.087
313.2000       -995.698    -1008.434       12.737   510.5      0.733      0.663      0.276     -0.591     -0.774     -0.139
313.4000       -994.327    -1006.929       12.602   505.1     -0.539     -0.394      0.530      0.246      0.418     -0.022
313.6000       -994.035    -1007.223       13.188   528.6      0.443      1.480      0.922     -0.016      0.522      0.835
313.8000       -994.478    -1007.618       13.141   526.7      0.804      1.333     -0.121      0.502      0.169      0.730
314.0000       -994.366    -1006.262       11.896   476.8      1.386     -0.140     -0.117      0.514     -0.318     -0.711
314.2000       -994.745    -1007.695       12.950   519.1     -0.884     -0.255      0.077      0.501     -0.673      0.357
314.4000       -995.092    -1007.319       12.227   490.1     -0.559     -0.032     -0.447      0.023     -0.134     -0.597
314.6000       -993.368    -1006.759       13.391   536.8      0.924      0.776      0.540     -0.403     -0.176      0.645
314.8000       -995.525    -1008.122       12.597   504.9     -0.066      0.000      0.040      0.189      0.128      0.155
315.0000       -994.419    -1006.782       12.363   495.6      0.006     -0.014     -0.434     -0.538     -0.375      0.124
315.2000       -995.106    -1007.884       12.777   512.2     -0.534      0.000     -0.466      0.184      0.374      0.166
315.4000       -993.567    -1007.193       13.626   546.2     -0.537      0.499     -0.333      0.226      0.148     -0.310
315.6000       -994.511    -1007.016       12.506   501.3     -1.164     -1.095     -0.772     -0.018      0.695      0.172
315.8000       -995.338    -1007.140       11.803   473.1      0.295      1.184     -0.954     -0.315     -0.109     -0.143
316.0000       -995.606    -1008.033       12.428   498.2      0.839      0.402      0.664      0.086      0.578      0.308
316.2000       -994.892    -1006.701       11.810   473.4      1.415     -0.007      1.369      0.537     -0.254      0.333
316.4000       -994.441    -1007.441       13.000   521.1     -0.440     -0.020     -0.633      0.914      0.461      0.055
316.6000       -995.136    -1007.722       12.586   504.5     -0.868     -0.552     -0.649     -0.835      0.271      0.384
316.8000       -994.392    -1007.703       13.311   533.6      0.994      0.739      0.018     -0.605      0.054     -0.058
317.0000       -993.448    -1007.089       13.641   546.8      0.938      1.620     -0.028      0.655     -0.551     -0.780
317.2000       -992.178    -1005.894       13.716   549.8      0.606     -0.187      0.952      0.231      0.465      0.094
317.4000       -993.139    -1005.937       12.798   513.0      0.296      0.353      0.437     -0.454      0.387      0.148
317.6000       -992.408    -1005.870       13.462   539.6     -0.394      0.678      0.108      0.229     -0.786      0.017
317.8000       -993.440    -1006.470       13.030   522.3     -1.014     -0.849     -0.333      0.050     -0.390      0.434
318.0000       -993.012    -1007.098       14.086   564.6      0.116      0.147     -0.277      0.276      0.150      0.198
318.2000       -992.888    -1006.606       13.718   549.9      0.740      0.323      0.974      0.226      0.988      0.177
318.4000       -995.368    -1007.503       12.135   486.4     -0.132      0.203     -0.562      0.279     -0.286      0.122
318.6000       -995.602    -1008.069       12.467   499.7     -0.667     -0.360      0.722     -0.048      0.272     -0.155
318.8000       -993.896    -1006.068       12.173   487.9      0.724      0.755     -0.245      0.058     -0.282     -0.753
319.0000       -995.107    -1006.575       11.468   459.7      0.590     -0.113     -0.084     -0.589     -0.143      0.158
319.2000       -995.226    -1007.887       12.662   507.5      0.019      1.475      0.134     -0.113     -0.109      0.673
319.4000       -995.659    -1008.059       12.400   497.0      0.193     -0.005      0.167     -0.018     -0.204     -0.000
319.6000       -995.751    -1007.239       11.488   460.5      0.164     -0.140      0.498     -0.123     -0.494     -0.136
319.8000       -994.036    -1007.767       13.730   550.4      1.253      0.279     -0.002     -0.496      0.047     -0.369
320.0000       -993.679    -1005.590       11.911   477.4      0.220     -0.847      1.292      0.386     -0.200     -0.669
320.2000       -992.824    -1005.742       12.918   517.8     -0.945     -0.395      0.482     -0.541      0.327      0.246
320.4000       -994.276    -1007.448       13.172   528.0     -0.069      0.176      0.300     -0.546     -0.301     -0.071
320.6000       -995.108    -1006.323       11.215   449.6      0.270      1.073      0.095     -0.539      0.171     -0.502
320.8000       -995.486    -1008.000       12.514   501.6      1.515     -0.274     -0.463     -0.240     -0.676     -1.159
321.0000       -994.769    -1006.834       12.065   483.6     -0.243     -0.367     -0.482      0.423      0.127     -0.060
321.2000       -994.103    -1006.358       12.255   491.2      0.133      0.644     -0.650     -0.706     -0.694     -0.393
321.4000       -994.779    -1007.022       12.243   490.8      0.205      0.351      0.353      0.247      0.117     -0.368
321.6000       -994.527    -1006.297       11.770   471.8     -0.150     -0.885      0.268     -0.038      0.284     -0.509
321.8000       -994.784    -1007.167       12.383   496.4      0.437     -0.440      0.130     -0.020      0.202      0.060
322.0000       -993.452    -1006.796       13.344   534.9      0.867      1.004      1.649     -0.979      0.384     -0.130
322.2000       -993.325    -1005.661       12.335   494.5     -0.206     -0.546     -0.567      0.351     -0.872      0.926
322.4000       -993.272    -1005.083       11.810   473.4      0.240      1.166      0.453      0.236     -0.233     -0.164
322.6000       -993.343    -1006.293       12.950   519.1      0.516      0.764      0.032     -0.357      0.534     -0.213
322.8000       -993.765    -1006.299       12.534   502.4     -0.205     -0.539     -1.414      0.467     -0.260      0.713
323.0000       -993.310    -1006.629       13.319   533.9     -0.201     -0.768     -0.069     -0.146      0.958      0.139
323.2000       -993.267    -1006.248       12.981   520.3      0.773      0.077     -0.340      0.023      0.971     -1.080
323.4000       -993.641    -1007.039       13.398   537.1      0.495     -0.206     -0.248      0.126      0.809      0.322
323.6000       -993.452    -1007.017       13.565   543.7      0.349     -0.266     -0.883     -0.273     -0.178      0.305
323.8000       -992.461    -1005.508       13.047   523.0     -0.344      0.503     -1.669      0.153     -0.238      0.590
324.0000       -992.799    -1006.866       14.067   563.9     -0.477      0.060     -0.925     -0.613     -0.139     -0.779
324.2000       -994.085    -1007.588       13.503   541.3     -0.885      0.006     -0.011      0.580     -0.047      0.070
324.4000       -994.718    -1007.578       12.860   515.5     -0.264      0.536      0.226      0.023     -0.030      0.053
324.6000       -994.929    -1006.364       11.435   458.4      0.681      0.105      0.993     -0.454      0.135      0.586
324.8000       -994.533    -1006.530       11.997   480.9      0.121      0.088      0.278     -0.018     -0.004     -0.090
325.0000       -994.587    -1007.429       12.842   514.7     -0.320      0.147      1.449     -0.168      0.092     -0.125
325.2000       -995.714    -1007.437       11.723   469.9      0.447      1.163      0.547      0.165     -0.159      0.139
325.4000       -995.002    -1008.142       13.139   526.7     -0.225     -0.949     -0.449     -0.014      0.880      0.895
325.6000       -994.713    -1007.703       12.990   520.7      0.313     -0.302      0.251      0.257      0.040      0.494
325.8000       -994.423    -1007.818       13.395   536.9      0.303     -0.015     -0.256      0.407      0.774     -0.820
326.0000       -993.889    -1007.001       13.111   525.6      0.462      0.050      1.370     -0.094      0.228     -0.130
326.2000       -994.595    -1008.009       13.414   537.7     -0.659      0.047     -0.145      0.533      0.652      0.020
326.4000       -993.052    -1006.226       13.175   528.1      0.323      0.003     -0.077     -0.287     -0.460     -0.403
326.6000       -992.773    -1005.138       12.364   495.6      0.240     -0.714      0.761     -0.422      0.618     -0.118
326.8000       -994.009    -1007.467       13.458   539.4     -0.131      0.105      1.309      0.082      0.109      0.326
327.0000       -995.605    -1006.893       11.288   452.5      0.744      0.470     -0.356     -0.323      1.098     -0.004
327.2000       -996.140    -1008.054       11.914   477.6      0.436      1.393      0.546     -0.463      0.668     -0.128
327.4000       -995.618    -1007.605       11.987   480.5     -0.097     -0.941      1.831     -0.135     -0.032      0.243
327.6000       -995.027    -1008.120       13.093   524.8      0.863     -0.225      0.250     -1.070     -0.248      0.016
327.8000       -995.250    -1008.177       12.927   518.2      0.325     -0.052      1.049     -0.379     -0.137      0.133
328.0000       -995.270    -1006.941       11.671   467.8      0.967      0.210      0.025     -0.332      0.064     -0.359
328.2000       -995.319    -1007.732       12.414   497.6      2.079      0.314      0.206      0.838      0.116     -0.109
328.4000       -995.278    -1007.487       12.210   489.4     -0.580      0.085      0.150      0.262      0.147     -0.105
328.6000       -994.070    -1007.155       13.085   524.5     -1.024     -0.591     -0.848     -0.656     -0.486      0.778
328.8000       -992.947    -1006.005       13.058   523.4      0.761      0.331      1.290     -0.039     -0.290     -0.600
329.0000       -991.767    -1004.918       13.150   527.1      1.035      1.035      0.819      0.593      0.475     -1.225
329.2000       -992.336    -1005.695       13.360   535.5     -0.094     -1.480     -0.162     -0.313      0.362      0.107
329.4000       -992.962    -1005.584       12.622   505.9     -0.760     -0.216     -1.862      1.195      0.061     -1.059
329.6000       -992.578    -1006.416       13.839   554.7      0.005      1.459     -1.060     -0.994     -0.009     -1.227
329.8000       -993.550    -1005.766       12.216   489.7     -0.656     -1.322      0.805     -0.210      0.022     -0.011
330.0000       -994.479    -1007.097       12.618   505.8      0.186     -1.720     -0.684      0.180      0.130     -0.031
330.2000       -994.210    -1007.461       13.251   531.2      0.856      1.333     -0.303      0.141     -0.250      0.409
330.4000       -994.049    -1006.205       12.156   487.3     -0.472     -1.035     -0.302     -0.423     -0.552      0.367
330.6000       -993.565    -1006.098       12.534   502.4      0.915      0.455      0.355      0.290      0.698     -0.130
330.8000       -993.331    -1006.097       12.766   511.7      0.786     -0.519     -0.458     -0.251      0.242     -0.117
331.0000       -993.511    -1006.976       13.465   539.7     -0.478     -0.345     -0.985      0.255     -0.939      0.254
331.2000       -993.580    -1006.593       13.013   521.6      0.155      0.301      0.681     -0.264      0.526      0.171
331.4000       -993.001    -1006.250       13.249   531.1     -0.916      0.628      0.263      0.040     -0.530     -1.148
331.6000       -992.494    -1006.183       13.689   548.7     -0.562      1.264      0.671      0.011     -0.440     -0.024
331.8000       -994.009    -1006.792       12.784   512.4     -0.203      0.002      1.015     -0.169      0.074      0.240
332.0000       -993.037    -1006.210       13.173   528.0      0.094     -0.286     -0.540      0.214     -0.496      0.123
332.2000       -992.670    -1004.891       12.221   489.9      0.079     -0.723     -0.648     -0.484     -0.027     -0.977
332.4000       -993.329    -1006.762       13.434   538.5      0.277     -1.122     -1.098     -0.160      0.532      0.753
332.6000       -993.587    -1006.650       13.063   523.6      0.643     -0.206      1.036     -0.129      0.494      0.509
332.8000       -993.983    -1006.454       12.472   499.9     -0.299      1.584      1.165      0.129      0.055      0.099
333.0000       -995.219    -1008.392       13.173   528.0      0.717     -0.185      0.382     -0.408     -0.296     -0.044
333.2000       -996.177    -1008.941       12.764   511.6     -0.588      0.361      0.313      0.618      0.102      0.092
333.4000       -997.181    -1008.758       11.577   464.1      0.726      1.295      0.106     -0.113     -0.134      0.098
333.6000       -996.468    -1007.899       11.431   458.2      0.203      0.460      1.288     -0.429      0.156     -0.432
333.8000       -995.752    -1006.688       10.937   438.4      0.689      0.245     -0.360     -0.388     -0.275      0.438
334.0000       -995.185    -1007.347       12.162   487.5      0.590      1.446     -0.481      0.394     -0.076     -0.240
334.2000       -994.755    -1007.941       13.186   528.6      0.076     -1.339      0.328     -0.453     -0.138     -0.647
334.4000       -993.973    -1006.724       12.751   511.1     -0.096      0.664      0.313      0.215      0.340     -0.867
334.6000       -993.804    -1006.131       12.328   494.2      0.565      0.456      0.257     -0.793      0.432      0.241
334.8000       -993.784    -1007.516       13.732   550.4      1.457      0.467     -0.368     -0.419     -0.552     -0.508
335.0000       -994.014    -1006.121       12.107   485.3      0.170      1.640      0.146     -0.164      0.273     -0.794
335.2000       -993.900    -1006.625       12.725   510.1      0.373     -0.900      0.543     -0.117      0.138      1.229
335.4000       -993.989    -1006.643       12.654   507.2     -0.202      0.313      1.477     -0.354      0.700      0.865
335.6000       -993.678    -1005.896       12.218   489.8      0.485      0.534     -0.294      0.570      0.558      0.261
335.8000       -994.244    -1006.986       12.743   510.8      0.529      1.344      0.141      0.582      0.206     -0.327
336.0000       -994.696    -1006.355       11.659   467.3      0.005     -0.238     -0.522     -0.114      0.092     -0.389
336.2000       -996.155    -1007.636       11.481   460.2      0.332      0.535      0.693     -0.083     -0.525      0.250
336.4000       -996.464    -1008.425       11.961   479.4     -0.361     -0.602     -0.292      0.071      0.150     -0.270
336.6000       -995.108    -1007.951       12.843   514.8     -1.495     -0.447     -0.073     -0.098      0.255      0.278
336.8000       -993.399    -1006.241       12.842   514.8     -0.120      0.277     -0.322      0.148     -0.018     -0.917
337.0000       -993.572    -1006.858       13.286   532.6     -0.230      0.417      0.671     -0.729      0.086      0.650
337.2000       -993.655    -1006.866       13.212   529.6     -0.486     -0.083     -0.041     -0.248      0.048      0.889
337.4000       -994.155    -1006.769       12.614   505.6     -0.041     -0.800     -0.050     -0.475      0.009     -0.199
337.6000       -994.295    -1006.370       12.075   484.0      1.572      1.311     -0.834     -0.207      0.172      0.496
337.8000       -993.710    -1006.360       12.650   507.1      0.907      1.494      0.047      0.062     -0.512      0.183
338.0000       -994.320    -1006.869       12.550   503.0      0.243      0.680     -1.298      0.225      0.356     -0.300
338.2000       -994.219    -1006.754       12.535   502.5      1.871     -0.379      1.512     -0.158     -0.503      0.564
338.4000       -995.038    -1006.859       11.821   473.9     -0.249      0.168      0.598      0.098      0.156      0.212
338.6000       -994.789    -1006.805       12.016   481.6     -0.241      0.054      0.005      0.182     -0.341      0.031
338.8000       -994.921    -1007.426       12.504   501.2      0.836      0.931      0.704      0.687     -0.420      0.232
339.0000       -996.075    -1008.283       12.208   489.4      0.510      1.138      0.707      0.201     -0.364      0.404
339.2000       -996.659    -1007.569       10.910   437.3     -0.102      0.243      0.383     -0.328      0.812      0.256
339.4000       -994.861    -1008.460       13.600   545.1      0.533     -0.312     -0.511     -0.380     -0.138      0.235
339.6000       -993.254    -1006.570       13.316   533.8      0.083     -0.288      0.506     -0.210     -0.152      0.207
339.8000       -994.916    -1008.229       13.313   533.6     -0.251     -0.638     -0.626      0.326      0.072     -0.095
340.0000       -993.897    -1007.184       13.287   532.6      1.235      0.450      0.637     -0.056     -0.112      0.198
340.2000       -993.916    -1006.499       12.583   504.4      1.391      0.771      0.185     -0.973     -0.871      0.256
340.4000       -994.765    -1007.810       13.045   522.9      0.735      2.372      0.956      0.063      0.115      0.380
340.6000       -994.487    -1007.843       13.356   535.4     -0.031      1.144      0.363     -0.175      0.262     -0.297
340.8000       -994.148    -1007.531       13.383   536.4     -0.180     -0.004     -0.282      0.376     -0.245      0.354
341.0000       -994.704    -1007.167       12.462   499.6      0.176     -1.293     -0.344      0.152      0.147     -0.283
341.2000       -994.332    -1007.572       13.240   530.7     -0.533     -0.947     -0.447     -0.029      0.078      0.342
341.4000       -994.112    -1007.159       13.047   523.0      0.351      0.712      0.989      0.110     -0.294      0.347
341.6000       -995.024    -1007.273       12.248   491.0     -0.015     -0.491      0.589     -0.042     -0.807     -0.716
341.8000       -993.623    -1006.162       12.538   502.6      0.487     -0.015     -0.161      0.660      0.307      0.460
342.0000       -994.495    -1006.468       11.974   480.0      1.002      0.992      0.445     -0.350     -0.699     -0.529
342.2000       -993.933    -1007.341       13.408   537.4      0.859      0.687     -0.002     -0.500     -0.207      0.852
342.4000       -994.897    -1006.546       11.649   466.9      0.743     -0.185     -0.177      0.170      0.179     -0.300
342.6000       -994.616    -1008.258       13.642   546.8      0.175     -0.688      0.491      0.059      0.299      0.755
342.8000       -994.213    -1007.606       13.393   536.8     -0.520     -1.136      0.960      0.426      0.317     -0.063
343.0000       -994.610    -1007.582       12.972   520.0     -0.656      0.261      1.011     -0.315     -0.105      0.321
343.2000       -994.649    -1007.563       12.914   517.7      0.372      0.429      0.299      0.680     -0.334     -0.272
343.4000       -995.270    -1007.281       12.012   481.5      0.560      0.985      0.806     -0.609     -0.907     -0.278
343.6000       -996.645    -1007.698       11.052   443.0     -0.053      0.528      0.502      0.401      0.162      0.463
343.8000       -996.946    -1007.567       10.621   425.7      0.121     -0.381     -0.616      0.343      0.428     -0.051
344.0000       -994.593    -1008.307       13.714   549.7     -1.426     -0.730     -0.027      0.233      0.423      0.551
344.2000       -993.654    -1006.613       12.959   519.5      0.596      1.161     -0.132      0.252      0.130      0.030
344.4000       -994.406    -1007.339       12.933   518.4      0.569     -0.092     -0.903      0.154     -0.274     -0.512
344.6000       -995.119    -1007.526       12.407   497.3      1.357      0.626      0.453      0.284     -0.579     -0.097
344.8000       -994.631    -1006.574       11.944   478.8      0.010      1.076      0.000      0.579     -0.339      0.841
345.0000       -992.872    -1006.020       13.148   527.0      0.880     -0.020      0.153     -0.338     -0.041      0.517
345.2000       -994.122    -1007.038       12.917   517.8     -0.558     -0.543     -0.450     -0.336     -0.463      0.527
345.4000       -994.503    -1007.299       12.796   512.9      0.065      1.372      0.156     -0.091      0.144     -0.187
345.6000       -994.560    -1007.610       13.050   523.1     -0.229      0.158     -0.348      1.594      0.033     -0.256
345.8000       -993.453    -1006.598       13.145   526.9      1.056      0.895      0.238     -0.306     -0.168      0.236
346.0000       -993.697    -1006.332       12.634   506.4     -0.949      0.291      0.802     -0.279     -0.218     -0.171
346.2000       -994.846    -1007.800       12.954   519.3      0.154      0.601      0.057      0.079      0.009      0.435
346.4000       -995.046    -1007.105       12.060   483.4     -0.413      0.972      0.056     -0.055      0.456      0.388
346.6000       -996.579    -1008.974       12.395   496.8      0.828      0.471      1.062     -0.359      0.559     -0.681
346.8000       -997.641    -1009.579       11.938   478.5      0.684      0.070     -0.588      0.121     -0.420      0.168
347.0000       -995.793    -1008.335       12.542   502.7     -0.102     -0.250     -0.215     -0.058     -0.486     -0.020
347.2000       -997.064    -1008.160       11.096   444.8      0.847      0.948      0.244     -0.743     -0.762      0.650
347.4000       -996.000    -1007.707       11.707   469.3      0.823      1.395      0.428     -0.234      0.013     -0.109
347.6000       -995.124    -1007.634       12.510   501.5      0.515     -0.572      0.803      0.107      0.117     -0.692
347.8000       -994.554    -1008.397       13.843   554.9     -0.385     -0.882      0.384      0.497      0.103     -0.017
348.0000       -993.369    -1007.668       14.299   573.2     -0.688      0.357      0.787     -0.459      0.307     -0.638
348.2000       -995.595    -1007.614       12.019   481.8     -1.469     -0.009     -0.245      0.387     -0.202     -0.226
348.4000       -994.795    -1007.333       12.538   502.6      0.178     -0.084      0.186     -0.034      0.105      1.119
348.6000       -994.924    -1006.762       11.838   474.5      0.691      0.203      1.598     -0.220      0.790      0.174
348.8000       -993.463    -1006.797       13.334   534.5      1.071      1.335      0.504     -0.016     -0.329      0.527
349.0000       -995.192    -1007.668       12.476   500.1      1.414      1.630      0.097     -0.310     -0.065     -0.618
349.2000       -996.358    -1007.508       11.151   447.0     -0.276      0.541     -0.164      1.268     -0.241      0.340
349.4000       -996.120    -1008.817       12.697   509.0      0.209      0.105     -0.524     -0.104      0.280      0.302
349.6000       -996.116    -1007.669       11.553   463.1      1.752      0.506      0.489      0.191     -0.361     -0.026
349.8000       -997.163    -1009.238       12.075   484.0     -0.163      0.708     -0.499      0.757     -0.610     -0.347
350.0000       -996.329    -1008.690       12.362   495.5      0.131      0.272     -0.072     -0.564     -0.334      0.164
350.2000       -994.879    -1007.304       12.426   498.1      0.369      0.171      0.965      0.414      1.268     -0.150
350.4000       -995.257    -1008.266       13.009   521.4      0.147      0.203      1.084     -0.068     -0.080     -0.198
350.6000       -994.587    -1007.248       12.661   507.5      1.010      0.437      0.598     -0.197      0.356      0.622
350.8000       -995.067    -1006.765       11.698   468.9     -0.188      0.789     -0.719      0.538      0.139     -0.396
351.0000       -994.816    -1006.610       11.794   472.8      0.229      0.936     -0.231      0.282     -0.131      0.329
351.2000       -995.647    -1007.639       11.992   480.7      1.017      1.151     -0.609     -0.469     -0.586     -0.413
351.4000       -995.085    -1007.387       12.302   493.1      0.123     -0.091     -1.030      0.825      0.214     -0.162
351.6000       -995.146    -1007.891       12.745   510.9      0.231      0.792     -0.369     -0.577     -0.155      0.601
351.8000       -995.393    -1007.639       12.246   490.9     -0.192      0.129      1.103      0.191      0.027      0.409
352.0000       -994.751    -1008.018       13.266   531.8     -0.109     -0.458      0.095      0.158      0.264      0.512
352.2000       -994.656    -1006.523       11.867   475.7      1.641      1.318      1.710     -1.375      0.441      0.502
352.4000       -994.604    -1007.753       13.149   527.1      0.034      0.679     -0.301      0.599     -0.478     -0.435
352.6000       -996.097    -1006.944       10.847   434.8     -0.816     -0.648     -0.728      0.265      0.514     -0.299
352.8000       -996.143    -1009.393       13.251   531.1     -0.747      0.684     -0.250      0.304     -0.209     -0.154
353.0000       -996.314    -1008.538       12.224   490.0      1.043      0.072      0.398      0.196     -0.141      0.128
353.2000       -994.842    -1007.698       12.855   515.3     -0.321      0.721     -0.730      0.199      0.452      0.485
353.4000       -994.526    -1007.505       12.979   520.2     -0.124      1.096      0.441     -0.255     -0.060     -0.309
353.6000       -993.857    -1006.922       13.065   523.7      0.672      0.759      1.516      0.117     -0.229      0.069
353.8000       -995.544    -1007.299       11.755   471.2     -0.037      1.287     -0.119     -0.065     -0.234      0.379
354.0000       -995.528    -1007.812       12.285   492.4      0.929     -0.147      0.588     -0.621      0.526      0.172
354.2000       -995.645    -1007.216       11.571   463.8      1.222      0.232      0.986     -0.289     -0.523      0.293
354.4000       -995.518    -1008.354       12.836   514.5      0.134      0.338      0.453      0.462     -0.349      0.191
354.6000       -995.685    -1007.897       12.212   489.5     -0.755     -0.060      0.215     -0.039     -0.131     -0.120
354.8000       -994.476    -1007.231       12.755   511.3     -0.620      0.055      0.780      0.498     -0.147     -0.164
355.0000       -995.837    -1008.071       12.234   490.4     -0.801      0.087     -0.896      0.068     -0.079     -0.385
355.2000       -996.130    -1008.362       12.232   490.3     -0.164      0.398     -0.127     -0.299     -0.194      0.218
355.4000       -994.985    -1008.904       13.919   557.9      0.680     -0.710     -0.739      0.168     -0.645      0.720
355.6000       -995.323    -1008.284       12.962   519.6      0.551      0.226      0.836     -0.002      0.050      0.578
355.8000       -994.681    -1007.182       12.502   501.1      0.188      0.007     -0.721      0.632     -0.019      0.192
356.0000       -995.845    -1007.667       11.822   473.9      0.786      0.308      1.657      0.620     -0.166     -0.329
356.2000       -995.176    -1006.315       11.139   446.5      0.287      0.891      1.082      0.458     -0.892      0.402
356.4000       -994.194    -1008.205       14.011   561.6     -0.069      0.013      0.317      0.027      0.306      0.336
356.6000       -993.679    -1006.779       13.100   525.1      0.226     -0.581      0.315     -0.088      0.764      0.094
356.8000       -992.898    -1005.798       12.900   517.1     -0.591     -1.389      1.177      0.027     -0.123      0.268
357.0000       -993.086    -1006.648       13.562   543.6     -0.479      0.348      0.598     -0.042     -0.075     -0.483
357.2000       -993.155    -1005.435       12.281   492.3      0.018      0.046     -0.425      0.508     -0.287      0.023
357.4000       -992.510    -1005.826       13.316   533.8     -0.620      0.480      0.908      0.326      0.313      0.019
357.6000       -993.560    -1005.884       12.324   494.0     -1.372      0.257      0.136     -0.108     -0.379     -0.028
357.8000       -993.951    -1005.178       11.227   450.0     -0.615     -1.483     -0.593     -0.287      0.072      0.071
358.0000       -994.327    -1007.548       13.221   530.0      1.139     -0.119      0.145     -0.345     -0.079      0.203
358.2000       -993.993    -1006.409       12.415   497.7     -0.084      0.374      0.892     -0.495     -0.266      0.415
358.4000       -994.357    -1006.741       12.384   496.4      1.603      1.481      2.106     -0.191      0.148      0.061
358.6000       -994.199    -1007.458       13.259   531.5      0.757     -0.485      0.341     -0.331     -0.712     -0.051
358.8000       -994.030    -1007.237       13.206   529.4      0.325      0.955      0.825      0.985     -0.363     -0.067
359.0000       -995.426    -1007.912       12.486   500.5      0.181      0.517      0.302      0.314      0.250     -0.673
359.2000       -994.703    -1007.494       12.791   512.7     -0.283     -0.245     -0.080     -0.630      0.277     -0.069
359.4000       -994.508    -1008.275       13.767   551.9      1.410      0.562      1.138     -0.083     -0.254      0.258
359.6000       -993.200    -1006.004       12.804   513.3      0.566     -0.815      1.587     -0.110      0.589      0.167
359.8000       -992.457    -1005.007       12.550   503.1      0.979      0.213     -1.018      0.070      0.057      0.635
360.0000       -993.483    -1005.837       12.354   495.2     -1.474      0.879      1.081      0.315      0.051      0.204
360.2000       -993.127    -1006.287       13.161   527.5     -0.509     -0.623     -0.526      0.192      0.290      0.404
360.4000       -992.448    -1005.033       12.586   504.5      0.788      0.127      1.062     -0.202     -0.562      0.902
360.6000       -991.497    -1005.513       14.016   561.8      0.900     -0.311      0.059      0.328      0.211      0.074
360.8000       -993.316    -1007.055       13.739   550.7      1.129      0.306      0.401     -0.309      0.018      0.198
361.0000       -993.828    -1006.354       12.527   502.1      1.355     -1.305     -0.092     -0.642      0.747      0.070
361.2000       -994.360    -1006.996       12.636   506.5      1.170      0.272      0.764      0.471     -0.437     -0.038
361.4000       -995.674    -1006.931       11.257   451.2     -0.010      0.171     -0.026     -0.161      0.220      0.317
361.6000       -993.350    -1006.173       12.823   514.0     -0.339      0.395      0.380      0.664     -0.108      0.083
361.8000       -994.139    -1005.985       11.847   474.9      0.081      0.687     -0.316     -0.138     -0.265     -0.220
362.0000       -994.732    -1006.862       12.130   486.2     -0.224     -0.648      0.751     -0.208     -0.360      0.200
362.2000       -993.224    -1005.946       12.723   510.0      0.773     -0.678     -0.618      0.404      0.516      0.492
362.4000       -992.013    -1005.781       13.768   551.9      0.229     -0.561     -0.003      0.225      0.344      0.203
362.6000       -992.223    -1005.458       13.235   530.5     -0.325     -0.222      0.488     -0.563     -0.272      0.753
362.8000       -993.157    -1005.776       12.618   505.8     -0.026      0.940      0.445     -0.507      1.572     -0.586
363.0000       -995.053    -1006.753       11.700   469.0      0.076      0.869      1.116      0.026      0.232      0.162
363.2000       -996.174    -1008.170       11.996   480.9     -0.268      1.209      0.708     -0.256     -0.226      0.018
363.4000       -996.392    -1007.768       11.376   456.0     -0.604     -0.567     -1.054      0.714      0.664     -0.316
363.6000       -995.654    -1006.867       11.214   449.5      0.052      0.831      0.672      0.090     -0.535      0.230
363.8000       -996.429    -1008.986       12.557   503.3      0.952     -0.641     -0.580      0.253     -0.573     -0.672
364.0000       -996.115    -1008.664       12.549   503.0     -0.148      0.860      0.829     -0.947      0.208      0.373
364.2000       -996.154    -1007.929       11.775   472.0      0.512      0.588      0.485      0.416     -0.149     -0.235
364.4000       -997.008    -1008.559       11.551   463.0     -0.227      0.719      0.230     -0.007     -0.129     -0.452
364.6000       -997.078    -1008.704       11.626   466.0      0.807     -0.067     -0.495     -0.952      0.243     -0.419
364.8000       -998.131    -1009.456       11.325   454.0     -0.436      0.007      0.387      0.897     -0.337     -0.286
365.0000       -997.747    -1009.714       11.967   479.7      0.263     -0.287      0.071     -0.250      0.394     -0.157
365.2000       -995.771    -1008.866       13.095   524.9      1.019      0.896      0.543     -0.625     -0.461      0.454
365.4000       -995.824    -1008.591       12.767   511.8     -0.452     -0.422     -1.051     -0.505      0.476      0.048
365.6000       -996.622    -1008.780       12.157   487.3     -0.641     -0.408      0.754     -0.017      0.002     -0.468
365.8000       -997.653    -1009.688       12.035   482.4     -0.852     -0.768     -0.661      0.604     -0.156      0.525
366.0000       -996.339    -1008.529       12.190   488.6     -0.056      0.053     -0.669     -0.353      0.008     -0.155
366.2000       -995.827    -1008.790       12.963   519.6     -0.139      0.196     -0.362      0.028      0.146     -0.274
366.4000       -995.447    -1007.768       12.322   493.9      0.246      1.050      0.636      0.942      0.872      0.745
366.6000       -994.503    -1007.840       13.337   534.6      1.008     -0.094      0.323      0.287     -0.431     -0.701
366.8000       -995.808    -1008.649       12.842   514.7      0.122      0.404     -0.150      0.137     -0.187     -0.270
367.0000       -996.359    -1008.044       11.685   468.4      0.529     -0.315      0.665     -0.689     -0.358      0.246
367.2000       -995.321    -1007.915       12.594   504.8      0.421      0.497      1.217     -0.126     -0.102     -1.082
367.4000       -993.174    -1006.725       13.552   543.2      0.326      0.793     -0.741     -0.246      0.303     -0.159
367.6000       -993.316    -1006.252       12.936   518.5      0.760      0.316      0.302      0.893     -0.086      0.356
367.8000       -993.899    -1006.771       12.872   516.0     -1.162     -0.703     -0.853     -0.248     -0.532      0.097
368.0000       -993.449    -1005.652       12.202   489.1     -0.788     -1.059     -0.597     -0.014     -0.540      0.199
368.2000       -994.413    -1007.471       13.057   523.4     -0.282      0.583      0.044      0.052     -0.200      0.373
368.4000       -996.129    -1008.074       11.945   478.8      0.144      0.189      0.007     -0.564      0.101      0.495
368.6000       -995.961    -1007.786       11.825   474.0      0.492     -0.647      0.726      0.365     -0.164     -0.011
368.8000       -995.041    -1007.595       12.554   503.2      0.961      0.151      0.205     -0.234      0.066      0.359
369.0000       -994.355    -1007.662       13.307   533.4      0.217      1.413      0.905     -0.392      0.131      0.132
369.2000       -994.529    -1006.884       12.354   495.2      0.377     -0.417     -0.102      1.085      0.252      0.046
369.4000       -994.183    -1006.298       12.115   485.6      1.010     -0.551      0.753      0.210      0.877      0.737
369.6000       -994.948    -1006.685       11.737   470.5     -0.153      0.088     -0.059     -0.292     -0.122     -0.103
369.8000       -994.704    -1006.963       12.259   491.4      0.668      0.998      0.796      0.167      0.478     -0.190
370.0000       -995.091    -1007.369       12.277   492.1      0.379     -0.760      0.713     -0.107     -0.760     -0.238
370.2000       -995.862    -1008.903       13.041   522.8      0.586      0.895      0.125     -0.143     -0.125      0.568
370.4000       -996.689    -1008.196       11.507   461.2      0.445      0.416      0.161     -0.110     -0.229      0.701
370.6000       -994.878    -1007.054       12.176   488.1      0.065      0.556      0.219     -0.031     -0.025      0.093
370.8000       -995.535    -1007.101       11.566   463.6     -0.265      0.565      0.778      0.254     -0.587     -0.805
371.0000       -995.727    -1007.377       11.649   467.0     -0.217     -0.757     -0.431      0.342     -0.102      0.355
371.2000       -995.606    -1009.030       13.424   538.1      0.377     -0.097      0.103     -0.035     -0.672      0.104
371.4000       -996.257    -1008.074       11.818   473.7      0.342      0.454      0.283     -0.488      0.078     -0.080
371.6000       -995.221    -1008.227       13.006   521.3     -0.035     -0.794     -0.671     -0.454      0.130      0.166
371.8000       -994.869    -1008.008       13.139   526.7      0.236      0.264      0.564      0.115     -0.053      0.159
372.0000       -994.568    -1006.383       11.815   473.6     -0.702      0.184     -0.331     -0.200      0.205      0.231
372.2000       -995.449    -1007.507       12.057   483.3      0.043      0.254      0.606      0.255      0.570      0.466
372.4000       -995.020    -1007.937       12.917   517.8      1.107      0.458     -0.234     -0.237     -0.729      0.263
372.6000       -995.735    -1008.703       12.968   519.8     -0.376     -0.174      0.286     -0.336     -0.043      0.191
372.8000       -996.707    -1008.724       12.016   481.7     -0.663      0.018     -0.436     -0.415      0.180      0.546
373.0000       -996.618    -1008.279       11.662   467.5      0.211      0.143      1.076     -0.298      0.324     -0.225
373.2000       -994.966    -1006.840       11.874   476.0      0.276      0.865     -0.892     -0.155     -0.091     -0.407
373.4000       -994.451    -1008.830       14.379   576.4      0.010     -0.147     -0.064      0.151      0.131     -0.207
373.6000       -995.127    -1007.322       12.195   488.8      1.456     -0.057     -0.086     -0.113      0.366      0.063
373.8000       -994.415    -1007.541       13.127   526.2     -0.143      0.843      0.420     -0.182      0.271     -0.209
374.0000       -993.624    -1005.866       12.241   490.7     -1.031     -0.278     -1.286     -0.415     -0.216      0.182
374.2000       -994.904    -1007.180       12.276   492.1     -0.424     -0.699      0.408     -0.310     -0.426      0.460
374.4000       -994.764    -1007.276       12.512   501.5      0.827      0.629      0.444      0.604     -0.149      0.146
374.6000       -994.158    -1007.185       13.027   522.2      0.913      0.310     -0.151     -0.309      0.494      0.172
374.8000       -994.414    -1006.068       11.654   467.1      0.360     -0.049      1.246     -0.783      0.111     -0.314
375.0000       -993.099    -1006.702       13.603   545.3     -1.343     -0.235     -0.109      0.590     -0.375      0.429
375.2000       -995.390    -1006.253       10.864   435.5      0.525      0.219     -0.010     -0.073      0.189      0.349
375.4000       -995.032    -1007.692       12.661   507.5      0.294     -0.386     -0.354     -0.275      0.634     -0.838
375.6000       -995.426    -1006.324       10.898   436.8     -0.355      0.522      0.081      0.006      0.232     -0.208
375.8000       -994.517    -1006.109       11.592   464.7     -0.113      0.290      0.039      0.398      0.190     -0.234
376.0000       -993.712    -1006.654       12.943   518.8      0.710      0.980      0.091      0.018     -0.220     -0.116
376.2000       -993.791    -1006.760       12.969   519.8     -1.280     -0.228     -0.657      0.152     -0.124     -0.040
376.4000       -993.587    -1006.790       13.203   529.3      0.389     -0.337     -0.583     -0.480      0.535     -0.339
376.6000       -994.704    -1007.362       12.658   507.4      1.302      0.163     -0.386      0.086      0.697     -0.238
376.8000       -994.448    -1007.252       12.804   513.2     -0.069      0.014      0.862      0.290     -0.596      0.186
377.0000       -995.205    -1007.338       12.133   486.4      0.161      1.188      0.402     -0.984     -0.419     -0.072
377.2000       -995.512    -1007.122       11.610   465.4     -1.040      0.476     -1.837      0.046     -0.672      0.149
377.4000       -993.734    -1006.482       12.748   511.0      0.965      0.842      1.123     -0.478     -0.062     -0.015
377.6000       -993.884    -1005.925       12.040   482.6      0.358      0.021      0.831      0.303     -0.061      0.033
377.8000       -993.443    -1006.742       13.299   533.1      1.297      0.473     -0.213     -0.641      0.391     -0.041
378.0000       -995.544    -1007.167       11.623   465.9      0.830      0.566     -0.231      0.393     -0.283      0.708
378.2000       -995.441    -1007.586       12.145   486.8     -0.198      0.203      0.236      0.046      0.787     -0.424
378.4000       -994.975    -1008.251       13.277   532.2     -0.005      0.394      1.493      0.247     -0.345     -0.385
378.6000       -994.392    -1006.939       12.546   502.9      0.191      1.914      1.366     -0.749     -0.394      0.401
378.8000       -994.711    -1006.320       11.609   465.3      1.718      0.352      0.338      0.500     -0.081      0.093
379.0000       -994.346    -1008.106       13.759   551.5      1.068      0.061     -0.035     -0.289     -0.017     -0.489
379.2000       -994.055    -1007.210       13.155   527.3      1.190      0.484      0.800     -0.312     -0.380      0.042
379.4000       -993.947    -1005.871       11.925   478.0      0.451      0.216      0.464     -0.023      0.430      0.362
379.6000       -993.538    -1007.483       13.945   559.0      0.025      0.494      0.780     -0.217      0.036     -0.498
379.8000       -995.024    -1006.881       11.857   475.3     -0.375     -1.225     -0.279      0.607      0.214     -0.781
380.0000       -995.891    -1007.804       11.913   477.5      0.368     -0.170      1.022      0.096      0.137     -0.003
380.2000       -996.250    -1007.481       11.231   450.2      0.087      0.633     -0.341     -0.540      0.324      0.141
380.4000       -994.800    -1006.937       12.138   486.5     -0.173     -0.438     -0.220     -0.589     -0.014     -0.003
380.6000       -994.548    -1006.895       12.347   494.9     -0.606     -0.167      0.594      0.173     -0.669      0.251
380.8000       -993.871    -1006.511       12.640   506.7      0.097     -0.602     -1.557     -0.217     -0.735      0.276
381.0000       -995.946    -1006.580       10.634   426.3      0.394     -0.870     -0.197      0.411     -0.055      1.360
381.2000       -996.722    -1008.542       11.819   473.8      0.478     -0.139     -1.129     -0.130      0.378      0.148
381.4000       -996.546    -1007.936       11.390   456.6     -0.334      0.221      0.684     -0.596      0.173      0.175
381.6000       -996.357    -1008.669       12.313   493.5      1.082      1.135      0.739      0.096     -0.110     -0.046
381.8000       -996.964    -1007.845       10.881   436.2      0.475      0.588      1.258     -0.176     -0.526      0.545
382.0000       -996.509    -1008.499       11.990   480.6     -0.913     -1.189     -0.996      0.113      0.168     -0.186
382.2000       -995.858    -1007.491       11.633   466.3      1.707      1.712     -0.134     -0.692     -0.024     -0.108
382.4000       -994.413    -1006.801       12.388   496.6      0.752      0.175     -0.262     -0.243     -0.145      1.410
382.6000       -994.609    -1006.607       11.997   480.9      0.337     -0.617     -0.159      0.102      0.878      0.576
382.8000       -994.981    -1007.140       12.159   487.4      0.125      0.808      0.083     -0.226     -0.108     -0.129
383.0000       -993.144    -1006.396       13.251   531.2     -1.278     -1.510     -0.526      0.140      0.107      0.060
383.2000       -992.758    -1005.820       13.063   523.6     -0.008     -1.506      1.049      0.218     -0.196      0.238
383.4000       -994.207    -1007.608       13.401   537.2     -0.714     -0.683     -0.375     -0.175     -0.284      0.044
383.6000       -994.180    -1006.423       12.243   490.7      1.555      0.705      1.115     -0.313      0.011      0.660
383.8000       -995.632    -1008.788       13.156   527.4      0.733      0.172     -0.760      0.333     -0.100     -0.070
384.0000       -994.030    -1006.417       12.387   496.5      0.881      0.182     -0.330     -0.354      0.874     -0.751
384.2000       -992.907    -1007.427       14.520   582.0      0.012     -0.354     -0.968     -0.278     -0.764      0.041
384.4000       -993.418    -1005.202       11.784   472.4      0.856      2.074     -0.127      0.427     -0.026      0.119
384.6000       -994.214    -1006.899       12.685   508.5     -0.231     -0.666     -0.304      0.007      0.159     -0.464
384.8000       -995.299    -1007.138       11.839   474.6     -0.350     -0.494     -1.131     -0.661      0.157     -0.031
385.0000       -994.770    -1007.505       12.735   510.5     -0.025      0.155      1.506     -0.464     -0.059      0.184
385.2000       -993.839    -1006.234       12.395   496.9      0.436      1.220      0.964     -0.319      0.179      0.660
385.4000       -994.181    -1006.152       11.971   479.9     -0.752      0.121     -0.139     -0.273     -0.412      0.101
385.6000       -994.196    -1007.024       12.828   514.2      0.180      0.342      1.088      0.277     -0.189      0.437
385.8000       -993.079    -1005.828       12.749   511.1      0.916     -0.898     -0.652     -0.220     -0.621      0.296
386.0000       -995.404    -1008.646       13.242   530.8      0.301      0.267     -0.590      0.057     -0.078     -0.328
386.2000       -995.231    -1007.974       12.743   510.8     -0.257     -0.091     -0.128      0.260     -0.069      0.034
386.4000       -995.089    -1007.460       12.371   495.9     -0.106     -0.319      0.133      0.529      0.119     -0.116
386.6000       -994.984    -1007.359       12.375   496.0      0.283      0.308     -0.774      0.277     -0.302     -0.805
386.8000       -995.045    -1008.299       13.254   531.3      1.272      0.325      0.805      0.210      0.522      0.885
387.0000       -994.364    -1006.829       12.465   499.7      0.246     -0.762      1.207     -0.225      0.745     -0.515
387.2000       -995.902    -1009.610       13.708   549.5     -0.477     -0.458     -0.382      0.257      0.406     -0.450
387.4000       -995.256    -1007.069       11.814   473.5     -0.678      0.561     -0.052      0.303     -0.271     -0.478
387.6000       -995.526    -1007.591       12.065   483.6      1.803      1.414      0.570      0.104      0.021      0.968
387.8000       -996.117    -1008.043       11.926   478.1      0.738      1.065      1.485     -0.488     -0.007     -0.479
388.0000       -997.307    -1008.844       11.537   462.4     -0.222     -0.398      0.033     -0.620      0.014     -0.122
388.2000       -996.123    -1007.852       11.729   470.2     -0.108      0.124      0.812     -0.125     -0.747      0.468
388.4000       -998.107    -1009.256       11.149   446.9     -0.585     -0.726     -0.085     -0.155      0.457     -0.290
388.6000       -996.364    -1008.052       11.687   468.5     -0.208     -1.018     -0.513      0.457     -1.003     -0.486
388.8000       -996.995    -1008.263       11.268   451.7     -0.001      0.661      0.261      0.554      0.028     -0.580
389.0000       -997.079    -1007.939       10.860   435.3      0.060      0.819      1.051      0.246      0.153      0.174
389.2000       -997.218    -1008.820       11.602   465.1     -0.697      0.235     -1.108      0.249      0.004     -0.106
389.4000       -996.045    -1007.425       11.379   456.1      1.099      0.691      1.094     -0.531     -0.115      0.905
389.6000       -995.509    -1007.611       12.102   485.1     -0.446      1.453      1.078      0.152      0.670     -0.299
389.8000       -995.624    -1008.046       12.423   498.0      1.526      0.686      0.645     -0.274      1.053      0.634
390.0000       -994.370    -1006.716       12.347   494.9     -0.374     -0.896     -0.171      0.234     -0.672     -0.603
390.2000       -994.225    -1006.933       12.708   509.4     -0.466     -0.841     -0.970     -0.515      0.545     -0.318
390.4000       -995.915    -1007.811       11.896   476.8      0.651      0.040      0.804     -0.864      0.405     -0.419
390.6000       -995.366    -1008.154       12.788   512.6      0.979      0.119      0.072     -0.185      0.240      0.292
390.8000       -995.879    -1008.143       12.264   491.6      1.225      1.461     -0.425     -0.389     -0.033     -0.158
391.0000       -996.147    -1008.325       12.177   488.1      0.510      0.035      0.240      0.601      0.616     -0.044
391.2000       -995.564    -1007.625       12.061   483.5     -0.412      0.374      1.024      0.654     -0.434      0.797
391.4000       -996.592    -1007.733       11.141   446.6      0.838      0.531      0.974     -0.474     -0.014     -0.256
391.6000       -997.443    -1008.787       11.345   454.7     -0.111      0.399      1.023      0.108     -0.401     -0.123
391.8000       -998.121    -1008.710       10.589   424.5      0.790      0.112      0.236      0.332      0.233      0.158
392.0000       -995.804    -1007.585       11.781   472.2      0.890      0.360      0.686     -0.437      0.176     -0.101
392.2000       -993.897    -1006.214       12.317   493.7      1.062      0.483      1.171     -0.541      0.294     -0.506
392.4000       -994.317    -1007.401       13.085   524.5     -0.052      0.808      0.152      0.203     -0.192     -0.071
392.6000       -995.019    -1006.667       11.648   466.9      0.714     -0.435     -0.382     -0.478     -0.436      0.279
392.8000       -994.692    -1007.620       12.928   518.2      0.222      0.044     -0.534      0.986      0.277      0.334
393.0000       -993.193    -1005.711       12.518   501.8      0.970      0.216      0.960     -0.343      0.073      0.361
393.2000       -992.593    -1006.885       14.292   572.9      1.267      1.447      1.374      0.083     -0.543     -0.008
393.4000       -993.675    -1007.133       13.458   539.5      0.172      0.816      0.235     -0.074     -0.379      0.043
393.6000       -994.163    -1008.162       13.999   561.1     -0.391     -0.142     -0.201      0.610      0.432      0.063
393.8000       -995.483    -1007.703       12.221   489.9     -1.239      0.355     -0.687      0.254      0.320      0.155
394.0000       -994.544    -1007.000       12.456   499.3     -0.322      0.072      0.441      0.024     -0.712      0.607
394.2000       -995.261    -1006.971       11.710   469.4      0.488      0.798      1.329     -0.513      0.017      0.076
394.4000       -995.503    -1007.659       12.156   487.3      1.431      1.162      0.885      0.271      0.214      0.134
394.6000       -995.352    -1006.417       11.066   443.6      1.339      0.180      1.288      0.408      0.230      0.162
394.8000       -993.818    -1006.288       12.471   499.9      0.494      0.300      0.529      0.277      0.535     -0.586
395.0000       -994.580    -1007.522       12.942   518.8     -1.264     -0.875      0.544      0.422     -1.079     -0.586
395.2000       -994.936    -1006.528       11.592   464.7      0.986      0.045     -0.665      0.817      0.145      0.195
395.4000       -994.979    -1006.865       11.886   476.4      0.477     -0.082      0.770      0.457     -0.028     -0.374
395.6000       -994.815    -1006.904       12.090   484.6     -0.339     -1.031     -1.090     -0.140      0.412     -0.289
395.8000       -995.542    -1008.287       12.745   510.9      0.494      0.482      0.814     -0.433     -0.110      0.378
396.0000       -994.484    -1006.667       12.183   488.3      0.015     -0.457     -0.593     -0.657      0.202      0.013
396.2000       -996.407    -1007.547       11.139   446.5      1.298      0.765      0.828      0.859     -0.006     -0.412
396.4000       -994.608    -1007.893       13.284   532.5      0.571     -0.142     -0.042     -0.129      0.091      0.154
396.6000       -994.686    -1006.643       11.957   479.3      0.922      0.640      0.799     -0.017      0.293     -0.179
396.8000       -994.110    -1006.636       12.526   502.1      0.610      1.365     -0.404      0.438     -0.128     -0.550
397.0000       -996.143    -1007.759       11.616   465.6     -1.046     -0.597      0.244     -0.280      0.009      0.633
397.2000       -995.564    -1007.685       12.120   485.8      0.054      0.618      0.751      0.420      0.124     -0.396
397.4000       -994.687    -1007.322       12.635   506.5      0.212      0.908     -0.616      0.038     -0.195      0.728
397.6000       -994.174    -1006.064       11.890   476.6      0.730      0.993      0.082      0.335     -0.478      0.436
397.8000       -994.560    -1007.719       13.159   527.5     -0.414     -0.385     -0.635     -0.369     -0.534     -0.113
398.0000       -995.463    -1007.816       12.353   495.2     -0.064     -0.949     -0.195     -0.232     -0.653      0.816
398.2000       -995.904    -1007.712       11.808   473.3      0.574     -0.449      0.612      0.406      0.094      0.021
398.4000       -995.107    -1007.535       12.428   498.2      1.127      0.862      0.392     -0.329     -0.667     -0.634
398.6000       -995.124    -1007.245       12.122   485.9      1.024      1.301      0.052      0.479      0.145     -0.421
398.8000       -994.244    -1007.086       12.842   514.8      1.138     -0.243      0.540      0.247      0.656     -0.169
399.0000       -993.823    -1006.387       12.563   503.6      0.336      0.794     -0.195     -0.318     -0.399      0.304
399.2000       -992.933    -1005.073       12.140   486.6     -0.089     -0.548     -0.568     -0.495      0.284      0.468
399.4000       -994.302    -1005.891       11.589   464.6      0.215     -0.020     -0.010      0.378     -0.377      0.216
399.6000       -994.594    -1006.071       11.476   460.0     -0.472     -0.246     -0.082      0.041     -0.240     -0.225
399.8000       -994.080    -1006.675       12.595   504.9      0.079      0.888     -0.108     -0.138     -0.628     -0.173
400.0000       -993.176    -1005.688       12.511   501.5      0.099     -0.055      0.836      0.057      0.613      0.137
400.2000       -994.126    -1007.037       12.911   517.5      1.215      0.827     -0.317      0.264     -0.409     -0.304
400.4000       -994.996    -1007.902       12.906   517.3      0.817      0.173      0.691      0.613      0.111      0.319
400.6000       -994.030    -1006.811       12.781   512.3      0.289      1.295      0.762      0.661      1.081     -0.256
400.8000       -993.730    -1006.916       13.186   528.6      0.082     -0.259     -0.314      0.184     -0.288     -0.276
401.0000       -993.665    -1006.518       12.853   515.2     -0.139      1.197     -0.410      0.387     -0.909      0.155
401.2000       -994.512    -1007.682       13.170   527.9      0.198      1.042     -0.458     -0.940     -0.169      0.046
401.4000       -995.296    -1008.006       12.709   509.5      0.234     -0.352     -0.088     -0.291      0.247      0.148
401.6000       -995.676    -1007.117       11.441   458.6      0.845      0.647      0.358     -0.042      0.038     -0.635
401.8000       -994.819    -1007.942       13.123   526.0     -0.433      0.164     -0.883      0.164     -0.099      0.115
402.0000       -995.559    -1006.820       11.261   451.4      1.114      0.219     -0.096     -0.494      0.177      0.105
402.2000       -994.753    -1006.925       12.173   487.9     -1.154      0.116      0.219     -0.375     -0.308     -0.291
402.4000       -995.792    -1007.421       11.629   466.1      0.006     -0.964      0.298     -0.278     -0.245     -0.352
402.6000       -994.908    -1008.659       13.751   551.2     -0.126      0.902     -0.565     -0.198      0.705      0.168
402.8000       -994.509    -1006.967       12.458   499.4      1.121     -0.385      0.236     -0.238      0.688      0.212
403.0000       -994.456    -1007.085       12.629   506.2     -0.241     -0.548     -0.434      0.514     -0.312     -0.685
403.2000       -993.669    -1007.508       13.840   554.8     -1.599      0.913     -0.103      0.129     -0.466     -0.130
403.4000       -994.245    -1006.948       12.703   509.2      1.127     -0.110      0.421     -0.098     -0.315      0.080
403.6000       -994.387    -1007.139       12.752   511.1      0.488      1.556     -0.601      0.667     -0.061      0.719
403.8000       -995.119    -1007.131       12.011   481.5      1.447     -0.219      0.364      0.700      0.546     -0.059
404.0000       -995.037    -1007.302       12.265   491.6     -0.642     -0.442     -0.722      0.204     -0.039      0.264
404.2000       -995.154    -1006.992       11.838   474.5      0.129      0.760      0.803     -0.355     -0.210      0.135
404.4000       -994.325    -1006.633       12.308   493.4     -0.423     -0.548      0.364      0.077      0.569      0.537
404.6000       -995.864    -1007.829       11.965   479.6      0.880     -0.407      0.474      0.563      0.173      0.167
404.8000       -995.500    -1007.050       11.550   463.0      0.091     -0.017      0.705      0.222     -0.054      0.009
405.0000       -993.605    -1006.374       12.768   511.8      0.081      0.338      0.226      0.788      0.166      0.541
405.2000       -993.671    -1006.422       12.751   511.1      0.018      0.652     -0.046      0.317     -0.313      0.187
405.4000       -994.830    -1006.190       11.360   455.4      2.133      1.060     -0.363     -0.326      0.512     -0.016
405.6000       -994.754    -1007.078       12.324   494.0      0.875      2.177      1.584      1.337     -0.036      0.300
405.8000       -994.598    -1006.911       12.313   493.6     -0.555     -0.104      0.018     -0.469      0.534      0.553
406.0000       -993.503    -1006.050       12.547   502.9      0.132     -0.085     -0.234     -0.313     -0.503      0.169
406.2000       -991.805    -1005.347       13.542   542.8      1.282      0.874      0.333     -0.142     -0.181     -0.785
406.4000       -993.542    -1006.401       12.859   515.4     -0.286     -0.210     -0.116      0.186     -0.029     -0.626
406.6000       -995.051    -1006.663       11.612   465.5     -0.751      0.524      0.504     -0.079      0.283      0.465
406.8000       -994.542    -1006.236       11.694   468.8      0.586      0.126     -0.181      0.279     -0.047      0.330
407.0000       -994.544    -1006.360       11.816   473.6     -0.214      0.529     -0.293      0.402     -0.057      0.722
407.2000       -994.086    -1008.063       13.977   560.3      0.572      0.722      0.773      0.684      0.521     -0.137
407.4000       -994.370    -1007.200       12.829   514.3     -0.076     -0.087      0.164     -0.740      1.057      0.019
407.6000       -994.300    -1007.494       13.195   528.9      0.172     -0.004      0.694     -0.530      0.142     -0.022
407.8000       -994.714    -1007.231       12.518   501.8      0.672      0.176      0.343      0.054      0.222     -0.552
408.0000       -995.841    -1008.067       12.226   490.1      0.566      0.468      0.775      0.271     -0.257     -0.446
408.2000       -995.804    -1007.402       11.598   464.9      0.551      1.521      1.349      0.729      0.058      0.238
408.4000       -994.181    -1007.098       12.917   517.8      0.020     -0.303     -0.181      0.232      0.587     -0.393
408.6000       -993.130    -1006.443       13.313   533.6     -0.876      0.316      0.309     -0.240     -1.006     -0.414
408.8000       -994.402    -1006.270       11.868   475.7     -0.893     -0.794     -0.331     -0.305      0.696      0.292
409.0000       -992.845    -1005.694       12.849   515.0     -0.004      0.964     -0.694      0.090      1.122      0.031
409.2000       -993.392    -1005.650       12.258   491.4      0.288      0.390      0.204      0.392     -0.765     -0.433
409.4000       -994.036    -1006.941       12.905   517.3      1.366      0.851      0.367      0.609      0.106     -0.598
409.6000       -993.475    -1006.144       12.669   507.8      0.132      0.894     -1.248      0.086     -0.206      0.023
409.8000       -993.767    -1006.829       13.061   523.6      0.867     -0.512     -0.292      0.721     -0.373      0.314
410.0000       -994.308    -1007.326       13.018   521.8      0.835      0.656      0.276      0.082      0.043      1.002
410.2000       -996.348    -1007.708       11.360   455.3     -0.022      0.548      0.187      0.132      0.535      0.056
410.4000       -995.388    -1007.611       12.224   490.0     -0.399     -0.254     -0.828     -0.019     -0.110      0.431
410.6000       -996.192    -1007.490       11.298   452.9      0.906     -0.510      0.567      0.197      0.462      0.638
410.8000       -996.176    -1008.040       11.864   475.6     -0.328      0.876      0.477      0.079      0.576      0.044
411.0000       -994.813    -1007.855       13.041   522.8      1.145      1.872      1.282      0.196      0.462      0.485
411.2000       -994.858    -1007.662       12.804   513.2      0.268     -0.595      0.258     -0.266      0.274     -0.335
411.4000       -993.648    -1006.179       12.531   502.3     -0.120      1.075      0.096     -0.146     -0.224      0.621
411.6000       -992.475    -1005.641       13.165   527.7      0.835      0.217     -0.052      0.728     -0.859     -0.136
411.8000       -992.537    -1005.569       13.032   522.4     -0.720      0.093      0.348     -0.412     -0.344      0.523
412.0000       -993.782    -1006.533       12.751   511.1      0.124     -0.320      1.088     -0.313      0.077     -0.011
412.2000       -993.360    -1007.504       14.145   567.0     -1.149     -0.797      0.309      0.170      0.519      0.879
412.4000       -994.458    -1006.889       12.430   498.3      0.074     -0.063     -1.267      0.306      0.307     -0.530
412.6000       -995.707    -1007.452       11.746   470.8     -0.450      0.335     -0.348     -0.673     -0.225      0.162
412.8000       -995.248    -1007.034       11.786   472.4      0.053     -0.406      0.139     -0.088     -0.381      0.176
413.0000       -995.486    -1007.551       12.065   483.6     -0.945      0.419      0.413     -0.243      0.366      0.122
413.2000       -995.025    -1006.307       11.282   452.3      0.487      1.066      0.641     -1.061     -0.439      0.125
413.4000       -994.198    -1006.907       12.710   509.5     -0.359      1.034     -0.408     -0.103     -0.130     -0.465
413.6000       -993.514    -1006.747       13.232   530.4     -1.081     -0.621     -0.518     -0.224     -0.007      0.143
413.8000       -993.652    -1006.908       13.256   531.4      0.521      1.997      0.900     -0.074      0.835      0.195
414.0000       -995.392    -1008.177       12.785   512.5     -0.464      0.351      0.649      0.373      0.107     -0.916
414.2000       -995.871    -1008.916       13.045   522.9      0.405      0.180     -0.916     -0.704      0.415     -0.740
414.4000       -996.693    -1007.557       10.864   435.5     -0.195     -0.359      0.435      0.393     -0.486     -0.330
414.6000       -996.776    -1009.448       12.671   507.9     -0.960      0.125      0.006     -0.254     -0.423     -0.404
414.8000       -995.723    -1007.026       11.303   453.1      0.333      0.737     -0.003     -0.089      0.344     -0.157
415.0000       -994.554    -1007.305       12.751   511.1      1.099      0.851      1.804     -0.190      0.059     -0.307
415.2000       -995.497    -1007.614       12.117   485.7      0.006      1.259      0.236     -0.162     -0.194     -0.551
415.4000       -994.154    -1005.794       11.640   466.6     -1.304     -0.983      1.665     -0.348      0.158      1.013
415.6000       -994.013    -1007.248       13.235   530.5      0.544      0.246      0.030      0.119      0.216     -0.234
415.8000       -994.011    -1006.736       12.726   510.1     -0.830     -1.284      0.492     -0.049     -0.536      0.501
416.0000       -994.540    -1008.010       13.470   539.9     -1.543      0.512     -0.767      0.085     -0.471      0.080
416.2000       -993.996    -1006.996       13.000   521.1     -0.450     -0.114      0.696      0.098      0.346      0.644
416.4000       -994.868    -1007.281       12.412   497.5      0.287      1.228      0.416     -0.019      0.479      0.112
416.6000       -995.154    -1007.216       12.062   483.5      0.632      0.391      0.389      0.645      1.079     -0.069
416.8000       -994.640    -1007.390       12.750   511.1      0.318      1.011      0.299     -0.246     -0.306      0.419
417.0000       -994.168    -1006.358       12.190   488.6     -0.287     -0.493     -0.085     -0.078     -0.683     -0.789
417.2000       -994.303    -1006.635       12.332   494.3      1.161     -0.181     -0.269      0.281      0.062      0.266
417.4000       -996.288    -1008.286       11.997   480.9      0.307      0.625      0.111      0.931      0.251      0.264
417.6000       -995.490    -1006.969       11.479   460.1      0.096     -0.689     -0.516     -0.483      0.369      0.295
417.8000       -994.830    -1007.243       12.413   497.6     -0.279      1.539      0.653      0.299      0.322      0.606
418.0000       -992.994    -1005.872       12.879   516.2      0.160     -0.361      0.467     -0.418     -0.043      0.089
418.2000       -994.544    -1006.710       12.166   487.7     -0.151      0.795      0.202      0.046      0.128      0.580
418.4000       -994.760    -1007.603       12.843   514.8     -0.484      0.440      0.236     -0.420      0.029     -0.054
418.6000       -994.055    -1007.222       13.168   527.8     -1.084      0.203     -0.250     -0.082      0.201      0.121
418.8000       -995.879    -1007.673       11.794   472.8      0.649      0.466      0.492     -0.178     -0.463      0.219
419.0000       -995.445    -1007.904       12.459   499.4      1.525      0.114     -0.110      0.321     -0.157     -0.442
419.2000       -994.141    -1008.350       14.209   569.6     -0.332      0.064     -0.284     -0.269     -0.497      0.494
419.4000       -994.320    -1006.104       11.784   472.3      1.590      1.394      1.185     -0.012      1.389     -0.101
419.6000       -994.094    -1007.149       13.055   523.3     -0.642      0.423      0.769      0.830      0.207      0.048
419.8000       -994.602    -1006.859       12.257   491.3      1.082     -0.712      0.128      0.050      0.702      0.247
420.0000       -994.850    -1007.346       12.496   500.9      0.945      1.548      0.255      0.171     -0.327      0.137
420.2000       -994.007    -1006.743       12.736   510.5      1.557     -0.025      0.343     -0.839      0.223     -0.631
420.4000       -993.889    -1006.128       12.238   490.6      2.004      0.251      2.349      0.755      0.663      0.649
420.6000       -993.269    -1005.220       11.951   479.1      1.098      0.376      1.395      0.058     -0.696      0.479
420.8000       -993.405    -1006.222       12.816   513.7     -0.916     -1.383     -0.468     -0.269     -0.310     -0.609
421.0000       -993.926    -1007.237       13.311   533.6      0.310     -0.251      0.461     -0.038      0.403     -0.198
421.2000       -994.234    -1005.977       11.742   470.7      0.797      1.559      0.723      0.059      0.113     -0.111
421.4000       -994.224    -1007.612       13.389   536.7     -0.725     -0.179     -0.864     -0.045     -0.460     -0.179
421.6000       -993.129    -1004.649       11.520   461.8      1.160      1.360      0.687      0.001     -0.114      0.205
421.8000       -993.864    -1006.386       12.522   501.9      0.218      0.653      0.792     -0.271      0.239      0.050
422.0000       -993.142    -1006.026       12.883   516.4     -0.503      0.442     -1.022     -0.115      0.336     -0.036
422.2000       -994.113    -1006.752       12.639   506.6     -0.374      0.128      0.560     -0.177     -0.106     -1.034
422.4000       -994.272    -1007.901       13.630   546.3     -0.180      0.871      0.974     -0.283     -0.367      0.823
422.6000       -994.535    -1008.408       13.873   556.1      0.164     -0.521      0.760     -0.142      0.836      0.124
422.8000       -993.949    -1006.934       12.985   520.5      1.537     -0.096      2.372     -0.325     -0.227      0.442
423.0000       -994.687    -1007.640       12.953   519.2      0.568     -0.067     -0.467      0.047      0.322      0.207
423.2000       -996.492    -1008.577       12.085   484.4      0.551     -0.611     -1.150     -0.160     -0.259     -0.029
423.4000       -993.649    -1006.877       13.228   530.2      0.542     -0.883      0.978     -0.130      0.168     -0.159
423.6000       -993.708    -1007.846       14.138   566.7      0.510      0.666      0.682      0.036     -0.086      0.023
423.8000       -995.078    -1007.558       12.480   500.3      0.691      0.275      0.354     -0.461      0.249      0.441
424.0000       -995.094    -1007.870       12.776   512.1      0.892      0.324     -0.240     -0.307     -0.029     -0.365
424.2000       -994.973    -1008.679       13.706   549.4      0.708      1.710      1.497      0.221      0.699      0.173
424.4000       -994.719    -1006.946       12.227   490.1     -0.385     -0.715      0.583      0.455     -0.743      0.568
424.6000       -994.140    -1006.588       12.448   499.0     -0.767     -0.508      0.759      0.278     -0.549     -0.451
424.8000       -995.455    -1007.158       11.703   469.1      0.228     -0.022      0.808     -0.068     -0.224      0.311
425.0000       -996.181    -1007.411       11.230   450.1     -0.416     -0.260     -0.152      0.288      0.018      0.049
425.2000       -996.363    -1007.952       11.589   464.5      0.476     -0.120      1.312      0.143      0.803     -0.835
425.4000       -994.840    -1007.557       12.717   509.8     -0.243      1.200      0.508      0.359      0.487     -0.128
425.6000       -992.790    -1006.237       13.447   539.0      0.643      0.510      0.389      0.206      0.425     -0.651
425.8000       -994.138    -1006.424       12.285   492.5      0.701      0.221      0.717     -0.072      0.176     -0.195
426.0000       -994.697    -1006.802       12.105   485.2      0.927     -0.038      1.342     -0.005      0.521     -0.468
426.2000       -994.150    -1006.967       12.817   513.8     -1.112     -0.163     -0.922     -0.557      0.558      0.887
426.4000       -994.015    -1006.790       12.774   512.0      0.635      1.076      0.137      0.295     -0.210      0.341
426.6000       -993.984    -1007.938       13.953   559.3      0.551      0.581      0.439      0.226     -0.053      0.167
426.8000       -996.036    -1008.695       12.659   507.4      0.374      0.326     -0.649      0.494     -0.593     -0.536
427.0000       -995.322    -1007.350       12.028   482.1      1.795      2.004      0.896      1.006     -0.038     -0.129
427.2000       -995.085    -1007.084       11.998   481.0     -0.635     -0.432     -0.503     -0.061     -0.099      0.207
427.4000       -994.867    -1007.421       12.554   503.2      0.234      0.832      0.398      0.157      0.431      0.302
427.6000       -994.486    -1006.676       12.190   488.6      0.686     -1.128      0.149     -0.587     -0.242     -0.006
427.8000       -994.340    -1007.378       13.038   522.6      0.171      0.048      1.287     -0.262      0.439      0.478
428.0000       -995.453    -1008.085       12.631   506.3      0.863      0.239      1.541     -0.440     -0.020      0.164
428.2000       -994.016    -1007.381       13.365   535.7     -0.526     -0.582     -0.069      0.278      0.510      0.118
428.4000       -992.616    -1007.262       14.647   587.1      0.763     -0.069     -0.515     -0.558      0.055      0.048
428.6000       -993.636    -1006.758       13.122   526.0     -1.167     -0.778     -0.317     -0.502     -0.254     -0.217
428.8000       -993.880    -1007.606       13.726   550.2     -1.195     -0.054     -0.881      0.357     -0.213      0.476
429.0000       -993.580    -1006.552       12.971   520.0      0.123     -0.595     -0.995      0.246     -0.023      0.086
429.2000       -992.345    -1005.602       13.257   531.4     -0.154      1.161      1.653      0.163      0.689     -0.019
429.4000       -993.255    -1006.203       12.948   519.0     -0.313      0.168     -0.375      0.472      0.283      0.151
429.6000       -993.916    -1007.293       13.377   536.2      1.225      2.157      0.833     -0.046      0.506     -0.370
429.8000       -994.668    -1006.875       12.208   489.3     -0.409     -1.370     -0.134     -0.163     -0.380     -0.664
430.0000       -995.237    -1007.624       12.387   496.5     -0.078     -0.481      0.980     -0.221      0.260     -0.213
430.2000       -995.728    -1007.812       12.084   484.4     -0.545      1.228     -0.900     -0.905     -0.336      0.486
430.4000       -995.135    -1006.545       11.410   457.4      0.486     -0.107      0.088      0.204     -0.039     -0.683
430.6000       -995.045    -1007.086       12.041   482.7      0.823      0.674     -0.267      0.219     -0.843      0.585
430.8000       -995.153    -1007.047       11.894   476.8      0.892      0.930      0.370      0.060      0.139     -0.136
431.0000       -994.833    -1007.553       12.719   509.9      0.092      1.012     -0.170      0.602     -0.043     -0.632
431.2000       -994.792    -1006.434       11.642   466.7      0.648      0.525     -0.494     -0.667      0.451      0.105
431.4000       -994.477    -1006.089       11.612   465.5      0.735      0.564     -0.411      0.225     -0.221      0.093
431.6000       -994.591    -1007.308       12.718   509.8      1.346      0.698      0.518      0.100     -0.945     -0.191
431.8000       -993.895    -1005.997       12.101   485.1      0.360     -1.009     -0.860     -0.021      0.007      0.322
432.0000       -992.987    -1006.498       13.511   541.6      0.795     -0.451     -0.629      0.692     -0.849     -0.460
432.2000       -992.097    -1006.278       14.181   568.4      1.050      0.159     -0.293      0.289      0.096      0.100
432.4000       -993.604    -1005.621       12.017   481.7     -1.135     -0.894     -0.390      0.648     -0.151     -0.437
432.6000       -993.692    -1006.603       12.911   517.5      0.642      0.290      0.410      0.149     -0.178      0.485
432.8000       -993.743    -1007.991       14.247   571.1      0.577     -0.770     -0.261      0.142      0.037     -0.483
433.0000       -994.919    -1007.824       12.905   517.3      0.179     -0.243      0.264      0.084      0.034      0.598
433.2000       -994.469    -1006.227       11.758   471.3     -0.093     -0.419     -1.049      0.290     -0.217      0.646
433.4000       -994.656    -1006.179       11.523   461.9     -0.533      1.207      0.648      0.295     -0.284     -0.268
433.6000       -993.834    -1006.844       13.010   521.5     -0.243     -0.612      0.058     -0.304     -0.517      0.510
433.8000       -993.459    -1006.869       13.411   537.6      1.057      0.636      0.335      0.019     -0.071     -0.187
434.0000       -993.350    -1005.350       12.000   481.0      0.543      0.023     -0.922     -0.897      0.192     -0.222
434.2000       -993.109    -1006.358       13.249   531.1     -0.336     -0.294      0.822     -0.523     -0.483     -0.374
434.4000       -993.755    -1006.624       12.869   515.8      0.309     -0.922      0.955     -0.960      1.119      1.095
434.6000       -992.820    -1006.470       13.650   547.2     -0.352     -0.418     -0.632      0.139      0.015      0.461
434.8000       -994.051    -1008.175       14.124   566.1     -0.496     -0.435     -0.997     -0.861     -0.173      0.028
435.0000       -992.963    -1006.140       13.177   528.2     -1.764     -0.274     -0.552     -0.170     -0.161     -0.541
435.2000       -993.754    -1007.135       13.381   536.4     -0.456      0.479     -0.366      0.386     -0.209      0.600
435.4000       -992.613    -1007.663       15.050   603.3      1.213      0.604      0.126      0.243      0.398      0.308
435.6000       -993.367    -1005.446       12.079   484.2      0.767      0.410     -0.022     -0.196     -0.721     -0.264
435.8000       -994.791    -1007.020       12.229   490.2      0.806     -0.052      0.410      0.655     -0.163     -0.166
436.0000       -994.450    -1006.695       12.244   490.8      1.000      1.876      0.396      0.110      0.219     -0.218
436.2000       -994.799    -1007.252       12.452   499.2     -0.228     -0.615     -1.175     -0.354      0.457     -0.531
436.4000       -995.672    -1008.307       12.635   506.5      0.188      0.210      0.105     -0.276      0.535      0.290
436.6000       -994.525    -1006.704       12.179   488.2      0.474     -0.518     -0.286     -0.081     -0.042      0.033
436.8000       -995.771    -1007.469       11.698   468.9     -0.617     -0.068     -0.224     -0.049     -0.268     -0.048
437.0000       -994.567    -1005.818       11.252   451.0     -0.309      0.521      0.693      0.164     -0.512      0.687
437.2000       -995.387    -1007.108       11.722   469.9     -0.521      0.046     -0.513      0.055      0.574     -0.058
437.4000       -997.479    -1008.029       10.550   422.9     -0.586      0.826     -0.826     -0.884     -0.309      0.220
437.6000       -996.336    -1009.286       12.950   519.1      0.441      0.164      0.562     -0.015      0.180      0.163
437.8000       -996.600    -1008.410       11.810   473.4     -0.540     -0.124      0.123      0.007     -0.699     -0.204
438.0000       -994.594    -1007.229       12.635   506.5      0.416     -0.473     -0.061     -0.049     -0.559     -0.785
438.2000       -994.331    -1006.782       12.451   499.1      0.074     -0.130      0.981      0.025      0.659     -0.054
438.4000       -994.167    -1007.368       13.201   529.2      0.599      0.626      0.528      0.235      0.186      0.299
438.6000       -995.460    -1007.730       12.270   491.8      0.108      0.144     -0.072      0.831      0.282      0.447
438.8000       -996.629    -1008.617       11.987   480.5     -0.916     -0.100     -1.318      0.217      0.091      0.762
439.0000       -996.010    -1008.483       12.473   500.0     -0.083     -0.152     -0.119      0.190      0.027      0.009
439.2000       -994.187    -1007.456       13.268   531.8      1.418     -0.443      0.461     -0.390     -0.044     -0.497
439.4000       -993.663    -1006.663       13.000   521.1      0.797      0.174      0.649      0.613      0.132     -0.374
439.6000       -993.614    -1007.094       13.479   540.3      0.783      1.288     -0.519     -0.029      0.119      0.889
439.8000       -994.390    -1007.070       12.680   508.3      0.895      1.025      1.058     -0.159      0.086     -0.488
440.0000       -995.852    -1006.671       10.819   433.7      0.524      0.994     -0.305      0.409     -0.506      0.090
440.2000       -994.094    -1007.520       13.427   538.2     -0.195      0.733      1.135      0.157      0.366      0.751
440.4000       -994.956    -1007.461       12.505   501.3      0.298     -0.359      1.393      0.138     -0.136      0.293
440.6000       -996.796    -1008.452       11.656   467.2      1.014      0.658      1.303     -0.195      0.400     -0.154
440.8000       -995.822    -1008.567       12.744   510.9     -0.586     -0.752     -1.073     -1.254      0.360      0.300
441.0000       -995.721    -1008.723       13.001   521.2      0.059      0.664      0.643     -0.363     -0.226      0.087
441.2000       -995.673    -1007.762       12.089   484.6      0.031      1.521      1.023     -0.140     -0.059     -0.328
441.4000       -993.417    -1006.767       13.350   535.1     -0.195     -0.118      0.022      0.200     -0.316      0.341
441.6000       -993.630    -1007.220       13.590   544.8     -0.133     -0.460      0.060      0.579     -0.427      0.016
441.8000       -995.295    -1007.946       12.651   507.1     -0.374     -0.053     -0.631      0.089     -0.349      0.372
442.0000       -995.528    -1007.609       12.081   484.3     -0.022     -0.318      1.191     -0.216     -0.699      0.595
442.2000       -995.493    -1007.846       12.353   495.2     -0.616     -0.498      0.619      0.295      0.282     -0.333
442.4000       -996.467    -1008.167       11.700   469.0     -0.247      0.158      1.289     -0.014      0.409     -0.024
442.6000       -997.246    -1008.204       10.958   439.3      0.306     -0.020     -0.229      0.584      0.070      0.505
442.8000       -995.283    -1007.844       12.561   503.5      0.122      0.215     -0.196      0.066      0.063      0.487
443.0000       -995.408    -1008.154       12.746   510.9      0.775     -0.024      0.367      0.460      0.627      0.514
443.2000       -996.085    -1008.460       12.376   496.1      0.357      1.429     -0.382      0.010     -0.454      0.708
443.4000       -994.811    -1006.763       11.953   479.1      0.096      1.176      0.509      0.219      0.300      0.485
443.6000       -995.039    -1008.017       12.978   520.2      0.837      0.487      0.151      0.130     -0.022      0.172
443.8000       -995.434    -1007.815       12.381   496.3      0.426      0.842      0.640     -0.549      0.449     -0.451
444.0000       -996.099    -1008.483       12.384   496.4      0.314     -0.267      1.251     -0.245      0.340      0.235
444.2000       -996.321    -1008.711       12.390   496.6      0.088     -0.603      0.899      0.202     -0.241      0.515
444.4000       -995.115    -1007.920       12.805   513.3     -0.253     -0.418      0.119     -0.915      0.021     -0.135
444.6000       -994.577    -1007.839       13.262   531.6     -0.485     -0.489     -0.912     -0.328      0.116     -0.366
444.8000       -994.388    -1007.139       12.751   511.1      0.206      0.985      1.078      0.536     -0.096      0.372
445.0000       -995.773    -1007.272       11.499   460.9      0.468      0.787      1.051      0.438      0.564     -0.270
445.2000       -994.897    -1007.310       12.413   497.6      0.054     -0.038      0.614      0.053      0.006     -0.507
445.4000       -995.599    -1008.184       12.585   504.5      0.689      0.501      0.339      0.290      0.517      0.694
445.6000       -995.243    -1006.615       11.372   455.8      1.070      0.681     -0.034      0.497      0.385      0.423
445.8000       -994.615    -1007.069       12.454   499.2     -0.187     -0.122     -0.453     -0.449      0.268     -0.388
446.0000       -995.360    -1006.750       11.391   456.6     -0.180      0.303     -0.023     -0.675     -0.362      0.188
446.2000       -994.096    -1006.837       12.742   510.7     -0.106     -0.198      0.129      0.165     -0.116      0.126
446.4000       -995.565    -1007.967       12.402   497.1     -0.359      0.551      0.680     -0.982      0.097     -0.126
446.6000       -995.748    -1007.593       11.845   474.8      0.855      0.062     -0.499      0.254     -0.948      0.656
446.8000       -995.379    -1007.001       11.623   465.9     -0.954     -0.025     -0.095     -1.039      0.258     -0.149
447.0000       -994.546    -1008.255       13.709   549.5      0.199      0.385     -0.183      0.596     -0.616      0.368
447.2000       -995.169    -1006.117       10.948   438.8      0.446      0.260     -0.398     -0.597     -0.590      0.493
447.4000       -993.378    -1006.403       13.025   522.1     -0.154     -0.126      0.507      0.152     -0.447     -0.228
447.6000       -995.158    -1007.115       11.957   479.3     -0.443     -0.217      0.282      0.384     -0.135      1.004
447.8000       -995.218    -1007.383       12.165   487.6      0.303      0.664      0.433     -0.170     -0.550      0.211
448.0000       -994.737    -1007.032       12.295   492.8     -0.390      0.083      1.712      0.296      0.793     -0.152
448.2000       -993.855    -1006.958       13.103   525.2      0.353      0.104     -0.230     -0.332     -0.180     -0.295
448.4000       -994.381    -1007.347       12.966   519.7     -0.595     -0.048      0.503     -0.274     -0.126      0.340
448.6000       -996.015    -1008.353       12.338   494.6     -0.379     -0.059     -0.358     -0.277      0.036     -0.196
448.8000       -995.979    -1008.149       12.170   487.8      0.608      0.845      0.732      0.389      0.149     -0.696
449.0000       -994.464    -1006.572       12.109   485.4      0.347      0.486      0.225     -0.342      0.582     -0.619
449.2000       -994.280    -1007.900       13.620   546.0     -0.122      1.410      1.572     -0.207     -0.139     -0.133
449.4000       -993.433    -1006.065       12.632   506.3      0.028      0.484      0.795     -0.116      0.776     -0.120
449.6000       -994.964    -1007.201       12.236   490.5      0.784      0.557     -0.292      0.168     -0.147      0.077
449.8000       -997.457    -1008.924       11.467   459.6     -0.719     -0.338     -0.134      0.159      0.914      0.090
450.0000       -995.519    -1007.517       11.999   481.0      0.194      0.252      0.695      0.323     -0.479      0.359
450.2000       -996.276    -1007.553       11.277   452.0      0.771      1.171      1.430      0.339     -0.108     -0.713
450.4000       -996.195    -1007.514       11.319   453.7      0.501      0.128     -0.677     -0.197      0.742      0.470
450.6000       -995.621    -1008.416       12.795   512.9      0.597      0.301     -0.390     -0.218      0.363      0.221
450.8000       -995.843    -1007.988       12.145   486.8      0.681      0.482     -0.334      0.427     -0.452      0.407
451.0000       -995.544    -1008.753       13.209   529.5      0.170      1.880     -1.012      0.154      0.445     -0.080
451.2000       -996.100    -1007.957       11.857   475.3      1.936      1.431     -0.128     -0.550      0.626      0.501
451.4000       -996.451    -1008.641       12.190   488.6      0.891      0.078     -0.121     -0.382      0.508      0.324
451.6000       -995.916    -1008.130       12.214   489.6      0.056     -0.430      0.153     -0.377      0.355      0.007
451.8000       -996.108    -1008.762       12.654   507.2      0.358     -0.471     -0.129      0.085     -0.259      0.806
452.0000       -995.865    -1009.099       13.234   530.5      0.650      0.835      1.098     -0.072     -0.113     -0.272
452.2000       -996.225    -1007.269       11.045   442.7      1.182     -1.056     -0.551      0.298     -0.063      0.262
452.4000       -998.703    -1010.033       11.329   454.1      0.042      0.301     -0.142     -0.463      0.230      0.298
452.6000       -997.754    -1009.167       11.412   457.5      0.572      0.395      0.626     -0.924     -0.234      0.469
452.8000       -996.285    -1007.952       11.668   467.7     -0.477      1.073     -0.886     -0.149      0.352      0.497
453.0000       -995.841    -1007.239       11.398   456.9      0.227      0.441     -0.487     -1.022     -0.408     -0.270
453.2000       -994.000    -1007.093       13.093   524.8      0.902      0.713      1.434     -0.011     -0.014      0.581
453.4000       -994.387    -1007.670       13.283   532.4      0.902     -0.500      0.325      0.564     -0.294     -0.270
453.6000       -995.168    -1008.739       13.571   544.0      0.672      0.015      0.113      1.296      0.231     -0.237
453.8000       -995.748    -1006.918       11.170   447.7      0.093     -1.170     -0.454     -0.110      0.124      0.177
454.0000       -994.895    -1007.918       13.023   522.0      1.635      0.128      0.602     -0.591     -0.642      0.159
454.2000       -993.955    -1007.567       13.612   545.6     -1.228      1.031     -0.932      0.134     -0.656      0.366
454.4000       -995.539    -1006.879       11.340   454.6      0.113     -0.281     -0.803      0.152     -0.563     -0.699
454.6000       -995.097    -1007.934       12.837   514.6      0.012      0.139      0.306      0.604      0.192     -0.026
454.8000       -996.151    -1007.444       11.293   452.7     -0.153     -1.974     -0.021      0.130      0.293     -0.137
455.0000       -994.363    -1007.090       12.726   510.1      1.714      0.333      1.137      0.280     -0.035     -0.280
455.2000       -993.044    -1005.895       12.851   515.1      1.398      0.072     -0.511     -0.351     -0.060      0.362
455.4000       -994.165    -1006.510       12.345   494.8     -0.135      1.301      0.735     -0.080      0.089     -0.322
455.6000       -994.040    -1006.466       12.426   498.1     -0.684     -1.401     -1.183     -0.380     -0.382      0.012
455.8000       -994.138    -1007.464       13.326   534.2     -0.387      0.028     -0.005      0.278     -0.106      0.207
456.0000       -994.319    -1007.154       12.835   514.5      0.320     -0.189      0.783     -0.297      0.202      0.257
456.2000       -994.874    -1007.535       12.660   507.5      0.481     -0.985     -0.258      0.252     -0.095      0.198
456.4000       -995.680    -1007.884       12.203   489.2      0.948      0.354      0.345      0.129      0.456     -0.060
456.6000       -995.195    -1006.715       11.521   461.8      0.472      1.357      2.283     -0.425      0.447      0.074
456.8000       -994.678    -1007.648       12.970   519.9      0.347     -0.357      0.108     -0.269     -0.481     -0.207
457.0000       -994.744    -1006.241       11.497   460.8     -0.516     -0.004      0.382     -0.222      0.253     -0.985
457.2000       -993.465    -1006.687       13.222   530.0     -1.517     -1.057     -0.499     -0.320      0.375     -0.678
457.4000       -993.891    -1005.743       11.852   475.1     -1.295      0.396      0.097     -0.856      0.029      0.102
457.6000       -994.509    -1008.227       13.717   549.9     -0.543      0.435      1.530     -0.769     -0.289      0.441
457.8000       -995.520    -1007.822       12.302   493.1      0.373     -1.117      0.363      0.147      0.168     -0.012
458.0000       -995.822    -1008.053       12.231   490.3     -0.346     -0.310      0.046     -0.557      0.074     -0.345
458.2000       -995.032    -1007.098       12.067   483.7      1.078      0.638      0.999      0.139     -0.620      0.130
458.4000       -996.407    -1008.532       12.126   486.0      0.806      0.509      0.668      0.769     -0.126     -0.214
458.6000       -996.602    -1008.750       12.148   487.0      1.136      1.097     -0.001     -0.716     -0.259     -0.347
458.8000       -995.253    -1007.198       11.945   478.8     -0.070     -1.308     -0.749      0.353     -0.235     -0.763
459.0000       -995.636    -1008.151       12.515   501.7      0.169     -0.216      0.592      0.288      0.093      0.261
459.2000       -997.763    -1009.109       11.346   454.8      0.455     -0.419      0.815      0.014      0.276      0.677
459.4000       -996.166    -1007.515       11.349   454.9     -0.240     -0.438      0.049      0.605     -0.611      0.005
459.6000       -995.529    -1007.712       12.184   488.4      1.043      0.239      0.358      0.462      0.213     -0.382
459.8000       -995.371    -1007.817       12.446   498.9      0.126      1.484      0.513      0.181     -0.079     -0.120
460.0000       -996.077    -1007.868       11.791   472.6      0.670      0.371      0.236      0.042     -0.548     -0.145
460.2000       -996.799    -1008.316       11.517   461.6      0.152     -0.068     -0.087      1.005      0.338      0.408
460.4000       -995.554    -1007.873       12.319   493.8      1.750      1.380      1.062     -0.598     -0.416      0.048
460.6000       -995.163    -1007.931       12.768   511.8      0.450      0.576     -1.052      0.384     -0.081      0.035
460.8000       -994.354    -1007.314       12.960   519.5      0.993      0.063     -0.413     -0.150      0.422      0.056
461.0000       -995.314    -1007.041       11.727   470.1     -0.709     -0.516     -0.911      0.269     -1.057      0.166
461.2000       -996.047    -1007.542       11.495   460.8     -0.701     -0.933      0.116     -0.056      0.258     -0.495
461.4000       -996.844    -1008.636       11.791   472.7      1.164     -1.103      0.225      0.162      0.463     -0.313
461.6000       -995.890    -1007.949       12.059   483.4     -0.507     -0.695      0.402     -0.390      0.082     -0.171
461.8000       -996.132    -1008.088       11.955   479.2      0.460      1.529      0.681     -0.465     -0.073      0.271
462.0000       -994.726    -1006.745       12.019   481.8      0.755     -0.224      0.392     -0.507     -0.482      0.558
462.2000       -994.054    -1006.619       12.565   503.7      0.351      1.407      1.334      0.344      0.208      0.326
462.4000       -994.496    -1007.654       13.159   527.5     -0.117     -0.373      0.231      0.049      0.349      0.272
462.6000       -994.370    -1006.481       12.111   485.5      1.352     -0.722      0.469     -0.208      0.344      0.412
462.8000       -994.128    -1007.505       13.377   536.2     -0.115     -0.236      0.503     -0.045      0.003     -0.491
463.0000       -995.033    -1007.955       12.922   518.0      0.079      0.080      1.114     -0.801      0.437     -0.235
463.2000       -995.229    -1007.114       11.885   476.4     -0.090     -0.035     -0.350      0.057      0.089     -0.339
463.4000       -994.622    -1007.241       12.620   505.9     -0.211     -0.462     -0.553      0.612      0.288      0.449
463.6000       -994.346    -1007.482       13.136   526.6     -0.171     -0.388     -0.375      0.158     -0.296     -0.545
463.8000       -995.815    -1007.855       12.040   482.6     -0.389     -0.492      0.525      0.397     -0.478     -0.189
464.0000       -995.497    -1007.009       11.511   461.4      0.203     -0.087     -0.512      0.384      0.450      0.004
464.2000       -995.149    -1007.275       12.126   486.1      0.418      0.403      0.099      0.134     -0.258     -0.110
464.4000       -993.783    -1007.084       13.301   533.2     -0.245      0.312      0.254     -0.138     -0.066      0.339
464.6000       -993.507    -1006.711       13.204   529.3      0.688      0.172      0.061      0.863      0.198     -0.004
464.8000       -993.570    -1007.157       13.587   544.6      0.166     -0.677     -0.995      0.201     -0.670     -0.094
465.0000       -993.633    -1006.795       13.162   527.6     -0.640      0.108      0.414      0.288      0.186     -0.355
465.2000       -994.769    -1007.329       12.560   503.5     -1.323      0.797     -0.821     -0.264     -0.262      0.267
465.4000       -994.433    -1006.375       11.942   478.7      0.577      1.036      1.044     -0.157      0.136      0.369
465.6000       -994.253    -1007.635       13.382   536.4      0.204      0.907     -0.260     -0.051      0.425     -0.025
465.8000       -993.570    -1005.912       12.342   494.7     -1.022     -0.768     -0.816     -0.083      0.210      0.104
466.0000       -993.959    -1005.840       11.881   476.3      1.100      0.360      0.896     -0.401     -0.118     -0.233
466.2000       -994.677    -1007.494       12.816   513.7     -0.090     -0.594     -0.728     -0.011     -0.688     -0.006
466.4000       -995.204    -1007.222       12.018   481.7      0.119      0.592      1.073      0.072     -0.215     -0.001
466.6000       -994.889    -1006.151       11.262   451.4     -0.055     -0.278      0.430      0.491     -0.315     -0.126
466.8000       -993.510    -1007.560       14.050   563.2     -0.288      1.064     -0.042      0.442      0.410      0.963
467.0000       -993.133    -1006.573       13.440   538.7      0.241      0.330      0.569      0.517     -0.810      0.050
467.2000       -993.187    -1005.980       12.794   512.8     -0.439      0.467     -0.343     -0.235      0.238      0.258
467.4000       -994.373    -1006.392       12.019   481.8      0.123      0.296     -0.574     -0.564      0.533      0.078
467.6000       -995.803    -1007.206       11.403   457.1     -0.378      0.459      0.645      0.995     -0.503      0.798
467.8000       -995.371    -1007.048       11.677   468.1     -0.503     -0.107      0.151     -0.209      0.061     -0.368
468.0000       -996.320    -1007.667       11.347   454.8     -0.438      0.318      0.979      0.628     -0.096     -0.376
468.2000       -995.537    -1006.725       11.188   448.5      0.120      0.729      1.130      0.100     -0.145     -0.908
468.4000       -994.336    -1007.937       13.601   545.2      0.029      0.456      0.422      0.040     -0.154      0.424
468.6000       -994.585    -1006.437       11.852   475.1     -0.325      0.736      0.244     -0.485      0.057      0.457
468.8000       -992.853    -1005.602       12.749   511.0      0.414     -0.358     -0.612      0.322      0.346     -0.093
469.0000       -992.581    -1007.169       14.588   584.8      0.234      0.923     -0.214     -0.055     -0.773      0.063
469.2000       -994.663    -1006.867       12.205   489.2     -0.353      0.020      0.334      0.124     -0.156      0.008
469.4000       -993.276    -1006.265       12.989   520.7     -0.352     -0.538     -0.534     -0.049      0.141     -0.828
469.6000       -993.279    -1006.141       12.863   515.6     -0.255      0.276     -1.362      0.057      0.093     -0.377
469.8000       -992.973    -1005.114       12.141   486.7     -0.200     -0.709      0.918      0.941     -0.016     -0.598
470.0000       -993.401    -1006.582       13.180   528.3      0.133      0.314     -0.727     -0.120      0.349      0.500
470.2000       -994.374    -1007.332       12.958   519.4      0.329      0.996      0.945      0.125     -0.020      0.610
470.4000       -995.751    -1006.974       11.223   449.9      1.328      0.557      0.003      0.022     -0.151      0.023
470.6000       -994.662    -1006.139       11.477   460.1     -1.127      0.002     -0.833     -0.212     -0.216     -0.278
470.8000       -994.141    -1006.695       12.554   503.2      0.438      1.468      0.604     -0.062      0.198      0.236
471.0000       -995.142    -1007.980       12.838   514.6     -0.261      1.688      0.510     -0.535     -0.691      0.276
471.2000       -994.482    -1007.847       13.364   535.7     -0.592     -0.513     -0.227     -0.178     -0.003     -0.205
471.4000       -994.484    -1006.887       12.403   497.2      1.014      1.564      0.175      0.079     -0.224     -0.072
471.6000       -995.211    -1007.176       11.965   479.6      0.424     -1.041      0.068     -0.249      0.265      0.149
471.8000       -994.549    -1006.512       11.963   479.5     -0.232     -0.136     -0.736      0.164     -0.547      0.110
472.0000       -994.241    -1006.775       12.534   502.4      0.087     -0.501      0.575     -0.059     -0.905     -0.528
472.2000       -994.427    -1007.670       13.243   530.8     -0.758     -0.729     -0.977      0.687     -0.563     -0.024
472.4000       -995.110    -1007.536       12.426   498.1     -0.224      0.156      0.185     -0.159     -0.580      0.117
472.6000       -995.766    -1007.818       12.052   483.1     -0.342      0.126     -0.652      0.421     -0.042      0.017
472.8000       -995.949    -1007.342       11.393   456.7      0.411      2.189      0.025     -0.131      0.076     -0.327
473.0000       -992.907    -1007.069       14.163   567.7     -0.255     -0.720     -0.845      0.584      0.213      0.346
473.2000       -992.220    -1005.771       13.551   543.2     -0.854      0.326     -0.736      0.145      0.118     -0.150
473.4000       -993.810    -1006.035       12.225   490.0      0.171      0.090      0.332     -0.527     -0.411      0.464
473.6000       -995.652    -1007.536       11.884   476.4      0.168      0.725      0.582      0.109      0.263     -0.449
473.8000       -995.330    -1006.958       11.628   466.1      1.594     -0.044      0.487     -0.752     -0.174     -0.273
474.0000       -994.513    -1007.763       13.250   531.1      0.236      0.673      0.858      0.104      0.642      0.115
474.2000       -993.320    -1006.850       13.530   542.4      0.843     -0.139      0.444      0.673     -0.311     -0.059
474.4000       -994.070    -1007.299       13.229   530.3      0.427      0.850      0.293      0.143      0.343      0.454
474.6000       -994.948    -1007.011       12.063   483.5      0.501     -0.199      0.317     -0.137      0.385     -0.487
474.8000       -995.029    -1006.585       11.556   463.2     -0.089      0.677     -0.247      0.608      0.103     -0.515
475.0000       -994.461    -1007.374       12.913   517.6     -0.083      0.229      0.431      0.056      0.452      0.214
475.2000       -995.221    -1006.783       11.562   463.5      0.386     -0.217     -0.407     -0.459     -0.424      0.264
475.4000       -994.620    -1007.283       12.664   507.6     -0.440      0.018     -0.759      0.395     -0.597      0.233
475.6000       -993.650    -1007.554       13.905   557.4      0.821      0.279      1.572      0.322     -0.352     -0.480
475.8000       -994.146    -1006.350       12.205   489.2     -0.973     -1.610     -0.408     -0.340      0.454     -0.549
476.0000       -994.597    -1006.742       12.145   486.8      1.682      0.062      1.255      0.199     -0.409     -0.312
476.2000       -993.718    -1007.467       13.749   551.1      0.132      0.361      0.660      0.329      0.024     -0.356
476.4000       -993.976    -1006.436       12.460   499.5     -1.066      0.565      0.592     -0.155      0.127     -0.072
476.6000       -993.719    -1005.900       12.181   488.3      1.102      0.055      0.032     -0.608      0.486     -0.339
476.8000       -994.164    -1006.155       11.991   480.7     -0.490     -0.141     -0.483      0.149     -0.232     -0.258
477.0000       -994.235    -1006.217       11.982   480.3      1.311      0.395      0.968      0.124      0.206      0.589
477.2000       -995.687    -1007.629       11.942   478.7      1.566      0.351      0.118      0.129     -0.092      0.032
477.4000       -995.003    -1007.365       12.362   495.5      0.729      1.358      0.002      0.255     -0.496     -0.568
477.6000       -996.989    -1007.736       10.748   430.8      0.839      0.337      0.673     -0.299      0.370     -0.772
477.8000       -997.609    -1009.228       11.619   465.8      0.685      0.471      0.597     -0.690     -0.180     -0.163
478.0000       -996.401    -1008.596       12.195   488.8      0.346      0.259      0.986      0.641     -0.031     -0.716
478.2000       -997.040    -1008.582       11.542   462.7      0.562      1.098     -0.151      0.056     -0.379      0.116
478.4000       -996.199    -1008.405       12.205   489.2      0.798     -0.017     -0.198     -0.246      0.735      0.059
478.6000       -996.625    -1008.620       11.995   480.8      0.148      0.121      0.616     -0.467      0.047     -0.318
478.8000       -996.379    -1008.446       12.067   483.7      0.100     -0.145     -0.559      0.166      0.297     -0.362
479.0000       -995.169    -1008.770       13.601   545.2     -0.844      0.124      0.078     -0.283     -0.397      0.069
479.2000       -995.608    -1008.412       12.803   513.2      1.046      1.373     -0.221     -0.428      0.009      0.596
479.4000       -996.184    -1008.059       11.875   476.0     -1.064     -0.174      0.061     -0.509     -0.003     -0.074
479.6000       -996.332    -1008.189       11.857   475.3     -0.654      0.415      0.830     -0.276     -0.385     -0.269
479.8000       -996.131    -1008.151       12.020   481.8     -0.526      0.047      0.513     -0.330      0.078     -0.545
480.0000       -996.972    -1008.422       11.450   459.0      1.248     -0.390      0.563      0.181      0.033     -0.873
480.2000       -995.191    -1007.844       12.653   507.2     -1.137     -0.602     -0.225      0.735      0.030     -0.564
480.4000       -995.634    -1007.783       12.149   487.0      0.057     -0.215     -0.430     -0.435     -0.227     -0.389
480.6000       -995.759    -1008.095       12.336   494.5     -0.691      0.251      0.300     -0.319     -0.219     -0.303
480.8000       -994.699    -1005.979       11.280   452.1      1.376      0.543      1.292      0.429     -0.025      0.014
481.0000       -995.670    -1008.208       12.538   502.6     -0.393     -0.212     -0.236     -0.408      0.406     -0.715
481.2000       -995.176    -1006.881       11.705   469.2      0.330      0.264      1.553      0.603     -0.214      0.114
481.4000       -995.310    -1007.264       11.954   479.2      0.954      0.376      0.036     -0.180     -0.005     -0.206
481.6000       -994.410    -1006.945       12.535   502.5     -0.671      0.250     -0.496     -1.002     -0.787      0.543
481.8000       -993.752    -1006.965       13.213   529.6     -0.054     -0.880     -0.542      0.364     -0.175      0.086
482.0000       -994.191    -1006.872       12.682   508.3      0.725      0.383      0.070      0.445      0.343     -0.480
482.2000       -994.516    -1007.260       12.743   510.8      0.242      0.074     -0.024     -0.084      0.083      0.190
482.4000       -996.300    -1007.812       11.512   461.4      0.323     -0.336     -0.386     -0.045      0.816     -0.886
482.6000       -994.788    -1007.980       13.192   528.8     -0.151     -0.188      0.298     -0.146     -0.028      0.478
482.8000       -994.077    -1007.206       13.129   526.3     -0.117      1.369     -0.639     -0.122      0.792      0.251
483.0000       -994.935    -1007.155       12.220   489.8      0.443      0.816      0.128      0.229      0.300      0.308
483.2000       -993.787    -1007.976       14.189   568.8      0.723      1.114      0.954     -0.918      0.097      0.361
483.4000       -994.850    -1007.607       12.758   511.4     -0.011     -0.676      0.053     -0.604      0.227     -0.283
483.6000       -993.918    -1006.770       12.852   515.2      1.218      0.327      1.275      0.570      0.268      0.164
483.8000       -994.498    -1007.878       13.380   536.3      0.475      1.094      0.874     -0.456     -0.834     -0.413
484.0000       -994.865    -1007.374       12.509   501.4      0.491     -0.228     -0.496     -0.664     -0.153      0.337
484.2000       -995.394    -1007.576       12.182   488.3      1.672      0.681     -0.719     -0.014      0.421     -0.001
484.4000       -993.414    -1006.000       12.586   504.5      1.190      1.326      0.800     -0.674     -0.142      0.226
484.6000       -993.818    -1008.135       14.317   573.9     -0.591      0.725      0.445      0.319      0.208     -0.375
484.8000       -993.410    -1006.780       13.370   535.9      0.416     -0.365      0.339      0.243     -0.458      0.273
485.0000       -993.877    -1007.003       13.125   526.1      0.265     -0.036     -0.436     -0.702      0.361     -0.053
485.2000       -993.982    -1006.715       12.733   510.4     -0.447     -0.253     -0.276      0.504      0.736      0.305
485.4000       -995.209    -1007.247       12.038   482.5      1.388      0.949      0.628     -0.633     -0.116     -0.285
485.6000       -995.784    -1008.698       12.915   517.7      0.773     -0.114     -0.176      0.052     -0.016      0.272
485.8000       -996.584    -1008.916       12.332   494.3     -0.150      0.088      0.456     -0.296      0.063     -0.974
486.0000       -997.778    -1009.389       11.611   465.4      0.498      0.654      0.763     -0.118      0.304      0.352
486.2000       -998.030    -1010.084       12.054   483.2     -0.246     -0.416     -0.596      0.952      0.062      0.290
486.4000       -996.554    -1007.985       11.432   458.2     -0.116     -0.373      0.418     -0.532      0.041     -0.192
486.6000       -993.786    -1007.261       13.475   540.1     -1.332     -1.069     -0.746      0.261      0.431      0.651
486.8000       -993.997    -1008.373       14.376   576.3      1.140     -0.291      0.625     -0.487      0.931      0.741
487.0000       -994.347    -1007.912       13.565   543.8     -0.082     -0.526     -0.146      0.652     -0.836     -0.161
487.2000       -994.558    -1007.309       12.750   511.1     -0.113      0.866      0.335     -0.676     -0.418     -0.597
487.4000       -994.594    -1006.578       11.984   480.4     -0.144      0.400     -0.139     -0.304      0.621     -0.002
487.6000       -993.778    -1006.758       12.980   520.3     -0.214     -0.035     -1.338      0.497     -0.089     -0.492
487.8000       -994.087    -1006.922       12.835   514.5      0.279      1.755      1.135     -0.335     -0.460     -0.497
488.0000       -992.541    -1006.275       13.734   550.5      0.006     -1.458     -1.268     -0.674      0.688      0.042
488.2000       -992.891    -1006.496       13.605   545.3      0.899     -0.201      0.138      0.003     -0.127     -0.375
488.4000       -994.183    -1006.086       11.903   477.1     -0.681      0.385     -0.016      0.441      0.072      0.249
488.6000       -994.242    -1006.249       12.007   481.3      0.868      0.586     -0.175     -0.261     -0.190      0.259
488.8000       -994.184    -1007.147       12.963   519.6      0.922      1.984      1.040      0.034     -0.042     -0.065
489.0000       -993.407    -1007.025       13.618   545.9     -0.103      0.132     -0.544      0.813     -0.066     -0.348
489.2000       -994.506    -1005.787       11.282   452.2      0.062     -0.775     -0.592      0.030      0.492      0.038
489.4000       -995.031    -1007.494       12.463   499.6      0.774      1.264      0.201     -0.226      0.126      0.144
489.6000       -994.608    -1007.099       12.491   500.7      1.000      0.810     -0.411     -0.172     -0.550      0.361
489.8000       -993.642    -1006.773       13.131   526.4      0.048      0.902      0.329      0.221      0.951      0.042
490.0000       -993.901    -1008.233       14.331   574.5     -0.208     -0.440      0.372      0.093      0.484      0.099
490.2000       -994.087    -1007.619       13.532   542.4      0.528     -0.004      0.582      0.513      0.195     -0.221
490.4000       -994.800    -1007.351       12.551   503.1      0.051     -0.034     -0.848      0.381      0.327      0.772
490.6000       -994.315    -1006.567       12.252   491.1      0.372     -0.116      0.882     -0.407      0.446      0.386
490.8000       -994.995    -1007.487       12.492   500.7     -0.321      0.445      1.861      0.033      0.433     -0.667
491.0000       -996.372    -1008.405       12.033   482.3      0.713      0.666      1.152     -0.040     -0.178     -0.627
491.2000       -996.327    -1008.905       12.579   504.2     -0.244     -0.103      0.082     -0.328      0.090     -0.157
491.4000       -996.986    -1008.922       11.936   478.5     -1.400      0.225     -0.237      0.140     -0.031     -0.381
491.6000       -996.703    -1008.157       11.454   459.1      0.711      0.348      1.350     -0.609      0.613     -0.092
491.8000       -996.557    -1008.111       11.554   463.2      0.692      0.065     -0.328     -0.251     -0.142     -0.374
492.0000       -997.010    -1007.566       10.556   423.1     -0.447      1.254      0.917      0.122      0.609     -0.586
492.2000       -996.056    -1009.220       13.164   527.7     -0.750     -0.400      0.976     -0.259     -0.547     -0.094
492.4000       -994.563    -1007.932       13.369   535.9     -0.392     -0.462      0.505      0.512      0.224     -0.606
492.6000       -995.585    -1007.397       11.812   473.5     -0.204      0.956      0.999     -0.026     -0.577     -0.062
492.8000       -996.777    -1007.983       11.206   449.2      2.018      1.233      1.833     -0.202      0.228     -0.586
493.0000       -995.889    -1007.034       11.145   446.7      1.517      0.153      0.462      0.096      0.668      0.200
493.2000       -996.534    -1008.560       12.026   482.0      0.902      0.101     -0.821     -0.275     -0.689     -0.098
493.4000       -995.263    -1006.698       11.435   458.4      0.377     -0.398      0.072      0.138      0.185      0.078
493.6000       -993.934    -1006.268       12.334   494.4      0.959      0.501      0.346      0.272     -0.495      0.417
493.8000       -995.132    -1005.812       10.680   428.1      0.722      0.671     -0.207      0.736     -0.213      0.987
494.0000       -993.911    -1006.282       12.370   495.9     -0.563     -0.325     -0.414     -0.679      0.110     -0.322
494.2000       -994.038    -1007.339       13.301   533.2      0.374      0.815      0.212      0.823      0.442     -0.347
494.4000       -994.811    -1007.518       12.707   509.4     -0.612     -0.400     -0.807     -0.245     -0.091      0.253
494.6000       -995.251    -1007.324       12.072   483.9      0.082     -0.784     -0.049     -0.487      0.536     -0.033
494.8000       -994.959    -1007.488       12.529   502.2      0.015      0.011      0.454      0.245      0.064     -0.368
495.0000       -995.888    -1008.413       12.525   502.1      0.482     -0.652     -0.495     -0.771     -0.504     -0.607
495.2000       -995.565    -1008.889       13.325   534.1     -0.214      0.322      0.469     -0.227     -0.521     -0.261
495.4000       -995.591    -1008.010       12.419   497.8     -1.549     -0.591      0.485      0.238     -0.373     -0.655
495.6000       -995.340    -1007.511       12.171   487.9     -0.320      0.341      1.185     -0.201      0.250     -0.237
495.8000       -993.751    -1006.912       13.162   527.6     -0.402      0.818      0.345      0.214      0.929      0.100
496.0000       -994.482    -1007.148       12.666   507.7     -0.782     -0.374     -0.421      0.352      0.342      0.419
496.2000       -994.493    -1006.774       12.282   492.3     -0.239      0.471      0.254     -0.952      0.204      0.230
496.4000       -993.879    -1006.587       12.708   509.4      0.825      0.888      1.113     -0.094     -0.077      0.580
496.6000       -994.803    -1006.364       11.561   463.4      0.850      1.170      1.595      0.228     -0.490     -0.201
496.8000       -994.775    -1007.300       12.524   502.0     -0.147     -1.262     -0.682     -0.399     -0.115      0.151
497.0000       -995.390    -1007.440       12.050   483.0      0.448      0.129      1.096     -0.104      0.143     -0.043
497.2000       -994.922    -1008.053       13.131   526.4     -1.430     -0.722     -0.735     -0.417     -0.025      0.286
497.4000       -993.911    -1005.019       11.108   445.3     -0.336      0.990      0.845     -0.148      0.162     -0.080
497.6000       -993.529    -1005.669       12.141   486.7      0.905      0.073      0.928      0.194     -0.181     -0.168
497.8000       -995.266    -1007.056       11.790   472.6      0.165      0.463     -0.646     -0.305      0.114     -0.304
498.0000       -995.296    -1007.039       11.743   470.7     -0.000      1.129      0.054      0.365      0.301      0.064
498.2000       -994.961    -1007.103       12.141   486.7      0.590     -0.150      0.023     -0.826      0.153     -0.186
498.4000       -995.779    -1008.004       12.226   490.1      1.133     -0.747      0.867     -0.255      0.530      0.385
498.6000       -994.705    -1007.175       12.471   499.9     -1.075     -0.283     -0.837      0.346     -0.545     -0.315
498.8000       -995.800    -1007.873       12.073   484.0      0.493      0.423      0.171     -0.377     -0.416      0.539
499.0000       -995.184    -1006.544       11.360   455.4     -0.524     -0.849     -1.177     -0.061     -0.370     -0.553
499.2000       -995.306    -1007.643       12.338   494.5     -0.039      0.102     -1.127     -0.282     -0.425     -0.107
499.4000       -994.604    -1007.892       13.288   532.6      0.972      0.255      0.912      0.485     -0.377      0.471
499.6000       -992.243    -1005.138       12.895   516.9     -0.016     -0.551      0.101      0.547      0.830     -0.036
499.8000       -992.514    -1005.599       13.085   524.5      0.718     -0.457      1.369      0.704      0.586     -0.651
500.0000       -992.693    -1006.377       13.684   548.5     -0.944     -0.763      0.542      0.432      0.328     -0.982
500.2000       -992.705    -1006.402       13.697   549.0      0.862     -1.001     -1.037      1.012      0.486     -0.202
500.4000       -992.527    -1005.553       13.026   522.2      0.722     -0.579      0.325      0.096      0.277     -0.049
500.6000       -992.772    -1006.433       13.660   547.6      0.237      0.227     -0.267      0.759      0.051      0.280
500.8000       -994.268    -1007.246       12.978   520.2     -0.164     -0.641     -0.717      0.084      0.036     -0.317
501.0000       -993.523    -1006.652       13.129   526.3     -0.359     -0.778      0.039      0.424     -0.086     -0.217
501.2000       -994.767    -1007.528       12.761   511.5      0.711      0.389     -0.330      0.297     -0.092      0.233
501.4000       -996.201    -1007.726       11.526   462.0     -0.302      0.264     -0.123      0.056      0.479     -0.334
501.6000       -994.140    -1006.165       12.025   482.0     -0.027     -0.499     -0.558      1.421      0.003     -0.404
501.8000       -995.192    -1007.090       11.898   476.9     -0.018     -0.311     -1.075     -0.061      0.030      0.124
502.0000       -994.822    -1006.455       11.633   466.3      0.213      0.249     -0.094      0.175      0.410     -0.579
502.2000       -995.356    -1007.693       12.337   494.5      0.453     -0.561      0.645     -0.391      0.209      0.251
502.4000       -992.893    -1006.691       13.798   553.1      1.201      0.899      0.227      0.466      0.457      0.173
502.6000       -993.590    -1005.850       12.259   491.4      1.902      0.364      1.472      0.313     -0.245     -0.576
502.8000       -994.192    -1005.440       11.248   450.9      0.579      0.910     -0.121      0.019      0.527     -0.536
503.0000       -993.907    -1006.952       13.044   522.9      1.197      0.435     -0.045     -0.490     -0.459      0.130
503.2000       -994.351    -1007.143       12.792   512.8      0.268      2.052      1.195      0.335     -0.778     -0.546
503.4000       -994.177    -1007.090       12.913   517.6      0.184      0.690      0.838     -0.164      0.442     -0.148
503.6000       -994.207    -1006.626       12.419   497.8     -0.525      0.066      0.009     -0.119     -0.545      0.214
503.8000       -994.411    -1005.723       11.312   453.5      1.135      0.449      0.414      0.026     -0.215      0.204
504.0000       -994.994    -1008.357       13.363   535.7      1.004     -0.704      0.279     -0.172     -0.134     -0.212
504.2000       -996.589    -1008.442       11.853   475.1      0.242      0.871     -0.084     -0.296     -0.771      0.060
504.4000       -994.507    -1006.838       12.331   494.3      0.587     -0.355     -0.551     -0.443     -0.099     -0.103
504.6000       -995.868    -1008.539       12.671   507.9      0.476      0.814      2.273      0.296     -0.517      0.614
504.8000       -995.483    -1007.405       11.923   477.9     -0.848     -1.170     -0.123      0.274     -0.379      0.260
505.0000       -994.653    -1006.523       11.870   475.8      0.493      0.389     -0.387      0.285     -0.002      0.015
505.2000       -993.719    -1006.397       12.678   508.2     -0.110      0.459      0.161      0.691      0.509      0.385
505.4000       -993.617    -1005.812       12.196   488.9      2.447      0.491      1.620      0.363      0.764      0.263
505.6000       -993.798    -1006.736       12.939   518.6     -0.499      0.232      0.175      0.323     -0.366      0.470
505.8000       -994.295    -1007.723       13.428   538.2      0.329      0.154      0.060     -0.373     -0.893      0.254
506.0000       -993.303    -1006.085       12.782   512.4     -0.240      0.657      0.114      0.428      0.104     -0.110
506.2000       -994.046    -1007.149       13.103   525.2      0.840      0.112      0.012      0.084      0.878     -0.735
506.4000       -994.015    -1006.702       12.687   508.6     -0.138      0.217     -0.168      0.528      0.231      0.596
506.6000       -994.123    -1007.426       13.303   533.2      0.351     -0.468     -1.046      0.279      0.350     -0.351
506.8000       -995.250    -1008.077       12.827   514.2     -0.243     -1.028     -0.029     -0.454      0.016     -0.332
507.0000       -995.306    -1007.831       12.525   502.1     -0.284     -0.515     -0.955     -0.034     -0.312      0.335
507.2000       -996.022    -1009.198       13.176   528.1      0.303      0.926      0.653      0.705     -0.061      0.624
507.4000       -993.713    -1005.718       12.005   481.2      1.064      0.702     -1.108      0.265      0.463     -0.440
507.6000       -994.863    -1005.812       10.949   438.9      0.720     -0.223      1.180      0.128      0.022      0.603
507.8000       -996.488    -1008.814       12.326   494.1      1.770      0.200     -0.168     -0.242      0.385      0.175
508.0000       -996.179    -1008.121       11.943   478.7      0.513      0.029     -0.556      0.271      0.903     -0.100
508.2000       -994.849    -1007.163       12.314   493.6     -0.231     -0.074      0.531     -0.350     -0.009      0.156
508.4000       -994.717    -1006.939       12.222   489.9      0.527      0.333     -0.347     -0.414      0.154     -0.318
508.6000       -995.180    -1007.087       11.907   477.3      1.764      0.674      0.699     -0.202     -0.103      0.169
508.8000       -995.378    -1007.346       11.967   479.7     -0.087      0.090      0.524     -0.027      0.021     -0.136
509.0000       -995.645    -1007.753       12.108   485.4      1.229      0.322     -0.156     -0.473      0.019      0.809
509.2000       -996.233    -1008.593       12.360   495.4      0.348     -0.660      0.132      0.180      0.392      0.674
509.4000       -994.310    -1007.790       13.480   540.4      0.198     -0.180      0.346     -0.212     -0.219     -0.555
509.6000       -995.141    -1007.850       12.709   509.4      0.725      0.683      1.118      0.739      0.070     -0.513
509.8000       -994.595    -1007.584       12.989   520.7     -0.418      0.057      0.756     -0.002     -0.116     -0.172
510.0000       -995.114    -1007.375       12.260   491.5      0.656     -0.002     -0.517     -0.441      0.697     -0.360
510.2000       -994.916    -1007.992       13.076   524.2      1.433     -0.668      0.712      0.488     -0.271      0.325
510.4000       -994.307    -1007.036       12.728   510.2      1.550      0.172      1.645     -0.136      0.424     -0.622
510.6000       -995.529    -1007.945       12.415   497.7     -0.175      0.052     -0.418      0.540      0.246     -0.284
510.8000       -995.576    -1008.117       12.541   502.7      0.749      0.622      0.371     -0.391      0.142     -0.253
511.0000       -996.114    -1008.620       12.505   501.3      0.937      1.406      1.228     -0.019     -0.310      0.054
511.2000       -994.723    -1007.393       12.670   507.9      0.525      0.119      0.421     -0.243      0.459      0.156
511.4000       -993.972    -1006.930       12.957   519.4      0.090     -0.090      0.186     -0.151     -0.079     -0.115
511.6000       -993.581    -1006.273       12.692   508.7      0.456      0.151      0.144      0.452      0.355      0.028
511.8000       -992.530    -1005.582       13.053   523.2     -0.108      0.046      0.005     -0.036      0.317      0.083
512.0000       -992.302    -1005.852       13.551   543.2      0.261      0.259      0.179     -0.433     -0.784     -0.356
512.2000       -993.127    -1006.950       13.823   554.1     -0.390      0.502      0.698     -0.342      0.293      0.268
512.4000       -993.921    -1006.739       12.817   513.8      0.106      0.613      0.485      0.115     -0.634      0.106
512.6000       -993.940    -1007.216       13.276   532.2     -0.217      0.095     -0.161     -0.151      0.585      0.555
512.8000       -992.895    -1005.871       12.976   520.1     -1.057     -1.280     -0.627      0.373     -0.359     -0.001
513.0000       -993.377    -1006.170       12.793   512.8     -0.369      1.030      0.044      0.071     -0.399      0.269
513.2000       -992.684    -1006.362       13.678   548.3      1.045      0.381      0.410     -0.132      0.768     -0.338
513.4000       -993.466    -1006.855       13.389   536.7      0.185     -0.281      0.310      0.014     -0.112     -0.040
513.6000       -993.603    -1006.222       12.620   505.9      0.317      0.830      0.653     -0.088     -0.874     -0.085
513.8000       -995.157    -1007.131       11.973   479.9      0.679     -0.024     -0.007     -0.229      0.241     -0.116
514.0000       -995.137    -1007.316       12.179   488.2     -0.018     -0.897      0.325     -0.645     -0.261      0.022
514.2000       -994.371    -1006.450       12.079   484.2      0.192      0.813     -0.819     -0.056     -0.175     -0.241
514.4000       -994.777    -1007.367       12.589   504.6      0.158      0.096     -0.157     -0.514      0.132     -0.837
514.6000       -994.444    -1007.209       12.765   511.7      0.305     -0.145      0.231      0.013     -0.386      0.104
514.8000       -994.696    -1006.199       11.503   461.1      1.431      0.090     -0.544      0.545      0.205      0.245
515.0000       -995.240    -1007.555       12.315   493.6      0.446      1.112      0.609      0.585      0.405     -0.891
515.2000       -996.826    -1007.907       11.081   444.2      0.003     -0.053     -1.247      0.079      0.338      0.169
515.4000       -995.785    -1008.529       12.745   510.9     -0.192     -0.102      0.315     -0.178      0.150      0.599
515.6000       -996.421    -1008.405       11.984   480.4     -0.203     -0.354     -0.086      0.065     -0.223      0.301
515.8000       -996.282    -1008.953       12.671   507.9      0.412      0.210     -0.109      0.267      0.103     -0.376
516.0000       -996.393    -1007.916       11.523   461.9      2.560      0.891      1.060     -0.519     -0.480      0.300
516.2000       -995.795    -1008.420       12.625   506.1      0.080      1.350     -0.416     -0.322     -0.407      0.548
516.4000       -995.933    -1007.910       11.977   480.1     -0.376     -0.044      0.776      0.226     -0.124      0.752
516.6000       -995.620    -1007.219       11.599   464.9     -0.161      0.198     -0.096      0.249     -0.025     -0.238
516.8000       -993.202    -1005.984       12.783   512.4      0.846      0.447     -0.590     -1.008     -0.129     -0.814
517.0000       -992.051    -1006.353       14.301   573.3      0.399     -0.041      0.573     -0.160      0.346      0.631
517.2000       -993.178    -1006.517       13.339   534.7     -0.053      0.243      1.065     -0.624      0.219      0.230
517.4000       -993.174    -1006.153       12.979   520.3      1.033      0.855      1.475      0.237      0.049      0.149
517.6000       -993.141    -1006.174       13.032   522.4      0.212     -0.269      0.458     -0.209      0.250      0.343
517.8000       -994.133    -1006.502       12.370   495.8      0.269      0.404      0.404     -0.166      0.111     -0.371
518.0000       -994.756    -1007.198       12.441   498.7     -0.392      0.454     -0.567     -0.305     -0.425     -0.862
518.2000       -995.477    -1007.709       12.232   490.3     -0.960     -0.221     -1.065     -0.040      0.223     -0.312
518.4000       -994.982    -1007.274       12.292   492.7      0.710      0.131      0.223     -0.533     -0.408     -0.311
518.6000       -995.217    -1008.777       13.560   543.5      0.112      0.744      0.435     -0.013     -0.186      0.087
518.8000       -995.175    -1007.853       12.678   508.2     -0.171      0.765      0.011      0.211      0.668      0.035
519.0000       -995.366    -1007.407       12.041   482.7     -0.633      0.747     -0.248      0.066      0.027     -0.270
519.2000       -994.753    -1006.557       11.804   473.2      0.224     -0.600      0.652      0.088      0.155     -0.060
519.4000       -994.430    -1006.208       11.779   472.2      0.529      0.359      0.219      0.895      0.199     -0.712
519.6000       -994.917    -1006.311       11.394   456.7     -0.387      0.262      0.126      0.314     -0.240     -0.260
519.8000       -993.709    -1006.903       13.194   528.9     -0.529      0.440      0.998     -0.012     -0.229      0.337
520.0000       -993.390    -1007.248       13.858   555.5      0.466      1.487      0.387     -0.309      0.024      0.761
520.2000       -993.204    -1006.054       12.849   515.1      1.174     -1.672     -0.863     -0.344     -0.490      0.214
520.4000       -993.088    -1005.713       12.625   506.1      0.567      0.903      0.372      0.211     -0.093      0.329
520.6000       -993.999    -1006.625       12.626   506.1      0.333      0.394     -0.214     -0.555      0.380      0.233
520.8000       -994.770    -1006.580       11.810   473.4      0.365     -0.912     -0.139      0.030     -0.163     -0.645
521.0000       -994.196    -1007.132       12.935   518.5      0.809      0.929      1.184      0.178     -0.562     -0.414
521.2000       -995.096    -1006.709       11.613   465.5     -0.078     -0.927      1.076     -0.233     -0.526      0.409
521.4000       -994.387    -1006.672       12.286   492.5      1.008      0.839     -0.741      0.139      0.765      0.202
521.6000       -995.188    -1006.643       11.455   459.2     -0.372     -0.072      0.942     -0.754     -0.338      0.118
521.8000       -994.461    -1007.970       13.509   541.5     -0.175     -0.511     -0.953      0.648      0.356      0.481
522.0000       -994.026    -1007.277       13.251   531.2      0.506     -0.020      0.847      0.091     -0.334     -0.476
522.2000       -994.212    -1006.814       12.603   505.2     -1.214     -0.467     -0.267     -0.319     -0.494      0.001
522.4000       -993.235    -1005.731       12.496   500.9      0.786      0.759      0.999     -0.252      0.303     -0.526
522.6000       -994.319    -1007.192       12.874   516.0     -0.227     -1.047     -0.590     -0.591      0.080      0.019
522.8000       -996.154    -1008.751       12.597   504.9      0.807     -0.275      0.515     -0.020      0.402      0.143
523.0000       -995.444    -1007.776       12.333   494.4      0.517      0.212      0.485     -0.298     -0.171      0.149
523.2000       -995.023    -1007.355       12.333   494.3      0.411      0.395      0.177     -0.018     -0.215      0.197
523.4000       -995.435    -1007.563       12.129   486.2     -0.756      0.034      0.160      0.213      0.675     -0.234
523.6000       -995.294    -1007.000       11.706   469.2      0.862      1.061      1.113     -0.072      0.533      0.174
523.8000       -994.735    -1006.940       12.205   489.2      0.123      0.162      0.067      0.899      0.421     -0.135
524.0000       -993.566    -1006.646       13.079   524.3     -1.905     -0.762     -0.081      0.364      0.171      0.794
524.2000       -994.791    -1007.193       12.402   497.1     -0.705     -0.922     -0.074     -0.378     -0.193     -0.070
524.4000       -995.185    -1007.606       12.420   497.9      0.959      0.747      1.934      0.025      0.139      0.307
524.6000       -994.439    -1007.114       12.674   508.0      0.526     -0.866      0.418     -0.593     -0.332     -0.582
524.8000       -994.545    -1007.244       12.699   509.0     -0.326     -0.141     -0.138      0.041      0.351      0.025
525.0000       -995.934    -1007.074       11.140   446.6     -1.059     -0.379      0.182     -0.281     -0.075     -0.180
525.2000       -995.355    -1007.759       12.404   497.2      0.647      0.443      0.994      0.477     -0.221     -0.686
525.4000       -995.659    -1009.095       13.436   538.6     -0.620     -1.321     -0.886      0.086     -0.009      0.252
525.6000       -995.711    -1007.390       11.679   468.1      0.390     -0.282     -0.025     -0.277      0.237      0.227
525.8000       -996.755    -1008.570       11.814   473.6      0.200      0.730      0.307     -0.395     -0.095     -0.879
526.0000       -995.571    -1008.229       12.658   507.4      1.515     -0.182     -0.660      0.262      0.525      0.194
526.2000       -995.057    -1007.608       12.551   503.1      0.387     -0.465      1.175      0.593     -0.512      0.117
526.4000       -995.346    -1008.035       12.689   508.7      0.911      0.536      1.177      0.520      0.644      0.665
526.6000       -995.295    -1008.133       12.838   514.6     -0.315     -0.653     -0.149     -0.057     -0.360      1.272
526.8000       -995.198    -1006.823       11.625   466.0     -0.084      0.025     -0.391     -0.329      0.419      0.271
527.0000       -995.070    -1006.546       11.476   460.0     -1.314      0.836     -0.441      0.042     -0.252     -0.107
527.2000       -994.416    -1007.849       13.433   538.5      1.518      0.417      0.331      0.464     -0.968      0.914
527.4000       -993.572    -1005.584       12.012   481.5     -0.591      0.149      0.249     -0.253      0.398      0.247
527.6000       -993.572    -1007.000       13.429   538.3      0.558     -0.284      1.227     -0.023      0.183     -0.472
527.8000       -994.321    -1007.667       13.346   535.0     -0.231     -0.089     -0.117      0.191      0.521     -0.247
528.0000       -993.819    -1006.940       13.121   526.0      0.010      0.363      0.450      0.012     -0.216     -0.412
528.2000       -994.434    -1007.175       12.741   510.7      0.659      0.814      1.511     -0.161     -0.182      0.529
528.4000       -993.771    -1006.146       12.375   496.1      1.538      0.063      0.655      0.054      0.181     -0.073
528.6000       -994.503    -1006.204       11.701   469.0      0.012     -0.965      0.667      0.311      0.268      0.091
528.8000       -994.560    -1007.689       13.129   526.3     -0.910      0.223      0.085     -0.238     -0.584      0.393
529.0000       -994.718    -1006.526       11.808   473.3      1.716      0.582      0.023     -0.144      0.160      0.510
529.2000       -994.117    -1006.026       11.909   477.4      0.325     -0.375     -0.250     -0.150     -0.046      0.570
529.4000       -993.428    -1006.169       12.741   510.7      0.666     -0.598     -0.560     -0.983      0.102     -0.372
529.6000       -993.396    -1007.183       13.788   552.7      0.175     -0.008     -0.357      0.179     -0.327      0.664
529.8000       -993.811    -1006.745       12.934   518.4      0.605      0.019      0.438      0.970      0.072      0.741
530.0000       -995.583    -1007.765       12.183   488.3     -0.386      0.087      0.116     -0.466      0.258      0.533
530.2000       -995.845    -1007.603       11.758   471.3      0.581      1.679     -0.377     -0.235      0.122     -0.021
530.4000       -994.551    -1005.983       11.432   458.2     -0.191      0.487     -0.022     -0.632     -0.240     -0.519
530.6000       -994.288    -1006.429       12.141   486.7     -0.716     -0.720     -0.431      0.200     -0.257      0.439
530.8000       -994.040    -1006.127       12.088   484.5      0.042     -1.502      0.071     -0.143      0.065      0.551
531.0000       -994.788    -1007.583       12.794   512.9      0.161      0.621      0.315     -0.077     -0.364      0.424
531.2000       -994.838    -1006.878       12.040   482.6     -0.320      0.832      0.781      0.240      0.475     -0.623
531.4000       -993.970    -1006.428       12.458   499.4      0.713      0.437      0.452      0.192     -0.040      0.065
531.6000       -994.572    -1007.768       13.196   529.0      0.491      0.861      0.915     -0.012      0.131      0.451
531.8000       -994.470    -1007.755       13.285   532.5      0.052      0.397      0.467      0.454      0.395     -0.535
532.0000       -996.906    -1009.239       12.333   494.4      0.781      0.885      1.030     -0.139      0.292      0.133
532.2000       -996.194    -1008.354       12.160   487.4      0.373      0.377     -0.976     -0.370      0.048      0.101
532.4000       -995.867    -1007.498       11.631   466.2      1.285      0.733      0.807      0.658     -0.517     -0.167
532.6000       -994.006    -1006.349       12.343   494.8      0.471      1.281      1.012     -0.673     -0.149      0.235
532.8000       -996.044    -1008.178       12.134   486.4      0.624      0.813      1.127      0.324      1.059      0.062
533.0000       -996.752    -1009.209       12.457   499.3      0.457     -0.185     -0.302      0.553     -0.297     -0.131
533.2000       -995.356    -1006.959       11.603   465.1      0.116      0.901     -0.363      0.234     -0.016      1.035
533.4000       -996.081    -1007.963       11.882   476.3      0.339      0.587      0.104     -0.736      0.001     -0.074
533.6000       -995.292    -1007.296       12.004   481.2     -0.029      0.615      0.753      0.415      0.824     -0.034
533.8000       -993.214    -1006.699       13.485   540.5      0.149      0.212      0.274     -0.626     -0.509      0.019
534.0000       -993.874    -1007.161       13.287   532.6      0.409      1.034      0.400     -0.989     -0.367     -0.317
534.2000       -993.916    -1005.616       11.699   469.0      0.682      0.614      0.743     -0.252     -0.058     -0.564
534.4000       -995.050    -1007.557       12.506   501.3     -0.676     -0.468      0.073     -0.292      0.485     -0.213
534.6000       -994.331    -1006.546       12.215   489.6      0.013      0.459      0.222     -0.217      0.432      0.516
534.8000       -995.749    -1008.852       13.103   525.2      0.871      0.354      1.972      0.606     -0.133      0.002
535.0000       -996.551    -1007.965       11.414   457.5     -0.095      0.308     -0.090     -0.029     -0.545     -0.257
535.2000       -996.584    -1009.319       12.735   510.5      0.855      0.967      0.678      0.087      0.084      0.186
535.4000       -996.419    -1008.487       12.068   483.7      1.735      0.752      1.061     -0.156     -0.056      0.171
535.6000       -996.049    -1007.990       11.941   478.7      0.442      0.168     -0.426     -0.066      0.127      0.455
535.8000       -994.721    -1007.250       12.529   502.2      0.339      1.114     -0.042      0.086     -0.180      0.871
536.0000       -994.792    -1008.082       13.290   532.7      0.696      1.735      1.072      0.019     -0.467     -0.254
536.2000       -994.423    -1007.458       13.035   522.5      0.920     -0.208      0.318     -0.082      0.144     -0.210
536.4000       -993.390    -1008.141       14.751   591.3     -0.176      0.187     -1.314      0.134      0.028      0.235
536.6000       -993.324    -1007.503       14.179   568.4     -0.363     -0.426     -0.366      0.346      0.435     -0.811
536.8000       -994.036    -1007.064       13.028   522.2      0.660      0.180     -0.107      0.642     -0.170      0.280
537.0000       -993.705    -1006.393       12.688   508.6      0.879      0.243      0.687     -0.526      0.053      0.240
537.2000       -992.269    -1005.479       13.210   529.5     -0.271      0.315     -0.779     -0.056     -0.108      0.533
537.4000       -992.812    -1005.836       13.023   522.0     -0.290     -0.130     -0.346      0.126     -0.466     -0.164
537.6000       -993.503    -1007.535       14.032   562.5     -0.392     -1.069     -0.998     -0.677      0.436     -0.154
537.8000       -993.759    -1006.531       12.772   512.0     -0.286      0.309     -0.737      0.433      0.008      0.789
538.0000       -994.085    -1006.764       12.678   508.2      0.495     -0.171     -1.248      0.260      0.317      0.283
538.2000       -993.772    -1005.782       12.010   481.4      1.739      1.466      1.864     -0.173     -0.268     -0.112
538.4000       -993.222    -1005.514       12.292   492.7      0.205      0.270      1.175      0.199     -0.171      0.552
538.6000       -994.201    -1007.529       13.328   534.2     -0.329     -0.498      1.409     -0.371     -0.026     -0.002
538.8000       -994.427    -1007.651       13.224   530.1      0.336      0.534      0.047      0.058     -0.388     -0.247
539.0000       -994.849    -1007.466       12.617   505.8      0.319      0.407      0.227     -1.146      0.000     -0.335
539.2000       -994.771    -1007.586       12.815   513.7      0.074      0.941     -0.121      0.312      0.956     -0.599
539.4000       -994.730    -1007.741       13.012   521.6      0.661      0.444      0.432     -0.223     -0.030      0.714
539.6000       -995.492    -1007.547       12.055   483.2     -0.129      0.190      0.204      0.175      0.092     -0.467
539.8000       -996.381    -1007.446       11.065   443.6     -0.581     -0.692      0.744      0.170      0.686      0.121
540.0000       -996.653    -1008.107       11.454   459.1      0.009     -0.268      1.154      0.043     -0.289      0.026
540.2000       -995.465    -1008.029       12.564   503.6     -0.719      0.053     -0.846      0.065     -0.002      0.457
540.4000       -995.600    -1008.420       12.820   513.9     -0.371     -1.384     -1.525      0.568      0.077      0.153
540.6000       -997.024    -1007.709       10.684   428.3      1.070      0.679      0.278     -0.138     -0.630     -0.560
540.8000       -995.712    -1008.018       12.306   493.3     -0.155      0.100      0.594     -0.594     -0.026     -0.088
541.0000       -996.617    -1007.873       11.256   451.2     -0.058      0.087      0.839      0.724      0.080     -0.464
541.2000       -995.711    -1007.120       11.409   457.3     -0.906     -1.251      0.018      0.394      0.333      0.035
541.4000       -994.056    -1007.019       12.963   519.6      0.331      0.436      0.418     -0.168     -0.478     -0.152
541.6000       -992.663    -1006.144       13.481   540.4      0.251      0.821      1.049     -0.996      0.615      0.401
541.8000       -993.975    -1007.039       13.065   523.7      0.863     -0.723     -0.284      0.350      0.060     -0.047
542.0000       -994.432    -1005.958       11.526   462.0     -0.225      0.276      0.345      0.145      0.294     -0.060
542.2000       -995.363    -1008.565       13.202   529.2      0.362      0.452      0.900     -0.639      0.032     -0.394
542.4000       -996.322    -1007.227       10.904   437.1      1.750      0.539     -0.916     -0.229      0.590      0.032
542.6000       -995.932    -1008.316       12.384   496.4      1.074      0.727      0.462      0.164      0.144      0.364
542.8000       -996.030    -1008.586       12.555   503.3      0.706      1.065      0.219     -0.042      0.384     -0.315
543.0000       -998.164    -1008.541       10.377   415.9      0.217      0.082     -0.405      0.466     -0.315      0.083
543.2000       -997.642    -1009.275       11.634   466.3      0.639      0.520     -0.309     -0.121     -0.020      0.212
543.4000       -995.869    -1007.851       11.982   480.3      0.021     -0.081     -0.035     -0.359      0.382     -0.197
543.6000       -995.334    -1007.481       12.147   486.9      1.780      0.739      1.309     -0.097      0.059     -0.322
543.8000       -994.543    -1008.111       13.568   543.9      0.244     -0.663      1.212     -0.115      0.619     -0.120
544.0000       -994.599    -1007.435       12.837   514.6      0.088     -0.626     -0.036      0.079      0.773     -0.577
544.2000       -994.563    -1006.507       11.944   478.8     -0.252      0.857     -0.261     -0.596     -0.087     -0.154
544.4000       -994.751    -1007.931       13.181   528.3      0.665      1.250      0.257     -0.432      0.245     -0.317
544.6000       -994.998    -1007.551       12.553   503.2     -0.675     -1.272     -1.746      0.730      0.520      0.176
544.8000       -994.500    -1006.820       12.321   493.9     -0.892     -0.431     -0.259     -0.196      0.310      0.375
545.0000       -995.813    -1008.447       12.634   506.4      0.622      0.957      0.474      0.192     -0.383     -0.302
545.2000       -994.615    -1007.724       13.109   525.5     -0.323     -0.618     -0.321     -0.137     -0.791      0.115
545.4000       -994.259    -1007.000       12.741   510.7      0.253     -0.688      0.859      0.669     -0.028      0.368
545.6000       -995.153    -1007.120       11.967   479.7      0.470      0.735      0.204     -0.305      0.446     -0.629
545.8000       -994.701    -1006.605       11.904   477.2      0.789      1.081      0.486      0.304      0.806      0.527
546.0000       -994.424    -1007.889       13.465   539.7      0.249      1.576     -0.392     -0.695     -0.700      0.384
546.2000       -995.195    -1007.483       12.288   492.6      0.767      0.322     -0.385      0.090     -0.394     -0.131
546.4000       -993.785    -1006.617       12.832   514.4     -0.055     -0.323     -0.588     -0.249      0.534     -0.301
546.6000       -993.616    -1006.055       12.438   498.6     -0.919      0.187      0.916      0.296     -0.068      0.454
546.8000       -994.035    -1006.132       12.098   484.9      0.322      1.056      1.266     -0.508      0.344      0.204
547.0000       -992.727    -1006.411       13.684   548.5      1.125      0.984      1.076      0.977     -0.096     -0.195
547.2000       -992.663    -1004.986       12.323   494.0     -0.644      0.345      0.926     -0.663     -0.678      0.641
547.4000       -993.700    -1007.227       13.528   542.3     -0.136      0.201      0.746     -0.181      0.267      0.094
547.6000       -993.878    -1006.946       13.068   523.8     -0.911      0.053      1.798      0.251      0.551      0.000
547.8000       -994.275    -1007.787       13.512   541.6     -0.533     -0.218     -0.895     -0.753     -1.134      0.310
548.0000       -994.552    -1007.340       12.788   512.6      0.070      1.237     -1.236      0.534     -0.208      0.398
548.2000       -994.743    -1007.798       13.056   523.3     -0.587      0.276      0.127     -0.179      0.267      0.100
548.4000       -993.864    -1005.635       11.771   471.8      0.579      1.392      0.932      0.719     -0.473     -0.227
548.6000       -995.033    -1007.351       12.318   493.8     -1.364     -0.301      0.741     -0.222     -0.058     -0.235
548.8000       -995.729    -1007.438       11.709   469.3     -0.517      0.765      0.250      0.238      0.728      0.277
549.0000       -995.178    -1007.393       12.215   489.6      0.715      0.607      0.920     -0.107      0.261     -0.552
549.2000       -994.328    -1007.478       13.150   527.1      0.618      0.606     -0.065      0.142     -0.005     -0.270
549.4000       -994.278    -1006.593       12.315   493.6      0.931     -0.182      0.095     -0.423     -0.988     -0.056
549.6000       -995.285    -1008.114       12.829   514.2      0.878      1.304      0.728     -0.476      0.222      0.478
549.8000       -993.832    -1006.602       12.769   511.8     -0.230      0.123     -0.467      0.928      0.304     -0.434
550.0000       -993.278    -1005.747       12.468   499.8     -0.769     -0.769      0.185     -0.274     -0.948      0.230
550.2000       -993.492    -1006.575       13.083   524.4      0.414      1.077     -0.071     -0.268     -0.331     -0.271
550.4000       -992.498    -1006.507       14.010   561.6     -0.775     -0.611     -0.845      0.267     -0.708     -0.618
550.6000       -992.873    -1006.963       14.090   564.8     -0.116      0.656     -0.374     -0.248     -0.940      0.161
550.8000       -993.436    -1005.850       12.414   497.6     -0.124     -1.195      0.504      0.486      0.100     -0.288
551.0000       -995.145    -1007.074       11.929   478.2      1.015      1.257      1.540     -0.406     -0.137     -0.424
551.2000       -994.058    -1006.868       12.810   513.5      1.740      1.306      1.174      0.041     -0.316     -0.327
551.4000       -994.134    -1006.492       12.358   495.3      1.015      1.257      0.211      0.058      0.160      0.521
551.6000       -994.692    -1006.997       12.304   493.2      0.179      0.387      0.054      0.298     -0.014     -0.472
551.8000       -995.491    -1007.638       12.147   486.9      0.694      0.625      0.974     -0.038     -0.184     -0.505
552.0000       -995.854    -1007.823       11.969   479.8      1.348      0.117      1.433      0.459     -0.250      0.506
552.2000       -995.271    -1008.016       12.744   510.9     -0.382     -0.973     -0.448      0.754      0.679      0.177
552.4000       -995.434    -1006.887       11.453   459.1     -0.736      1.035      0.257      0.603     -0.229      0.268
552.6000       -994.950    -1006.374       11.424   457.9      1.112      0.154      0.224      0.132      0.031      0.091
552.8000       -994.178    -1005.863       11.685   468.4      0.073      0.151      0.623     -0.125     -0.499      0.553
553.0000       -993.923    -1006.307       12.384   496.4     -0.719     -0.139      0.384      0.169      0.468     -0.687
553.2000       -994.628    -1006.340       11.712   469.5      0.026      0.663      0.071      0.220      0.163      0.313
553.4000       -994.353    -1006.554       12.201   489.1     -1.209      0.134     -0.512     -0.609      0.009     -0.361
553.6000       -995.253    -1007.707       12.455   499.2      0.088     -0.812      0.198     -0.425     -0.149      0.334
553.8000       -995.193    -1007.341       12.148   486.9     -1.154     -0.260     -0.667     -0.035      0.046      0.380
554.0000       -995.794    -1007.286       11.492   460.6     -0.908     -0.387     -1.703     -0.711     -0.182     -0.239
554.2000       -995.623    -1007.421       11.797   472.9      1.049      1.586      1.097     -0.098      0.167     -0.388
554.4000       -994.106    -1006.797       12.691   508.7     -0.204      0.008     -0.585     -0.507      0.111      0.285
554.6000       -993.918    -1006.106       12.188   488.5     -0.433     -1.130     -0.371     -0.206      0.217     -0.332
554.8000       -995.243    -1006.978       11.735   470.4     -0.191      0.172      0.736     -0.413      0.160      0.247
555.0000       -995.280    -1007.951       12.671   507.9     -0.622     -0.755     -0.537     -0.001      0.312      0.370
555.2000       -997.649    -1008.119       10.470   419.7      1.463      0.395      1.273      0.223     -0.684     -0.297
555.4000       -995.976    -1007.823       11.848   474.9      0.364     -0.123      0.604     -0.108     -0.230      0.315
555.6000       -996.743    -1008.318       11.575   464.0      0.689      0.481     -0.171     -0.190      0.663      0.033
555.8000       -996.070    -1008.968       12.898   517.0     -0.381      0.421      0.627      0.090     -0.380     -0.100
556.0000       -996.520    -1007.898       11.378   456.1      0.531      0.164      0.183      0.430     -0.149      0.066
556.2000       -996.064    -1007.260       11.196   448.8      0.415      0.245      0.182     -0.014     -0.779      0.239
556.4000       -995.623    -1006.596       10.974   439.9      0.977     -0.031      0.024      0.399      0.023      0.775
556.6000       -996.016    -1007.684       11.668   467.7      1.191     -0.631      0.609      0.070     -0.231      0.934
556.8000       -994.765    -1007.671       12.906   517.3      0.263     -0.655      0.637     -0.040     -0.039      0.128
557.0000       -994.970    -1005.745       10.775   431.9     -0.003      1.045      0.270      0.480     -0.229      0.059
557.2000       -993.754    -1006.476       12.721   509.9     -0.312      1.300      0.384     -0.187     -0.275     -0.040
557.4000       -994.770    -1007.121       12.351   495.1      0.421      0.209      0.279      0.460     -0.619      0.418
557.6000       -995.166    -1006.032       10.865   435.5     -0.218     -0.668      0.115     -0.284      0.180      0.221
557.8000       -995.839    -1007.569       11.730   470.2     -0.194     -1.287     -0.476      0.254      0.129     -0.508
558.0000       -994.484    -1005.998       11.514   461.6      0.529      0.799     -0.556     -0.861      0.026     -0.204
558.2000       -994.800    -1007.813       13.013   521.6     -0.656     -0.463      0.097      0.506      0.768      0.443
558.4000       -996.039    -1008.557       12.518   501.8      1.115      0.509      0.844      0.351     -0.433      0.023
558.6000       -995.000    -1007.812       12.811   513.5      1.348      0.689     -0.721     -0.459      0.028     -0.459
558.8000       -995.581    -1007.364       11.783   472.3      1.054      0.925      0.006     -0.196      0.320     -0.375
559.0000       -996.547    -1008.578       12.031   482.3      0.338      0.047     -0.863      0.436     -0.005     -0.202
559.2000       -994.714    -1007.094       12.381   496.3      0.250     -0.340      0.928      0.242     -0.044     -0.168
559.4000       -994.953    -1007.141       12.188   488.5     -0.316      0.401      0.320     -0.589     -0.508      0.221
559.6000       -994.167    -1006.117       11.950   479.0      0.725      0.207     -0.139      0.172     -0.092      0.002
559.8000       -993.387    -1006.569       13.182   528.4      0.438      0.255      0.617     -0.263      0.700      0.003
560.0000       -992.797    -1006.347       13.550   543.2      1.232      1.285      0.938      0.529     -0.299     -0.043
560.2000       -993.756    -1006.519       12.763   511.6      0.417      0.625      1.055      0.253      0.130     -0.045
560.4000       -993.820    -1006.042       12.222   489.9      0.217      0.505      0.067      0.344     -0.093      0.428
560.6000       -994.531    -1007.361       12.830   514.3      0.394     -0.361     -0.090      0.155      0.492     -0.218
560.8000       -993.098    -1006.057       12.959   519.5      1.265      0.896      0.368     -0.606      0.339     -0.249
561.0000       -993.002    -1006.098       13.096   525.0     -0.036      0.055     -0.137     -0.222     -0.077     -0.369
561.2000       -992.816    -1004.730       11.914   477.6     -0.843     -1.722     -1.442      0.389      0.731      0.193
561.4000       -992.142    -1006.017       13.875   556.2      0.069      1.227      0.820     -0.781      0.324      0.055
561.6000       -991.744    -1005.078       13.334   534.5     -1.026      0.616     -0.017     -0.581     -0.490      0.080
561.8000       -991.986    -1005.076       13.090   524.7     -0.154     -0.468      0.003      0.452      0.159     -0.001
562.0000       -992.957    -1005.001       12.044   482.8      0.344      0.314      0.227     -0.686      0.097     -0.310
562.2000       -993.411    -1005.698       12.288   492.5     -0.245      0.384     -1.157     -0.728      0.165      0.283
562.4000       -994.601    -1006.426       11.825   474.0     -0.251     -0.797      0.072     -0.392     -0.175     -0.582
562.6000       -994.178    -1006.342       12.164   487.6      1.328      0.525      0.916      0.303      0.697     -0.385
562.8000       -994.478    -1007.018       12.540   502.7     -1.006      0.234     -1.206      0.223      1.095     -0.082
563.0000       -994.954    -1006.378       11.424   457.9      0.443      0.239     -0.317     -0.060     -0.657      0.097
563.2000       -994.399    -1006.950       12.551   503.1      0.075      0.195      0.416      0.200      0.315      0.841
563.4000       -994.248    -1006.550       12.302   493.1      0.580      0.029      0.984      0.873      0.645     -0.361
563.6000       -993.754    -1006.855       13.101   525.1     -0.141      0.184      0.537     -0.334     -0.457      0.777
563.8000       -993.567    -1006.390       12.823   514.0      0.497      1.703      0.916     -0.385     -0.362      0.373
564.0000       -995.004    -1006.944       11.941   478.6      0.600     -0.830      1.111     -0.527     -0.033      0.165
564.2000       -995.795    -1007.697       11.902   477.1     -0.260      0.142      0.918     -0.213     -0.055      0.759
564.4000       -995.728    -1008.157       12.430   498.2      0.590     -0.328     -0.233      0.466      0.546     -0.238
564.6000       -995.335    -1007.976       12.641   506.7      0.209      0.459      0.136      0.327      0.152     -0.145
564.8000       -995.004    -1006.955       11.951   479.0      0.496      1.256      0.495     -0.468      0.158      0.216
565.0000       -995.403    -1006.990       11.587   464.4      1.351      1.258      0.501      0.799      0.542      0.468
565.2000       -996.519    -1007.910       11.392   456.6     -1.353     -0.652     -0.365      0.574     -0.861      0.148
565.4000       -995.939    -1007.712       11.773   471.9      0.163      1.396      1.298      0.943     -0.222     -0.248
565.6000       -996.532    -1007.589       11.057   443.2     -0.364      0.939     -1.177     -0.009     -0.049      0.343
565.8000       -997.059    -1009.448       12.389   496.6     -0.141     -0.221      0.672     -0.848     -0.405     -0.427
566.0000       -995.301    -1007.368       12.067   483.7      0.137      0.894     -0.335      0.046      0.660     -0.400
566.2000       -994.683    -1007.037       12.354   495.2      1.032     -0.168      0.162     -0.148      0.007     -0.286
566.4000       -993.608    -1005.558       11.950   479.0      0.692     -0.513      0.191     -0.007      1.160     -0.024
566.6000       -994.574    -1006.553       11.979   480.2      0.115      1.134     -1.061     -0.068     -0.618      0.068
566.8000       -994.956    -1006.695       11.739   470.6     -0.740     -0.487      0.592      0.289      0.199      0.126
567.0000       -994.443    -1006.351       11.908   477.3      0.559      0.854      1.859      0.902     -0.602      0.128
567.2000       -995.239    -1007.948       12.709   509.5      0.969     -0.301     -0.409     -0.001     -0.078     -0.039
567.4000       -994.840    -1006.614       11.774   472.0      1.131      0.577     -0.620     -0.726     -0.153      0.158
567.6000       -995.918    -1007.142       11.224   449.9     -0.526     -0.442      0.113     -0.260     -0.173      0.105
567.8000       -996.312    -1007.686       11.374   455.9     -0.853      0.833      0.485      0.318     -0.041     -0.211
568.0000       -995.419    -1007.527       12.108   485.3     -0.245     -1.752     -0.355      0.854      0.046     -0.580
568.2000       -993.788    -1006.444       12.656   507.3      0.373     -0.065      0.879     -0.516      0.705     -0.749
568.4000       -993.053    -1005.980       12.926   518.1     -0.359     -0.168     -0.502      0.431      0.046     -0.180
568.6000       -994.691    -1006.765       12.074   484.0     -0.608      0.267     -0.032      0.100      0.224     -0.696
568.8000       -995.153    -1007.519       12.366   495.7     -0.106     -0.035      1.190      0.517     -0.479     -0.322
569.0000       -995.215    -1006.229       11.014   441.5      0.072      0.199      0.211     -0.307     -0.720      0.465
569.2000       -994.016    -1006.244       12.229   490.2      0.320      1.756      0.763     -0.293     -0.975      1.292
569.4000       -994.483    -1007.466       12.983   520.4      1.155     -0.602     -0.910     -0.194      0.318      0.669
569.6000       -994.908    -1006.887       11.980   480.2     -0.244     -0.438     -0.562      0.235      0.222     -0.954
569.8000       -993.502    -1006.823       13.321   534.0      1.053     -0.004      0.132     -0.105     -0.370      0.454
570.0000       -993.289    -1007.336       14.048   563.1      0.562     -0.798     -1.175     -0.355     -0.220     -0.084
570.2000       -992.600    -1005.554       12.954   519.3      0.313      0.048      0.367      0.097     -0.410      0.463
570.4000       -995.152    -1007.558       12.406   497.3      0.662     -0.382      0.370      0.220      0.242     -0.174
570.6000       -994.340    -1006.593       12.253   491.1     -0.051     -0.047      0.843     -0.019      0.588      0.031
570.8000       -993.743    -1007.163       13.420   537.9      1.086     -0.636     -0.123     -0.319     -0.470     -0.187
571.0000       -994.094    -1007.399       13.305   533.3     -0.772     -0.114     -0.160      0.585      0.371      0.141
571.2000       -995.252    -1006.334       11.082   444.2     -0.322      0.202      0.832     -0.189      0.264      0.002
571.4000       -994.705    -1007.503       12.798   513.0      0.332     -0.171     -0.388     -0.338     -0.318      0.543
571.6000       -993.588    -1007.389       13.801   553.2      0.497     -0.520     -0.245      0.321      0.199      0.523
571.8000       -993.596    -1006.560       12.964   519.7     -0.225      0.359     -0.127     -0.215      0.046      0.401
572.0000       -994.568    -1006.885       12.317   493.7     -0.054      0.632      0.123     -0.093      0.148     -0.237
572.2000       -994.184    -1006.797       12.613   505.6      0.593     -0.679      0.632     -0.089      0.461      0.696
572.4000       -995.546    -1007.933       12.386   496.5      0.847     -0.713      0.938     -0.125     -0.155     -0.498
572.6000       -996.312    -1009.011       12.699   509.0     -0.157      0.291     -0.466      0.162     -0.717      0.323
572.8000       -994.664    -1006.952       12.288   492.6      0.468      1.238      0.532      0.279      0.025     -0.626
573.0000       -996.047    -1008.145       12.098   484.9      0.018      0.041     -0.582      0.175      0.013     -0.010
573.2000       -995.914    -1008.186       12.272   491.9      2.033     -0.115     -1.064      0.187      0.567     -0.411
573.4000       -996.329    -1008.448       12.119   485.8     -0.783     -0.471      0.453     -0.509     -0.210      0.265
573.6000       -995.504    -1007.940       12.437   498.5     -0.768      1.434     -0.169     -0.416      0.065      0.261
573.8000       -993.937    -1007.276       13.339   534.7     -0.592      0.214     -0.076     -0.038      0.397     -0.256
574.0000       -993.993    -1007.137       13.144   526.9      0.803     -1.041      0.180      0.601     -0.156     -0.264
574.2000       -995.002    -1007.773       12.771   511.9      0.293     -0.653      0.337     -0.591     -0.214      0.037
574.4000       -995.079    -1007.630       12.552   503.1     -1.131     -1.217     -0.340      0.531      0.226      0.271
574.6000       -994.413    -1007.924       13.511   541.6      1.848      0.042     -0.349     -0.191      0.472     -0.619
574.8000       -993.901    -1006.861       12.960   519.5      1.648      0.939      1.214     -0.397     -0.186      0.332
575.0000       -994.240    -1007.578       13.338   534.7      0.287      0.181      0.040     -0.084      0.190     -0.160
575.2000       -994.813    -1007.495       12.682   508.3      1.738      1.160      0.302     -0.089     -0.114     -0.808
575.4000       -994.836    -1007.587       12.751   511.1     -0.059     -0.353      0.301      0.024      0.405      0.718
575.6000       -995.690    -1007.565       11.875   476.0      1.838      0.861     -0.185     -0.304      0.086      0.172
575.8000       -994.627    -1006.798       12.171   487.9      0.654      0.270      0.184      0.287      0.048      0.338
576.0000       -995.098    -1007.081       11.983   480.3      1.564      0.506      0.756     -0.006     -0.039     -0.168
576.2000       -995.218    -1007.098       11.880   476.2      0.366     -0.163      0.782      0.304     -0.156      0.239
576.4000       -995.552    -1008.437       12.884   516.5      1.138      1.098      0.576      0.480      0.177      0.217
576.6000       -995.031    -1007.126       12.095   484.8      0.385     -0.236      0.035     -0.195     -0.950     -0.329
576.8000       -994.729    -1006.681       11.952   479.1      1.660      1.113     -0.441     -0.113      0.312      0.125
577.0000       -994.857    -1006.610       11.753   471.1      0.367     -0.388      0.894      0.103     -0.319      0.019
577.2000       -995.769    -1007.474       11.706   469.2      0.868      0.460      0.188      0.595      0.431     -0.473
577.4000       -996.396    -1008.552       12.156   487.3      1.243     -0.231      0.103     -0.705      0.679      0.008
577.6000       -996.545    -1008.637       12.093   484.7     -0.284      0.224     -0.254     -0.022     -0.147      0.134
577.8000       -996.062    -1008.878       12.816   513.7      0.832      0.457      0.823     -0.208      0.315      0.193
578.0000       -995.298    -1007.206       11.908   477.3     -0.651      1.201      1.059     -0.564      0.322      0.348
578.2000       -994.329    -1007.008       12.679   508.2      0.486      0.375      0.946     -0.691      0.356      0.205
578.4000       -992.876    -1005.625       12.749   511.0      0.085     -0.075      0.863      0.036      0.220     -0.384
578.6000       -993.233    -1006.402       13.169   527.9     -0.389      0.362     -0.372      0.728     -0.053      0.322
578.8000       -994.228    -1007.440       13.211   529.6      0.129     -1.194      0.293      0.166      0.219      0.373
579.0000       -994.765    -1006.716       11.951   479.0     -0.921     -1.613     -1.302     -0.109     -0.165      0.211
579.2000       -994.858    -1007.383       12.525   502.1      0.854      0.153      0.500      0.105     -0.549      0.429
579.4000       -994.681    -1007.625       12.943   518.8     -0.060      0.221     -0.162     -0.195      0.253      0.063
579.6000       -994.810    -1007.025       12.216   489.7     -0.049     -0.570      1.042     -0.149     -0.632      0.129
579.8000       -995.924    -1007.766       11.841   474.7      0.195      0.174      0.599     -0.412     -0.210      0.676
580.0000       -993.903    -1007.929       14.026   562.2      0.571     -0.530      0.148     -0.244      0.290      0.133
580.2000       -994.242    -1006.103       11.860   475.4      0.124     -0.571     -0.612     -0.449     -0.405     -0.274
580.4000       -994.905    -1007.363       12.458   499.4     -0.368     -0.074      0.301     -0.126      0.460     -0.352
580.6000       -995.303    -1007.720       12.417   497.7      0.197      0.076     -1.455     -0.050      0.406      0.212
580.8000       -995.051    -1007.153       12.101   485.1      0.555     -0.877      0.679      0.524      0.738      0.519
581.0000       -994.115    -1006.255       12.140   486.6      0.480      0.172      0.399     -0.882      0.099      0.670
581.2000       -993.541    -1006.757       13.216   529.8     -0.479     -0.252      0.243     -0.552     -0.018     -0.285
581.4000       -995.927    -1007.655       11.728   470.1      0.088      0.068     -0.929     -0.046     -0.447      0.205
581.6000       -995.605    -1008.215       12.610   505.5     -0.514      0.668      0.353      0.432      0.560     -0.136
581.8000       -995.876    -1007.407       11.530   462.2     -1.104      0.433      0.046      0.101     -0.696      0.660
582.0000       -994.574    -1006.949       12.375   496.1     -0.126     -0.125     -0.023     -0.315      0.425     -0.817
582.2000       -994.654    -1007.770       13.115   525.7      0.689     -0.398     -0.744     -0.025     -0.013      0.063
582.4000       -995.277    -1007.810       12.534   502.4     -0.737      0.369     -0.074      0.067      0.162     -0.917
582.6000       -994.545    -1007.179       12.634   506.4      0.612     -0.003      0.520      0.252     -0.364     -0.206
582.8000       -993.576    -1006.691       13.115   525.7     -0.025     -0.066     -0.847      0.301     -0.549     -0.508
583.0000       -993.434    -1007.566       14.133   566.5      1.277     -0.030      0.796      0.170      0.600      0.073
583.2000       -994.327    -1006.423       12.095   484.8      0.302     -0.517      0.683      0.082     -0.028     -0.456
583.4000       -994.826    -1007.784       12.958   519.4      0.388     -0.099      0.563     -0.524      1.130      0.462
583.6000       -994.974    -1007.831       12.857   515.4     -0.572      0.182      0.286     -0.681     -0.502     -0.735
583.8000       -994.764    -1006.476       11.711   469.4      0.744      1.371      0.337     -0.275     -0.379      0.213
584.0000       -994.905    -1006.758       11.853   475.1      0.525     -0.764     -0.057     -0.125     -0.313     -0.631
584.2000       -994.707    -1007.174       12.467   499.7      0.189     -0.374      0.145      0.541      0.006     -0.081
584.4000       -995.496    -1008.441       12.945   518.9      0.457      0.443      1.067     -0.070     -0.648      0.054
584.6000       -994.897    -1008.517       13.620   546.0      0.798     -0.118      0.549     -0.209      0.417     -0.353
584.8000       -993.573    -1006.731       13.158   527.4      0.464     -0.441      0.236     -0.049     -0.893     -0.025
585.0000       -994.745    -1005.825       11.081   444.2     -0.068     -0.434      0.257     -0.319      0.082      0.533
585.2000       -994.859    -1007.018       12.159   487.4      0.616     -0.103     -0.311      0.080      0.281     -0.207
585.4000       -993.679    -1007.110       13.431   538.4      0.212      0.552      0.282     -0.325     -0.367     -0.132
585.6000       -993.107    -1005.860       12.753   511.2      1.025      0.204      1.453      0.983     -0.224      0.124
585.8000       -992.946    -1006.461       13.515   541.8      0.480      0.452     -1.000     -0.313      0.198     -0.357
586.0000       -993.519    -1006.012       12.493   500.8      0.700     -0.194      0.130      0.057     -0.100      0.156
586.2000       -993.220    -1006.701       13.482   540.4     -0.088     -0.089     -0.117      0.071     -0.156      0.377
586.4000       -994.591    -1006.194       11.603   465.1      0.356      0.241      0.508     -0.237      0.289     -0.248
586.6000       -995.297    -1008.169       12.872   516.0      0.192      1.072      1.085     -0.027     -0.070     -0.261
586.8000       -995.193    -1007.541       12.348   495.0      0.250      0.391      1.563      0.096     -0.454     -0.702
587.0000       -994.022    -1006.107       12.085   484.4      0.696      1.266      0.168      0.320      0.578      1.001
587.2000       -993.994    -1006.899       12.905   517.3      0.152     -0.908      0.663      0.135      0.113      0.034
587.4000       -994.633    -1006.145       11.513   461.5     -0.324     -1.577      0.099      0.966      0.120     -0.516
587.6000       -993.307    -1006.456       13.149   527.1      1.470      1.188      0.364      0.273     -0.185      0.106
587.8000       -994.674    -1007.430       12.755   511.3     -1.322     -0.404      0.635     -0.250     -0.251      0.166
588.0000       -995.420    -1007.212       11.792   472.7     -0.383      0.261     -0.323     -0.055      0.320     -0.595
588.2000       -994.350    -1006.946       12.596   504.9     -0.357      0.612      1.012      0.915     -0.324     -0.230
588.4000       -993.409    -1007.171       13.761   551.6     -1.115     -1.145     -0.137     -0.059     -0.525      0.231
588.6000       -993.207    -1005.691       12.484   500.4      0.060      0.053     -0.868      0.283      0.191     -0.386
588.8000       -992.542    -1006.772       14.230   570.4      0.228      0.188     -0.506     -0.328      0.739     -0.410
589.0000       -994.467    -1006.855       12.388   496.6     -0.246      0.262      0.057     -0.666     -0.498     -0.361
589.2000       -992.696    -1005.681       12.985   520.5      0.681      0.221      0.560     -0.066     -0.499     -0.054
589.4000       -993.849    -1006.547       12.698   509.0      1.332     -0.512      0.477      0.001     -0.610     -0.115
589.6000       -994.697    -1006.599       11.902   477.1     -0.595      0.389      1.332     -0.408     -0.412     -0.183
589.8000       -994.274    -1007.959       13.685   548.5      0.580     -0.664      0.024     -0.206     -0.235     -0.112
590.0000       -994.802    -1006.770       11.968   479.7      0.219      0.553      0.937      0.294     -0.391      0.057
590.2000       -995.437    -1008.299       12.862   515.6     -0.307      0.063      0.316      0.170      0.128     -0.451
590.4000       -996.058    -1008.114       12.056   483.3      0.685      0.592      1.694     -0.211     -0.271     -0.301
590.6000       -997.225    -1010.222       12.997   521.0      0.174      0.946      0.186     -0.101      0.071     -0.069
590.8000       -997.609    -1009.137       11.528   462.1      0.815     -0.130      0.314     -0.042     -0.121     -0.045
591.0000       -998.152    -1008.856       10.705   429.1      0.748      0.020      0.144      0.323      0.155     -0.618
591.2000       -994.795    -1006.778       11.983   480.3      0.838      0.030      1.191      0.176     -0.137      0.176
591.4000       -995.801    -1007.556       11.755   471.2      0.496      0.367      1.236     -0.591     -0.549      0.301
591.6000       -995.183    -1007.950       12.767   511.8     -0.993      0.581      0.128     -0.415      0.515     -0.665
591.8000       -993.921    -1007.540       13.619   545.9     -0.138     -0.086     -0.120      0.374      0.357      0.426
592.0000       -994.142    -1007.353       13.210   529.5     -0.632     -1.266     -0.661     -0.059     -0.072     -0.712
592.2000       -993.659    -1006.316       12.657   507.4      0.261      0.706     -0.976      0.325     -0.401      0.334
592.4000       -995.775    -1007.298       11.523   461.9     -0.810      0.472     -0.249     -0.084      0.158     -0.655
592.6000       -996.816    -1008.901       12.085   484.4     -0.344      0.444     -0.290      0.464      0.111     -0.166
592.8000       -997.795    -1009.920       12.125   486.0     -0.257     -0.291      0.558      0.505     -0.302     -0.122
593.0000       -996.390    -1009.224       12.834   514.4      0.905      1.149      0.718      0.123     -0.242     -0.080
593.2000       -995.591    -1007.766       12.175   488.0     -0.043     -0.348     -0.809     -0.254      0.395      0.186
593.4000       -993.906    -1006.240       12.334   494.4     -0.644      0.005     -0.679      0.139      0.040     -0.151
593.6000       -993.318    -1006.032       12.714   509.7      0.118      0.141      1.094     -0.536     -0.374     -0.206
593.8000       -992.859    -1006.017       13.159   527.5      0.353     -0.064      0.308     -0.359      1.084      0.655
594.0000       -992.506    -1006.375       13.869   555.9     -0.311     -0.028     -0.210      0.312     -0.268     -0.650
594.2000       -993.515    -1006.311       12.796   512.9     -0.528     -0.926     -0.542      0.022     -0.241      0.147
594.4000       -994.073    -1006.957       12.884   516.5      0.340      1.215     -0.299      0.167      0.189      0.305
594.6000       -994.568    -1007.089       12.521   501.9     -0.602      0.388     -0.429     -0.563      0.327      0.851
594.8000       -994.988    -1007.417       12.429   498.2      0.412      0.123      0.171     -0.275      1.140      0.892
595.0000       -995.147    -1008.270       13.123   526.0     -0.430     -0.082     -0.578     -0.025     -0.266      0.217
595.2000       -995.411    -1007.527       12.116   485.6      0.576      0.391      0.646     -0.042     -0.421      0.134
595.4000       -993.991    -1007.013       13.022   522.0      0.009      0.290      0.154      0.521     -0.194      0.470
595.6000       -993.516    -1006.100       12.584   504.4      0.515      1.330      0.872      0.186     -0.149      0.545
595.8000       -993.473    -1006.333       12.859   515.5      1.320      0.735      1.262     -0.379     -0.024     -0.102
596.0000       -994.906    -1007.126       12.219   489.8      0.089     -0.199     -1.240      0.269      0.485     -0.358
596.2000       -995.651    -1008.538       12.888   516.6      0.271      0.954     -0.407     -0.409      0.054      0.071
596.4000       -994.342    -1007.693       13.351   535.2      0.208     -0.952      0.527      0.407     -0.559     -0.229
596.6000       -996.029    -1007.536       11.506   461.2      0.044      0.051      0.525      0.635      0.084      0.111
596.8000       -995.513    -1007.667       12.154   487.2     -0.654     -0.208     -0.115     -0.121      0.058     -0.622
597.0000       -994.421    -1007.446       13.024   522.1      0.782     -0.224     -0.140     -0.568      0.536      0.437
597.2000       -995.043    -1007.098       12.055   483.2      0.397      0.467      0.615      0.216      0.164      0.160
597.4000       -995.627    -1006.944       11.317   453.6      1.174      0.672      0.943      0.494     -0.183     -0.104
597.6000       -995.367    -1007.403       12.036   482.5     -0.274      0.495      0.201      0.138     -0.296     -0.214
597.8000       -994.227    -1006.772       12.545   502.9     -0.350      0.357     -0.615     -0.179      0.752     -0.075
598.0000       -994.682    -1007.256       12.574   504.0     -0.238      0.338      0.363      0.221     -0.489     -0.607
598.2000       -994.420    -1006.418       11.998   480.9      0.125      0.833      0.210     -0.066     -0.203      0.294
598.4000       -994.755    -1006.970       12.215   489.6      0.961      0.466     -0.260     -0.008      0.387     -0.585
598.6000       -993.324    -1005.602       12.278   492.1      0.846      0.314      0.712      0.124     -0.412     -0.045
598.8000       -992.968    -1005.656       12.688   508.6     -0.435      0.755      0.754      0.146     -0.063     -0.167
599.0000       -992.956    -1006.682       13.726   550.2      0.075     -1.203     -0.560      0.399     -0.189     -0.293
599.2000       -993.341    -1006.535       13.195   528.9     -1.118     -1.156     -0.448     -1.006      0.025     -0.297
599.4000       -995.014    -1007.019       12.006   481.2      1.057     -0.073      1.378      0.472     -0.581      0.537
599.6000       -994.561    -1006.662       12.101   485.1      0.647      0.747      0.896     -0.372     -0.341     -0.397
599.8000       -994.176    -1006.953       12.776   512.1      0.645      1.800     -0.158     -0.067     -0.656      0.037
600.0000       -994.345    -1006.927       12.582   504.3     -0.255     -0.222      0.532      0.255      0.458     -0.146
600.2000       -994.289    -1006.801       12.512   501.5      1.258     -0.014      0.122     -1.133      0.443     -0.109
600.4000       -994.105    -1007.831       13.726   550.2      0.743     -0.502     -0.175     -0.893     -0.596      0.797
600.6000       -995.021    -1007.638       12.617   505.8      1.068      0.271     -0.527     -0.108      0.387      0.055
600.8000       -995.603    -1008.291       12.688   508.6      0.480      0.673     -0.088     -0.114     -0.096      0.501
601.0000       -997.736    -1008.709       10.973   439.8     -0.565      0.617      0.199      0.583      0.371     -0.771
601.2000       -995.770    -1007.938       12.168   487.8     -0.133     -0.362      0.064      0.488      0.097      1.059
601.4000       -994.778    -1007.667       12.889   516.7      0.737      0.054      0.533      0.563     -0.236     -0.275
601.6000       -993.562    -1006.797       13.235   530.5     -0.176      0.345     -0.668      0.031     -0.784     -0.706
601.8000       -994.195    -1006.681       12.486   500.5     -0.075      0.842      0.274     -0.290     -0.132     -0.307
602.0000       -994.248    -1007.570       13.322   534.0     -0.071      0.482     -0.105     -0.120     -0.050     -0.962
602.2000       -994.114    -1007.762       13.648   547.1     -0.275     -0.291      0.526      0.098     -0.575     -0.446
602.4000       -994.378    -1006.603       12.225   490.0     -0.668      0.433      1.304      0.587     -0.312     -0.214
602.6000       -993.499    -1005.480       11.981   480.2      0.375      0.689     -0.336      0.924      0.049      0.590
602.8000       -994.217    -1007.089       12.872   516.0      0.012      0.051     -0.188      0.070     -0.325     -0.149
603.0000       -995.307    -1007.272       11.965   479.6      0.237      0.059     -0.170      0.488     -0.018     -0.609
603.2000       -996.281    -1008.304       12.023   481.9      0.872      0.722      0.882     -0.153     -0.064     -0.269
603.4000       -994.956    -1007.964       13.007   521.4      0.008      1.215      0.752      0.014     -0.497     -0.161
603.6000       -995.150    -1007.562       12.412   497.6      1.046      0.255      0.685     -0.324     -0.058      0.681
603.8000       -997.782    -1008.758       10.975   439.9      0.086      1.797      1.145      0.030     -0.603     -0.115
604.0000       -995.688    -1007.579       11.891   476.6     -1.218      0.337     -0.866     -0.503     -0.049      0.088
604.2000       -995.880    -1008.540       12.660   507.5     -0.475      0.221      0.009      0.385     -0.172     -0.239
604.4000       -994.091    -1006.971       12.880   516.3      0.367      0.576      0.182     -0.268      0.416      0.185
604.6000       -994.247    -1006.849       12.601   505.1      1.109      0.295      0.046      0.321      0.333     -0.481
604.8000       -994.701    -1007.078       12.377   496.1      0.422      0.517      0.297     -0.125     -0.115      0.973
605.0000       -995.253    -1007.444       12.191   488.7     -0.650     -0.319     -0.766     -0.346     -0.471      0.304
605.2000       -993.747    -1005.530       11.784   472.3     -1.328     -1.247     -0.785      0.569     -0.024     -0.678
605.4000       -995.387    -1007.114       11.727   470.1     -0.983      0.136     -1.019     -0.081      0.072      0.148
605.6000       -995.622    -1007.791       12.169   487.8      0.388      0.094      0.576      0.207     -0.451      0.892
605.8000       -995.145    -1007.012       11.867   475.7     -0.145      0.408     -0.306      0.166      0.411      0.078
606.0000       -995.015    -1007.600       12.585   504.5      0.341      0.136     -0.116      0.074      0.005      0.042
606.2000       -994.756    -1006.602       11.846   474.8      0.955      0.371      0.371      0.406     -0.664     -0.922
606.4000       -993.832    -1006.513       12.681   508.3      0.066      0.748      0.598     -0.128     -0.152      0.399
606.6000       -993.959    -1006.438       12.479   500.2      0.137      2.116      1.449      0.218     -0.328     -0.140
606.8000       -994.164    -1006.837       12.673   508.0      0.614      1.280      0.282     -0.132      0.112     -0.130
607.0000       -994.621    -1006.640       12.019   481.8      0.966     -0.203      0.835      0.197     -0.291      0.424
607.2000       -994.143    -1007.563       13.420   537.9     -1.605     -0.960     -0.041      0.356     -0.108     -0.236
607.4000       -994.343    -1007.775       13.432   538.4      0.400      0.457      0.988      0.043     -0.003     -0.632
607.6000       -996.251    -1008.706       12.456   499.3     -0.488     -0.029     -1.006     -0.124      0.455     -0.019
607.8000       -994.873    -1007.956       13.082   524.4      0.559      0.408      0.057      0.469      0.304     -0.131
608.0000       -995.819    -1008.048       12.229   490.2      0.877     -0.575      1.211     -0.895     -1.023      0.332
608.2000       -994.285    -1006.856       12.571   503.9      1.271      0.741      1.708     -0.043      1.078      0.254
608.4000       -994.090    -1006.741       12.652   507.1     -0.327     -0.122      0.165     -0.229      0.573     -0.327
608.6000       -993.088    -1006.216       13.128   526.2      1.005     -0.380     -0.146      0.365      0.184      0.573
608.8000       -993.403    -1006.146       12.743   510.8      1.192      0.576      0.888      0.178     -0.211      0.259
609.0000       -993.796    -1006.762       12.967   519.8     -0.564     -0.046     -1.136      0.288     -0.917      0.063
609.2000       -994.250    -1007.119       12.869   515.9     -0.572      0.304     -0.347      0.089     -0.077     -0.085
609.4000       -992.280    -1006.732       14.452   579.3     -0.251      0.029     -1.016      0.477     -0.685      0.136
609.6000       -992.525    -1005.443       12.917   517.8     -0.402     -0.616     -1.317     -0.737      0.202      0.202
609.8000       -993.432    -1006.558       13.125   526.1      0.149     -0.038     -0.696      0.694     -0.111      0.226
610.0000       -994.063    -1007.503       13.440   538.7      1.032     -0.982      0.508     -0.145      0.046      0.425
610.2000       -993.560    -1006.138       12.578   504.2      0.060     -0.767     -0.831      0.006     -0.552      0.619
610.4000       -994.078    -1007.689       13.611   545.6     -0.285      0.096      1.899      0.043      0.522      0.273
610.6000       -994.528    -1007.951       13.423   538.0     -0.869      0.250     -0.581     -0.038      0.271      0.506
610.8000       -994.034    -1007.529       13.495   541.0      0.021      1.116      1.192     -0.775     -1.109      0.480
611.0000       -992.623    -1005.929       13.306   533.3      0.169     -0.663     -1.846      0.263     -0.256      0.263
611.2000       -992.916    -1007.283       14.367   575.9      0.149      0.471     -1.486      0.050     -0.018     -0.365
611.4000       -993.362    -1006.759       13.397   537.0      0.702      0.514      0.495      0.217     -0.832     -0.178
611.6000       -992.749    -1006.440       13.691   548.8     -0.725     -0.153      0.232      0.177     -0.173      0.054
611.8000       -994.266    -1007.339       13.074   524.1      0.485      1.187      0.936     -0.315      0.366      0.340
612.0000       -995.203    -1007.571       12.368   495.8      0.880     -0.816     -0.352      0.018      0.366     -1.109
612.2000       -995.823    -1008.022       12.199   489.0     -0.546     -0.296     -0.809      0.007      0.104      0.168
612.4000       -995.789    -1007.840       12.051   483.1     -0.121      0.549     -0.454      0.134     -0.425      0.064
612.6000       -994.901    -1007.301       12.401   497.1      0.318      0.162     -0.139     -0.731      0.997      0.170
612.8000       -993.629    -1006.810       13.181   528.3      1.575      0.801      0.865      0.199     -0.225     -0.203
613.0000       -994.966    -1007.716       12.750   511.1      0.001     -0.185     -0.469      0.106     -0.054      0.227
613.2000       -994.086    -1006.641       12.555   503.3     -0.753     -0.007     -0.846      0.130     -0.410      0.207
613.4000       -993.114    -1006.090       12.977   520.2      0.614      0.016     -0.108      0.806      0.237     -0.021
613.6000       -992.356    -1005.141       12.785   512.5      0.684      1.674      0.399     -1.058     -0.004     -0.317
613.8000       -992.775    -1005.812       13.037   522.6      0.935      0.398      0.092     -0.434      0.472     -0.425
614.0000       -993.134    -1005.612       12.479   500.2      0.743     -0.550     -0.149     -0.388      0.258      0.181
614.2000       -992.457    -1006.278       13.821   554.0     -0.513     -0.002      0.028      0.000     -0.325      0.050
614.4000       -991.396    -1005.284       13.887   556.7      0.236      0.457     -1.365     -0.183      0.557     -0.922
614.6000       -994.284    -1006.214       11.930   478.2      1.059      0.615      0.346      0.458      0.225     -0.041
614.8000       -995.768    -1007.106       11.338   454.5     -0.141      0.121      1.495     -0.305      0.446      0.631
615.0000       -995.960    -1008.031       12.071   483.9     -1.204      0.341     -1.149      0.014      0.583      0.427
615.2000       -996.724    -1007.611       10.887   436.4      0.352      0.646     -0.650     -0.299     -0.191     -0.169
615.4000       -997.411    -1009.021       11.610   465.4     -0.314      0.171     -0.396     -0.538      0.058     -0.393
615.6000       -997.402    -1008.742       11.340   454.5      0.303     -0.456     -0.224     -0.065      0.148     -0.104
615.8000       -995.700    -1006.699       10.999   440.9     -0.132      0.297     -0.118     -0.496      0.243      0.230
616.0000       -995.630    -1007.100       11.470   459.8      1.872      1.337      0.659     -1.025      0.554      0.175
616.2000       -993.984    -1006.399       12.415   497.6      0.432      0.249      0.736      0.113     -0.400      0.200
616.4000       -993.814    -1007.138       13.324   534.1     -0.764     -0.484     -0.361      0.069      0.575     -0.058
616.6000       -995.281    -1007.639       12.357   495.3      0.141     -0.097     -0.609      0.803     -0.321     -0.105
616.8000       -994.812    -1007.419       12.607   505.3     -0.783     -0.023     -0.714      0.019     -0.364      0.449
617.0000       -995.323    -1007.033       11.710   469.4      0.328      0.999      1.317      0.016     -0.315      0.558
617.2000       -994.489    -1006.180       11.691   468.6      0.794     -0.285      1.222     -0.514     -0.171     -0.062
617.4000       -994.203    -1006.505       12.302   493.1     -1.460      0.397      0.710     -0.066     -0.087     -0.765
617.6000       -995.314    -1007.400       12.086   484.5      0.721      1.470      1.034      0.398      0.402     -0.410
617.8000       -996.186    -1009.211       13.026   522.1      0.254      0.731      0.269      0.160      0.610      0.090
618.0000       -995.705    -1007.505       11.799   473.0      0.045      1.067      0.369     -0.210     -0.448     -0.544
618.2000       -996.512    -1008.915       12.403   497.2      1.120      0.842      0.305     -0.278     -0.393      0.383
618.4000       -996.635    -1008.800       12.165   487.6     -0.477     -0.060     -0.901      0.011      0.584      0.076
618.6000       -996.092    -1009.311       13.219   529.9     -0.023      0.707      0.022      0.695      0.165     -0.070
618.8000       -995.085    -1006.991       11.906   477.2     -0.272      0.303     -0.389      0.309     -0.183      0.312
619.0000       -995.451    -1006.850       11.399   456.9     -0.603     -0.822      0.394      0.497      0.135     -0.380
619.2000       -994.412    -1007.210       12.798   513.0      0.750      0.911      0.900      0.173      0.062      0.157
619.4000       -994.587    -1007.095       12.509   501.4      1.167      1.087      0.208      0.572     -0.399      1.352
619.6000       -993.231    -1006.393       13.162   527.6     -0.332      0.013     -0.401     -0.390      0.190      0.175
619.8000       -994.904    -1006.720       11.816   473.6      0.514      0.310     -0.639     -0.179     -0.004      0.167
620.0000       -995.605    -1007.051       11.446   458.8      0.420      0.839      0.788     -0.337      0.248      0.007
620.2000       -995.165    -1007.289       12.125   486.0      1.584      1.750      1.708     -0.415     -0.644     -0.132
620.4000       -994.732    -1006.707       11.975   480.0      0.246     -0.537      0.214      0.635     -0.394      0.154
620.6000       -993.493    -1006.418       12.925   518.1      0.770      1.178     -0.079     -0.326      0.256      0.373
620.8000       -993.290    -1005.785       12.495   500.9      0.875      1.596      1.248     -0.677     -0.200      0.102
621.0000       -993.111    -1005.574       12.464   499.6      0.078      0.247      0.845     -0.111     -0.473      0.017
621.2000       -993.851    -1006.187       12.337   494.5      1.729      1.582      1.557     -0.070      0.281     -0.272
621.4000       -992.914    -1006.911       13.997   561.1     -0.093     -1.354      0.495      0.287      0.039     -0.445
621.6000       -993.105    -1006.469       13.363   535.7      0.609     -0.420      0.974      0.136      0.393     -0.207
621.8000       -992.603    -1006.254       13.652   547.2      1.239     -0.061      0.675      0.245      0.132     -0.577
622.0000       -992.894    -1006.605       13.710   549.6      0.380      0.626      1.076      0.643      0.715      0.349
622.2000       -994.521    -1005.757       11.236   450.4     -0.132      0.250      0.996     -0.352     -0.481     -0.404
622.4000       -994.035    -1006.640       12.604   505.2     -0.648     -0.496     -0.203      0.228     -0.646      0.085
622.6000       -994.735    -1007.000       12.265   491.6     -0.988      0.146     -0.381     -0.247      0.073      0.351
622.8000       -995.412    -1006.691       11.278   452.1      0.314      0.059     -0.060      0.563     -0.414      0.228
623.0000       -994.659    -1007.527       12.868   515.8     -0.226     -0.052     -0.637      0.389      0.635      0.252
623.2000       -995.389    -1007.664       12.275   492.0     -0.135     -0.419      1.025      0.201      0.199     -0.318
623.4000       -995.661    -1008.200       12.539   502.6      0.059     -0.196     -0.096     -0.189     -0.086      0.228
623.6000       -997.516    -1008.728       11.212   449.4      0.838      0.378      0.534     -0.168     -0.403     -0.677
623.8000       -996.710    -1008.195       11.485   460.4     -0.225     -1.438     -0.961     -0.132     -0.509      0.588
624.0000       -995.589    -1007.391       11.801   473.1     -0.504      0.433     -1.385      0.372     -0.479      0.497
624.2000       -996.164    -1008.315       12.151   487.1     -1.168      0.158      0.504     -0.142     -0.026     -0.122
624.4000       -995.897    -1008.429       12.532   502.3      0.346      0.764      0.391      0.419      0.326     -0.253
624.6000       -995.409    -1007.966       12.557   503.4     -0.018     -0.227      0.111     -0.261      0.408      0.083
624.8000       -994.051    -1007.535       13.483   540.5      0.704      0.243      0.483      0.652     -0.113     -0.477
625.0000       -994.141    -1007.447       13.306   533.3     -0.979     -0.431      0.511      0.229      0.105     -0.087
625.2000       -992.879    -1005.328       12.449   499.0      0.579      1.755      1.965     -0.443     -0.049      0.124
625.4000       -993.412    -1006.400       12.988   520.6      0.396      0.746      1.139      0.678     -0.445      0.491
625.6000       -994.265    -1007.324       13.060   523.5      1.476      0.195      0.442      0.833      0.128     -0.209
625.8000       -993.986    -1006.982       12.996   521.0      1.356     -0.180      0.069     -0.201      0.278      0.506
626.0000       -994.258    -1007.939       13.681   548.4      0.667     -0.274      0.294     -0.014      0.198     -0.326
626.2000       -995.148    -1007.044       11.896   476.8      0.047      0.453      0.334      0.103      1.177     -0.139
626.4000       -994.562    -1006.772       12.210   489.4      1.281      0.216      0.496      0.373     -0.318     -0.594
626.6000       -995.884    -1008.017       12.133   486.4      0.200      0.009     -1.031      0.007     -0.125     -0.302
626.8000       -995.355    -1007.839       12.484   500.4     -1.315     -0.115     -0.378      0.946     -0.179      0.405
627.0000       -996.487    -1008.057       11.570   463.8      0.030      1.046      1.193      0.434     -0.509      0.074
627.2000       -995.095    -1006.989       11.894   476.8      0.019     -0.066      0.635     -0.561      0.076      0.344
627.4000       -994.664    -1007.810       13.146   527.0      0.332     -0.575      0.057     -0.993      0.188     -0.274
627.6000       -992.994    -1006.355       13.360   535.5     -0.010     -0.672      0.798      0.652     -0.319     -0.375
627.8000       -993.093    -1006.631       13.537   542.6     -1.292      0.254      0.402      0.489     -0.111     -0.466
628.0000       -993.411    -1007.716       14.306   573.4     -1.312      0.874     -0.341     -0.210     -0.306      0.331
628.2000       -993.273    -1006.044       12.771   511.9      0.477     -0.658     -0.680      0.269      0.009     -0.718
628.4000       -993.913    -1006.521       12.608   505.4      0.193      0.430     -0.406      0.618     -0.567     -0.001
628.6000       -993.570    -1006.243       12.674   508.0      1.169      0.849      0.173     -0.401     -0.590     -0.658
628.8000       -992.708    -1006.242       13.534   542.5      0.967      1.593      1.920      0.132     -0.100      0.592
629.0000       -992.711    -1005.660       12.949   519.1      0.375      0.372      0.325      0.076     -0.516     -0.675
629.2000       -994.066    -1006.219       12.153   487.1      0.760      0.972      0.055      0.872      0.482     -0.301
629.4000       -993.897    -1006.238       12.341   494.7     -0.411      0.935      0.869     -0.820      0.125     -0.217
629.6000       -994.739    -1007.103       12.365   495.6     -0.421     -0.679     -0.817     -0.229      0.287     -0.001
629.8000       -994.422    -1007.752       13.330   534.3      0.409      0.090     -1.765     -0.595     -0.226     -0.440
630.0000       -995.175    -1007.841       12.666   507.7      0.085     -0.164      0.390     -0.544      0.009     -0.437
630.2000       -994.727    -1006.883       12.155   487.2     -0.842      0.466     -0.025     -0.224      0.130     -0.030
630.4000       -994.957    -1008.276       13.318   533.9      0.166     -0.220     -0.036      0.623     -0.124      0.682
630.6000       -993.833    -1005.642       11.809   473.4      0.497      0.753      0.002      0.617      0.359      1.281
630.8000       -994.751    -1007.164       12.413   497.6     -1.134      0.178      0.646      0.059      0.374      0.220
631.0000       -995.063    -1006.983       11.920   477.8     -0.851      0.931      0.015     -0.342     -0.197      0.038
631.2000       -994.843    -1006.249       11.405   457.2      0.800     -0.465      0.684      0.362     -0.855      0.566
631.4000       -994.329    -1007.024       12.695   508.9     -0.229     -0.530      0.665     -0.558      0.006     -0.534
631.6000       -995.050    -1007.536       12.486   500.5      0.432      0.035      0.521     -0.013      0.070      0.850
631.8000       -993.551    -1005.469       11.918   477.7      0.586     -0.747      0.113     -0.044     -0.246      0.228
632.0000       -994.157    -1006.632       12.476   500.1      0.835      0.284      0.535     -0.251      0.004     -0.562
632.2000       -994.533    -1007.163       12.631   506.3      0.158     -0.616      0.551     -0.078      0.080     -0.219
632.4000       -994.414    -1006.748       12.334   494.4      0.528      2.334      0.554      0.577     -0.274     -0.404
632.6000       -995.555    -1008.374       12.819   513.8     -0.372      0.192     -0.170     -0.299      0.087      0.134
632.8000       -994.702    -1006.623       11.921   477.8      1.075      0.921      0.775      0.064     -0.563      0.139
633.0000       -994.823    -1007.592       12.769   511.9      1.123     -0.268     -0.566     -0.400     -0.290      0.165
633.2000       -993.595    -1006.949       13.354   535.3     -0.242      1.027      0.395     -0.326      0.404      0.290
633.4000       -994.530    -1006.992       12.462   499.5      0.345     -0.038      1.141     -0.193     -1.333     -0.175
633.6000       -995.256    -1007.458       12.202   489.1      0.594     -0.143      1.583      0.413      0.099     -0.256
633.8000       -994.656    -1007.353       12.697   509.0     -0.515     -0.510     -0.031      0.104     -0.438     -0.677
634.0000       -995.502    -1007.336       11.834   474.4      0.117      0.323      0.721      0.397      0.235      0.123
634.2000       -995.077    -1006.510       11.433   458.3     -0.779     -0.830     -0.245     -0.173     -0.283      0.408
634.4000       -994.272    -1006.401       12.129   486.2      0.058      0.714      0.651      0.065      0.056      0.339
634.6000       -995.030    -1007.039       12.009   481.4      0.280      0.346      0.792     -0.550     -0.049      0.696
634.8000       -994.990    -1007.221       12.231   490.3      0.787     -0.034      0.808     -0.218      0.922     -0.725
635.0000       -994.785    -1008.397       13.612   545.6     -0.215     -0.806      1.056     -0.442      0.402      0.653
635.2000       -995.826    -1009.249       13.424   538.1     -0.543     -0.288      0.584      0.122     -0.235      0.033
635.4000       -994.690    -1007.315       12.625   506.1      1.572     -0.023     -0.297     -0.273     -0.001      0.051
635.6000       -993.896    -1006.360       12.464   499.6     -0.102     -0.455     -0.235      0.061     -0.346      0.577
635.8000       -994.225    -1006.854       12.629   506.2      0.509     -0.911      0.403      0.874     -0.104      0.276
636.0000       -995.585    -1008.156       12.571   503.9      1.393      0.816      1.394      0.265     -0.063     -0.505
636.2000       -995.368    -1008.208       12.840   514.7      0.228     -0.324      0.348     -0.537     -0.493      0.517
636.4000       -995.996    -1007.968       11.972   479.9      0.245      0.766     -0.062     -0.738      0.335     -0.255
636.6000       -995.804    -1007.716       11.912   477.5      0.988     -0.031      0.425     -0.106      0.145      0.054
636.8000       -995.299    -1007.109       11.809   473.4      0.198      1.493      1.440      0.178     -0.216      0.273
637.0000       -993.581    -1006.508       12.927   518.2      0.358      1.138      0.056      0.312      0.341      0.693
637.2000       -995.320    -1007.737       12.417   497.7      0.687      0.801      0.102      0.606     -0.466      0.649
637.4000       -996.252    -1008.564       12.312   493.5      1.536      0.671      0.489     -0.237     -0.111      0.457
637.6000       -994.232    -1006.045       11.813   473.5     -0.715      1.276      0.546     -0.190     -0.882      0.350
637.8000       -994.194    -1006.792       12.598   505.0     -0.316     -1.029      1.006     -0.006     -0.223      0.415
638.0000       -994.598    -1006.669       12.071   483.9     -1.114     -0.582      0.353      0.150      0.222     -0.956
638.2000       -996.084    -1008.028       11.944   478.8      0.432      0.876      0.604      0.251     -0.101     -0.751
638.4000       -995.463    -1007.908       12.446   498.9     -1.385     -0.568     -0.468     -0.470      0.621     -0.276
638.6000       -995.593    -1006.921       11.328   454.1      0.450     -0.229     -0.092      0.254     -0.765      0.005
638.8000       -995.706    -1007.414       11.708   469.3      0.041      0.698      0.419      0.220      0.306      0.300
639.0000       -993.475    -1006.022       12.547   503.0      0.137     -1.189     -0.324      0.189     -0.175      0.228
639.2000       -992.349    -1005.330       12.981   520.3      1.807     -0.134      1.863      0.325     -0.722      0.397
639.4000       -993.912    -1006.320       12.408   497.4      0.374     -0.442      0.049      0.264      0.084      0.274
639.6000       -994.724    -1006.873       12.149   487.0      0.839      1.321      1.258     -0.940      0.729     -0.348
639.8000       -993.960    -1005.663       11.703   469.1      0.762      0.745     -0.202     -0.489      0.326      0.552
640.0000       -993.442    -1007.105       13.663   547.7     -0.007      0.080     -0.183      0.331     -0.649      0.154
640.2000       -994.583    -1007.488       12.904   517.3     -0.679     -0.083      0.019      0.160      0.173     -0.374
640.4000       -995.101    -1007.242       12.141   486.7     -0.509      0.698      0.381      0.290     -0.308     -0.012
640.6000       -994.161    -1006.050       11.889   476.6      1.656      1.144      1.172     -0.033     -0.057     -0.256
640.8000       -993.440    -1006.357       12.917   517.8      1.035      0.891      0.903     -0.028     -0.749     -0.454
641.0000       -992.827    -1005.695       12.868   515.8     -0.041     -0.408      0.364     -0.078     -0.279      0.430
641.2000       -995.185    -1006.795       11.609   465.4      0.321      0.460     -0.460      0.108     -0.180     -0.305
641.4000       -994.677    -1008.208       13.530   542.4     -0.867     -0.825      0.364     -0.245     -0.388      0.375
641.6000       -995.991    -1008.608       12.617   505.8      0.365      0.029      1.273     -0.333      0.344      0.136
641.8000       -995.165    -1006.892       11.727   470.1     -0.062      0.950      0.273     -0.859      0.092     -0.602
642.0000       -994.710    -1006.999       12.290   492.6      0.109     -1.013     -0.087     -0.272     -0.354     -0.293
642.2000       -994.730    -1006.877       12.147   486.9      1.469      0.778      1.037     -0.954     -0.096      0.716
642.4000       -995.028    -1007.394       12.366   495.7     -0.760     -0.327     -0.001     -0.002      0.153      0.063
642.6000       -993.047    -1005.997       12.951   519.1     -0.111     -1.057     -0.126     -0.248      0.164      0.367
642.8000       -993.678    -1005.754       12.076   484.1      0.308      0.476      0.750     -0.224      0.277     -0.427
643.0000       -993.768    -1005.646       11.878   476.1      0.938     -0.569      1.108      0.528      0.025     -0.343
643.2000       -994.590    -1007.098       12.508   501.4      0.937      0.712      0.204     -0.894     -0.415      0.363
643.4000       -995.398    -1006.595       11.197   448.8      0.184      0.549     -0.673     -0.527      0.576      0.084
643.6000       -994.787    -1007.914       13.127   526.2     -0.023     -1.348      0.071      0.417     -0.001      0.580
643.8000       -996.737    -1008.080       11.343   454.7      0.491     -0.014      0.837      0.319      0.338      0.412
644.0000       -994.859    -1007.202       12.343   494.8      0.342      0.218      0.672      0.069     -0.891      0.239
644.2000       -995.664    -1008.301       12.636   506.5      0.086      0.132     -0.569      0.532     -0.480      0.182
644.4000       -994.726    -1006.380       11.655   467.2     -0.313      0.197      0.030     -0.909     -0.109      0.483
644.6000       -994.506    -1007.130       12.624   506.0      0.344     -0.762      0.484     -0.658     -0.145     -0.071
644.8000       -994.110    -1006.723       12.613   505.6     -0.125      0.025      0.280     -0.445     -0.014      0.115
645.0000       -995.108    -1008.039       12.930   518.3      0.116     -0.760      0.340     -0.344     -0.511     -0.102
645.2000       -995.344    -1008.407       13.063   523.6      0.711      0.311      1.582      0.492      0.296     -0.054
645.4000       -997.210    -1008.423       11.213   449.5      0.420      0.148      0.244     -0.185     -0.278     -0.283
645.6000       -996.265    -1007.772       11.507   461.3      0.153      0.088      0.592     -0.480     -0.898     -0.385
645.8000       -995.688    -1007.539       11.851   475.1      0.097      0.642      0.440      0.063      0.271     -0.697
646.0000       -994.233    -1006.988       12.754   511.3      0.477      0.454      0.507      0.393     -0.244      0.217
646.2000       -994.253    -1008.020       13.767   551.8     -0.146     -0.394      0.251      0.372     -0.472     -0.052
646.4000       -994.491    -1006.936       12.445   498.9      0.312     -0.433      0.252      0.850     -1.208     -0.357
646.6000       -995.661    -1007.695       12.034   482.4     -0.292     -0.029      0.081      0.100      0.280      0.430
646.8000       -995.893    -1007.965       12.072   483.9     -0.581      0.135      0.249      0.120     -0.289     -0.454
647.0000       -995.441    -1007.473       12.032   482.3      0.306      0.726     -0.112      0.231      0.509     -0.317
647.2000       -996.248    -1008.121       11.872   475.9      0.721      0.665      1.104      0.357     -0.554     -0.274
647.4000       -995.316    -1007.231       11.915   477.6      0.386     -0.081      0.092      0.209      0.042      0.563
647.6000       -994.973    -1008.216       13.243   530.8      0.605     -0.293      0.219     -0.200     -0.012      0.116
647.8000       -995.261    -1006.737       11.476   460.0      0.388      1.151      0.629      0.233      0.099     -0.333
648.0000       -994.090    -1007.668       13.578   544.3     -0.430     -0.524     -0.251     -0.103     -0.149     -0.299
648.2000       -994.590    -1006.455       11.866   475.6      0.481      0.743      1.054     -0.361     -0.652      0.314
648.4000       -994.140    -1006.632       12.493   500.8     -0.090     -0.144     -0.260     -0.526     -0.678     -0.395
648.6000       -993.946    -1006.409       12.463   499.6     -0.016     -0.155      0.382      0.305      0.373     -0.543
648.8000       -994.702    -1006.660       11.958   479.3      0.721     -0.078     -0.500      0.347      0.628      0.397
649.0000       -994.918    -1007.143       12.225   490.0     -0.286     -1.347     -0.157      0.614     -0.049      0.209
649.2000       -994.502    -1007.479       12.977   520.2      0.344     -0.109     -1.040      0.410      0.168      0.279
649.4000       -994.990    -1007.257       12.267   491.7     -0.509     -0.113      0.191     -0.582     -0.104      0.596
649.6000       -995.705    -1007.926       12.220   489.9      0.718      1.099      1.398      0.171     -0.258      0.032
649.8000       -996.500    -1007.750       11.249   450.9      1.108      0.607      1.501      0.132     -0.017      0.468
650.0000       -996.128    -1007.855       11.727   470.1     -0.420      0.587     -0.677     -0.474      0.292      0.186
650.2000       -995.010    -1007.123       12.114   485.6      1.413     -0.279     -1.361      0.076      0.529     -0.147
650.4000       -995.053    -1006.744       11.691   468.6      0.531     -0.047      0.268     -0.142      0.342     -0.236
650.6000       -995.469    -1007.535       12.067   483.7      0.533      0.651      0.706     -0.141     -0.072     -0.087
650.8000       -994.154    -1006.377       12.223   490.0      1.086      0.600      0.660     -0.182      0.309      0.318
651.0000       -994.825    -1006.729       11.904   477.2      0.283     -0.161      0.931      0.287     -0.596     -0.256
651.2000       -995.200    -1007.121       11.921   477.8      0.887      1.219      0.228      1.015      0.088      1.007
651.4000       -994.076    -1006.121       12.045   482.8     -0.095     -0.375     -0.769      0.554      0.443     -0.391
651.6000       -995.686    -1008.231       12.545   502.9     -0.300      0.401      0.756      0.461     -0.065      0.111
651.8000       -995.624    -1008.056       12.432   498.3      0.657      0.582     -0.615      0.344      0.121     -0.206
652.0000       -994.796    -1007.735       12.940   518.7      1.173      0.957      0.691     -0.458      1.142      0.561
652.2000       -995.758    -1007.554       11.797   472.9      0.306      0.848      1.132      0.117     -0.154     -0.522
652.4000       -995.868    -1008.782       12.914   517.6     -0.258     -0.206     -0.649      0.057     -0.352      0.094
652.6000       -996.350    -1007.803       11.453   459.1     -0.178     -0.135     -1.131     -0.479     -0.673      0.304
652.8000       -995.717    -1007.954       12.237   490.5      0.408      0.669      0.232      0.192      0.392      0.386
653.0000       -994.760    -1007.437       12.676   508.1     -0.137      0.527     -0.934     -0.980     -0.582      0.161
653.2000       -994.111    -1006.882       12.771   511.9      0.026     -1.015     -0.246      0.103      0.076      0.522
653.4000       -994.162    -1007.639       13.476   540.2     -0.111      1.870      0.139     -0.688      0.215     -0.004
653.6000       -994.498    -1007.148       12.650   507.1     -0.048     -0.394      0.297      0.323     -0.002     -0.208
653.8000       -993.787    -1006.029       12.241   490.7      1.097      0.506      1.084      0.292     -1.071     -0.149
654.0000       -993.732    -1006.471       12.740   510.7     -0.060     -0.882     -0.717      0.940      1.047     -0.253
654.2000       -994.642    -1007.149       12.507   501.3      0.858      0.136      0.340     -0.233      0.270      0.217
654.4000       -993.018    -1007.313       14.295   573.0      0.805     -0.490     -0.774      0.263     -0.117     -0.383
654.6000       -993.872    -1005.724       11.852   475.1      2.311      0.315      0.190      0.163      0.315      0.407
654.8000       -994.131    -1006.779       12.648   507.0     -0.278      0.665      0.140     -0.176      0.372     -0.407
655.0000       -994.357    -1006.498       12.141   486.6      0.259      0.255      0.029      0.614     -0.018     -0.377
655.2000       -993.346    -1006.563       13.216   529.8      0.172      0.562     -0.175      0.357      0.269     -0.262
655.4000       -993.025    -1005.738       12.713   509.6     -0.366     -0.175      0.360      0.403     -0.510     -0.180
655.6000       -994.604    -1006.814       12.210   489.4     -1.170     -1.625      0.036     -0.250      0.467     -0.026
655.8000       -993.929    -1006.492       12.563   503.6      0.489     -0.901      0.076     -0.083      0.266      0.269
656.0000       -994.541    -1007.860       13.320   533.9     -0.010      0.039     -0.345      0.176     -0.070     -0.101
656.2000       -994.953    -1007.261       12.308   493.4     -0.474      0.863      0.282     -0.247     -0.956      0.420
656.4000       -996.298    -1009.358       13.061   523.5      1.377     -0.386     -0.242     -0.245      0.371     -0.026
656.6000       -996.523    -1008.012       11.490   460.6      0.230     -0.380     -0.843      0.755      0.523     -0.176
656.8000       -994.653    -1006.748       12.095   484.8     -0.693     -1.598     -0.585     -0.349      0.387      0.206
657.0000       -994.912    -1006.930       12.018   481.7      0.330      0.874      0.916     -0.393      0.621     -0.343
657.2000       -996.123    -1007.445       11.322   453.8     -0.372      0.066     -0.021      0.560     -0.898     -0.165
657.4000       -996.596    -1009.229       12.633   506.4     -0.080      0.363      0.060      0.607     -0.102      0.323
657.6000       -997.273    -1008.234       10.961   439.4      0.074      0.222      1.387     -0.510     -0.022     -0.091
657.8000       -996.172    -1006.771       10.598   424.8     -0.761     -0.098     -0.753     -0.240      0.465     -0.087
658.0000       -995.844    -1008.128       12.284   492.4     -0.396      0.096     -0.075      1.060     -0.296     -0.510
658.2000       -996.378    -1007.093       10.715   429.5     -0.577      0.650      0.141      0.047      0.503     -1.009
658.4000       -993.379    -1006.912       13.532   542.4     -0.402     -0.061      0.021     -0.324     -0.049     -0.030
658.6000       -995.246    -1008.109       12.863   515.6      0.054      0.401     -0.107      0.115     -0.635     -0.054
658.8000       -995.314    -1007.760       12.447   498.9      0.074      0.470     -0.852     -0.064      0.178      0.218
659.0000       -996.167    -1008.539       12.371   495.9      0.369      0.802     -0.763     -0.221      0.256     -0.125
659.2000       -996.397    -1008.730       12.333   494.4      0.330     -0.511     -0.867     -0.081     -0.746      0.633
659.4000       -995.748    -1007.279       11.531   462.2      1.392      2.022      1.041      0.585      0.074     -0.089
659.6000       -996.359    -1008.450       12.091   484.7     -1.028     -0.997     -0.233     -0.530     -0.175     -0.555
659.8000       -996.090    -1008.808       12.718   509.8      0.845      1.022      0.902     -0.043      0.712     -0.498
660.0000       -995.379    -1007.812       12.433   498.4      0.893      1.597      1.650     -0.069     -0.516      0.584
660.2000       -995.916    -1006.733       10.817   433.6      0.656     -0.132      0.189      0.221     -0.085      0.651
660.4000       -995.044    -1007.735       12.692   508.7     -0.257      0.518      0.617     -1.093      0.101      0.320
660.6000       -994.865    -1007.303       12.437   498.5     -0.924     -0.097      0.174     -0.417      0.005      0.548
660.8000       -994.647    -1007.398       12.751   511.1     -0.264     -0.681     -1.054     -0.381     -1.252     -0.746
661.0000       -993.493    -1007.094       13.601   545.2     -0.630     -0.169      0.202      0.138     -0.112      0.127
661.2000       -994.459    -1007.520       13.061   523.6      0.504      0.259     -0.271      0.535     -0.328      0.422
661.4000       -994.313    -1007.382       13.069   523.9      0.431      0.599      1.744     -0.655      0.094      0.047
661.6000       -994.133    -1007.632       13.499   541.1      0.723      0.090      1.632      0.051     -0.412      0.370
661.8000       -994.126    -1007.216       13.090   524.7      1.044      0.300     -0.735      0.820      0.193     -0.075
662.0000       -994.198    -1007.389       13.191   528.8      0.855      1.564      0.826      0.014      0.896      0.353
662.2000       -995.010    -1006.008       10.997   440.8      0.095      0.750      0.006     -0.186      0.847      0.206
662.4000       -994.860    -1008.210       13.350   535.1     -0.602     -0.708     -0.564     -0.018     -0.304      0.119
662.6000       -994.382    -1006.416       12.034   482.4      0.234      0.839      0.534     -0.105      0.048      0.218
662.8000       -996.547    -1008.955       12.408   497.4     -0.161      0.084      0.515      0.289      0.396     -0.021
663.0000       -996.473    -1008.372       11.899   477.0      0.265      0.508     -0.706      0.427     -0.224     -0.530
663.2000       -995.537    -1005.848       10.310   413.3     -0.506     -0.033     -1.204      0.041     -0.843      0.310
663.4000       -995.684    -1008.269       12.585   504.5      1.260      0.453      0.150      0.006     -0.366      0.245
663.6000       -995.401    -1006.727       11.326   454.0      0.377     -0.407      0.422     -0.499      0.302     -0.272
663.8000       -995.954    -1008.544       12.590   504.7      0.798     -0.346      0.393     -0.009      0.309     -0.029
664.0000       -996.048    -1008.142       12.094   484.8     -0.668      1.509      0.750      0.092      0.182      0.342
664.2000       -997.152    -1008.755       11.603   465.1      0.518      0.319     -0.335     -0.544     -0.302      0.172
664.4000       -995.992    -1007.466       11.474   459.9      0.918     -0.469      0.195     -0.254     -0.357     -0.437
664.6000       -995.478    -1007.284       11.806   473.2     -0.666      0.231      0.083     -0.143     -0.260     -0.155
664.8000       -994.786    -1007.120       12.335   494.4      0.287      0.633     -0.532     -0.176     -0.827     -1.246
665.0000       -993.894    -1005.930       12.036   482.5     -0.451     -0.200     -0.986      0.138     -0.279      1.132
665.2000       -994.094    -1007.480       13.386   536.6      0.036     -0.320     -0.360      0.519      0.662     -0.360
665.4000       -996.001    -1008.097       12.097   484.9      0.378      0.866      1.330      0.120      0.132      0.090
665.6000       -996.768    -1008.771       12.002   481.1      0.283      0.739     -0.082      1.016      0.765     -0.044
665.8000       -995.268    -1007.741       12.472   499.9      0.611      0.704      0.169      0.087      0.697     -0.091
666.0000       -992.403    -1005.936       13.533   542.5     -1.439     -0.518     -0.434     -0.214     -0.779     -0.016
666.2000       -994.393    -1007.774       13.380   536.4     -1.241     -0.008      0.281      0.281     -0.194      0.241
666.4000       -995.121    -1006.734       11.613   465.5      0.976      0.357      0.420     -0.002     -0.006     -0.203
666.6000       -994.440    -1007.058       12.618   505.8      0.373     -0.298     -1.097      0.423     -0.076     -0.499
666.8000       -993.788    -1006.987       13.199   529.1     -0.713     -0.875     -0.032      0.667      0.473     -0.345
667.0000       -994.392    -1006.458       12.066   483.7      0.358     -0.058     -0.457     -0.811     -0.141      0.576
667.2000       -996.424    -1007.367       10.943   438.6     -0.355      1.151     -0.216     -0.363      0.582     -0.176
667.4000       -995.863    -1007.909       12.046   482.9     -0.138     -0.809     -0.171      0.025      0.109      0.368
667.6000       -993.424    -1007.062       13.638   546.7     -0.352      0.664     -0.798      0.497     -0.255     -0.082
667.8000       -993.052    -1005.440       12.388   496.6      0.784     -0.128      0.839     -0.182      0.182      0.510
668.0000       -994.326    -1006.992       12.665   507.7     -1.678     -0.107     -0.042     -0.276      0.029     -0.119
668.2000       -995.075    -1006.878       11.803   473.1      1.190     -0.050      0.543     -0.057      0.282      0.072
668.4000       -994.253    -1006.707       12.454   499.2     -0.208      0.009     -0.446     -0.217      0.007      0.139
668.6000       -994.442    -1006.770       12.328   494.2      0.446      0.079      0.169      0.073     -0.346     -0.255
668.8000       -993.193    -1005.204       12.011   481.5      0.170      0.075     -0.481      0.540      0.447     -0.270
669.0000       -994.735    -1007.094       12.359   495.4      0.657      0.324     -0.475      0.887     -1.686      0.146
669.2000       -994.999    -1006.859       11.860   475.4     -0.170     -0.225      0.360     -0.382     -0.137     -0.271
669.4000       -995.422    -1007.423       12.001   481.1      0.332     -0.576     -0.168     -0.057      1.183      0.309
669.6000       -995.243    -1007.836       12.593   504.8      1.782      1.414     -0.218     -0.133     -0.106      0.018
669.8000       -993.681    -1006.598       12.918   517.8     -0.406      0.105     -0.075      0.399      0.368      0.031
670.0000       -993.466    -1006.946       13.480   540.4      0.411     -0.011      0.369     -0.503     -0.569     -0.301
670.2000       -993.728    -1007.069       13.341   534.8     -0.744     -1.233     -0.090     -0.382      0.350     -0.317
670.4000       -993.822    -1006.581       12.759   511.4     -0.159      0.004     -0.775      0.279      0.025     -0.195
670.6000       -994.157    -1005.842       11.685   468.4      1.078      1.283      1.156     -0.243     -0.395     -0.330
670.8000       -994.228    -1007.197       12.969   519.9      1.094     -0.529      0.226     -0.244      0.389     -0.503
671.0000       -994.431    -1007.966       13.535   542.6      0.231     -0.864      0.968     -0.266     -0.243     -0.184
671.2000       -995.258    -1007.240       11.982   480.3      2.276     -0.348      0.147     -0.028      0.352      0.037
671.4000       -994.815    -1007.888       13.073   524.0     -0.287      0.626      0.487      0.549      0.578      0.468
671.6000       -993.978    -1006.957       12.979   520.3     -0.480      0.865      0.532     -0.080     -0.279     -0.139
671.8000       -994.093    -1006.430       12.337   494.5      0.084      0.195      0.429      0.448      0.315     -0.331
672.0000       -993.911    -1006.405       12.494   500.8      0.425      0.516      0.375     -0.965     -0.002     -0.661
672.2000       -996.171    -1008.121       11.950   479.0      1.085     -0.035      1.031     -0.985     -0.548     -0.589
672.4000       -994.838    -1007.135       12.297   492.9      0.849     -0.620      0.490     -0.480     -0.216     -0.487
672.6000       -995.530    -1007.234       11.704   469.1     -0.164      1.136     -1.505      0.462     -0.250      0.223
672.8000       -995.154    -1007.612       12.458   499.4     -0.202      0.227      0.718     -0.304     -0.639      0.230
673.0000       -995.858    -1007.560       11.702   469.1     -0.091     -0.396      0.967     -0.090      0.837     -0.100
673.2000       -994.215    -1007.732       13.517   541.8     -0.211      0.139     -0.777      0.652      0.188     -0.310
673.4000       -993.259    -1006.044       12.784   512.5     -0.488      0.404     -0.294     -0.351     -0.242      0.508
673.6000       -993.138    -1006.507       13.369   535.9      1.241     -0.801     -1.102      0.542     -0.238     -0.104
673.8000       -994.045    -1007.923       13.879   556.3     -0.032      1.235      0.506      0.507      0.135     -0.061
674.0000       -993.085    -1006.347       13.262   531.6      1.101      1.493      0.810      0.085      0.591      0.940
674.2000       -993.817    -1005.838       12.021   481.9     -0.247     -0.086     -0.938      0.615     -0.121     -0.460
674.4000       -994.169    -1007.702       13.533   542.4      0.030      0.943      0.888     -0.742      0.941     -0.005
674.6000       -994.944    -1008.188       13.244   530.9      0.833      0.149      1.281     -0.815      0.470     -1.128
674.8000       -994.250    -1005.836       11.586   464.4     -0.204     -1.158     -0.250      0.397     -0.234     -0.326
675.0000       -994.417    -1006.971       12.554   503.2      0.872     -0.055      1.223     -0.118      0.126      0.665
675.2000       -994.412    -1006.200       11.788   472.5     -0.989      0.617      0.133      0.474      1.190      0.201
675.4000       -995.973    -1007.514       11.541   462.6     -0.665      0.008      0.774      0.390      0.048     -0.428
675.6000       -996.750    -1008.709       11.960   479.4      0.044      0.345     -0.027     -0.237      0.059     -0.094
675.8000       -996.856    -1009.396       12.540   502.7      0.053     -0.124      0.486      0.169     -0.657      0.447
676.0000       -996.961    -1009.218       12.257   491.3      0.475     -0.489     -0.509     -0.311      0.100      0.716
676.2000       -996.441    -1007.533       11.092   444.6     -0.465      0.251      0.328     -0.298     -0.271     -0.344
676.4000       -995.676    -1007.592       11.916   477.7      0.326     -0.535      0.707     -0.519     -0.015      0.130
676.6000       -994.231    -1007.745       13.514   541.7      0.017     -0.820      0.216     -0.166     -0.076      0.811
676.8000       -995.550    -1008.562       13.012   521.6     -0.280      0.533     -1.004      0.146     -0.250      0.564
677.0000       -996.210    -1008.017       11.807   473.3     -1.169      1.385     -0.356     -0.202     -0.102      0.493
677.2000       -995.398    -1008.014       12.616   505.7     -0.529      0.773      0.754     -0.688      0.306      0.005
677.4000       -994.527    -1006.200       11.673   467.9     -0.882      0.531      0.059     -0.341      0.467     -0.078
677.6000       -995.066    -1007.395       12.329   494.2      0.206      1.285      0.790     -0.199      0.648     -0.138
677.8000       -993.572    -1007.082       13.509   541.5     -1.115     -0.094     -1.023      0.967     -0.509      0.167
678.0000       -994.947    -1007.466       12.519   501.8      0.643     -0.303      0.324      0.403      0.349     -0.035
678.2000       -995.412    -1007.116       11.704   469.2      1.318      1.964      0.409      0.272     -0.344      0.244
678.4000       -996.155    -1008.100       11.945   478.8      0.814     -1.110      0.942     -0.160     -0.290      0.512
678.6000       -996.151    -1007.742       11.591   464.6      0.540      1.099      0.268     -0.609      0.100     -0.162
678.8000       -995.829    -1007.732       11.903   477.1     -0.589      0.166     -0.254     -0.844      0.221     -0.521
679.0000       -996.200    -1008.148       11.948   478.9      0.593     -0.504     -0.255     -0.154     -0.310     -0.308
679.2000       -995.700    -1007.976       12.277   492.1     -1.002     -0.799     -0.179      0.701     -0.259     -0.904
679.4000       -995.513    -1007.701       12.188   488.6      0.796      0.199      1.163     -0.249     -0.883      0.238
679.6000       -995.578    -1007.953       12.375   496.0      1.289      0.148      0.116      0.096     -0.499      0.397
679.8000       -995.633    -1006.955       11.322   453.9      0.677     -0.158      0.441      0.308      0.444      0.503
680.0000       -994.105    -1006.900       12.795   512.9      0.797      0.568     -0.216     -0.044      0.015      0.228
680.2000       -996.128    -1007.476       11.348   454.9      0.940      0.643      0.306     -0.516      0.546      0.054
680.4000       -996.946    -1008.518       11.572   463.9     -0.370     -0.707     -0.742     -0.428      0.443     -0.238
680.6000       -994.803    -1007.636       12.833   514.4     -0.052      0.212     -0.513      0.259      0.079      0.345
680.8000       -995.389    -1007.821       12.431   498.3     -0.991      0.646      0.610      0.532     -0.452     -0.472
681.0000       -995.478    -1007.235       11.757   471.3      0.978      0.747      0.098      0.191     -0.400      0.524
681.2000       -995.196    -1007.804       12.608   505.4     -0.189      0.560     -0.981      0.221     -0.628      0.209
681.4000       -994.534    -1007.190       12.656   507.3     -1.270      0.112      0.249      0.300     -0.406      0.421
681.6000       -995.379    -1006.957       11.578   464.1      0.635     -0.203     -0.209     -0.424      0.005      0.619
681.8000       -994.949    -1007.649       12.700   509.1     -0.622      0.315      0.247      0.664      0.660      0.259
682.0000       -996.093    -1008.598       12.505   501.3      1.116     -0.440      0.485      0.745      0.551      0.001
682.2000       -994.524    -1007.540       13.015   521.7     -0.895      0.068     -0.467      0.156     -0.478      0.325
682.4000       -994.706    -1008.191       13.485   540.5     -0.711     -0.342      0.109      0.002      0.417      0.149
682.6000       -995.316    -1008.185       12.869   515.8      0.243     -0.500      0.250     -0.237     -0.200      0.651
682.8000       -994.583    -1006.997       12.414   497.6      0.626      0.334      0.330      0.170     -0.149     -0.226
683.0000       -994.878    -1007.400       12.522   501.9     -0.014     -0.037     -0.691     -0.083     -0.637      0.273
683.2000       -995.035    -1008.439       13.404   537.3      0.107      0.375     -0.363     -0.333      0.298      0.212
683.4000       -993.351    -1006.318       12.967   519.8      1.098      0.815     -0.683      0.450      0.032      0.523
683.6000       -994.233    -1006.117       11.885   476.4     -0.037      1.256      0.505     -0.151     -0.303     -0.537
683.8000       -994.894    -1006.856       11.962   479.5      0.124      0.432      0.526     -0.124      0.297     -0.105
684.0000       -994.849    -1006.998       12.148   487.0     -0.489     -0.356      0.494      0.298      0.220      0.174
684.2000       -995.783    -1007.862       12.078   484.2      0.106     -0.187      0.400      0.052      0.139     -0.632
684.4000       -995.503    -1007.755       12.252   491.1      1.028      0.054      0.817     -0.181      0.629      0.223
684.6000       -994.133    -1007.706       13.573   544.1      1.046      0.190      1.248      0.044      0.704      0.125
684.8000       -994.707    -1006.926       12.219   489.8      1.584      0.314      0.439     -0.051     -0.267      0.453
685.0000       -994.864    -1007.223       12.359   495.4     -0.564      0.884      0.997     -0.615     -0.100      0.109
685.2000       -994.918    -1007.049       12.132   486.3      0.876      0.277      0.752      0.240      0.454      0.193
685.4000       -994.299    -1006.239       11.940   478.6      1.152     -0.656      0.717      0.476     -0.055      0.557
685.6000       -992.217    -1005.610       13.394   536.9      1.017      1.228      1.345      1.083      0.299     -0.740
685.8000       -994.240    -1007.094       12.854   515.3      0.974      0.384      0.146     -0.426     -0.434     -0.006
686.0000       -993.163    -1006.360       13.198   529.0     -0.068      0.669      0.807      0.080      0.441      0.169
686.2000       -994.796    -1007.013       12.217   489.7      0.258      0.378      0.094     -0.171      0.053     -0.539
686.4000       -995.047    -1008.511       13.464   539.7     -0.453      0.572     -0.591     -0.859     -0.222     -0.321
686.6000       -995.506    -1007.176       11.670   467.8      0.525      0.574      0.155      0.170      0.625     -0.256
686.8000       -994.295    -1007.316       13.021   522.0      1.027     -0.101     -0.170      0.040      0.347      0.524
687.0000       -994.022    -1006.792       12.771   511.9      0.341      0.188      0.695     -0.057     -0.301     -0.107
687.2000       -994.890    -1007.389       12.500   501.0     -0.749     -0.155      0.586     -0.468      0.363      0.349
687.4000       -992.779    -1006.107       13.328   534.2      0.536      1.266     -0.097      0.126      0.375      0.735
687.6000       -994.238    -1006.716       12.478   500.2      0.062      0.277     -0.131      0.050      0.368     -0.615
687.8000       -993.195    -1006.769       13.574   544.1      0.009     -0.154      0.397      0.065     -0.573      0.701
688.0000       -993.009    -1006.393       13.384   536.5      0.502      0.498     -0.382     -0.395     -0.098      0.717
688.2000       -992.165    -1005.616       13.452   539.2      0.339      0.191      0.965      0.430     -0.391     -0.154
688.4000       -995.105    -1007.784       12.680   508.3     -0.373     -0.459     -1.262     -0.451      0.162     -0.348
688.6000       -994.513    -1007.293       12.780   512.3      0.052     -0.196      0.831     -0.652      0.100      0.142
688.8000       -995.109    -1007.684       12.574   504.0     -0.906     -0.715     -0.366      0.530     -0.455      0.244
689.0000       -995.548    -1007.741       12.193   488.8     -0.540     -0.262     -0.217     -0.539      0.153      0.351
689.2000       -996.508    -1009.406       12.897   517.0      0.757      0.130      1.461     -0.007     -0.421     -0.221
689.4000       -996.438    -1008.683       12.245   490.8      0.543     -0.296      1.107      0.275      0.167      0.008
689.6000       -996.332    -1008.813       12.482   500.3      0.781      1.004      0.940     -0.212     -0.565      0.555
689.8000       -995.444    -1006.298       10.854   435.1      1.007      1.544      0.901     -0.735     -0.168      0.109
690.0000       -996.051    -1008.058       12.007   481.3      0.198      0.109     -0.102     -0.225      0.008     -0.006
690.2000       -995.769    -1007.746       11.977   480.1      0.197      1.272      0.991      0.101      0.214      0.048
690.4000       -994.755    -1006.822       12.067   483.7      1.132      1.082      0.282      0.203     -0.290     -0.669
690.6000       -997.126    -1009.052       11.926   478.0     -0.524      0.301      0.786     -0.406      0.033      0.471
690.8000       -997.731    -1009.029       11.299   452.9      0.920     -0.319      0.472      0.666     -0.164      0.682
691.0000       -995.907    -1008.687       12.779   512.3     -0.143     -0.444      1.028      0.225      0.676     -0.364
691.2000       -996.008    -1008.873       12.865   515.7     -0.629      0.118     -0.773     -0.866      0.189     -0.178
691.4000       -995.751    -1008.025       12.275   492.0      0.233     -0.499      0.121     -0.364      0.264     -0.023
691.6000       -996.083    -1008.018       11.935   478.4     -0.126     -0.149      0.033      0.248     -0.431      0.414
691.8000       -995.455    -1008.351       12.897   517.0      0.673      0.435     -0.050      0.386     -0.034     -0.214
692.0000       -995.043    -1007.477       12.433   498.4      0.803     -0.259      0.999      0.217     -0.130     -0.469
692.2000       -995.488    -1006.985       11.497   460.8      1.371      1.015      0.630      0.132     -0.460      0.023
692.4000       -993.779    -1006.141       12.361   495.5      0.708      1.027      1.084     -0.281      0.043      0.230
692.6000       -993.793    -1005.768       11.975   480.0      0.703     -0.837     -0.126      0.849      0.673     -0.298
692.8000       -993.616    -1006.687       13.071   523.9     -0.704     -0.219     -0.754     -0.014      0.119      0.602
693.0000       -993.847    -1006.219       12.372   495.9      1.312     -0.133      0.315      0.437      0.527      0.078
693.2000       -995.112    -1007.490       12.378   496.2      0.805      0.894      0.467      0.073     -0.204     -0.361
693.4000       -994.781    -1007.497       12.716   509.7      0.022     -0.686      0.125      0.628     -0.198      0.117
693.6000       -994.807    -1006.290       11.483   460.3      1.013     -0.574      0.659      0.435     -0.056     -0.175
693.8000       -993.685    -1007.376       13.691   548.8      1.599      0.941      0.206     -0.135      0.026      0.003
694.0000       -993.005    -1005.996       12.991   520.7      0.724     -0.551     -0.093      0.281      0.019      0.261
694.2000       -994.682    -1006.594       11.911   477.5      0.956      2.179      0.718     -0.172     -0.475     -0.091
694.4000       -994.871    -1006.583       11.712   469.5      0.107      0.367      0.790     -0.048      0.202      0.230
694.6000       -995.443    -1007.632       12.189   488.6      0.090     -0.262     -0.490      0.146     -0.362     -0.329
694.8000       -995.650    -1008.152       12.502   501.1     -0.129     -0.083      0.611      0.719      0.095      0.425
695.0000       -995.974    -1007.345       11.371   455.8      1.003      0.079     -0.384     -0.066      0.588     -0.035
695.2000       -996.796    -1008.825       12.029   482.2      0.570      0.202     -0.021     -0.465     -0.526     -0.061
695.4000       -995.934    -1008.573       12.640   506.7      0.797      0.292     -0.095      0.248      0.432      0.870
695.6000       -995.367    -1007.745       12.377   496.1      0.687      1.292      1.866     -0.139     -0.607     -0.387
695.8000       -996.347    -1008.385       12.038   482.5      0.210     -0.179      0.831     -0.079     -0.723      0.021
696.0000       -996.803    -1009.598       12.795   512.9      0.282      0.399      0.219     -0.189     -0.002     -0.437
696.2000       -996.661    -1007.924       11.263   451.5      1.562      1.140      0.270      0.349     -0.365     -0.029
696.4000       -995.948    -1008.048       12.100   485.0      0.292     -0.842     -0.604     -0.377     -0.391      0.280
696.6000       -995.785    -1007.695       11.910   477.4      0.658      0.992      1.643      0.279     -0.610     -0.669
696.8000       -995.914    -1007.413       11.499   460.9      1.146      0.196      0.824     -0.401      0.635     -0.895
697.0000       -995.467    -1007.408       11.941   478.7     -0.195     -1.253     -0.822     -0.095     -0.766      0.128
697.2000       -995.964    -1008.471       12.507   501.3      0.127     -0.284     -0.586     -0.413     -0.010      0.306
697.4000       -995.520    -1008.208       12.688   508.6      1.099      0.229      0.987     -0.648     -0.492      0.161
697.6000       -995.214    -1006.792       11.577   464.1      0.194      0.417     -0.101     -0.017     -0.122      0.347
697.8000       -994.799    -1007.509       12.709   509.5     -0.268      0.251      0.446     -0.336     -0.632     -0.460
698.0000       -994.297    -1007.740       13.443   538.9     -0.304      0.126     -0.443      0.564      0.369     -0.258
698.2000       -993.524    -1006.376       12.853   515.2     -0.981      1.388      0.482      0.037     -0.582      0.387
698.4000       -993.630    -1007.142       13.512   541.6      1.005     -0.244     -0.207      0.003     -0.029     -0.008
698.6000       -994.962    -1006.813       11.851   475.0      0.648      0.566      0.246      0.057      0.080      0.516
698.8000       -993.906    -1006.725       12.820   513.9      0.095     -0.237     -0.399     -0.401      0.498     -0.228
699.0000       -994.481    -1006.952       12.471   499.9     -0.886     -0.010     -1.128     -0.619     -0.139     -0.196
699.2000       -995.960    -1007.332       11.372   455.9      0.495     -0.274     -0.617     -0.001      0.364     -0.112
699.4000       -996.305    -1008.137       11.832   474.3      0.445      0.589     -0.010     -0.406     -0.301      0.766
699.6000       -995.843    -1008.753       12.910   517.5      0.089      1.116      0.133      0.198      0.093      0.291
699.8000       -995.523    -1008.206       12.682   508.4      0.378      0.506     -0.497      0.674     -0.679      0.104
700.0000       -996.500    -1008.303       11.802   473.1      0.236     -0.552     -0.347     -0.648      0.351     -0.330
700.2000       -995.569    -1007.383       11.815   473.6     -0.625     -0.653     -0.604     -0.294     -0.268     -0.080
700.4000       -995.352    -1007.999       12.647   506.9      0.374      0.515     -0.314     -0.076     -0.124      0.390
700.6000       -995.014    -1007.407       12.394   496.8      0.185     -0.277      0.763      0.485      0.390      0.488
700.8000       -995.272    -1008.292       13.020   521.9      0.268      0.952      1.782      0.240     -0.330     -0.248
701.0000       -994.136    -1007.330       13.193   528.9     -1.001      0.631     -0.896      0.258      0.456      0.257
701.2000       -992.510    -1005.403       12.893   516.8      0.070     -1.119      0.452      0.653      0.364     -0.741
701.4000       -994.811    -1007.734       12.923   518.0     -0.601     -0.253     -0.185      0.205     -0.799      0.229
701.6000       -995.557    -1007.708       12.150   487.0      0.178      0.277      0.074      0.429     -0.144      0.258
701.8000       -996.790    -1008.724       11.935   478.4      0.644     -1.482      0.463     -1.072      0.954      0.436
702.0000       -995.601    -1008.361       12.760   511.5      1.456      0.067      1.236      0.114      0.240      0.005
702.2000       -993.612    -1006.815       13.203   529.2      0.574     -0.245     -0.539      0.139      0.671     -0.106
702.4000       -994.124    -1008.027       13.903   557.3      0.882      0.834     -0.128      0.444      0.150     -0.217
702.6000       -993.652    -1006.561       12.909   517.4      0.572      0.101      0.081      0.483      0.132      0.005
702.8000       -994.077    -1006.925       12.848   515.0      0.023     -0.329     -0.188     -0.097      0.118     -0.646
703.0000       -994.251    -1007.133       12.882   516.4      1.042     -0.147      0.059     -0.206      0.577      0.086
703.2000       -995.593    -1008.056       12.463   499.6      1.132     -0.983      0.122     -0.064     -0.068      0.186
703.4000       -995.572    -1007.875       12.303   493.2     -0.625      0.084      0.236     -0.055      0.036     -0.263
703.6000       -997.090    -1008.627       11.537   462.4      0.019      0.745     -1.140      0.024      0.408      0.042
703.8000       -995.672    -1006.913       11.241   450.6      0.252      0.228     -0.307      0.694     -0.087     -0.335
704.0000       -994.228    -1006.801       12.573   504.0      0.261      0.486     -0.565      0.140      0.501      0.601
704.2000       -995.053    -1006.626       11.573   463.9      0.520      0.455      0.267      0.267      0.749     -0.641
704.4000       -994.045    -1007.459       13.414   537.7      1.985      0.447      0.185      0.399     -0.196      0.225
704.6000       -994.488    -1007.591       13.103   525.2      0.467     -0.149     -0.258     -0.138     -0.632      0.558
704.8000       -994.556    -1005.620       11.063   443.5      0.132      1.016      0.681     -0.096      0.106      0.155
705.0000       -994.169    -1007.232       13.063   523.6      0.634     -0.019      0.058      0.038      0.529     -0.138
705.2000       -994.074    -1006.924       12.850   515.1      1.033      0.773     -0.725      0.079     -0.814     -0.179
705.4000       -992.887    -1007.417       14.530   582.4     -0.700     -0.899      1.021      0.365      0.121      0.447
705.6000       -992.837    -1006.130       13.294   532.9      0.590     -0.268      0.483      0.016     -0.300     -0.217
705.8000       -993.494    -1006.634       13.140   526.7     -0.030      0.139      1.112      0.219      0.262     -0.434
706.0000       -994.144    -1006.151       12.007   481.3     -0.977      0.082      0.146     -0.215     -1.230      0.227
706.2000       -993.103    -1006.452       13.349   535.1      0.648      1.071      0.405     -0.555      0.291      0.733
706.4000       -993.188    -1005.964       12.775   512.1      1.073      0.845      0.392      0.301     -0.693     -0.671
706.6000       -993.714    -1006.224       12.511   501.5      0.814      1.415      1.014      0.551      0.290     -0.021
706.8000       -994.530    -1007.446       12.916   517.7      1.143      0.529      0.844     -0.729      0.154      0.143
707.0000       -993.634    -1006.815       13.182   528.4     -0.200      0.120      0.423     -1.059      0.118      0.092
707.2000       -992.308    -1006.798       14.490   580.8      0.335     -0.616     -0.043      0.405     -0.635     -0.308
707.4000       -993.882    -1007.335       13.452   539.2      0.665     -0.533      0.749      0.258     -0.091     -0.237
707.6000       -993.034    -1006.147       13.113   525.6      0.267     -1.340      0.601      0.294     -0.003      0.366
707.8000       -993.981    -1006.380       12.399   497.0     -0.262      0.362      0.662     -0.220      0.240      0.243
708.0000       -993.863    -1005.379       11.516   461.6     -1.070      0.388      0.292     -0.550      0.871      0.358
708.2000       -993.236    -1006.249       13.013   521.6     -0.261     -0.495      0.493      0.010      0.831     -0.325
708.4000       -992.643    -1006.175       13.532   542.4      0.408      1.492      0.691     -0.270      0.144     -0.392
708.6000       -994.259    -1007.948       13.689   548.7     -0.270     -0.734      0.121      0.181     -0.285      0.670
708.8000       -994.570    -1006.953       12.383   496.4     -0.184     -0.053      0.772     -0.506     -0.450     -0.033
709.0000       -994.756    -1008.079       13.324   534.1      0.042     -0.098      0.196     -0.582     -0.556      0.218
709.2000       -993.820    -1006.779       12.959   519.5      0.433      0.107     -0.341     -0.841      0.423      0.175
709.4000       -994.567    -1008.016       13.449   539.1     -0.036      0.144     -1.117     -0.339      0.572     -0.150
709.6000       -995.998    -1007.574       11.576   464.0      1.174      0.335      0.324      0.657      0.112     -0.266
709.8000       -996.986    -1008.562       11.576   464.0      0.143     -0.612     -0.242     -0.104     -0.477     -0.532
710.0000       -993.788    -1006.769       12.981   520.3     -0.076      1.073      0.755      0.271     -0.116      0.287
710.2000       -994.694    -1006.597       11.903   477.1      0.196     -0.010      1.300     -0.207     -0.166     -0.152
710.4000       -995.492    -1007.415       11.922   477.9     -0.451     -0.510     -0.051     -0.341     -0.140      0.292
710.6000       -995.587    -1008.356       12.769   511.8     -0.614     -0.894     -0.029      0.380     -0.108      0.093
710.8000       -994.607    -1006.305       11.697   468.9      0.581      0.273     -0.786     -0.264      0.549      0.655
711.0000       -993.662    -1007.241       13.579   544.3      0.817     -0.623     -0.832      0.025     -0.306      0.156
711.2000       -993.196    -1005.454       12.258   491.4     -0.738     -0.748     -0.036      0.056      0.564     -0.248
711.4000       -995.104    -1006.732       11.628   466.1      0.551      0.031      0.217     -0.064      0.367      0.159
711.6000       -992.908    -1005.821       12.913   517.6      0.730      0.689     -0.484      0.070      0.033      0.056
711.8000       -993.011    -1005.772       12.762   511.5      1.692      0.060      0.045      0.303      0.259      0.245
712.0000       -993.355    -1006.598       13.242   530.8     -0.700     -0.406      0.674      0.078     -0.524     -0.049
712.2000       -992.153    -1006.423       14.270   572.0     -0.485     -0.691     -0.640     -0.965      0.164     -0.479
712.4000       -992.679    -1005.780       13.101   525.2     -0.563     -0.337     -1.368      0.560      0.419      0.225
712.6000       -993.549    -1006.214       12.665   507.7     -0.001     -0.152     -0.285      0.360     -0.554      0.708
712.8000       -993.463    -1006.744       13.282   532.4      0.081      0.319      1.290     -0.052      0.401      0.810
713.0000       -993.731    -1006.199       12.468   499.8     -0.057     -0.720     -0.482     -0.160      0.383      0.432
713.2000       -993.830    -1007.134       13.304   533.3     -0.547      0.966     -0.786     -0.650     -0.011     -0.688
713.4000       -992.661    -1007.029       14.367   575.9      0.534      1.485      0.802     -0.152     -0.228      0.058
713.6000       -994.415    -1006.704       12.289   492.6      0.407     -0.515      0.183     -0.179     -0.036     -0.542
713.8000       -995.218    -1007.750       12.532   502.4      0.246      0.819     -0.495      0.548     -0.312      0.001
714.0000       -995.771    -1008.038       12.266   491.7     -0.005      0.571     -0.628     -0.096      0.405     -0.032
714.2000       -995.857    -1008.331       12.474   500.0      0.640      0.578      0.080     -0.211      0.461     -0.161
714.4000       -996.069    -1007.618       11.550   463.0      0.422      0.781      1.763      0.116     -0.191     -0.230
714.6000       -996.291    -1007.902       11.611   465.4      0.670     -0.483      0.670      0.026      0.111      0.073
714.8000       -996.361    -1007.405       11.044   442.7      1.332      0.286      0.299      0.367      0.239     -0.315
715.0000       -996.257    -1009.439       13.182   528.4      0.401     -1.267     -0.062     -0.107      0.709      0.595
715.2000       -996.379    -1007.894       11.514   461.5      0.761      0.145      0.787      0.128      0.426     -0.219
715.4000       -996.085    -1007.589       11.504   461.1      0.285      1.545      0.544     -0.288      0.544      0.060
715.6000       -995.995    -1008.595       12.600   505.1     -0.451     -0.460     -0.572      0.258     -0.247      0.077
715.8000       -994.836    -1005.826       10.990   440.5      0.416      0.028     -0.318      1.055     -0.445     -0.060
716.0000       -996.385    -1008.233       11.849   474.9      0.306      0.017     -0.045     -0.139      0.661      0.133
716.2000       -995.924    -1007.778       11.855   475.2      1.695      1.392     -0.038     -0.098      0.596     -0.698
716.4000       -995.308    -1006.967       11.660   467.4     -0.888     -0.566     -0.602     -0.463      0.176      0.378
716.6000       -997.087    -1009.280       12.193   488.7     -0.199      0.254     -0.085      0.134     -0.053      0.255
716.8000       -996.792    -1008.308       11.516   461.6     -0.701      0.093      0.145      0.117     -0.272     -0.191
717.0000       -996.245    -1008.956       12.711   509.5      0.326      1.933     -0.002     -0.599      0.448     -0.303
717.2000       -995.087    -1007.565       12.478   500.2      0.357     -1.249      0.586      0.257     -0.630      0.078
717.4000       -995.221    -1008.991       13.771   552.0      0.566     -0.031     -0.352      0.717      0.412     -0.694
717.6000       -996.094    -1007.683       11.589   464.5      0.770      0.126      0.787     -0.119      0.352      0.120
717.8000       -995.119    -1006.737       11.618   465.7      0.427      0.269      0.472     -0.245      0.170      0.027
718.0000       -995.645    -1006.503       10.858   435.2      0.544      0.178      0.048      0.821      0.181      0.366
718.2000       -992.484    -1005.481       12.997   521.0      0.674      1.267      1.987     -0.960     -0.005      0.100
718.4000       -992.903    -1005.042       12.140   486.6      0.698      0.558      0.765      0.313     -0.515     -0.139
718.6000       -993.727    -1007.081       13.354   535.3      0.727      0.995      0.935      0.367     -0.202      0.310
718.8000       -996.225    -1007.689       11.464   459.5     -0.231      0.434      1.094      0.315     -0.087      0.618
719.0000       -995.414    -1006.866       11.452   459.0      1.759      0.536      0.127     -0.095     -0.187     -0.339
719.2000       -995.853    -1007.886       12.033   482.3      0.292     -0.591      0.494      0.395      0.012     -0.778
719.4000       -995.083    -1008.349       13.265   531.7      0.770      0.597      0.398      0.036      0.069      0.040
719.6000       -993.860    -1006.282       12.423   498.0     -0.492     -0.028     -0.052     -0.230     -0.323     -0.243
719.8000       -994.075    -1007.063       12.988   520.6     -0.449     -0.470     -0.017      0.643     -0.234     -0.277
720.0000       -994.828    -1008.700       13.872   556.1      0.761     -0.559      0.574     -0.385      0.178     -0.249
720.2000       -995.295    -1008.254       12.959   519.5     -0.189     -0.400      0.785     -0.080     -0.559     -0.785
720.4000       -995.836    -1009.566       13.730   550.4     -0.420      0.192     -0.895      0.554     -0.205      0.123
720.6000       -995.386    -1007.276       11.890   476.6      1.302      1.228      0.306      0.456      0.459     -0.345
720.8000       -995.799    -1007.946       12.147   486.9      0.990      0.246      0.069     -0.417      0.035      0.213
721.0000       -995.797    -1008.789       12.992   520.8      1.250     -0.022      1.335      0.230     -0.332      0.193
721.2000       -996.199    -1007.563       11.364   455.5      0.133      0.774      1.429      0.280     -0.077      0.034
721.4000       -995.605    -1006.711       11.106   445.2      0.032     -0.590      0.938      0.356      0.212     -0.041
721.6000       -995.957    -1008.389       12.432   498.3      0.305     -0.997      0.238      0.120      0.477     -0.167
721.8000       -994.511    -1007.351       12.840   514.7      1.311      1.280      0.422     -0.713      0.091      0.050
722.0000       -994.568    -1007.855       13.287   532.6      0.316      0.034     -0.269     -0.695     -0.504     -0.193
722.2000       -992.972    -1006.090       13.118   525.8     -0.238     -0.171     -0.750      0.354      0.028      0.226
722.4000       -993.062    -1006.328       13.267   531.8     -0.329      0.320     -0.339      0.454      0.018     -0.198
722.6000       -992.949    -1005.946       12.997   521.0      0.102      0.995     -0.598      0.234      0.236      0.116
722.8000       -993.590    -1007.793       14.203   569.3     -0.650     -1.120     -0.592      0.541      0.307      0.874
723.0000       -994.985    -1006.878       11.894   476.8      0.827      0.455      0.340      0.633      0.673     -0.977
723.2000       -993.879    -1006.276       12.398   497.0     -0.837     -0.108     -0.149     -0.070     -0.505      0.235
723.4000       -994.625    -1007.481       12.857   515.4      0.354     -0.189     -0.243     -0.334     -0.394      0.282
723.6000       -993.697    -1006.641       12.944   518.9      1.220     -0.236     -0.217     -0.136      0.067      0.052
723.8000       -993.367    -1006.174       12.807   513.3      0.678     -0.013      1.198      0.678     -0.730      0.175
724.0000       -993.695    -1007.638       13.943   558.9      0.918      0.605      0.880     -0.329      0.574     -0.047
724.2000       -994.150    -1007.650       13.500   541.2     -0.637      0.356      0.258      0.059     -0.201      0.053
724.4000       -994.586    -1007.107       12.522   501.9      0.301     -0.755     -0.092      0.301     -0.035      0.142
724.6000       -995.777    -1008.052       12.275   492.0      0.524      0.326     -0.808     -0.369     -0.290      0.228
724.8000       -995.308    -1006.987       11.680   468.2      1.238      0.531      0.274     -0.161      0.323     -0.135
725.0000       -995.108    -1007.529       12.420   497.9     -0.236     -0.102      0.752      0.110     -0.100     -0.128
725.2000       -995.594    -1008.277       12.683   508.4      0.669      0.803      0.595      0.150     -0.311     -0.073
725.4000       -995.105    -1007.364       12.259   491.4     -0.016      1.362      0.967      0.444     -0.634     -0.139
725.6000       -995.099    -1008.316       13.217   529.8     -0.229      0.077      0.144     -0.496     -0.502     -0.015
725.8000       -995.636    -1008.027       12.391   496.7     -0.057      0.125     -0.175     -0.330     -0.246      0.425
726.0000       -994.119    -1006.817       12.697   509.0      0.641      1.362      0.236     -0.128     -0.015      0.555
726.2000       -995.284    -1008.037       12.752   511.2      0.577     -0.416      1.212     -0.236      0.717     -0.090
726.4000       -995.359    -1007.239       11.880   476.2      0.985      0.091      0.587      0.384      0.481     -0.064
726.6000       -995.776    -1007.766       11.990   480.6      1.079      1.225      0.506     -0.207      0.624     -0.168
726.8000       -994.682    -1006.211       11.529   462.1      0.820      1.091      0.907     -0.300      0.253     -0.455
727.0000       -993.726    -1005.498       11.772   471.9      1.065      1.454      0.255      0.188     -0.216     -0.062
727.2000       -993.753    -1006.888       13.136   526.5      0.681      0.347      0.426      0.505      0.634      0.301
727.4000       -993.521    -1006.416       12.895   516.9     -0.291     -0.358     -0.114      0.638      0.403     -0.454
727.6000       -993.343    -1007.083       13.740   550.8      0.400      0.696      0.268      0.967      0.180     -0.295
727.8000       -993.186    -1005.515       12.329   494.2      1.129      0.657      0.744      0.985     -0.203     -0.303
728.0000       -993.989    -1006.694       12.705   509.3      0.092     -0.024      0.947      0.059      0.158     -0.107
728.2000       -994.444    -1006.785       12.341   494.7      1.226      0.780      0.201     -0.080      0.767     -0.543
728.4000       -995.902    -1008.189       12.288   492.5      1.319      0.724     -0.389      0.510     -0.183     -0.009
728.6000       -995.825    -1007.873       12.049   483.0     -0.319      0.744      0.100     -0.518     -0.270     -0.230
728.8000       -997.652    -1008.947       11.294   452.7      0.187     -0.258      0.708     -0.251      0.282     -0.543
729.0000       -997.631    -1010.339       12.707   509.4     -0.176      1.102      0.933      0.080     -0.203      0.021
729.2000       -998.402    -1010.692       12.290   492.6     -0.139      0.191     -0.188      0.647      0.230      0.341
729.4000       -996.430    -1008.704       12.274   492.0     -1.135     -0.066      0.451     -0.080     -0.250     -0.229
729.6000       -995.290    -1007.688       12.399   497.0     -0.409      0.618      0.539     -0.948      0.225      0.102
729.8000       -994.339    -1007.334       12.995   520.9     -0.180      0.150      0.667      0.364     -0.119     -0.161
730.0000       -995.832    -1008.121       12.289   492.6      0.619     -0.052     -0.248      0.242      0.225      0.321
730.2000       -995.497    -1008.292       12.795   512.9      0.431     -0.425      0.173     -0.338     -0.124      0.122
730.4000       -994.620    -1006.962       12.342   494.7      0.081      0.815     -0.794     -0.733     -1.368     -0.312
730.6000       -995.414    -1007.462       12.048   482.9      0.499     -0.317     -0.582     -0.127     -0.068      0.196
730.8000       -996.624    -1007.786       11.162   447.4     -0.172      0.479      1.325     -0.257      0.398     -0.023
731.0000       -996.303    -1008.617       12.314   493.6      0.727      1.732      0.293      0.407      0.086     -0.315
731.2000       -997.422    -1008.509       11.087   444.4      0.548      0.213      0.641     -0.931      0.535      0.014
731.4000       -996.708    -1009.035       12.327   494.1     -0.626     -1.156      0.676      0.861     -0.203     -0.513
731.6000       -995.826    -1007.807       11.980   480.2     -0.914      0.540      0.455      0.239     -0.552     -0.036
731.8000       -994.812    -1007.773       12.961   519.5      1.020      1.867      2.022      0.239      0.277     -0.218
732.0000       -995.589    -1007.806       12.217   489.7      1.370      0.594      1.191      0.736     -0.388      1.039
732.2000       -995.615    -1007.133       11.518   461.7      0.288     -0.568      0.312     -0.472     -0.620      0.538
732.4000       -995.561    -1009.335       13.774   552.1     -0.089     -0.130      0.438      0.140     -0.236      0.024
732.6000       -996.720    -1008.656       11.936   478.5      0.179     -0.816     -0.345      0.715      0.129      0.019
732.8000       -997.431    -1009.529       12.098   484.9      0.355     -0.159     -0.840      0.208     -0.255     -0.036
733.0000       -997.230    -1008.522       11.292   452.6     -0.125      0.706     -0.921      0.488     -0.306      0.455
733.2000       -996.856    -1008.079       11.223   449.9     -0.453      0.662      0.147      0.066     -0.233      0.102
733.4000       -994.864    -1006.843       11.979   480.2      1.497      1.102      0.145     -0.251     -0.757      0.477
733.6000       -994.717    -1007.027       12.310   493.4     -0.051      0.162     -0.608     -0.214      0.672     -0.005
733.8000       -994.920    -1007.124       12.204   489.2     -1.035     -1.008      0.121      0.492     -0.147     -0.237
734.0000       -995.111    -1007.957       12.846   514.9     -0.066     -0.716     -0.747      0.094     -0.284      0.059
734.2000       -994.009    -1007.155       13.146   526.9     -0.104      0.450      0.528      0.174      0.010      0.388
734.4000       -994.537    -1007.202       12.665   507.7      0.427      0.369      1.366      0.138      0.244     -0.496
734.6000       -994.597    -1006.557       11.960   479.4     -0.114      0.089      0.799     -0.048      0.048      0.284
734.8000       -993.225    -1006.183       12.958   519.4     -1.941     -0.100      0.115     -0.576      0.071     -0.414
735.0000       -992.345    -1005.610       13.265   531.7      0.562     -0.032      0.534      0.739     -0.518     -0.104
735.2000       -993.508    -1006.364       12.855   515.3     -0.220     -0.714      1.304     -0.105      0.684     -0.490
735.4000       -993.506    -1005.998       12.492   500.8      0.579      1.276      0.513      0.277     -0.187     -0.034
735.6000       -993.707    -1006.258       12.551   503.1      0.502     -0.356     -0.267      0.589     -0.121     -0.144
735.8000       -995.361    -1007.772       12.411   497.5      0.605     -0.744      0.562     -0.505     -0.459      0.932
736.0000       -994.790    -1007.070       12.280   492.2     -0.708      0.389      0.162     -0.254      0.138      0.201
736.2000       -994.818    -1006.391       11.573   463.9      0.697      1.175      0.926     -0.037     -0.513      0.958
736.4000       -995.713    -1007.627       11.914   477.6      0.611      0.237      0.005     -0.258      0.265     -0.853
736.6000       -995.455    -1007.953       12.498   501.0      0.271      1.043      0.541     -0.199     -0.017     -0.026
736.8000       -995.271    -1007.479       12.207   489.3      0.196      0.225      0.087     -0.280     -0.190     -0.267
737.0000       -994.973    -1007.464       12.491   500.7      1.094      0.614      0.766      0.591     -0.304      0.673
737.2000       -994.821    -1007.163       12.342   494.7      0.164     -0.052     -0.329      0.167     -0.206     -0.207
737.4000       -994.757    -1006.861       12.103   485.2     -0.152     -0.411     -1.095     -0.111     -0.312     -0.049
737.6000       -993.970    -1006.311       12.341   494.7     -0.391      0.818      0.558     -0.149     -0.589     -0.380
737.8000       -993.456    -1006.630       13.174   528.1     -0.688     -0.606      0.688      0.285     -0.330     -0.130
738.0000       -992.388    -1006.554       14.167   567.9      0.506      0.070     -0.173      0.162      0.142     -0.109
738.2000       -992.975    -1006.832       13.857   555.5      0.215     -0.259     -0.177     -0.183      0.533      0.047
738.4000       -992.260    -1005.460       13.200   529.1      0.571     -1.310     -0.932     -0.520      0.403     -0.028
738.6000       -991.234    -1005.973       14.739   590.8      0.580     -0.757      0.812     -0.639      0.062     -0.347
738.8000       -993.530    -1005.987       12.457   499.3      0.487      0.132      1.136     -0.009      0.217      0.486
739.0000       -992.807    -1006.016       13.208   529.4      0.762      0.965     -0.224      0.130      0.731     -0.577
739.2000       -992.070    -1006.031       13.961   559.6     -1.008      0.095     -0.962      0.153     -0.447     -0.296
739.4000       -992.317    -1006.433       14.116   565.8      0.793      1.048      0.287      0.199     -0.438     -0.392
739.6000       -992.313    -1006.146       13.832   554.5      0.775      0.421     -0.399     -0.176     -0.117      0.570
739.8000       -991.606    -1004.911       13.305   533.3     -0.949     -0.429      0.226     -0.227      0.094     -0.714
740.0000       -990.669    -1005.273       14.604   585.4     -0.551      1.634      0.427      0.025      0.448     -0.333
740.2000       -991.389    -1005.060       13.671   548.0      0.172      0.122     -0.096     -0.277     -0.383     -0.267
740.4000       -990.489    -1004.805       14.316   573.9      0.251     -0.078     -1.021     -0.146      0.358      0.691
740.6000       -991.246    -1004.887       13.641   546.8     -0.025      0.245     -0.354      0.426      0.154     -0.138
740.8000       -991.147    -1005.426       14.279   572.4      0.734     -0.973      0.289     -0.617      0.008     -0.047
741.0000       -991.591    -1005.256       13.665   547.7      1.468     -1.118      0.105      1.036     -0.634      0.567
741.2000       -992.126    -1005.017       12.892   516.8      0.688      0.753      0.115     -0.305      0.315     -0.034
741.4000       -992.929    -1006.575       13.646   547.0     -0.045     -0.839      0.770     -0.362     -0.207      0.246
741.6000       -992.028    -1005.265       13.237   530.6      0.697      0.041      0.140      0.668     -1.019     -0.236
741.8000       -992.768    -1005.729       12.960   519.5     -0.451      0.416     -0.112      0.190     -0.303     -0.464
742.0000       -994.387    -1007.295       12.908   517.4     -0.173     -0.450     -0.328      0.172     -0.240      0.424
742.2000       -993.702    -1006.422       12.720   509.9      0.271      0.993     -0.558      0.331      1.094     -0.129
742.4000       -993.279    -1006.505       13.226   530.2     -0.187      0.226     -0.072      0.160     -0.075     -0.490
742.6000       -993.839    -1006.856       13.016   521.7      0.540     -0.125      0.923      0.073     -0.091     -0.445
742.8000       -994.932    -1008.376       13.444   538.9     -0.088     -0.099     -0.224      0.159      0.007      0.338
743.0000       -994.284    -1007.247       12.963   519.6      0.224      0.758     -0.294      0.347      0.339     -0.427
743.2000       -993.167    -1007.506       14.339   574.8     -2.006     -0.312      0.011      0.631      0.147      0.480
743.4000       -995.127    -1007.269       12.142   486.7      0.203     -0.550     -0.371     -0.047     -0.714      0.265
743.6000       -994.723    -1006.659       11.936   478.4     -0.013      0.367      0.629     -0.129      0.346     -0.518
743.8000       -993.787    -1007.797       14.010   561.6      0.438     -0.125      0.862     -0.362      0.007     -0.390
744.0000       -991.889    -1004.971       13.082   524.4      0.122      0.195      0.274     -0.762      0.076     -0.100
744.2000       -993.622    -1007.544       13.922   558.1     -0.476     -0.015      0.692      0.546      0.065     -0.184
744.4000       -995.151    -1008.017       12.866   515.7      0.708      1.030      0.799     -0.314     -0.974      0.247
744.6000       -994.846    -1007.521       12.675   508.1      0.284      0.286     -0.013      0.135      0.081     -0.123
744.8000       -995.078    -1007.502       12.424   498.0      0.037     -0.727      0.601     -0.019      0.196     -0.197
745.0000       -994.672    -1007.172       12.499   501.0     -0.040      0.026      0.056     -0.125      0.061     -0.061
745.2000       -992.803    -1007.099       14.296   573.0     -0.208      0.942     -0.292      0.817     -0.093     -0.037
745.4000       -993.406    -1006.282       12.876   516.1     -0.421     -0.154      0.454      0.257      0.426      0.231
745.6000       -994.411    -1006.980       12.569   503.8      1.232      0.036      0.919      0.270      0.286      0.099
745.8000       -991.949    -1004.577       12.628   506.2     -1.571     -0.140     -0.248      0.304     -0.321     -0.447
746.0000       -992.285    -1005.287       13.002   521.2      0.891      0.979     -0.472      0.184     -0.115      0.564
746.2000       -992.399    -1004.428       12.029   482.2     -0.193     -0.077      0.150     -0.682     -0.278      0.430
746.4000       -993.229    -1007.266       14.036   562.6      0.542     -0.366     -0.313     -0.268      0.075     -0.434
746.6000       -992.839    -1005.113       12.274   492.0      1.003      0.930      0.649      0.815     -0.419     -0.234
746.8000       -993.207    -1006.309       13.102   525.2      0.773      0.740      0.504     -0.868      0.123     -0.665
747.0000       -995.196    -1006.997       11.801   473.0     -0.096     -0.016      0.824      0.225     -0.380     -0.210
747.2000       -994.196    -1006.227       12.031   482.3     -0.935      0.902      0.333     -0.584      0.336      0.050
747.4000       -994.553    -1007.626       13.073   524.0      1.357      0.060      0.199     -0.138      0.266      0.178
747.6000       -993.832    -1006.921       13.090   524.7      0.334      0.419     -0.232      0.169      0.080     -0.105
747.8000       -994.543    -1007.279       12.736   510.5      0.251      0.703     -0.363      0.023      0.471      0.308
748.0000       -994.936    -1007.603       12.667   507.7      0.847      0.277      0.450     -0.019     -0.772      0.831
748.2000       -994.326    -1006.858       12.532   502.3      0.869      0.574      0.431     -1.224     -0.684     -0.370
748.4000       -993.440    -1006.485       13.044   522.9      0.410      0.015      0.276     -0.001     -0.038     -0.370
748.6000       -995.171    -1008.679       13.508   541.5      1.096     -0.274      0.677      0.112      0.296     -0.064
748.8000       -994.251    -1007.041       12.790   512.7     -0.779      0.362      0.311      0.623      0.146     -0.590
749.0000       -995.065    -1007.098       12.032   482.3      0.230      1.112     -0.012      0.607     -0.137     -0.065
749.2000       -996.791    -1008.710       11.919   477.8      1.266      2.144      0.849      0.163      0.291      0.194
749.4000       -995.610    -1008.504       12.895   516.9     -1.678      0.203     -0.284     -0.511      0.137     -0.191
749.6000       -994.998    -1006.758       11.759   471.4      0.463     -0.525      0.051      0.054      0.074      0.132
749.8000       -993.982    -1006.454       12.472   499.9      0.475      2.336      1.252      0.131      0.109     -0.738
750.0000       -994.128    -1005.393       11.265   451.6      0.383      0.569      0.032     -0.101     -0.444      0.506
750.2000       -994.030    -1006.565       12.535   502.5     -0.026     -0.350      0.072      0.822     -0.013     -0.091
750.4000       -994.477    -1007.550       13.074   524.1      0.142     -1.356      0.815      0.251     -0.186      0.154
750.6000       -995.898    -1007.741       11.843   474.7      0.321      1.042      0.287     -0.255      0.545     -0.296
750.8000       -995.774    -1007.569       11.795   472.8      0.019      0.077     -0.329     -0.475     -0.318      0.397
751.0000       -995.790    -1007.774       11.984   480.4      0.429      0.055     -0.653      0.359     -0.212     -0.158
751.2000       -995.929    -1008.780       12.851   515.1      0.724      0.352     -0.496      0.012     -0.605      0.296
751.4000       -995.790    -1007.517       11.727   470.1      1.232      0.605      1.217     -0.476     -0.129     -0.011
751.6000       -995.964    -1008.361       12.397   496.9      0.814      0.628      0.784      0.087      0.533     -0.072
751.8000       -996.707    -1008.771       12.064   483.6      0.647      1.100     -0.144     -0.234     -0.198     -0.843
752.0000       -997.085    -1009.682       12.597   504.9      0.354      0.496     -0.422      0.088     -0.339     -0.239
752.2000       -996.567    -1007.622       11.054   443.1      0.473      0.296     -0.208      0.268     -0.315     -0.470
752.4000       -994.928    -1007.644       12.716   509.7      1.080      0.349     -0.282     -0.207      0.307     -0.441
752.6000       -993.279    -1006.503       13.224   530.1      0.721      0.479      1.019     -0.045      0.860      0.217
752.8000       -992.646    -1006.070       13.424   538.1     -0.250      0.511     -0.337     -0.679     -0.616      0.948
753.0000       -993.942    -1007.182       13.240   530.7      0.354      0.928     -0.110      0.063     -0.050      0.645
753.2000       -993.010    -1005.373       12.363   495.6      0.622     -0.312      0.523     -0.436      0.568     -0.335
753.4000       -993.896    -1006.865       12.969   519.9     -0.877     -0.840     -1.501     -1.179      0.213      0.006
753.6000       -991.993    -1006.244       14.250   571.2      0.366      0.388     -0.695      0.474     -0.423      0.139
753.8000       -993.526    -1007.783       14.257   571.5      0.312     -0.061      0.737     -0.188     -0.137     -0.460
754.0000       -992.627    -1005.384       12.758   511.4      1.057     -0.537     -0.247      0.290      0.356      0.409
754.2000       -993.947    -1006.980       13.033   522.4      0.260      0.616      0.630      0.136      0.161     -0.174
754.4000       -993.937    -1006.989       13.053   523.2     -0.307      0.037      0.432      0.533      0.299      0.815
754.6000       -995.207    -1007.236       12.029   482.2     -1.150     -0.769     -0.163      0.673     -0.592     -0.056
754.8000       -995.231    -1007.628       12.397   496.9     -0.103     -0.904     -0.175     -0.482     -0.097     -0.102
755.0000       -995.633    -1007.688       12.056   483.2      2.196     -0.141      1.635      0.342     -0.347      0.150
755.2000       -994.080    -1006.873       12.793   512.8      0.647      0.374      0.031     -0.218     -0.103      0.016
755.4000       -994.725    -1007.844       13.119   525.9      0.075      0.046      0.056      1.187     -0.271      0.171
755.6000       -993.621    -1007.136       13.515   541.8      0.548      0.070     -0.002     -0.288     -0.052      0.121
755.8000       -995.570    -1007.220       11.650   467.0      0.095     -0.111      0.345     -0.562     -0.662      0.436
756.0000       -995.622    -1007.341       11.719   469.8      0.411      0.434     -0.504     -0.049      0.262     -0.320
756.2000       -995.369    -1008.237       12.868   515.8     -0.472      0.916      0.039     -0.139      0.452     -0.058
756.4000       -995.582    -1008.604       13.022   522.0     -0.136     -0.152     -0.150     -0.019      0.017      0.440
756.6000       -995.358    -1007.507       12.149   487.0      0.780      1.501      1.470     -0.196      0.441     -0.317
756.8000       -993.362    -1005.299       11.937   478.5      0.748      0.771      0.115      0.386      0.147     -0.155
757.0000       -995.087    -1007.204       12.118   485.7     -0.212     -0.350     -0.460     -0.004      0.162      0.519
757.2000       -994.535    -1007.669       13.133   526.4      1.943      0.359      0.528      0.271     -0.258     -0.049
757.4000       -995.031    -1007.444       12.412   497.5      0.738      0.722      0.201     -0.218     -0.161      0.110
757.6000       -994.980    -1007.466       12.486   500.5      0.713      1.516      0.335     -0.333     -0.149      0.406
757.8000       -994.079    -1007.194       13.116   525.7     -0.470     -0.395      0.475      0.332      1.073     -0.067
758.0000       -995.080    -1007.700       12.620   505.9      0.693      0.985      0.728      0.025      0.003     -0.118
758.2000       -995.053    -1007.708       12.655   507.3      0.118      0.233      0.335      0.454      0.021      0.114
758.4000       -995.031    -1008.176       13.146   526.9     -0.645     -0.835      0.121     -0.024      0.153     -0.111
758.6000       -995.713    -1007.366       11.653   467.1     -0.912     -1.010     -0.808      0.434     -0.538      0.097
758.8000       -996.293    -1007.274       10.981   440.2      0.719      0.505     -0.521      0.151     -0.439     -0.359
759.0000       -995.332    -1007.852       12.520   501.9     -0.133      0.221     -0.517      0.938     -0.397     -0.469
759.2000       -997.115    -1009.216       12.101   485.1      0.064      1.250      0.716     -0.077      0.220     -0.551
759.4000       -997.223    -1008.243       11.020   441.7      0.971      0.776     -0.155     -0.478      0.390      0.290
759.6000       -997.330    -1008.256       10.926   438.0     -0.462      1.399      0.472      0.358     -0.174      0.187
759.8000       -996.304    -1007.764       11.460   459.4     -0.990     -0.219      0.308      0.188     -0.155      0.173
760.0000       -996.170    -1009.759       13.589   544.7      0.012      0.476     -0.290      0.054      0.456      0.285
760.2000       -995.640    -1008.384       12.744   510.8     -0.306     -0.213     -0.490     -0.636     -0.304     -0.011
760.4000       -996.421    -1008.027       11.607   465.3      0.291      0.160     -0.791      0.339     -0.463     -0.257
760.6000       -996.250    -1008.307       12.056   483.3      0.041      0.305      1.564      0.086      0.094     -0.731
760.8000       -994.511    -1006.211       11.700   469.0     -0.255      0.303      0.191      0.247      0.138     -0.367
761.0000       -995.713    -1007.522       11.810   473.4      1.255      0.399     -0.673     -0.250      0.228      0.839
761.2000       -995.950    -1007.922       11.972   479.9     -0.936      0.347     -0.683     -0.339      0.049      0.167
761.4000       -996.046    -1007.496       11.450   459.0     -0.725      0.074      0.290     -0.141      0.164      0.179
761.6000       -996.078    -1008.483       12.406   497.3      1.402      0.276     -0.157      0.147     -0.170     -0.053
761.8000       -995.231    -1006.966       11.735   470.4     -0.013      1.266      0.745     -0.047      0.244      0.194
762.0000       -995.603    -1007.701       12.098   484.9      0.562      0.247      0.368      0.354      0.395      0.457
762.2000       -995.381    -1007.018       11.637   466.5     -0.708      0.338     -0.401     -0.365      0.214      0.597
762.4000       -995.767    -1008.215       12.448   499.0      0.593      0.870      0.268      0.365      0.143     -0.226
762.6000       -995.624    -1008.099       12.474   500.0     -0.799      0.206     -0.367      0.347      1.225     -0.742
762.8000       -994.320    -1006.897       12.577   504.1      0.852      0.358      0.899     -0.287     -0.100     -0.421
763.0000       -994.371    -1007.044       12.673   508.0      0.245      1.497      1.850     -0.171      0.152      0.039
763.2000       -993.131    -1007.334       14.203   569.3      0.476      0.443     -0.891     -0.031      0.435     -0.801
763.4000       -994.795    -1007.570       12.775   512.1      1.132      0.518      0.590      0.272     -0.365      0.318
763.6000       -995.397    -1007.675       12.277   492.1     -0.140      0.509     -0.391     -0.027     -0.218     -0.467
763.8000       -994.529    -1006.565       12.035   482.4      0.361      0.418      0.395     -0.020      1.066     -0.305
764.0000       -994.763    -1006.551       11.787   472.5     -0.371      0.467      0.350      0.088      0.007     -0.335
764.2000       -994.054    -1006.647       12.593   504.8      0.256      0.506      0.466     -0.020      0.226      0.261
764.4000       -994.204    -1007.029       12.825   514.1     -0.194     -0.389     -0.527     -0.010     -0.777      0.008
764.6000       -995.105    -1008.133       13.029   522.3      0.186      1.259      0.836     -0.231     -0.317      0.803
764.8000       -994.600    -1007.349       12.749   511.0     -0.663      0.784      0.820     -0.484      0.302     -0.321
765.0000       -994.980    -1008.732       13.751   551.2     -0.487     -0.424      0.361     -0.272     -0.604      0.021
765.2000       -995.010    -1006.863       11.853   475.1     -0.440     -0.175      0.270     -0.262      0.212      0.255
765.4000       -995.203    -1007.347       12.144   486.8      1.327     -0.429      0.680      0.118      0.029      0.308
765.6000       -994.109    -1007.159       13.050   523.1     -0.073     -1.171     -0.958     -0.605      0.612     -0.250
765.8000       -993.874    -1007.285       13.411   537.6     -0.862     -0.644     -0.367     -0.095     -0.200      0.106
766.0000       -993.333    -1006.631       13.298   533.0      0.431      0.051      0.861      0.051     -0.040      0.788
766.2000       -994.677    -1006.425       11.748   470.9      0.408     -0.286     -0.906      0.434     -0.259      0.597
766.4000       -994.246    -1007.480       13.234   530.5      1.752      1.706      0.782      0.791      0.192      0.426
766.6000       -994.422    -1006.934       12.512   501.5      0.628      1.119      0.817     -0.496      0.221      0.673
766.8000       -994.458    -1007.155       12.697   509.0     -0.331      1.081     -0.215      0.062     -0.096     -0.225
767.0000       -995.009    -1007.602       12.594   504.8      1.116     -0.065      0.310     -0.330     -0.416      0.172
767.2000       -995.351    -1007.648       12.297   492.9     -0.066      0.516      0.680      0.186      0.232      0.102
767.4000       -994.999    -1007.279       12.280   492.2      0.410      0.192     -0.163      0.330      1.067      0.748
767.6000       -993.793    -1005.881       12.088   484.5     -0.017      1.100     -0.357     -0.013      0.575      0.287
767.8000       -992.667    -1006.714       14.047   563.1      0.596      1.678     -0.704     -0.155     -0.175      0.430
768.0000       -992.453    -1005.555       13.103   525.2     -0.256     -1.279      0.594      0.348      0.345      0.324
768.2000       -995.018    -1006.906       11.888   476.5      0.267      1.492      0.040      0.052      0.684      0.330
768.4000       -994.744    -1007.399       12.656   507.3      1.296      0.357      0.563      0.538     -0.221      0.114
768.6000       -995.796    -1007.759       11.963   479.5      0.163     -0.295     -0.097     -0.426     -0.818     -0.239
768.8000       -996.556    -1008.490       11.934   478.4     -0.579     -0.143     -1.229     -0.143     -0.207      0.283
769.0000       -995.301    -1007.198       11.897   476.9     -0.496      0.159      0.791     -0.768     -0.544      0.276
769.2000       -994.326    -1006.941       12.615   505.7      0.937     -0.978     -0.229      0.242      0.055     -0.078
769.4000       -994.068    -1007.318       13.249   531.1      0.518      0.411     -0.593      0.367     -0.420      0.024
769.6000       -993.396    -1005.715       12.319   493.8     -0.247      0.178     -0.435      0.152      0.162      0.240
769.8000       -992.798    -1006.727       13.929   558.3     -0.723     -0.907     -0.948      0.264     -0.154      0.003
770.0000       -994.549    -1007.267       12.718   509.8      1.236      0.113      0.210     -0.142     -0.205      0.055
770.2000       -994.129    -1007.400       13.271   532.0     -0.249     -0.015     -0.110      0.256      0.374      0.150
770.4000       -993.891    -1007.017       13.126   526.2     -0.319      1.605      0.296      0.206     -0.178     -0.529
770.6000       -993.481    -1006.763       13.282   532.4     -0.324     -0.379      0.339      0.049     -0.227     -0.213
770.8000       -992.508    -1005.585       13.078   524.2     -0.054      0.626      0.707     -0.159      0.237     -0.157
771.0000       -993.163    -1005.754       12.592   504.7     -0.424      0.692      0.790      0.441     -0.017      0.553
771.2000       -993.758    -1006.990       13.232   530.4      0.500      0.761      0.768      0.062     -0.253     -0.033
771.4000       -995.360    -1006.643       11.283   452.3     -0.653     -0.294      1.159     -0.195      0.086      0.989
771.6000       -996.114    -1007.902       11.788   472.5     -0.596      1.555      1.031     -0.132      0.039     -0.200
771.8000       -994.256    -1007.104       12.847   515.0      1.083      0.489     -0.518     -0.559     -0.263      0.502
772.0000       -995.242    -1006.352       11.110   445.4     -1.236      0.794     -0.077     -0.194      0.244      0.144
772.2000       -995.048    -1007.648       12.600   505.1     -0.226     -0.951      0.540      0.145      0.032      0.108
772.4000       -994.632    -1007.346       12.714   509.6     -0.714     -0.116      0.123     -0.034      0.179     -0.353
772.6000       -995.007    -1007.533       12.526   502.1      0.322      0.584     -0.101     -0.569      1.147     -0.057
772.8000       -995.745    -1008.757       13.012   521.6      0.371      0.089      0.155     -0.335     -0.147      0.279
773.0000       -995.476    -1007.120       11.644   466.7     -0.480      0.256      0.565     -0.595      0.657     -0.407
773.2000       -996.622    -1008.556       11.934   478.4      1.120      1.458      0.201     -0.541     -0.458     -0.276
773.4000       -996.361    -1008.475       12.114   485.6      0.185      0.378     -0.277     -0.426      0.253     -0.256
773.6000       -995.632    -1008.172       12.540   502.7      0.394     -0.353      0.029     -0.466     -0.342      0.474
773.8000       -995.297    -1007.570       12.274   492.0     -0.893     -0.116      0.566      0.298      0.047      0.287
774.0000       -993.662    -1005.623       11.961   479.5     -0.252     -1.658      0.592      0.735     -0.074      1.039
774.2000       -993.926    -1008.106       14.180   568.4     -0.587     -0.450      0.239      0.142     -0.458     -0.402
774.4000       -994.535    -1006.814       12.279   492.2     -1.230     -0.749     -0.750      1.145      0.456      0.459
774.6000       -992.706    -1007.351       14.645   587.0     -0.222      0.596      1.269     -0.309     -0.320      0.618
774.8000       -992.836    -1006.017       13.181   528.4      0.125      0.809     -1.189     -0.149     -0.006     -0.500
775.0000       -994.401    -1006.040       11.640   466.6      0.267      0.073     -0.163      0.083     -0.005     -0.376
775.2000       -995.405    -1007.526       12.121   485.9      2.238      1.005      0.525      0.161     -0.022      0.417
775.4000       -996.294    -1008.036       11.742   470.7      0.394      0.411     -0.177      0.259      0.682     -0.420
775.6000       -995.935    -1009.207       13.272   532.0     -0.807      0.546      0.286      0.483      0.090     -0.015
775.8000       -995.865    -1008.783       12.918   517.8     -0.591     -0.301     -0.396     -0.367      0.284      0.092
776.0000       -994.470    -1006.712       12.242   490.7      0.991     -1.779      0.238      0.709      0.359      0.226
776.2000       -994.968    -1007.544       12.576   504.1     -0.046      0.064     -1.091      0.044      0.290      0.709
776.4000       -994.563    -1007.741       13.178   528.2     -2.092      1.106     -0.413      0.539     -0.227     -0.288
776.6000       -995.075    -1007.136       12.060   483.4     -0.304     -0.368      0.976     -0.747      0.180      0.010
776.8000       -996.929    -1007.758       10.830   434.1      0.587     -0.456      0.724      0.330     -0.244      0.387
777.0000       -996.434    -1008.193       11.759   471.4     -0.427     -0.191      1.159      0.064     -0.469     -0.187
777.2000       -995.986    -1007.941       11.955   479.2      0.020      0.778     -0.660     -0.470     -0.034      0.352
777.4000       -996.103    -1007.609       11.506   461.2      0.040      0.172      0.701     -0.244     -0.141     -0.052
777.6000       -996.805    -1008.405       11.600   465.0     -1.179     -0.102     -0.106     -0.230      0.224     -0.562
777.8000       -995.506    -1008.086       12.580   504.3     -0.291      0.860     -0.817      0.313      0.074     -0.652
778.0000       -994.959    -1006.703       11.744   470.8     -0.251      0.352     -0.871      0.425      0.335     -0.165
778.2000       -994.121    -1006.527       12.406   497.3      0.609     -0.333     -0.614      0.284     -0.280     -0.416
778.4000       -995.090    -1006.983       11.893   476.7     -0.228      1.263      0.696     -0.078      0.242      0.764
778.6000       -993.963    -1006.511       12.548   503.0      0.040     -0.840      0.399     -0.783     -0.587     -0.476
778.8000       -994.041    -1006.919       12.877   516.2      0.321      0.042     -0.738     -0.111      0.638      0.264
779.0000       -994.503    -1006.570       12.067   483.7      0.080     -0.277      0.525     -0.638     -0.002     -0.032
779.2000       -994.465    -1007.077       12.612   505.5      1.080      0.430      0.196      0.305      0.007     -0.136
779.4000       -993.214    -1005.848       12.633   506.4     -0.721     -0.428     -0.449      0.099      0.058     -0.629
779.6000       -991.927    -1006.264       14.337   574.7      0.689     -0.328      0.111     -0.868     -0.323     -0.211
779.8000       -993.135    -1005.264       12.129   486.2      0.064     -1.049     -1.213     -0.062      0.670      0.191
780.0000       -994.013    -1006.931       12.918   517.8     -0.067     -0.255      0.371      0.469      0.049      0.170
780.2000       -993.171    -1005.731       12.560   503.5      0.772     -0.537      0.150      0.236      0.438     -0.171
780.4000       -993.777    -1006.874       13.098   525.0      0.457     -0.163      0.249     -0.089     -0.345      0.487
780.6000       -994.418    -1006.678       12.260   491.5     -0.457     -1.308     -0.929     -0.656      0.114      0.155
780.8000       -993.593    -1007.870       14.277   572.3      1.018      0.005      0.397     -0.110      0.384      0.145
781.0000       -993.814    -1006.449       12.635   506.5      0.187      0.417     -0.254     -0.250      0.114      0.329
781.2000       -994.382    -1006.804       12.422   497.9     -0.186      0.245     -0.106     -0.202      0.445      0.197
781.4000       -994.338    -1006.703       12.365   495.7      0.171      0.770      0.233      0.438     -0.667     -0.227
781.6000       -996.099    -1009.216       13.117   525.8     -0.444      0.289      0.164     -0.514      0.024     -0.221
781.8000       -995.836    -1008.234       12.398   497.0      0.137      0.044      0.457      0.110     -0.353     -0.090
782.0000       -994.742    -1007.507       12.765   511.7      0.014      0.815     -0.510     -0.558      0.427     -0.025
782.2000       -994.968    -1006.587       11.619   465.8      0.145      1.147      0.728      0.352     -0.211      0.296
782.4000       -995.004    -1007.981       12.977   520.2     -0.745     -0.935     -0.420     -0.325     -0.023     -0.363
782.6000       -994.638    -1006.649       12.010   481.4     -0.709     -0.270     -0.496      0.267      0.304     -0.360
782.8000       -994.160    -1008.119       13.959   559.5      0.724     -0.149      0.050     -0.428      0.782      0.252
783.0000       -995.511    -1008.361       12.849   515.1      0.302     -0.424      0.681     -0.017      0.206     -0.061
783.2000       -996.879    -1009.253       12.374   496.0      0.632     -0.262     -1.160     -0.821      0.198     -0.125
783.4000       -996.165    -1007.360       11.196   448.8     -0.319     -0.519      0.135     -0.144      0.313     -0.164
783.6000       -995.070    -1007.997       12.927   518.2      0.205     -0.491     -0.816      0.672     -0.878      0.042
783.8000       -995.097    -1006.631       11.534   462.3     -0.016     -0.088      1.158      0.109      0.319      0.129
784.0000       -995.869    -1008.281       12.411   497.5     -0.448      0.225      0.079      0.208      0.155      0.433
784.2000       -995.896    -1008.309       12.413   497.6     -1.184     -0.138     -0.471      0.067      0.597     -0.494
784.4000       -995.276    -1007.220       11.945   478.8      0.060     -0.226     -0.503      0.677     -0.185     -0.009
784.6000       -995.176    -1007.659       12.483   500.4      0.794      1.054      0.715     -0.421     -0.638      0.343
784.8000       -996.053    -1008.052       11.999   481.0      0.471      0.798      0.740      0.351     -0.457     -0.140
785.0000       -996.838    -1006.944       10.107   405.1      1.385     -0.520     -0.085      0.244      0.572     -0.702
785.2000       -995.605    -1007.061       11.456   459.2      0.873     -0.041      0.579     -0.313      0.382     -0.289
785.4000       -994.767    -1007.121       12.354   495.2     -0.754     -1.151     -0.662      0.354      0.503     -0.467
785.6000       -994.600    -1006.340       11.741   470.6      0.174      0.909      1.192      0.004     -0.403      0.145
785.8000       -993.367    -1005.946       12.579   504.2      0.312      0.097      0.222      0.667     -0.468     -0.235
786.0000       -993.307    -1005.416       12.108   485.4      0.303      1.209     -0.162     -0.625      1.081      0.132
786.2000       -994.764    -1007.081       12.317   493.7      1.012      0.882      0.235     -0.414     -0.416      0.168
786.4000       -995.084    -1006.539       11.455   459.2      0.241     -1.270      0.263      0.171     -0.063     -0.099
786.6000       -994.536    -1006.473       11.937   478.5     -0.498      1.069      1.113      0.150      0.487      0.586
786.8000       -993.755    -1005.297       11.542   462.7     -0.249     -0.598     -0.063      0.236      0.385     -0.322
787.0000       -993.120    -1005.552       12.433   498.4     -0.484      0.690      0.036     -0.007     -0.731     -0.072
787.2000       -993.746    -1006.457       12.711   509.5      0.486      0.953      1.184      0.984     -0.206      0.335
787.4000       -994.584    -1006.417       11.833   474.3      0.222      0.637     -0.860     -0.198     -0.289      0.697
787.6000       -995.516    -1008.436       12.920   517.9      0.052      1.629      0.549      0.902      0.229     -0.497
787.8000       -996.190    -1007.249       11.059   443.3      0.674      0.838      0.664     -0.410      0.328      0.444
788.0000       -996.861    -1008.409       11.548   462.9      0.471      0.626      0.355     -0.003      0.589     -0.454
788.2000       -996.646    -1008.365       11.719   469.8      2.120      1.330      0.113      0.015     -0.076     -0.415
788.4000       -995.556    -1007.793       12.238   490.5      0.516     -0.572     -0.370      0.198     -0.677     -0.751
788.6000       -996.039    -1007.604       11.564   463.6     -0.143      0.098     -0.078     -0.033     -0.424      0.635
788.8000       -993.997    -1007.375       13.377   536.2     -0.422     -1.087      1.154     -0.107     -0.015      0.164
789.0000       -993.769    -1007.229       13.461   539.6     -0.281      0.462      0.796      0.364     -0.460      0.487
789.2000       -993.863    -1006.575       12.712   509.5     -0.631     -0.438     -0.050      0.162      0.271      0.130
789.4000       -992.661    -1005.378       12.716   509.7     -0.230      0.539      0.490      0.620     -0.675     -0.184
789.6000       -993.083    -1005.523       12.440   498.7      2.222      0.259      0.506     -0.014     -0.574     -0.468
789.8000       -994.668    -1007.045       12.377   496.1      0.530      0.283     -0.126     -1.077      0.006      0.659
790.0000       -995.159    -1007.077       11.918   477.7     -0.052      0.535     -0.946     -0.654      0.009      0.200
790.2000       -995.402    -1007.534       12.133   486.3     -0.802     -0.825      0.170      0.106     -0.569      0.140
790.4000       -994.061    -1006.915       12.854   515.3      0.149     -0.821      0.086      0.562      0.279     -0.623
790.6000       -994.465    -1006.232       11.767   471.7     -0.098      1.475      0.012      0.840      0.225      0.420
790.8000       -994.578    -1007.932       13.354   535.3      0.032      0.169     -0.386     -0.007      0.122     -0.416
791.0000       -994.200    -1007.195       12.995   520.9      1.594      1.481      0.189      0.225      0.496      0.035
791.2000       -993.329    -1006.801       13.471   540.0     -0.231      0.414      0.140      0.601     -0.399     -0.106
791.4000       -993.530    -1006.103       12.573   504.0     -0.161      0.686     -0.059     -0.503      0.297      0.177
791.6000       -993.367    -1006.118       12.752   511.1      0.669      0.663      0.508     -0.191      0.226      0.257
791.8000       -994.773    -1008.330       13.558   543.5      0.179      0.538     -0.153     -0.191     -0.135     -0.021
792.0000       -993.884    -1007.154       13.271   531.9      0.380      0.896      0.335     -0.498     -0.223     -0.001
792.2000       -995.067    -1007.350       12.283   492.4      1.078      1.211     -0.156     -0.308     -0.285      0.060
792.4000       -994.085    -1006.498       12.413   497.6      0.471      0.286      0.442     -0.153     -0.678      0.363
792.6000       -996.677    -1008.599       11.922   477.9      0.636      0.217     -0.286     -0.350      0.121      0.130
792.8000       -994.957    -1008.140       13.183   528.4      0.208     -0.428      0.234      0.046      0.599     -0.246
793.0000       -994.803    -1008.096       13.293   532.9     -0.272      0.640      0.066      0.244     -0.098     -0.001
793.2000       -995.655    -1008.491       12.836   514.5     -0.728      0.170      0.391     -0.395      0.068     -0.206
793.4000       -995.212    -1006.953       11.741   470.6     -0.064     -0.284     -0.604     -0.157     -0.283      0.345
793.6000       -994.282    -1007.002       12.720   509.9     -0.531      0.246      0.562     -0.464     -0.174      0.104
793.8000       -992.723    -1006.122       13.399   537.1     -1.047      0.341     -0.978     -0.613      0.789      0.679
794.0000       -992.094    -1006.594       14.500   581.2     -1.076      0.106      0.655      0.160     -0.385      0.082
794.2000       -991.824    -1006.173       14.349   575.2      0.730     -0.791      0.526      0.195      0.154      0.161
794.4000       -993.652    -1007.756       14.104   565.3     -0.895     -0.822     -0.598     -0.000     -0.067     -0.617
794.6000       -992.713    -1005.716       13.003   521.2     -1.097      0.755     -0.944      0.120     -0.418      0.410
794.8000       -993.682    -1006.352       12.670   507.9      0.593     -0.247     -0.090     -0.249      0.073      0.086
795.0000       -995.948    -1007.021       11.073   443.8     -0.407     -1.238      0.168      0.248      0.184     -0.454
795.2000       -996.393    -1007.267       10.874   435.9      0.087      0.619     -0.202     -0.018      0.324     -0.064
795.4000       -994.573    -1007.128       12.555   503.3     -0.277      1.744      0.630     -0.028      0.698      0.191
795.6000       -994.535    -1006.119       11.584   464.3      0.215     -0.605     -0.314      0.191     -0.386     -0.464
795.8000       -993.310    -1006.782       13.472   540.0     -0.696      0.473      1.192      0.113      0.033     -0.117
796.0000       -993.198    -1005.961       12.763   511.6      0.550      0.244      1.195      0.288      0.509     -0.062
796.2000       -995.277    -1007.199       11.921   477.9      0.488      0.654      0.416     -0.386      0.170     -0.207
796.4000       -993.943    -1006.258       12.315   493.7      0.787     -0.834      0.542      0.041      0.223     -0.218
796.6000       -993.232    -1006.137       12.905   517.3      1.377      0.571      0.642      0.314     -0.554      0.234
796.8000       -995.463    -1008.093       12.630   506.3      1.264      0.570      0.544     -0.245      0.339     -0.462
797.0000       -994.590    -1005.871       11.281   452.2      0.286      0.939      0.472     -0.430      0.005     -0.600
797.2000       -994.607    -1007.177       12.570   503.9     -0.429     -0.784      0.983     -0.279      0.574      0.118
797.4000       -993.090    -1006.213       13.123   526.0     -1.281     -0.607     -1.218      0.049     -0.332     -0.552
797.6000       -992.833    -1006.212       13.379   536.3      1.325      0.533      1.053      0.086     -0.109     -0.293
797.8000       -993.278    -1007.043       13.765   551.8      0.798      0.922      0.357     -0.085      0.027      0.596
798.0000       -991.411    -1006.074       14.662   587.7      0.259      0.550     -0.709      0.101      0.015     -0.003
798.2000       -992.958    -1006.245       13.287   532.6      0.107     -0.984      1.059     -0.232      0.402     -0.163
798.4000       -993.049    -1006.166       13.118   525.8     -0.529     -0.268      0.355     -0.244     -0.274      0.030
798.6000       -994.117    -1007.265       13.147   527.0      1.529      1.268      1.036      0.171     -0.118      0.235
798.8000       -994.616    -1006.905       12.289   492.6      0.815      0.547     -0.257     -0.398     -0.302     -0.364
799.0000       -995.219    -1008.007       12.788   512.6     -0.696      0.324      0.216     -0.165     -0.195      0.310
799.2000       -994.886    -1006.972       12.086   484.5      0.407      0.242      1.138     -0.824      0.988      0.429
799.4000       -996.973    -1008.840       11.867   475.7      1.057      0.173      0.179      0.085      1.013      0.015
799.6000       -996.840    -1008.318       11.478   460.1      0.274     -0.537      0.760      0.696     -1.200      0.560
799.8000       -995.265    -1007.779       12.514   501.6      0.304      0.068     -0.251     -0.091     -0.151      0.237
800.0000       -996.662    -1008.586       11.924   478.0     -0.605      0.209     -0.078      0.133      0.290      0.656
800.2000       -995.518    -1007.699       12.181   488.3      1.753      0.670      1.517      0.107      0.104     -0.152
800.4000       -995.626    -1007.577       11.950   479.0     -0.061      0.609      0.734     -0.153     -0.694      0.032
800.6000       -993.424    -1006.325       12.901   517.1      0.699      0.261      1.722     -0.324      0.336     -0.905
800.8000       -993.910    -1006.502       12.592   504.7     -0.269      0.318     -0.753     -0.404      0.308     -0.416
801.0000       -994.250    -1005.308       11.058   443.2     -0.493      0.153     -0.523      0.974      0.426     -0.650
801.2000       -993.050    -1005.487       12.437   498.6     -0.066      0.370     -0.005     -1.173      0.321     -0.369
801.4000       -993.528    -1007.380       13.852   555.3      0.202      0.219      0.021      0.234      0.394     -0.180
801.6000       -993.371    -1006.246       12.875   516.1      0.309      0.053      0.376     -0.606     -0.654     -0.761
801.8000       -993.458    -1006.803       13.345   534.9      0.028     -0.181      1.060     -0.068     -0.750     -0.534
802.0000       -993.638    -1006.585       12.946   518.9     -0.556      0.886      0.368      0.192      0.021     -0.058
802.2000       -993.321    -1005.793       12.472   499.9     -0.553     -0.217     -0.383     -0.138      0.111     -0.682
802.4000       -994.246    -1006.998       12.752   511.2      0.373     -0.032     -0.668     -0.147     -0.078     -0.058
802.6000       -994.044    -1006.956       12.912   517.6     -0.585      0.125     -0.737     -0.258      0.783     -0.450
802.8000       -993.303    -1006.578       13.275   532.1      0.143      0.340     -0.316     -0.669     -0.442     -0.291
803.0000       -991.471    -1005.393       13.922   558.1      0.921     -0.283      0.436      0.406     -0.277     -0.034
803.2000       -993.683    -1006.888       13.205   529.3      0.900      0.320     -0.084      0.076     -0.339      0.007
803.4000       -991.983    -1005.201       13.218   529.8     -0.459     -0.984      0.998      0.469     -0.149      0.136
803.6000       -992.523    -1005.189       12.666   507.7     -0.673      2.057      1.103     -0.516     -0.234     -0.041
803.8000       -992.722    -1005.683       12.961   519.5     -0.116      0.753      1.015     -0.743      0.088     -0.061
804.0000       -993.702    -1005.965       12.263   491.6      0.152      1.589      0.709     -0.234      0.150      0.500
804.2000       -994.868    -1006.574       11.706   469.2      0.299     -0.568     -0.364     -0.103     -0.107      0.014
804.4000       -994.389    -1006.565       12.176   488.1      0.394      0.526      0.950      0.744     -0.241      0.640
804.6000       -994.830    -1007.886       13.056   523.3      1.032     -0.537      0.376      0.089      0.085     -0.224
804.8000       -994.037    -1007.213       13.176   528.1     -0.231      1.218     -0.609     -0.967     -0.084     -0.047
805.0000       -994.654    -1005.684       11.030   442.1      0.478      0.604     -0.088      0.390      0.162      0.677
805.2000       -995.723    -1007.601       11.879   476.1      0.095      0.722      0.953      0.544      0.339     -0.143
805.4000       -995.956    -1008.079       12.123   485.9      1.241      1.220      0.872      0.024     -0.419     -0.813
805.6000       -995.297    -1008.909       13.613   545.7      1.095      1.302      0.737      0.299     -0.197      0.493
805.8000       -995.333    -1007.811       12.478   500.2      0.095      0.241      0.507      0.129     -0.027     -0.230
806.0000       -996.275    -1008.239       11.964   479.6      1.012      0.880      0.820     -0.191      0.169      0.133
806.2000       -998.503    -1009.669       11.166   447.6     -0.623     -0.824      0.560      0.187     -0.808     -0.071
806.4000       -997.838    -1008.461       10.624   425.8      0.038     -0.493     -0.103      0.199      0.159     -0.118
806.6000       -997.682    -1009.241       11.559   463.4      0.642      0.121     -0.274      0.262     -0.662      0.223
806.8000       -995.768    -1008.158       12.390   496.6      1.234      0.282     -0.395      0.010     -0.514      0.271
807.0000       -995.541    -1007.177       11.636   466.4      0.048     -0.199      0.023      0.190     -0.077     -0.402
807.2000       -995.058    -1007.441       12.383   496.4      0.417      0.839      0.721      0.491     -0.549      0.393
807.4000       -994.895    -1007.044       12.149   487.0      1.206      1.097      1.498     -0.418     -0.273     -0.239
807.6000       -994.586    -1006.495       11.909   477.4      0.178     -0.193     -0.755      0.429     -0.106     -0.492
807.8000       -993.880    -1006.635       12.755   511.3     -0.027     -0.799      0.344      0.357      0.397     -0.017
808.0000       -994.150    -1007.198       13.048   523.0     -1.190      0.341      0.807     -0.547     -0.238     -0.414
808.2000       -993.530    -1007.320       13.791   552.8      0.783      0.251     -0.031     -0.651     -0.015     -0.209
808.4000       -995.799    -1007.587       11.788   472.5      0.341     -0.792     -0.311      0.544      0.060      0.151
808.6000       -995.755    -1007.612       11.857   475.3      0.323      1.035      1.018     -0.038      0.138     -0.188
808.8000       -992.354    -1006.313       13.958   559.5     -0.105      0.492     -1.783      0.030     -0.365     -0.513
809.0000       -993.126    -1005.786       12.660   507.5      0.917      0.610      1.139     -0.628     -0.165     -0.434
809.2000       -992.848    -1006.558       13.711   549.6      0.171      0.014     -0.098      0.262      0.063      0.427
809.4000       -993.652    -1007.210       13.558   543.5     -0.141     -0.457      1.227     -0.382      0.395      0.320
809.6000       -993.963    -1006.541       12.578   504.2      0.361      0.599      0.292      0.245      0.092      0.007
809.8000       -994.058    -1006.200       12.141   486.7      0.985      2.510      1.123      0.544      0.229      0.147
810.0000       -994.281    -1007.318       13.037   522.6      0.026     -0.157     -0.149      0.176     -0.089     -0.271
810.2000       -993.571    -1006.393       12.822   514.0      0.152      0.309      0.183     -0.762     -0.620      0.363
810.4000       -995.010    -1007.430       12.420   497.9     -0.731     -0.450      0.195      0.849      0.414     -0.033
810.6000       -994.544    -1006.905       12.362   495.5     -0.857      0.487     -1.044      0.282     -0.194     -0.200
810.8000       -994.945    -1006.065       11.119   445.7     -0.516      0.750     -0.034      0.814      0.373      0.190
811.0000       -994.330    -1006.975       12.645   506.9     -0.880     -0.280      0.286      0.064      0.598      0.249
811.2000       -994.339    -1005.784       11.446   458.8      0.444      0.236     -0.239      0.514     -0.287      0.082
811.4000       -992.696    -1006.689       13.993   560.9     -0.390      0.585      1.191      0.460     -0.419     -0.067
811.6000       -991.746    -1005.471       13.724   550.1      0.455     -0.542     -0.173     -0.000     -0.071     -0.698
811.8000       -992.348    -1005.354       13.006   521.3      0.149     -0.795     -0.010     -0.627      0.111     -0.487
812.0000       -993.410    -1005.720       12.310   493.4     -0.283     -0.265      0.097     -0.320      0.260      0.302
812.2000       -994.319    -1006.292       11.973   479.9      0.430      0.609      1.296     -0.280      0.178      0.647
812.4000       -995.521    -1007.759       12.238   490.6      0.685      0.666     -0.107      0.280     -0.238     -0.161
812.6000       -996.275    -1008.313       12.038   482.6      0.437      0.829     -0.937     -0.153     -0.363     -0.292
812.8000       -996.217    -1008.051       11.834   474.4      0.057      0.372      0.156      0.198      0.307     -0.626
813.0000       -995.202    -1007.715       12.513   501.6     -0.205     -0.080      0.787     -0.279      0.309      0.729
813.2000       -994.637    -1007.054       12.417   497.7     -0.024      0.071      1.472     -0.594      0.006     -0.400
813.4000       -994.699    -1007.457       12.758   511.4      0.708      0.187     -0.170      0.059     -0.035     -0.782
813.6000       -993.959    -1007.015       13.056   523.3      0.791      0.916     -0.265      0.318     -0.003      0.280
813.8000       -994.073    -1007.255       13.181   528.4      1.189      0.139      1.080      0.576      0.139     -0.341
814.0000       -994.212    -1007.041       12.829   514.3      1.589     -0.207      0.656     -0.133     -0.171     -0.351
814.2000       -994.132    -1007.009       12.877   516.2      1.019      0.471      0.646      0.014      0.267      0.116
814.4000       -992.764    -1006.109       13.344   534.9     -0.120     -0.556      0.339      0.747      0.455      0.677
814.6000       -993.571    -1007.577       14.006   561.4     -0.409     -0.904      0.827      0.093     -0.454     -0.667
814.8000       -993.006    -1006.157       13.151   527.2      0.013      0.810     -0.130      0.255      0.324      0.144
815.0000       -992.272    -1004.445       12.173   487.9      1.070      0.111      0.278     -0.546     -0.672     -0.002
815.2000       -992.982    -1005.416       12.434   498.4     -0.058     -0.007     -0.202     -0.623     -0.728      0.086
815.4000       -992.823    -1006.336       13.513   541.7      0.427     -0.135     -0.691      0.197     -0.813      0.344
815.6000       -993.342    -1006.562       13.220   529.9     -0.147      0.217     -0.472     -0.168     -0.361     -0.150
815.8000       -995.153    -1006.501       11.349   454.9      0.700      0.613     -0.696      0.876     -0.532      0.246
816.0000       -994.125    -1007.153       13.028   522.2     -0.295     -0.009     -0.131     -0.115     -0.472     -0.600
816.2000       -993.015    -1006.293       13.278   532.3      0.761     -0.402      0.309     -0.400      0.396     -1.083
816.4000       -993.871    -1006.917       13.046   523.0      1.080      0.951      1.300     -0.329     -0.488     -0.670
816.6000       -993.789    -1006.552       12.763   511.6      0.517     -0.547      0.787      0.276      0.254      0.363
816.8000       -993.786    -1006.076       12.291   492.7      0.485      0.120      0.114     -0.312     -0.333     -0.131
817.0000       -994.564    -1006.245       11.681   468.2      0.367      0.538      0.887     -0.091     -0.258     -0.388
817.2000       -993.865    -1006.700       12.835   514.5      1.152      1.015      0.268     -0.165      0.301      0.551
817.4000       -994.854    -1006.993       12.139   486.6     -0.950     -0.415     -0.646     -0.392      0.450      0.216
817.6000       -994.559    -1006.741       12.182   488.3      1.411     -0.026      1.145      0.162      0.473      0.547
817.8000       -994.555    -1006.412       11.857   475.3      0.530      0.080     -0.598     -0.261     -0.081     -0.445
818.0000       -994.029    -1007.234       13.204   529.3      0.500      0.619      0.787     -0.298      0.320      0.374
818.2000       -993.870    -1007.713       13.843   554.9     -0.100     -0.045     -0.141      0.157     -0.063     -0.066
818.4000       -993.836    -1007.065       13.229   530.3     -0.564     -1.147     -1.463      0.182      0.042     -0.932
818.6000       -995.072    -1006.892       11.820   473.8      0.427      0.235      0.320      0.134      0.188      0.705
818.8000       -994.965    -1006.789       11.825   474.0      0.377     -0.226     -0.242     -0.005      0.041      0.168
819.0000       -993.365    -1006.038       12.673   508.0      0.347     -0.558     -0.226      0.031      0.133      0.043
819.2000       -991.764    -1003.920       12.157   487.3     -0.190      1.210     -0.482      0.135     -0.032     -0.028
819.4000       -993.660    -1006.899       13.238   530.7      1.606     -0.321      0.764     -0.039      0.325     -0.150
819.6000       -994.723    -1007.198       12.475   500.0      0.677      0.405      1.417      0.007     -0.401      0.233
819.8000       -994.715    -1006.531       11.816   473.7      0.332     -0.568      0.157     -0.498      0.070     -0.449
820.0000       -995.879    -1006.690       10.811   433.4      0.056     -0.842     -0.378      0.460     -0.034      0.144
820.2000       -994.172    -1006.960       12.788   512.6     -0.894     -1.052     -1.050      0.383      0.743     -0.499
820.4000       -995.897    -1007.373       11.476   460.0      0.306     -0.263      0.244      0.487      0.464      0.067
820.6000       -994.213    -1006.714       12.501   501.1      0.229      0.103     -0.126      0.014     -0.234     -0.100
820.8000       -994.879    -1007.866       12.987   520.6     -0.231      0.220     -0.772      0.258      0.016      0.118
821.0000       -994.205    -1006.813       12.608   505.4      0.324      0.429      0.040     -0.030      0.122     -0.368
821.2000       -994.572    -1006.858       12.286   492.5      0.574     -0.132      0.230      0.278     -0.417     -0.673
821.4000       -994.625    -1007.359       12.734   510.4      0.200      0.280      0.490      0.042      0.593      0.316
821.6000       -995.447    -1007.804       12.357   495.3      0.154     -1.011     -0.388     -0.471     -0.074     -0.084
821.8000       -995.338    -1007.304       11.966   479.7      1.223      0.535     -0.846     -0.450      0.017     -0.021
822.0000       -996.473    -1007.701       11.228   450.1      0.953      0.003      0.073      0.682     -0.144     -0.103
822.2000       -995.289    -1008.156       12.868   515.8     -0.588     -0.149      0.083     -0.502      0.515      0.012
822.4000       -994.203    -1007.299       13.096   525.0     -0.048      0.675     -1.060      0.067     -0.390      0.139
822.6000       -994.809    -1007.038       12.229   490.2     -0.480      0.193      1.077      0.149     -0.310      0.097
822.8000       -993.752    -1006.641       12.889   516.6      0.397      0.601     -0.670     -0.067      0.286     -0.506
823.0000       -993.628    -1006.324       12.696   508.9      0.018     -0.491     -0.185     -0.285      0.296      0.357
823.2000       -994.950    -1006.675       11.725   470.0     -0.202     -0.064      0.791     -0.042     -0.139     -0.504
823.4000       -995.888    -1007.543       11.655   467.2      1.173      0.682      1.538     -0.199     -0.189     -0.326
823.6000       -995.519    -1007.841       12.323   494.0     -0.309      0.340     -0.370     -0.118     -0.335      0.407
823.8000       -995.287    -1007.256       11.968   479.8     -0.601     -0.149     -0.371      0.125     -0.098      0.674
824.0000       -994.412    -1007.014       12.603   505.2      0.322      0.448     -0.205      0.082     -0.190     -0.349
824.2000       -994.539    -1007.409       12.870   515.9      0.725     -0.093      0.829     -0.424     -0.223     -0.240
824.4000       -992.973    -1005.526       12.554   503.2      1.053      0.405      0.898     -0.680     -0.888     -0.140
824.6000       -993.452    -1006.202       12.750   511.1      0.593      0.148      0.540     -0.069     -0.240      0.163
824.8000       -994.376    -1006.976       12.599   505.0     -0.422     -0.437      0.158      0.655     -0.341      0.100
825.0000       -995.110    -1006.563       11.454   459.1      1.030     -0.616     -0.253     -0.071      0.080      0.273
825.2000       -995.850    -1007.507       11.656   467.2     -1.411      0.720     -0.744      0.548     -0.029      0.292
825.4000       -995.628    -1007.789       12.161   487.5      0.196      0.158      0.025      0.238     -0.523     -0.164
825.6000       -994.624    -1007.312       12.689   508.6     -0.019      0.859      0.123     -0.199      0.082      0.084
825.8000       -995.026    -1007.423       12.397   496.9      0.775      0.669      0.881      0.324     -0.224      0.168
826.0000       -995.688    -1007.400       11.712   469.5     -0.054     -0.656     -0.294     -0.301     -0.169      0.909
826.2000       -994.879    -1007.406       12.527   502.1      0.099      0.291     -0.434     -0.014     -0.210     -0.429
826.4000       -995.855    -1007.965       12.110   485.4     -0.172      0.906     -0.380      0.485      0.168     -0.377
826.6000       -996.153    -1008.208       12.056   483.3      0.022      0.083      0.465     -0.136     -0.596     -0.061
826.8000       -995.342    -1007.005       11.663   467.5     -0.177      0.273      0.449      0.393      0.163     -0.356
827.0000       -994.255    -1007.057       12.802   513.2      0.422      0.791      0.971      0.143     -0.173     -0.305
827.2000       -995.305    -1006.762       11.457   459.3      0.833      0.363     -0.297     -0.108      0.289      0.489
827.4000       -994.409    -1006.848       12.438   498.6      1.834      0.435      0.079     -0.009     -0.076      0.594
827.6000       -995.120    -1007.389       12.269   491.8      0.825     -0.199      0.047     -0.339     -0.044     -0.327
827.8000       -995.203    -1007.102       11.899   477.0      1.216      0.253      0.485      0.099      0.214     -0.356
828.0000       -995.948    -1007.963       12.015   481.6     -0.206     -0.503     -0.366      0.434      0.016     -0.148
828.2000       -995.078    -1007.933       12.855   515.3      0.645      0.617      0.409      0.478      0.278     -0.644
828.4000       -995.356    -1006.680       11.324   453.9      0.057      0.123      1.041      0.322      0.032      0.173
828.6000       -995.210    -1006.828       11.618   465.7      0.078     -0.105      0.041      0.332      0.381     -0.124
828.8000       -995.580    -1008.212       12.633   506.4     -0.394     -0.287      0.168     -0.601     -0.204      0.245
829.0000       -994.403    -1007.121       12.718   509.8      1.301      1.037      0.679     -0.543      0.225     -0.249
829.2000       -993.476    -1006.147       12.671   507.9      0.391     -0.470      0.584     -0.441      0.389     -0.087
829.4000       -993.739    -1007.366       13.627   546.2      0.690      0.816      1.322      0.008     -0.360      0.645
829.6000       -993.191    -1007.055       13.865   555.8      0.755      0.493      1.185      0.269      0.373      0.175
829.8000       -993.553    -1006.503       12.950   519.1      0.097      1.406      0.110      0.170      0.232     -0.109
830.0000       -993.570    -1006.832       13.262   531.6     -0.388     -0.320     -0.609     -0.632     -0.092     -0.350
830.2000       -993.592    -1007.303       13.712   549.6      0.317      0.111      0.725      0.174      0.125     -0.025
830.4000       -992.697    -1006.744       14.046   563.0      0.434      0.213      0.397     -0.070      0.611      0.050
830.6000       -992.544    -1005.582       13.039   522.7     -0.605     -0.989     -1.383      0.798     -0.595      0.296
830.8000       -994.107    -1006.238       12.131   486.3     -0.067     -0.414      0.127      0.203     -0.350     -0.185
831.0000       -992.754    -1006.901       14.147   567.1      0.834     -0.593      1.252     -0.031      0.335     -0.392
831.2000       -994.028    -1005.400       11.372   455.8      0.555      0.319     -0.337      0.111      0.770     -0.046
831.4000       -994.879    -1007.343       12.464   499.6      0.058     -0.286     -0.640      0.033     -0.162      0.542
831.6000       -995.103    -1007.278       12.174   488.0      0.682      0.609     -0.287     -0.419     -0.462     -0.378
831.8000       -995.418    -1007.041       11.623   465.9     -0.840      0.232      0.242      0.088     -0.301      0.124
832.0000       -995.600    -1007.263       11.663   467.5     -0.736     -0.148      0.233      0.041      0.035     -0.232
832.2000       -995.141    -1007.410       12.269   491.8      0.911      1.030      0.186     -0.005      0.045     -0.842
832.4000       -995.136    -1007.587       12.450   499.1      0.652      0.914      0.914      0.308     -0.323      0.496
832.6000       -994.332    -1007.289       12.957   519.4      1.946      0.075      0.881     -0.631     -0.160      0.180
832.8000       -994.219    -1007.696       13.478   540.2      0.323     -0.180      0.328      0.547     -0.108     -0.059
833.0000       -995.915    -1007.768       11.853   475.1     -0.436      0.742     -1.047      0.288      0.083      1.102
833.2000       -995.009    -1006.945       11.935   478.4      0.675     -0.164     -0.278      0.070     -0.022     -0.037
833.4000       -996.804    -1008.432       11.628   466.1      0.440     -0.270     -0.068      0.376     -0.199     -0.368
833.6000       -995.489    -1007.591       12.102   485.1      0.084      0.795      0.557     -0.219      1.143      0.451
833.8000       -993.784    -1007.594       13.811   553.6     -0.756     -0.036     -0.031      0.634     -0.082      0.541
834.0000       -995.315    -1007.223       11.908   477.3      0.654      0.853      1.217     -0.052      0.254      0.360
834.2000       -994.690    -1007.280       12.590   504.7     -0.087     -0.463      0.139     -0.088     -0.093      0.352
834.4000       -993.858    -1007.677       13.819   553.9      1.051      0.192     -0.527     -0.125     -0.095      0.381
834.6000       -994.348    -1007.056       12.707   509.4     -0.031      0.251     -0.716     -0.094     -0.745     -0.609
834.8000       -996.773    -1008.898       12.125   486.0      0.679     -0.028     -0.130     -0.093     -0.529     -0.035
835.0000       -995.979    -1008.937       12.958   519.4     -0.296     -1.296     -0.347      0.820      0.242      0.240
835.2000       -995.045    -1007.802       12.757   511.4      0.217      0.051     -0.114      0.650     -0.284      0.052
835.4000       -995.506    -1008.379       12.873   516.0      1.038      1.030      0.738     -0.089      0.204     -0.804
835.6000       -994.668    -1007.837       13.169   527.9     -0.250      0.362      1.262      0.412      0.015      0.328
835.8000       -995.752    -1008.608       12.856   515.3     -0.402      0.596     -0.277      0.407     -0.588      0.237
836.0000       -995.283    -1007.339       12.057   483.3      0.128      0.811      0.504     -0.382     -0.373      0.197
836.2000       -995.734    -1008.170       12.435   498.5     -0.997     -0.990     -0.157     -0.369     -0.096     -0.212
836.4000       -995.027    -1007.067       12.040   482.6      0.315     -0.459      0.966      0.493     -0.037     -0.287
836.6000       -995.349    -1007.197       11.847   474.9      0.821      0.484      0.260      0.132     -0.153     -0.229
836.8000       -995.858    -1009.748       13.890   556.8     -0.266     -0.136     -1.022      0.152     -0.279      0.209
837.0000       -994.897    -1006.832       11.935   478.4     -0.160      0.985     -0.067     -0.194      0.411      0.265
837.2000       -994.761    -1007.494       12.734   510.4      0.946      0.911      0.393     -0.253     -0.268     -0.110
837.4000       -994.723    -1007.766       13.043   522.8      0.423     -0.094      0.105     -0.203      0.288      0.042
837.6000       -994.987    -1007.214       12.227   490.1      1.405      1.341      1.965      0.697      0.269      0.330
837.8000       -994.556    -1007.135       12.579   504.2      1.146     -0.000      1.516     -0.063     -0.807      0.367
838.0000       -995.062    -1007.019       11.957   479.3      0.525      0.095      1.400      0.365     -0.480     -0.735
838.2000       -994.011    -1006.297       12.286   492.5      0.714      0.065      0.242     -0.053     -0.577     -0.014
838.4000       -994.423    -1007.629       13.206   529.4      0.913     -0.011      0.391      0.311     -0.429     -0.509
838.6000       -996.716    -1008.569       11.853   475.1      0.278      0.386     -0.015     -0.238      0.131     -0.343
838.8000       -996.312    -1007.363       11.051   443.0      0.677      0.078     -0.092      0.373      0.021     -0.409
839.0000       -996.168    -1007.045       10.876   436.0     -0.175      0.039     -0.261     -0.004      0.476     -0.488
839.2000       -993.902    -1007.179       13.276   532.2      0.571      0.833      1.083     -0.066     -0.208      0.207
839.4000       -995.062    -1008.105       13.043   522.8      0.905      1.137     -0.274     -0.506      0.295      0.397
839.6000       -994.629    -1007.316       12.687   508.6      0.198     -0.348      0.054     -0.123      0.121     -0.612
839.8000       -995.584    -1007.393       11.809   473.4      1.144      1.002      0.105      0.496      0.025     -0.368
840.0000       -996.067    -1008.632       12.566   503.7      0.309     -0.141      0.509      0.231     -0.404     -0.007
840.2000       -996.831    -1008.569       11.738   470.5      0.789      0.473      0.409      0.612     -0.266     -0.163
840.4000       -995.124    -1008.009       12.885   516.5     -1.146      0.857     -0.578     -0.474      0.278      0.515
840.6000       -994.558    -1006.842       12.285   492.4      0.977     -0.340     -0.351     -0.312     -0.159     -0.960
840.8000       -992.888    -1006.675       13.788   552.7     -0.533      0.333      0.144      0.380     -0.021      0.469
841.0000       -993.187    -1007.193       14.005   561.4      0.327     -0.213      0.556      0.525     -0.220     -0.770
841.2000       -994.945    -1007.519       12.574   504.0      1.304      1.550      0.599      0.072     -0.494     -0.918
841.4000       -994.454    -1006.808       12.354   495.2      0.882      0.276      0.974     -0.521     -0.214     -0.049
841.6000       -994.266    -1007.176       12.910   517.5     -0.212     -0.914     -0.719     -0.167     -0.128      0.238
841.8000       -995.667    -1008.552       12.885   516.5     -0.622      0.391      0.666     -0.093     -0.256      0.319
842.0000       -994.659    -1007.223       12.564   503.6      1.996      0.060     -0.397     -0.067      0.033     -0.648
842.2000       -995.745    -1008.516       12.772   512.0      0.821      0.522      0.188     -0.139      0.395      0.109
842.4000       -996.112    -1007.983       11.871   475.8      0.741     -1.038     -0.838     -0.347     -0.196     -0.540
842.6000       -996.385    -1008.188       11.803   473.1      1.169      0.663      1.753     -0.546      0.102      0.077
842.8000       -996.818    -1007.963       11.146   446.8     -0.143     -0.226      0.029      0.074      0.661      0.086
843.0000       -996.420    -1008.389       11.969   479.8     -0.042      0.951      0.326     -0.509     -0.456     -0.627
843.2000       -995.720    -1008.776       13.056   523.3     -0.236      1.897      1.088      0.121      0.402     -0.089
843.4000       -995.052    -1009.035       13.982   560.5      0.377      0.512     -0.427     -0.050     -0.535     -0.160
843.6000       -994.844    -1008.208       13.364   535.7      0.474     -0.345     -1.060     -0.142      0.135      0.268
843.8000       -995.926    -1009.587       13.661   547.6      0.425     -0.939     -0.182     -0.885     -0.119      0.356
844.0000       -997.760    -1008.846       11.087   444.4      0.999      0.707      0.314      0.550      0.436     -0.051
844.2000       -998.112    -1009.279       11.167   447.6     -0.165      0.094     -0.614      0.224     -0.253      0.184
844.4000       -996.890    -1008.608       11.718   469.7      0.324      0.134     -0.233      0.175     -0.068     -0.645
844.6000       -996.641    -1008.943       12.301   493.1      0.969     -0.193      0.113     -0.054      0.235     -0.129
844.8000       -996.648    -1009.774       13.126   526.1     -0.148      0.391      0.647     -0.675      0.551      0.155
845.0000       -996.566    -1008.634       12.067   483.7     -0.984      0.451     -0.039      0.124      0.365      0.277
845.2000       -996.808    -1008.317       11.508   461.3      0.154     -0.940     -0.627     -0.377     -0.147     -0.179
845.4000       -996.159    -1008.583       12.424   498.0      0.073      0.666      1.665      0.387      0.029     -0.554
845.6000       -995.633    -1007.672       12.039   482.6      0.489     -0.825      1.085     -0.338      0.531     -0.524
845.8000       -994.210    -1007.124       12.914   517.6      0.913      0.616     -0.185     -0.419     -0.152      0.019
846.0000       -993.235    -1007.425       14.190   568.8     -1.007      1.089     -0.454      0.085      0.083      0.370
846.2000       -994.417    -1006.395       11.978   480.1     -1.474     -0.477     -1.109     -0.431      0.137     -0.245
846.4000       -994.208    -1006.181       11.972   479.9      0.885      1.250      0.747     -0.438     -0.452      0.010
846.6000       -993.525    -1006.187       12.662   507.6     -0.315     -0.520      0.667      0.267      0.541      0.199
846.8000       -995.746    -1007.988       12.242   490.7     -0.234      0.148      0.759      0.223      0.145     -0.207
847.0000       -994.541    -1008.056       13.515   541.7      1.604     -0.474      1.393      0.085      0.309     -0.295
847.2000       -994.906    -1008.568       13.662   547.6      0.632      0.469      0.233     -0.202     -0.247      0.061
847.4000       -993.544    -1006.945       13.401   537.2      1.726      0.919      1.379      0.100     -0.316      0.122
847.6000       -994.027    -1006.415       12.389   496.6     -1.616      0.376      0.141      0.227     -0.231      0.225
847.8000       -994.340    -1006.948       12.608   505.4     -0.174     -0.567     -0.710      0.591      0.202      0.820
848.0000       -994.427    -1007.111       12.684   508.4     -1.246     -0.474     -0.979      0.254      0.405      0.423
848.2000       -994.449    -1007.074       12.624   506.0     -0.272     -0.760     -0.440     -0.707     -0.447      0.206
848.4000       -994.999    -1006.743       11.744   470.8     -0.446     -0.226     -1.008      0.302     -0.541     -0.388
848.6000       -994.760    -1006.721       11.961   479.4     -0.062      0.510      1.560      0.342     -0.605     -0.583
848.8000       -993.891    -1006.361       12.471   499.9      0.750      0.345      0.504      0.173     -0.484      0.503
849.0000       -994.524    -1007.402       12.878   516.2      0.233      0.929      1.002      0.030     -0.053      0.184
849.2000       -995.273    -1008.392       13.119   525.9     -0.248      0.065     -0.878     -0.520     -0.226      0.038
849.4000       -995.229    -1008.392       13.163   527.6     -0.326      0.146     -0.077     -0.355     -0.207      0.019
849.6000       -995.261    -1006.424       11.163   447.4     -0.381      0.455      1.009      0.158      0.106     -0.133
849.8000       -995.288    -1008.099       12.811   513.5     -0.570      0.267      0.628     -0.380     -0.103      0.105
850.0000       -994.649    -1006.611       11.962   479.5      0.030      1.083      0.223      0.022     -0.067      0.564
850.2000       -995.111    -1007.810       12.699   509.0     -0.150      0.104     -0.272      0.128     -0.111      0.210
850.4000       -995.167    -1007.394       12.228   490.1     -0.532      0.288     -0.262      0.233     -0.630     -0.352
850.6000       -994.743    -1006.625       11.882   476.3      0.164     -0.317     -1.112     -0.165     -0.431      0.458
850.8000       -995.545    -1008.329       12.784   512.4     -0.194      0.522      0.563      0.187      0.230     -0.178
851.0000       -995.392    -1007.949       12.557   503.4      0.263     -0.086     -0.044     -0.228      0.131     -1.020
851.2000       -994.782    -1007.193       12.411   497.5     -0.579     -0.103     -0.096      0.085     -0.038     -0.393
851.4000       -994.962    -1007.305       12.343   494.8      0.713      0.558      1.125     -0.169      0.466     -0.050
851.6000       -994.110    -1007.356       13.246   531.0      0.304     -0.428     -0.463     -0.112     -0.447      0.126
851.8000       -995.403    -1008.065       12.662   507.6      1.523      0.693      0.866      0.047      0.110      0.294
852.0000       -995.293    -1007.510       12.216   489.7      1.198      0.307      1.131     -0.476     -0.142      0.055
852.2000       -996.048    -1008.063       12.015   481.6     -0.118      0.494      0.633      0.361      0.554      0.250
852.4000       -995.052    -1006.800       11.749   470.9     -0.772      0.791      0.018     -0.003     -0.010      0.050
852.6000       -995.546    -1007.963       12.417   497.7     -0.501      0.245     -0.584     -0.582     -0.856      0.393
852.8000       -996.334    -1009.237       12.903   517.2      0.565      0.475      0.557      0.532     -0.647     -0.354
853.0000       -996.395    -1007.753       11.357   455.3      0.140     -0.393     -0.115      0.149      0.973      0.740
853.2000       -997.090    -1009.322       12.232   490.3     -0.188      0.180      1.334     -0.113     -0.289      0.516
853.4000       -995.849    -1007.653       11.804   473.2      1.030      0.037      0.032     -0.265      0.342     -0.031
853.6000       -995.033    -1006.759       11.726   470.0     -0.890      0.704     -0.260      0.376     -0.175      0.186
853.8000       -994.912    -1007.572       12.659   507.4     -0.467     -0.745     -0.259      0.180     -0.147      0.264
854.0000       -995.606    -1007.043       11.436   458.4     -0.072     -0.546      0.173     -0.152      0.383     -0.539
854.2000       -995.445    -1006.649       11.204   449.1      0.762      0.819      0.039     -0.281     -0.151      0.134
854.4000       -995.274    -1008.072       12.798   513.0     -0.381     -0.045     -0.377     -0.382      0.229     -0.019
854.6000       -995.275    -1007.083       11.807   473.3      0.257     -0.857     -0.682     -0.063     -0.196     -0.090
854.8000       -993.325    -1006.299       12.973   520.0      2.490      0.232      0.274     -0.089      0.240      0.194
855.0000       -993.277    -1006.994       13.717   549.9      0.567     -0.049      0.225      0.796      0.519     -0.313
855.2000       -994.678    -1007.607       12.928   518.2      2.067      1.467      1.309     -0.340     -0.305     -0.893
855.4000       -994.882    -1006.504       11.622   465.9      0.434     -0.753     -1.021      0.198     -0.350     -0.044
855.6000       -995.070    -1007.553       12.482   500.4      0.577      0.075      0.267     -0.108     -0.328     -0.529
855.8000       -995.062    -1006.405       11.344   454.7     -0.589     -0.359      0.149     -0.289     -0.286     -0.482
856.0000       -996.595    -1007.750       11.155   447.1      1.198     -0.153      0.885      0.157     -0.050      0.096
856.2000       -996.785    -1007.992       11.206   449.2     -0.302     -1.150     -0.961      0.300     -0.313     -0.151
856.4000       -995.358    -1006.793       11.436   458.4     -0.424     -0.264      0.679      0.834     -0.344     -0.256
856.6000       -995.621    -1007.650       12.029   482.2      0.662     -0.370      0.171     -0.475      0.413      0.412
856.8000       -996.329    -1007.734       11.405   457.2     -0.629      0.781      0.813      0.208      0.167      0.291
857.0000       -996.097    -1007.554       11.458   459.3      1.338      0.684      0.867      0.390      0.141      0.219
857.2000       -995.990    -1008.361       12.371   495.9      0.388     -0.001      0.784     -0.289      1.013     -0.401
857.4000       -996.081    -1007.208       11.127   446.0     -0.782     -0.466     -0.814      0.229     -0.417     -0.454
857.6000       -994.439    -1007.700       13.260   531.5     -1.303     -0.078     -0.704     -0.365     -1.227     -0.128
857.8000       -993.963    -1007.687       13.723   550.1     -1.305     -1.325     -0.276     -1.123     -0.393     -0.699
858.0000       -992.220    -1006.095       13.874   556.2      0.966     -0.132      1.511     -0.099      0.212      0.286
858.2000       -992.946    -1007.589       14.643   586.9      0.066      2.082      1.018      0.434     -0.196     -0.622
858.4000       -994.076    -1006.314       12.238   490.6      0.569      1.510      0.283     -0.039      0.024     -0.863
858.6000       -993.713    -1005.821       12.108   485.3      0.840      0.173     -0.873     -0.097     -0.113      0.483
858.8000       -993.726    -1006.732       13.007   521.4      0.294     -1.239     -0.419     -0.113     -0.459      0.154
859.0000       -992.942    -1006.106       13.164   527.7     -0.615      0.030      0.191     -0.213      0.384      0.892
859.2000       -993.445    -1006.221       12.776   512.1      1.153      0.267     -0.435     -0.466      0.129     -0.696
859.4000       -994.404    -1007.044       12.640   506.7     -0.870     -0.162      0.098      0.150      0.048     -0.181
859.6000       -993.782    -1007.456       13.674   548.1     -0.388     -1.196     -0.096     -0.099      1.058     -0.325
859.8000       -995.166    -1007.852       12.686   508.5      0.337     -0.189      0.819      0.091     -0.850     -0.537
860.0000       -994.873    -1007.420       12.547   502.9      0.208     -0.268      0.094     -0.447     -0.660      0.503
860.2000       -994.667    -1007.234       12.567   503.8      1.010      1.298      0.332      0.166      1.174      0.989
860.4000       -994.231    -1007.761       13.530   542.4     -1.246     -1.274      0.773     -0.371     -0.420      0.376
860.6000       -993.992    -1006.798       12.806   513.3     -0.108      0.196     -0.057      0.084      0.425     -0.196
860.8000       -993.031    -1005.882       12.851   515.1      0.969      1.742      1.054     -0.611     -0.100     -0.484
861.0000       -994.173    -1006.688       12.515   501.7      1.143      0.756      0.767     -0.287     -0.239     -0.502
861.2000       -992.427    -1006.415       13.987   560.7     -0.278      0.015      0.898     -0.919      1.227      0.233
861.4000       -991.898    -1005.246       13.348   535.1     -0.393     -0.591      0.539      0.138     -0.450     -0.224
861.6000       -993.853    -1005.959       12.106   485.3      0.083     -0.900     -0.464      0.301     -0.140      0.656
861.8000       -992.992    -1006.102       13.109   525.5     -0.223     -0.176      0.797      0.099     -0.264      0.944
862.0000       -992.391    -1005.211       12.820   513.9     -0.815      0.524      0.522      0.193     -0.356      0.464
862.2000       -993.826    -1006.102       12.276   492.1      0.179      0.328      0.890      0.501     -0.353     -0.732
862.4000       -995.005    -1006.814       11.809   473.4     -0.717      0.295     -0.073      0.528      0.205      0.020
862.6000       -995.070    -1007.510       12.440   498.7      0.571      0.595     -0.271      0.018     -0.294      0.141
862.8000       -995.839    -1008.220       12.381   496.3      1.331      0.119      0.294      0.039      0.927     -0.113
863.0000       -995.645    -1008.048       12.403   497.2      0.277      0.009     -0.529     -0.908     -0.084      0.243
863.2000       -995.467    -1006.679       11.212   449.4      0.426      1.906      0.301      0.215     -0.159      0.059
863.4000       -995.137    -1007.283       12.146   486.9      1.013      0.314      0.496     -0.482     -0.640      0.183
863.6000       -994.407    -1006.197       11.789   472.6      0.072     -0.840     -0.709     -0.214     -0.125      0.008
863.8000       -994.389    -1006.257       11.868   475.7      0.151      1.013     -0.933      0.531      0.122      0.504
864.0000       -994.834    -1006.270       11.435   458.4      0.503     -0.269     -0.553      0.175      0.067      0.812
864.2000       -995.957    -1007.530       11.574   463.9     -0.683      0.244      0.094      0.447      0.569     -0.157
864.4000       -996.013    -1007.717       11.704   469.2     -0.577      0.201     -0.337     -0.432      0.245     -0.130
864.6000       -995.340    -1008.055       12.715   509.7      0.891      0.969      0.268      0.164     -0.423     -0.241
864.8000       -994.429    -1007.449       13.020   521.9      0.359     -0.097     -0.070     -0.781      0.697     -0.107
865.0000       -994.076    -1006.881       12.805   513.3      0.020     -0.444      0.570     -0.275      0.405     -0.334
865.2000       -993.377    -1006.305       12.928   518.2     -0.246     -0.214      0.315     -0.390      0.190     -0.004
865.4000       -993.946    -1006.284       12.339   494.6      0.378     -0.449     -1.235      0.582      0.175     -0.023
865.6000       -994.991    -1006.938       11.947   478.9      1.169      0.648     -0.281     -0.168     -0.018      0.083
865.8000       -993.481    -1006.644       13.162   527.6     -0.349      0.659      0.144     -0.061      0.374      0.037
866.0000       -994.001    -1006.968       12.967   519.8      0.769      0.529      1.425     -0.300     -0.237     -0.209
866.2000       -995.545    -1007.273       11.729   470.1      0.304      0.038      0.758     -0.283     -0.037      0.577
866.4000       -995.102    -1008.000       12.898   517.0      0.506      1.675      0.335     -0.083      0.147     -0.301
866.6000       -995.424    -1007.742       12.318   493.8      0.402      0.465     -0.300      0.444     -0.195      0.152
866.8000       -994.683    -1007.655       12.971   520.0     -0.156      0.123     -1.503     -0.236      0.098      0.612
867.0000       -995.897    -1008.661       12.764   511.6      0.312     -0.636     -0.240     -0.287     -0.450      0.256
867.2000       -995.732    -1007.393       11.662   467.5     -0.023      0.880     -0.052     -0.187      0.442      0.678
867.4000       -995.914    -1008.862       12.948   519.0      0.016     -0.022     -0.391      0.560      0.083      0.352
867.6000       -997.368    -1008.256       10.888   436.4      0.388      0.373      0.217      0.019      0.053     -0.200
867.8000       -995.483    -1006.795       11.312   453.5     -0.845     -0.648     -0.992     -0.580      0.278      0.083
868.0000       -995.341    -1007.466       12.125   486.0      1.588     -0.031      0.683     -0.629     -0.261      0.534
868.2000       -995.078    -1006.684       11.606   465.2      0.163      1.080     -0.039     -0.451     -0.191     -0.245
868.4000       -995.309    -1007.495       12.186   488.5     -1.123      0.556      0.427      0.761      0.075      0.118
868.6000       -996.518    -1008.417       11.898   476.9     -0.925     -1.152      0.642      0.128      0.097     -0.269
868.8000       -995.398    -1008.233       12.836   514.5     -0.198      0.379      0.119     -0.188     -0.208      0.587
869.0000       -995.239    -1008.729       13.489   540.7      1.342      1.193      0.627      0.293      0.194      0.683
869.2000       -995.800    -1007.574       11.774   471.9     -1.197     -0.097      0.729     -0.267     -0.378     -0.264
869.4000       -995.808    -1008.884       13.076   524.1     -0.667     -0.762      0.191      0.840      0.172      0.054
869.6000       -995.121    -1006.575       11.454   459.1      0.978      0.475      0.921     -0.428     -0.473     -0.006
869.8000       -993.230    -1006.677       13.448   539.1     -0.454      0.402      0.660     -1.276     -0.310     -0.127
870.0000       -993.718    -1006.080       12.362   495.5      0.068     -0.761      0.329     -0.294     -0.819      0.038
870.2000       -993.747    -1005.986       12.239   490.6      0.741      0.792      0.360     -0.361      0.329      0.082
870.4000       -994.520    -1007.611       13.091   524.7      0.978      0.188     -0.108     -0.329     -0.351      0.175
870.6000       -995.475    -1007.738       12.264   491.6     -0.193      0.348      0.624      0.138      0.621     -0.222
870.8000       -994.148    -1006.164       12.016   481.7      0.759      0.426      0.914     -0.622      0.125      0.082
871.0000       -994.771    -1007.001       12.229   490.2      0.314      1.118     -0.099     -1.004      0.013     -0.000
871.2000       -994.118    -1006.454       12.336   494.5     -0.843      0.528      0.398     -0.665     -0.454     -0.113
871.4000       -994.053    -1006.373       12.319   493.8      0.994     -0.383     -0.770      0.472     -0.001      0.015
871.6000       -993.399    -1006.628       13.229   530.3      0.029     -0.136      1.086      0.150     -0.357      0.310
871.8000       -993.327    -1006.754       13.427   538.2      0.085      0.248     -0.501      0.450      0.519     -0.391
872.0000       -994.789    -1007.046       12.257   491.3      1.432      2.824     -0.224      0.101     -0.433     -0.243
872.2000       -995.453    -1007.385       11.932   478.3      0.619      0.283      0.699      0.254     -0.168      0.290
872.4000       -996.503    -1008.697       12.194   488.8      0.591      1.141      1.603     -0.146      0.120      0.393
872.6000       -996.223    -1007.814       11.590   464.6      0.042     -0.691     -0.449      0.308      0.058     -0.457
872.8000       -996.125    -1008.074       11.949   479.0     -0.570     -0.570      0.482     -0.241     -0.127     -0.062
873.0000       -995.240    -1008.922       13.683   548.5     -0.338     -0.512     -0.043      0.325      0.292      0.320
873.2000       -995.208    -1006.629       11.421   457.8      0.289      0.529      0.290     -0.223     -0.135     -0.210
873.4000       -994.008    -1005.504       11.496   460.8      1.650      2.049     -0.085      0.265      0.223     -0.057
873.6000       -994.498    -1006.530       12.031   482.3     -0.321      0.101     -0.384      0.206      0.203      0.298
873.8000       -994.236    -1007.011       12.775   512.1     -0.783      0.211      1.280      0.299     -0.328      0.434
874.0000       -995.701    -1008.041       12.340   494.6      0.080      0.156      0.478     -0.506      0.132      0.139
874.2000       -996.224    -1007.718       11.494   460.7      0.641     -0.079     -1.208      0.192      0.187      0.161
874.4000       -996.255    -1007.927       11.673   467.9      0.902      1.071      0.354      0.332      0.422     -0.356
874.6000       -996.291    -1007.919       11.628   466.1      0.997      0.266     -0.055      0.082     -0.002     -0.118
874.8000       -995.089    -1007.485       12.396   496.9     -0.737     -0.509      0.531      0.298     -0.447      0.483
875.0000       -994.136    -1006.783       12.647   507.0      0.599      1.502      0.880     -0.321      0.011      0.403
875.2000       -995.630    -1008.047       12.417   497.7      0.639      0.318      0.646      0.453      0.410      0.209
875.4000       -995.528    -1007.225       11.698   468.9      0.742      0.684      1.167      0.493      0.828      0.671
875.6000       -994.755    -1008.046       13.291   532.8      0.384     -0.558     -0.154      0.318     -0.005     -0.324
875.8000       -995.251    -1007.643       12.392   496.7     -0.485     -0.771     -0.314      0.684     -0.079     -0.343
876.0000       -994.567    -1007.470       12.903   517.2     -0.804     -1.055      0.690     -0.512     -0.194      0.045
876.2000       -995.405    -1007.449       12.045   482.8      0.112      0.654     -0.784      0.218      0.445     -0.089
876.4000       -996.033    -1007.276       11.243   450.7     -0.225      0.696      0.363     -0.299     -0.155      0.395
876.6000       -994.481    -1007.172       12.691   508.7      0.471      0.011     -0.271     -0.367     -0.635      1.087
876.8000       -993.815    -1006.445       12.629   506.2      1.566      0.785      1.136     -0.583      0.505      0.177
877.0000       -993.064    -1005.761       12.696   508.9     -0.834      0.079      0.190     -0.138      0.651     -0.529
877.2000       -994.431    -1005.825       11.393   456.7      1.206     -0.076      0.167     -0.088      0.125      0.157
877.4000       -994.117    -1007.664       13.547   543.0      0.052      1.381      0.931      0.130      0.137      0.042
877.6000       -995.490    -1007.460       11.970   479.8     -0.164      0.342     -0.090     -0.592      0.194      0.057
877.8000       -994.299    -1008.208       13.909   557.5     -0.531      0.550      1.008      0.141      0.374     -0.396
878.0000       -993.925    -1005.897       11.972   479.9     -0.749      0.289     -0.458      0.840      0.280     -0.070
878.2000       -993.722    -1006.528       12.806   513.3      1.397      1.174     -0.315      0.460     -0.069      0.560
878.4000       -993.077    -1006.838       13.761   551.6      0.461      0.654      0.981     -0.109      0.545      0.009
878.6000       -995.334    -1006.970       11.636   466.4      0.059      0.280      0.467      0.472      0.320      0.395
878.8000       -995.042    -1005.978       10.936   438.4     -0.136      1.150      0.324      0.044     -0.114      0.560
879.0000       -994.918    -1007.474       12.556   503.3      0.604     -0.044      0.489      0.147      0.082     -0.139
879.2000       -994.984    -1006.775       11.790   472.6      0.505      1.477      0.899      0.642     -0.055      0.494
879.4000       -995.962    -1007.624       11.662   467.5      0.110      0.071      0.280     -0.331     -0.128     -0.006
879.6000       -995.733    -1007.099       11.366   455.6      1.351      0.225      1.530     -0.126     -0.441     -0.256
879.8000       -995.388    -1007.169       11.782   472.3      0.429     -0.018      0.548      0.011      0.270      0.456
880.0000       -996.565    -1007.935       11.370   455.8     -0.215      0.126      0.174      0.065      0.146     -1.046
880.2000       -997.104    -1009.218       12.114   485.6     -0.181      1.000      0.599      0.840     -0.360      0.345
880.4000       -995.549    -1008.982       13.433   538.5      0.063      0.433     -0.798      0.491     -0.049      0.931
880.6000       -996.663    -1009.299       12.636   506.5      0.992     -0.623      0.840      0.070      0.356     -0.966
880.8000       -996.566    -1008.952       12.386   496.5      0.604     -0.980      0.589      0.338      0.381     -0.315
881.0000       -995.504    -1007.607       12.103   485.2     -0.033      0.547      1.241      0.462      0.227      0.510
881.2000       -996.427    -1007.899       11.471   459.8     -0.538     -0.658      1.275     -0.169      0.411     -0.126
881.4000       -994.751    -1007.337       12.585   504.5      0.370      0.599      0.255     -0.911      0.465      0.286
881.6000       -994.181    -1006.631       12.451   499.1     -0.276      0.426      0.362      0.477      0.010      0.245
881.8000       -993.253    -1006.802       13.549   543.1      0.305     -0.565      0.420      0.085     -0.084     -0.801
882.0000       -994.509    -1006.564       12.056   483.3      0.625     -0.573      0.919     -0.223     -0.555      0.032
882.2000       -995.917    -1008.212       12.295   492.9     -0.179      0.030     -0.033     -0.530      0.072      0.028
882.4000       -995.044    -1006.630       11.586   464.4      0.452      0.598      0.596      0.114      0.798     -0.044
882.6000       -994.467    -1007.160       12.693   508.8      0.259      0.395     -0.398     -0.456      0.778      0.785
882.8000       -995.669    -1007.812       12.143   486.8      0.690     -0.469      0.734     -0.100     -0.601     -0.263
883.0000       -995.631    -1007.646       12.016   481.6      0.471      1.555      1.742     -0.193     -0.628      0.203
883.2000       -995.001    -1007.322       12.321   493.9     -0.097      0.605     -0.411     -0.506     -0.289     -0.399
883.4000       -994.227    -1006.177       11.950   479.0     -0.167      0.607     -0.227     -0.107     -0.574      0.006
883.6000       -994.445    -1006.478       12.033   482.3      0.468      0.487      0.827     -0.658     -0.403     -0.284
883.8000       -994.045    -1007.094       13.049   523.1      1.123      0.389      0.163     -0.338      0.763      0.532
884.0000       -994.658    -1006.891       12.232   490.3     -0.814     -0.626     -0.604      0.536     -0.190      0.522
884.2000       -995.405    -1007.509       12.103   485.2     -0.040      0.197      1.332     -0.301      0.116     -0.811
884.4000       -996.166    -1009.049       12.884   516.5      0.502      0.599      1.628      0.315     -0.017      0.426
884.6000       -995.435    -1008.271       12.835   514.5      0.974     -0.053      0.175     -0.239      0.005     -0.108
884.8000       -994.721    -1007.790       13.069   523.9      0.658      0.668     -0.526     -1.129     -0.213     -0.226
885.0000       -994.107    -1006.798       12.692   508.7      0.857      0.105      0.510      0.906      0.354      0.420
885.2000       -994.158    -1006.671       12.513   501.6     -0.320      0.363      0.120     -0.268     -0.240     -0.710
885.4000       -994.153    -1007.278       13.125   526.1      1.196      0.470      1.036      0.546      0.081     -0.377
885.6000       -994.128    -1007.828       13.699   549.1     -0.678     -0.599     -0.584     -0.180      0.387      0.654
885.8000       -992.729    -1005.587       12.858   515.4     -1.260     -0.968     -0.701      0.436     -0.332      0.138
886.0000       -992.863    -1005.497       12.634   506.4      0.945      0.578     -0.723     -0.148      0.506     -0.975
886.2000       -993.626    -1006.693       13.067   523.8     -0.493      0.662     -0.498     -0.284     -0.482     -0.574
886.4000       -993.349    -1006.469       13.120   525.9      1.364      1.209      0.728     -0.279      0.264     -0.371
886.6000       -994.731    -1007.696       12.965   519.7      0.594     -0.019      0.692      0.582     -0.478     -0.504
886.8000       -994.481    -1005.940       11.459   459.3      0.752     -0.229     -1.467     -0.244     -0.190      0.254
887.0000       -993.363    -1006.496       13.133   526.4      0.718      1.402     -0.936      0.217     -0.391     -0.524
887.2000       -994.981    -1007.326       12.344   494.8      0.932     -0.221      0.547      0.352      0.147     -0.110
887.4000       -995.720    -1007.638       11.918   477.7      0.329      0.040     -0.039      0.339     -0.616      0.173
887.6000       -994.747    -1007.784       13.037   522.6     -0.437      0.654     -0.929      0.478     -0.182      0.341
887.8000       -994.226    -1005.924       11.698   468.9     -0.241      0.254     -0.477     -0.487      0.183     -0.933
888.0000       -995.319    -1007.259       11.940   478.6      0.750      0.487      0.577      0.072     -0.011     -0.184
888.2000       -993.771    -1006.720       12.949   519.1     -0.227     -0.423      0.455     -0.316     -0.250     -0.038
888.4000       -995.664    -1007.364       11.700   469.0     -0.130     -0.025      0.282     -0.082      0.588      0.450
888.6000       -994.897    -1007.310       12.413   497.6      0.900      1.368      0.735     -0.681     -0.302     -0.600
888.8000       -995.266    -1006.792       11.526   462.0      0.085      0.113      0.231      0.013      0.227      0.427
889.0000       -993.201    -1006.378       13.177   528.2     -0.733     -0.531     -0.254      0.252      0.190     -0.220
889.2000       -994.938    -1006.865       11.927   478.1      0.653      0.270      0.189     -0.518     -0.557     -0.453
889.4000       -995.704    -1007.652       11.948   478.9      1.088     -0.414      1.183      0.361      0.009     -0.409
889.6000       -993.853    -1006.479       12.626   506.1     -0.143      1.506      0.309     -0.312     -0.291      0.142
889.8000       -994.055    -1006.628       12.572   504.0     -0.304     -0.598      0.053      0.347      0.248     -0.664
890.0000       -993.179    -1006.672       13.493   540.9     -0.492     -0.069      0.337      0.062     -0.002     -0.350
890.2000       -993.968    -1006.243       12.275   492.0     -0.501     -0.096      0.487     -0.776     -0.252      0.141
890.4000       -992.762    -1005.811       13.049   523.1      0.377      0.943      0.473      0.355     -0.055     -0.111
890.6000       -995.578    -1007.619       12.040   482.6      0.766      1.343      1.040     -0.140     -0.145      0.282
890.8000       -994.138    -1006.772       12.634   506.4      0.655      1.864     -0.085     -0.535     -0.096     -0.720
891.0000       -995.165    -1006.944       11.779   472.2      0.254     -0.282     -0.938     -0.096      0.701     -0.068
891.2000       -994.515    -1007.921       13.406   537.4      0.689      0.523      0.057      0.399      0.062      0.176
891.4000       -995.597    -1007.212       11.615   465.6      0.475      0.136      0.359      0.327     -0.158     -0.196
891.6000       -995.254    -1007.989       12.735   510.5      1.111      0.703      0.779      0.951     -0.075     -0.078
891.8000       -994.016    -1006.357       12.341   494.7      1.701      0.256     -0.046     -0.338     -0.050      0.011
892.0000       -995.723    -1007.900       12.177   488.1     -1.138     -1.225     -0.205     -0.447      0.101      0.282
892.2000       -995.663    -1007.635       11.972   479.9     -0.108      0.107      0.303     -0.200     -0.088      0.784
892.4000       -995.208    -1007.103       11.895   476.8      0.822      0.281      0.343      0.710     -0.205      0.134
892.6000       -995.477    -1007.583       12.106   485.3      0.256     -0.766     -0.264      0.051      0.213     -0.377
892.8000       -993.279    -1006.403       13.124   526.1     -0.080     -0.963      1.040     -0.171      0.021      0.872
893.0000       -994.555    -1007.618       13.063   523.6     -0.492     -0.948     -0.077      0.219     -0.010     -0.681
893.2000       -993.911    -1006.621       12.710   509.5      0.447      0.155      1.352      0.020     -0.539      0.427
893.4000       -992.936    -1005.997       13.060   523.5     -0.053     -2.187     -0.679      0.475      0.190      0.394
893.6000       -993.777    -1006.343       12.566   503.7      0.624      0.737      0.959      0.250     -0.744     -0.628
893.8000       -994.101    -1006.992       12.892   516.8      0.133     -0.440     -0.348     -0.090      0.266     -0.133
894.0000       -994.306    -1007.034       12.728   510.2      0.195      0.324      0.350     -0.586     -0.014     -0.116
894.2000       -994.892    -1007.080       12.188   488.5     -0.695      0.836     -0.568      0.333      0.120     -0.507
894.4000       -993.886    -1007.487       13.601   545.2      0.246     -0.709     -0.704     -0.824     -0.309     -0.588
894.6000       -993.452    -1006.015       12.563   503.6     -0.407      0.153      0.435     -0.354     -0.067     -0.940
894.8000       -994.895    -1006.863       11.968   479.7     -0.549      0.184     -0.375      0.259      0.163     -0.366
895.0000       -994.686    -1007.091       12.405   497.3      0.426     -0.701      0.931     -0.202     -0.147     -0.335
895.2000       -994.897    -1007.293       12.397   496.9     -0.030      0.572      0.488      0.034      0.478      0.432
895.4000       -995.520    -1007.192       11.672   467.9     -0.485     -0.057      0.026      0.218      0.458      0.192
895.6000       -996.506    -1008.486       11.979   480.2     -0.314      0.158     -1.071      0.731     -0.219      0.195
895.8000       -996.419    -1008.649       12.230   490.2     -0.791     -0.048     -0.534      0.004      0.623      0.173
896.0000       -995.938    -1007.400       11.462   459.4     -0.736     -0.105      0.920      0.645     -0.053      0.326
896.2000       -994.451    -1006.162       11.711   469.4      1.072     -0.070     -0.399     -0.664     -0.281      0.086
896.4000       -994.016    -1006.841       12.825   514.1      0.360      0.187     -0.501      0.053     -0.114     -0.167
896.6000       -992.457    -1005.801       13.344   534.9      0.322     -0.028     -0.383      0.346     -0.230      0.010
896.8000       -992.621    -1006.624       14.003   561.3      0.195     -0.192     -0.089      0.196      0.864      0.216
897.0000       -993.059    -1006.832       13.773   552.1      0.192      0.520     -0.138     -0.261     -0.134      0.300
897.2000       -993.769    -1007.502       13.733   550.5      0.978      0.822      1.022      0.883     -0.064      0.034
897.4000       -994.613    -1006.340       11.727   470.1      0.823      0.158      0.258     -0.200      0.155     -0.093
897.6000       -993.805    -1007.036       13.231   530.4      0.723     -0.039      1.975      0.059     -0.864     -0.625
897.8000       -993.079    -1006.042       12.963   519.6     -0.254      1.991      0.381     -0.303      0.269     -0.715
898.0000       -993.542    -1006.133       12.592   504.7      0.190     -0.395     -0.112      0.058      0.100      0.001
898.2000       -993.221    -1005.887       12.666   507.7     -0.048      0.320      1.134      0.065     -0.213      0.434
898.4000       -993.830    -1006.716       12.886   516.5     -0.527     -0.756     -0.122      0.639     -0.306      0.471
898.6000       -994.519    -1007.250       12.731   510.3      0.193     -0.152     -1.054     -0.964      0.612     -0.108
898.8000       -994.958    -1008.180       13.222   530.0      0.921     -0.378      0.430     -0.385     -0.279      0.553
899.0000       -994.675    -1007.208       12.533   502.4      0.832      0.779      0.212     -0.321      0.187     -0.060
899.2000       -995.299    -1007.256       11.957   479.3      0.558     -1.276     -0.696     -0.416      0.835      0.353
899.4000       -994.699    -1008.217       13.518   541.9      1.042      1.046      0.510      0.864     -0.307     -0.332
899.6000       -994.410    -1007.193       12.783   512.4     -0.341      0.128      0.335      0.394      0.113     -0.037
899.8000       -995.610    -1007.483       11.873   475.9     -0.282     -0.425     -0.946      0.634      0.087     -0.207
900.0000       -995.270    -1008.841       13.571   544.0      0.959      0.735      1.028      0.508     -0.033      0.127
900.2000       -995.423    -1007.159       11.736   470.4      0.542      1.656      0.493      0.290      0.659      0.327
900.4000       -996.753    -1009.315       12.562   503.6      0.864      1.067      1.587      0.223      0.722      0.130
900.6000       -995.981    -1008.567       12.587   504.5      0.139     -0.540      0.047     -0.260     -0.163      0.285
900.8000       -995.624    -1007.697       12.073   483.9      1.256      0.378      0.302      0.166     -0.391      0.227
901.0000       -994.090    -1007.075       12.985   520.5     -0.267      0.036      0.137      0.218      0.373     -0.702
901.2000       -993.111    -1006.406       13.295   532.9     -0.448      1.163      0.017      0.090     -0.228     -0.155
901.4000       -993.498    -1005.555       12.057   483.3      0.981      1.129      0.031      0.310     -0.902     -0.379
901.6000       -994.625    -1008.193       13.568   543.9      0.351      0.554     -0.299     -0.635     -0.036     -0.285
901.8000       -995.863    -1009.226       13.363   535.6     -0.420     -0.057     -0.244     -0.183     -0.332      0.195
902.0000       -995.919    -1007.789       11.870   475.8     -0.554     -0.028     -0.523     -0.576      0.054     -0.077
902.2000       -997.059    -1008.783       11.724   470.0      1.010      0.465      0.817     -0.306      0.313      0.154
902.4000       -995.736    -1007.863       12.127   486.1     -1.280      0.854      0.547      0.157      0.113     -0.078
902.6000       -996.154    -1008.619       12.465   499.7      0.442      0.158      0.224      0.293      0.345      0.261
902.8000       -996.283    -1008.352       12.068   483.8      0.508      0.989      1.304     -0.060      0.400     -0.088
903.0000       -995.791    -1008.617       12.825   514.1      0.799      0.300      0.593     -0.393      0.461     -0.367
903.2000       -995.979    -1007.966       11.987   480.5     -0.847     -0.069     -0.707     -0.563      0.472     -0.602
903.4000       -995.629    -1008.435       12.806   513.3      0.751     -0.545     -0.424     -0.073      0.211     -0.250
903.6000       -995.142    -1007.880       12.738   510.6      0.046      0.340      1.017     -0.015      0.327      0.113
903.8000       -995.182    -1007.277       12.095   484.8      0.046     -0.055      0.576      0.481      0.116      0.057
904.0000       -994.753    -1006.690       11.938   478.5     -0.376      1.179      0.752     -0.275      0.191      0.304
904.2000       -994.233    -1007.286       13.053   523.2      0.154      0.195      0.196      0.108     -0.026      0.124
904.4000       -993.598    -1007.242       13.644   546.9     -0.642      0.032     -0.332      0.537      0.359      0.198
904.6000       -994.632    -1007.919       13.288   532.6     -0.103     -0.279      0.126      0.039     -0.014      0.880
904.8000       -995.737    -1007.149       11.412   457.5     -0.233     -0.138     -0.496     -0.585      0.010     -0.120
905.0000       -995.464    -1008.727       13.262   531.6      0.805      0.067      1.717      0.610      0.405     -0.541
905.2000       -993.924    -1006.053       12.130   486.2     -0.265     -0.081     -0.512     -0.277     -0.059      0.325
905.4000       -993.734    -1005.508       11.774   472.0      1.736      1.843      1.300     -0.044      0.245      0.044
905.6000       -995.025    -1007.598       12.573   504.0     -0.314      0.019      0.864      0.575     -0.135     -0.417
905.8000       -994.568    -1007.855       13.288   532.6     -0.011      0.761      0.441     -0.014     -0.409     -0.074
906.0000       -996.713    -1009.313       12.600   505.1     -0.475     -0.033      0.789      0.007      0.162      0.071
906.2000       -995.847    -1008.352       12.506   501.3      0.096      0.933      0.287     -0.073      0.373     -0.042
906.4000       -995.882    -1007.788       11.907   477.3      0.768      0.109      0.135     -0.664     -0.109     -0.375
906.6000       -996.260    -1008.953       12.693   508.8     -0.349     -0.178      0.338      0.121     -0.118      0.428
906.8000       -994.881    -1008.221       13.340   534.7      0.666     -0.473      0.397      0.170     -0.349      0.602
907.0000       -995.119    -1007.934       12.815   513.7      0.202      0.082      0.138      0.065      0.408     -0.022
907.2000       -994.334    -1006.990       12.656   507.3      0.728      0.397      1.040      0.354      0.229      0.330
907.4000       -994.892    -1006.881       11.988   480.6      0.463      0.112      0.666     -0.083     -0.025      0.034
907.6000       -996.125    -1007.950       11.825   474.0      0.562      0.696      0.362     -0.318      0.561     -0.010
907.8000       -995.705    -1007.341       11.637   466.4      0.070     -0.459      0.862      0.213      0.113     -0.092
908.0000       -997.327    -1008.770       11.443   458.7     -0.209     -0.224      0.560      0.520     -0.219      0.351
908.2000       -996.592    -1007.975       11.383   456.3      1.021     -0.138      0.793      0.067     -0.243     -0.113
908.4000       -995.288    -1006.841       11.553   463.1      1.532      0.214     -0.389     -0.160     -0.497     -0.152
908.6000       -993.858    -1005.890       12.032   482.3      2.005     -0.876     -0.456     -0.686      0.014      0.125
908.8000       -994.439    -1007.304       12.865   515.7      0.927      0.451      0.540     -0.236     -0.026      0.396
909.0000       -995.322    -1008.049       12.727   510.2     -0.241      0.124     -0.343     -0.184     -0.031     -0.068
909.2000       -995.346    -1006.976       11.629   466.2      0.028      0.366      0.231     -0.678     -0.193      0.072
909.4000       -995.083    -1007.999       12.916   517.7      1.367      1.493      1.291      0.291      0.255     -0.033
909.6000       -994.818    -1007.104       12.285   492.4      0.631     -0.503     -1.289     -0.058     -0.276      0.668
909.8000       -994.692    -1007.518       12.826   514.1      0.300     -0.107      1.313      0.773     -0.271      0.103
910.0000       -994.461    -1006.865       12.404   497.2     -0.262     -0.826     -1.299      0.019      0.041      0.146
910.2000       -994.766    -1007.919       13.152   527.2     -0.234      0.451      0.353     -0.232     -0.035     -0.571
910.4000       -994.944    -1006.900       11.956   479.2     -0.383      0.113      1.145     -0.504      0.131      0.237
910.6000       -994.900    -1007.205       12.305   493.3      1.025     -0.087     -0.506      0.297      0.209      0.647
910.8000       -995.046    -1006.787       11.741   470.6      0.683     -0.052      0.798     -0.172     -0.705     -0.184
911.0000       -996.079    -1007.701       11.622   465.9     -0.648      0.308     -0.361     -0.285      0.405     -0.214
911.2000       -995.807    -1007.731       11.924   478.0      1.216     -0.373     -0.024      0.457     -0.350     -0.536
911.4000       -993.942    -1007.469       13.527   542.2      0.245      0.532      0.363     -0.150     -0.098      0.232
911.6000       -994.392    -1006.656       12.264   491.6     -0.234      0.153      0.469      0.382     -0.379     -0.266
911.8000       -993.965    -1006.617       12.653   507.2     -1.047      0.186     -0.637     -0.334      0.236      0.214
912.0000       -994.947    -1007.686       12.738   510.6      0.172      0.494      0.159     -0.284      0.301     -0.225
912.2000       -995.024    -1007.578       12.554   503.2      1.592      0.532      1.000     -0.162     -0.135     -0.337
912.4000       -995.111    -1007.368       12.257   491.3      1.163      1.133      0.592     -0.267     -0.107      0.180
912.6000       -994.216    -1006.447       12.231   490.3      1.437      0.875      0.717     -0.503      0.387      0.009
912.8000       -994.669    -1006.566       11.897   476.9      0.951     -0.169      0.522     -0.303      0.315     -0.269
913.0000       -994.514    -1006.538       12.024   482.0     -0.270      0.358      1.136      0.021     -0.169      0.145
913.2000       -994.658    -1006.272       11.614   465.5      0.236      1.623      0.261      0.290      0.006      0.477
913.4000       -994.644    -1007.464       12.820   513.9      0.885     -0.215      0.115      0.302      0.692      0.495
913.6000       -993.213    -1006.650       13.436   538.6     -0.672      1.138      0.988      0.182      0.661      0.682
913.8000       -995.327    -1008.519       13.192   528.8      0.253     -0.627     -0.450     -0.013      0.838     -0.199
914.0000       -996.323    -1008.374       12.051   483.1     -0.221      0.701     -0.573      0.490     -0.038     -0.605
914.2000       -996.665    -1008.800       12.135   486.4     -1.171      0.071      0.498      0.600      0.498     -0.429
914.4000       -995.390    -1007.602       12.213   489.5     -0.279     -0.005      0.306      0.020      0.125     -0.182
914.6000       -993.579    -1005.925       12.346   494.9      1.191     -0.006      0.888     -0.478     -0.307      0.387
914.8000       -993.663    -1006.098       12.435   498.4      0.964      0.431      1.336      0.780     -0.135      0.151
915.0000       -992.564    -1006.429       13.865   555.8     -0.184      0.236     -0.800     -0.263      0.811      0.608
915.2000       -991.789    -1005.287       13.498   541.1     -0.145     -0.337      0.364      0.341      0.033     -0.495
915.4000       -991.646    -1005.889       14.243   570.9     -0.803      0.108     -0.481     -0.103      0.062      0.350
915.6000       -992.564    -1006.269       13.705   549.4      0.679      0.465      0.825     -0.005      0.030     -0.166
915.8000       -993.147    -1006.674       13.527   542.2      0.296      0.728      0.650     -0.268     -0.027     -0.195
916.0000       -994.131    -1006.719       12.588   504.6      0.016      0.029     -0.743     -0.223      0.279      0.158
916.2000       -993.415    -1007.067       13.652   547.2      0.548     -0.107     -0.164      0.061     -0.169     -0.274
916.4000       -994.438    -1007.163       12.724   510.1      0.325      0.571     -0.521     -0.262     -0.079     -0.130
916.6000       -994.140    -1006.938       12.798   513.0     -0.208      0.330      0.351      0.036      0.819      0.185
916.8000       -994.728    -1006.578       11.851   475.0     -0.098     -0.147     -0.683     -0.671      0.424     -0.043
917.0000       -994.127    -1007.128       13.001   521.2     -0.369      0.341      0.262      0.551     -0.293     -0.193
917.2000       -993.819    -1007.190       13.371   536.0      0.225     -0.007     -1.041     -0.219      0.195     -0.220
917.4000       -992.163    -1004.516       12.353   495.2      0.011      0.928      0.772      0.050      0.605      0.243
917.6000       -993.321    -1006.341       13.021   521.9      1.178      1.019      1.739      0.071     -0.108     -0.044
917.8000       -993.018    -1006.582       13.564   543.7     -1.249     -1.198     -1.085      0.036      0.468      0.143
918.0000       -993.948    -1006.653       12.705   509.3     -0.092      0.598     -0.256      0.490      0.364      0.095
918.2000       -994.315    -1008.195       13.880   556.4      0.517      0.499     -0.181     -1.234      0.239      0.004
918.4000       -993.580    -1006.875       13.295   532.9      0.436     -0.259     -0.377      0.258     -0.305     -0.280
918.6000       -995.021    -1007.425       12.404   497.2      0.328     -0.304      0.719     -0.255      0.207     -0.769
918.8000       -995.289    -1007.069       11.780   472.2      0.697     -0.107      0.660      0.174      0.208      0.111
919.0000       -994.964    -1007.868       12.904   517.3     -0.124     -0.016     -0.008      0.069     -0.116     -0.110
919.2000       -994.501    -1006.462       11.961   479.5     -0.244      0.737      0.335     -0.032      0.480      0.444
919.4000       -993.496    -1005.879       12.383   496.4      0.348      0.167      1.795     -0.700      0.469     -0.825
919.6000       -993.385    -1006.198       12.813   513.6      0.976      0.905      1.000     -0.219     -1.035      0.529
919.8000       -994.115    -1006.797       12.682   508.4     -0.816     -0.045     -0.100      0.686      0.288     -0.608
920.0000       -994.631    -1007.330       12.698   509.0      0.684     -0.522     -0.050      0.246     -0.251     -0.432
920.2000       -995.259    -1007.616       12.356   495.3      0.556      0.265      0.075      0.162     -0.013     -0.310
920.4000       -995.437    -1007.691       12.254   491.2      0.644     -0.867      0.205     -0.141      0.041     -0.024
920.6000       -995.026    -1008.099       13.073   524.0     -1.349      0.081     -0.720      0.263      0.163      0.266
920.8000       -996.088    -1007.457       11.369   455.7      0.235      0.201      0.649      0.172     -0.010     -0.632
921.0000       -996.193    -1007.997       11.804   473.2     -0.473     -0.283      0.144      0.226      0.129     -0.890
921.2000       -995.991    -1007.721       11.731   470.2      1.491      0.699      0.519     -0.842      0.704     -0.410
921.4000       -994.373    -1007.207       12.834   514.4      0.930     -1.384      0.113     -0.486      0.427     -0.879
921.6000       -994.951    -1007.355       12.405   497.2      1.349      0.192      0.665      0.204     -0.220     -0.609
921.8000       -993.897    -1007.053       13.155   527.3      1.025     -0.327      0.205     -0.232     -0.008      0.293
922.0000       -993.802    -1006.998       13.196   529.0      0.344      1.530      0.507     -0.053     -0.251      0.298
922.2000       -994.933    -1006.981       12.048   482.9     -0.167     -0.092      1.009     -0.974      0.135     -0.082
922.4000       -994.863    -1007.222       12.359   495.4     -0.131      0.471     -0.406      0.274     -1.050      0.001
922.6000       -993.407    -1006.070       12.664   507.6     -0.341     -0.154      0.053      0.045     -0.170     -0.131
922.8000       -993.526    -1006.188       12.663   507.6      0.034      0.782      0.343      0.060      0.438      0.477
923.0000       -993.145    -1005.476       12.331   494.3      0.299      1.162     -0.219      0.189     -0.402     -0.011
923.2000       -993.642    -1006.063       12.421   497.9      1.019      0.442      0.221     -0.284      0.184     -0.049
923.4000       -993.943    -1006.622       12.679   508.2      0.450     -1.524      0.647      0.694     -0.720     -0.118
923.6000       -995.721    -1007.411       11.690   468.6      0.502      0.568      0.332     -0.567      0.311      0.176
923.8000       -993.776    -1007.136       13.360   535.5     -0.328      0.617      0.439      0.207      0.533      0.531
924.0000       -994.628    -1006.896       12.268   491.8     -0.154      0.326      1.036     -0.181      0.364     -0.298
924.2000       -993.242    -1006.524       13.282   532.4     -1.387     -1.007     -0.242      0.162      0.693     -0.077
924.4000       -994.039    -1006.119       12.080   484.2      0.545     -0.118      1.175     -0.385      0.357     -0.130
924.6000       -993.996    -1007.111       13.114   525.7      0.856     -0.034     -0.243     -0.055      0.193     -0.092
924.8000       -993.554    -1006.405       12.851   515.1     -0.213      0.094      0.326     -0.108      0.210     -0.701
925.0000       -993.938    -1006.872       12.934   518.5      0.385     -1.628     -0.072     -0.382      0.738      0.308
925.2000       -995.534    -1007.835       12.302   493.1      0.475      1.082      0.142      1.000      0.481      0.411
925.4000       -996.312    -1008.367       12.055   483.2     -0.368      0.373     -0.307      0.521     -0.068      0.179
925.6000       -996.094    -1008.147       12.053   483.1      1.479     -0.204      0.132     -0.187     -0.214      0.321
925.8000       -996.700    -1007.888       11.188   448.5      0.799      0.651     -0.630     -0.240      0.208      0.431
926.0000       -995.947    -1007.769       11.822   473.9      0.152     -0.999      0.179     -0.060     -0.094      0.211
926.2000       -996.033    -1008.146       12.113   485.5      0.946      0.730      1.019      0.604     -0.375     -0.025
926.4000       -995.994    -1007.438       11.444   458.7     -0.355     -0.157      0.308     -0.378     -0.004     -0.073
926.6000       -994.873    -1007.247       12.375   496.0     -0.494     -0.784      0.382     -0.331     -0.330     -0.050
926.8000       -994.489    -1006.833       12.344   494.8     -0.005     -0.039     -0.672     -0.286      0.256      0.366
927.0000       -994.425    -1006.409       11.984   480.4      0.457      0.557      0.280     -0.093     -0.411      0.155
927.2000       -994.953    -1008.271       13.319   533.9      0.643     -0.237      0.314     -0.722      0.374      0.573
927.4000       -995.756    -1008.136       12.380   496.3     -0.523     -0.310     -0.234      0.078      0.491     -0.333
927.6000       -994.170    -1007.294       13.123   526.1      2.588      1.249      0.809      0.219     -0.288     -0.554
927.8000       -994.461    -1006.302       11.841   474.6     -0.316      0.460      1.601     -0.359      0.527      0.249
928.0000       -994.917    -1006.973       12.056   483.3     -0.487     -0.395      1.446     -0.114      0.067      0.037
928.2000       -995.692    -1008.164       12.472   499.9      0.022     -0.138      0.459      0.130     -0.529      0.536
928.4000       -995.448    -1006.911       11.463   459.5      0.305     -1.908     -0.293      0.563      0.449      0.022
928.6000       -995.081    -1007.649       12.568   503.8     -0.225      0.071     -0.222     -0.473      0.320      0.140
928.8000       -994.139    -1006.704       12.565   503.7      0.007     -0.157      0.118      0.740      0.800      1.016
929.0000       -993.895    -1007.394       13.499   541.1     -0.121      0.430     -0.075     -0.036      0.406      0.204
929.2000       -995.629    -1009.139       13.510   541.6      0.438      0.326      0.052      0.129     -0.269      0.704
929.4000       -994.832    -1007.526       12.694   508.8      0.162      0.702      1.079      0.501      0.441      0.892
929.6000       -996.528    -1008.942       12.414   497.6      0.189      0.160     -1.088     -0.279      0.107      0.002
929.8000       -995.428    -1007.558       12.130   486.2     -0.790     -1.216      0.066      0.187     -0.415     -0.667
930.0000       -994.113    -1007.677       13.564   543.7      0.797      0.817      0.654      0.152     -0.434     -0.749
930.2000       -996.590    -1008.163       11.574   463.9      0.899      0.990     -0.560      0.394      0.467     -0.040
930.4000       -997.582    -1009.651       12.070   483.8      0.663     -0.283      0.533      0.146      0.363     -0.057
930.6000       -997.844    -1008.230       10.386   416.3      0.359      0.769      0.961      0.057     -0.252      0.113
930.8000       -995.756    -1008.078       12.321   493.9      1.085     -0.018     -1.063     -0.111      0.082     -0.247
931.0000       -995.926    -1007.090       11.164   447.5      0.036      0.890      0.882      0.076      0.352      0.327
931.2000       -996.044    -1007.390       11.346   454.8     -1.049      0.128      0.486     -0.489      0.015      0.603
931.4000       -996.293    -1008.624       12.331   494.3      0.892      1.503      0.300     -0.240     -0.435      0.152
931.6000       -994.785    -1007.131       12.347   494.9      0.930     -1.204      0.311      0.507     -0.300     -0.047
931.8000       -995.040    -1007.520       12.480   500.2     -0.410      0.913      0.015     -0.002      0.473      0.750
932.0000       -996.016    -1007.123       11.107   445.2      0.726     -0.386     -0.052      0.118     -0.115      0.431
932.2000       -996.132    -1007.342       11.209   449.3      1.099      0.452      0.453     -0.028     -0.326     -0.917
932.4000       -996.283    -1007.496       11.213   449.5     -0.340     -0.124     -0.054     -0.421      0.580      0.114
932.6000       -995.444    -1007.336       11.892   476.7     -0.111     -0.178     -0.120      0.716      0.464      0.603
932.8000       -995.634    -1008.357       12.723   510.0      0.896      0.571     -0.095     -0.233     -0.489      0.496
933.0000       -996.333    -1009.057       12.725   510.1      0.527      1.311      1.042      0.230      0.154     -0.122
933.2000       -995.339    -1007.744       12.405   497.2      0.394     -0.868     -1.305      0.178     -0.081     -0.047
933.4000       -994.210    -1006.493       12.284   492.4     -0.101      0.474     -0.059      0.041      0.102      0.105
933.6000       -994.824    -1006.193       11.370   455.8     -0.018      0.631      0.084     -0.529      0.526     -0.462
933.8000       -996.240    -1008.232       11.992   480.7      0.262      0.167      0.649     -0.639      0.188     -0.294
934.0000       -996.510    -1008.740       12.230   490.2     -1.278      0.733      0.078     -0.308      0.160      0.868
934.2000       -997.370    -1008.853       11.482   460.3     -0.094     -0.611      0.485      0.566      0.357      0.027
934.4000       -998.783    -1009.906       11.123   445.8      0.894     -0.718     -0.588     -0.297     -0.004     -0.263
934.6000       -997.520    -1009.326       11.807   473.3      1.185      0.155     -0.148      0.630      0.013     -0.176
934.8000       -995.809    -1007.625       11.816   473.6      0.135      0.046     -0.718     -0.013      0.197      0.171
935.0000       -996.209    -1009.223       13.013   521.6     -1.144     -0.065     -0.373      0.110      0.586      0.525
935.2000       -996.649    -1008.020       11.371   455.8     -0.426     -0.621      0.172      0.249     -0.137      0.053
935.4000       -994.547    -1006.412       11.865   475.6     -0.112      0.675     -0.150      0.377     -0.375      0.640
935.6000       -995.116    -1007.593       12.476   500.1     -0.447     -0.084     -0.634      0.172     -0.037     -0.631
935.8000       -994.864    -1007.687       12.823   514.0     -0.124      0.587     -0.200     -0.069      0.844      0.606
936.0000       -993.798    -1006.948       13.150   527.1      0.226      0.916     -0.019      0.114     -0.494     -0.659
936.2000       -994.173    -1007.664       13.491   540.8     -0.218     -0.095     -0.157     -0.542      0.003      0.046
936.4000       -994.585    -1006.954       12.369   495.8      0.882      0.067      0.990      0.475      0.101     -0.712
936.6000       -994.626    -1006.383       11.757   471.3      1.109     -0.851     -0.421      0.118      0.288      0.596
936.8000       -995.024    -1007.277       12.253   491.2      0.121      1.640     -0.188     -0.237     -0.350      0.494
937.0000       -994.925    -1007.128       12.203   489.2     -0.102     -0.358     -0.686     -0.270      0.329      0.000
937.2000       -996.222    -1007.551       11.330   454.1     -0.366     -0.325     -1.103     -0.049      0.226     -0.580
937.4000       -994.411    -1007.495       13.084   524.5      0.480      0.290      0.589     -0.709      0.016      0.615
937.6000       -995.794    -1007.683       11.889   476.6      1.103     -1.793     -0.378     -0.467     -0.357     -0.163
937.8000       -995.935    -1007.154       11.219   449.7      0.293     -0.231     -0.752      0.711      0.195     -0.229
938.0000       -994.543    -1006.976       12.433   498.4     -0.467      0.917     -0.394     -0.096      0.094      0.308
938.2000       -993.359    -1005.614       12.255   491.2      0.475      0.380      0.311      0.167      0.464     -0.632
938.4000       -992.438    -1006.215       13.777   552.2     -1.048     -0.311     -0.548      0.884     -0.156      0.370
938.6000       -991.476    -1004.609       13.132   526.4      0.989      0.293      0.815      0.559      0.518      0.616
938.8000       -991.675    -1005.338       13.662   547.6      1.580      0.918      0.955      0.390     -0.593     -0.368
939.0000       -994.602    -1006.795       12.193   488.7     -0.668     -0.429      0.581     -0.231      0.386      0.478
939.2000       -994.326    -1007.774       13.447   539.0      0.398     -0.774      0.516      0.102     -0.818      0.169
939.4000       -995.431    -1007.144       11.713   469.5      0.252      0.503     -0.560     -0.092      0.373      0.379
939.6000       -995.729    -1007.461       11.732   470.3      0.945      0.820      0.954     -0.340     -0.202     -0.366
939.8000       -995.000    -1007.307       12.307   493.3     -0.082      0.474      0.473     -0.162      0.470      0.324
940.0000       -996.619    -1007.938       11.319   453.7      0.702      1.169     -0.170     -0.272      0.020     -0.241
940.2000       -996.153    -1007.255       11.102   445.0     -0.026      0.151      0.073      0.457      0.055     -0.334
940.4000       -996.050    -1007.757       11.707   469.3     -0.224     -0.555      0.443     -0.525      0.100      0.166
940.6000       -996.543    -1008.551       12.008   481.3      0.193      0.411      0.857      0.232     -0.424      0.232
940.8000       -996.447    -1007.968       11.520   461.8     -0.186     -1.010     -0.508      0.622      0.383      0.094
941.0000       -995.979    -1008.757       12.778   512.2      0.960      0.321      1.335      0.397     -0.373      0.187
941.2000       -995.862    -1008.034       12.172   487.9      1.606      0.687      1.135     -0.292      0.176     -0.234
941.4000       -995.044    -1006.947       11.903   477.1     -0.280     -0.201      0.325     -0.013     -0.043     -0.103
941.6000       -995.581    -1007.410       11.829   474.2      0.375     -0.926     -0.116      0.575      0.133     -0.159
941.8000       -994.500    -1006.456       11.956   479.3      0.316      0.291      0.339      0.030     -0.416     -0.197
942.0000       -993.701    -1006.969       13.268   531.8     -0.202      0.014     -0.688     -0.085     -0.229     -0.168
942.2000       -994.345    -1007.272       12.927   518.2     -0.075      1.039      0.439     -0.501     -0.792     -0.261
942.4000       -994.284    -1007.449       13.164   527.7      0.380      0.100      0.816      0.147      0.602     -0.227
942.6000       -994.335    -1006.607       12.273   491.9      0.160     -0.486      1.159     -0.413     -0.061     -0.478
942.8000       -993.910    -1007.966       14.055   563.4      0.254      0.228      0.423      0.168      0.348     -0.358
943.0000       -992.692    -1006.001       13.309   533.5      1.442     -0.073      0.637      0.324      0.792     -0.053
943.2000       -993.553    -1006.555       13.002   521.2      1.233      0.306     -0.482     -0.630      0.525      0.564
943.4000       -994.856    -1007.048       12.192   488.7     -0.069      0.373      0.482     -0.250      0.493      0.218
943.6000       -993.983    -1006.739       12.756   511.3      0.676     -0.137     -0.308      0.663     -0.532      0.451
943.8000       -992.064    -1006.200       14.136   566.6      1.467      0.204      0.235     -0.249      0.232     -0.717
944.0000       -991.394    -1004.677       13.283   532.4      1.501      0.368     -0.128     -0.286      0.172      0.144
944.2000       -993.297    -1005.433       12.136   486.5     -0.700     -0.388     -1.049     -0.263     -0.265     -0.164
944.4000       -993.476    -1007.806       14.330   574.4      0.540      0.688     -0.280      0.362      0.290     -0.266
944.6000       -993.359    -1007.440       14.080   564.4     -0.027      0.485     -0.244     -0.273      0.364     -0.417
944.8000       -994.255    -1007.127       12.873   516.0     -0.678     -0.063     -0.524      0.741     -0.137     -0.681
945.0000       -995.001    -1007.187       12.185   488.4     -0.208      0.329      0.547      0.117      0.859      0.489
945.2000       -994.391    -1007.090       12.699   509.1      1.825      0.141      0.696     -0.825     -0.297     -0.466
945.4000       -994.734    -1007.673       12.939   518.7      0.430      0.204      1.137      0.172      0.126     -0.477
945.6000       -993.432    -1005.145       11.713   469.5      0.270      0.903      0.853     -0.345      0.307     -0.078
945.8000       -995.065    -1007.595       12.529   502.2      0.632      0.795      1.796      0.398      0.021      0.132
946.0000       -995.804    -1008.378       12.574   504.0      0.256     -0.685     -0.488      0.142      0.475      0.612
946.2000       -994.286    -1007.021       12.735   510.5     -0.304      0.312      1.074      0.531     -0.144     -0.019
946.4000       -994.505    -1007.192       12.686   508.5     -0.355      0.228      0.347     -0.424      0.436      0.010
946.6000       -995.089    -1007.703       12.613   505.6     -0.113      0.317      0.265     -0.102     -0.604      0.133
946.8000       -994.379    -1006.458       12.078   484.2     -0.653      0.286     -0.204     -0.218      0.120     -0.023
947.0000       -995.069    -1006.858       11.789   472.5      0.616      0.724      0.413     -0.106     -0.378      0.028
947.2000       -994.592    -1007.038       12.445   498.9      1.277      0.626      1.352     -0.490      0.530     -0.697
947.4000       -996.207    -1008.702       12.495   500.9      0.382      0.647     -0.009     -0.199     -0.960      0.479
947.6000       -995.934    -1008.845       12.911   517.5      0.586     -0.379      0.119     -0.078      0.167     -0.071
947.8000       -996.172    -1007.500       11.328   454.1     -0.051      0.784      1.435     -0.155      0.154     -0.426
948.0000       -994.718    -1007.543       12.825   514.1      0.391      0.125     -0.795      0.128      0.622     -0.267
948.2000       -994.815    -1006.259       11.444   458.7      0.108      1.598      0.240      0.463     -0.289      0.554
948.4000       -993.145    -1007.352       14.207   569.5      1.130      0.748     -0.438     -0.233     -0.218      0.300
948.6000       -993.482    -1007.148       13.666   547.8      0.428      0.174      0.178     -0.229     -0.151     -0.138
948.8000       -993.290    -1005.941       12.651   507.1      0.697      0.450      1.080      0.040     -0.171     -0.133
949.0000       -994.180    -1006.956       12.776   512.1      0.198     -0.269     -0.467      0.078      0.576     -0.542
949.2000       -994.314    -1007.252       12.939   518.6      0.235      0.726      0.898     -0.047     -0.079     -0.416
949.4000       -994.089    -1007.451       13.362   535.6      0.609      0.005      1.088     -0.818      0.192      0.025
949.6000       -995.924    -1008.056       12.133   486.3      0.078     -0.588      0.041      0.221      0.146      0.233
949.8000       -995.926    -1007.480       11.554   463.1      0.436     -1.452     -1.001      0.048      0.627     -0.123
950.0000       -996.241    -1008.065       11.824   473.9      1.017     -0.484      1.917      0.049     -0.140     -0.763
950.2000       -996.906    -1008.826       11.920   477.8      0.116     -0.386      0.006     -0.102     -0.704     -0.529
950.4000       -995.832    -1007.919       12.087   484.5      1.395      0.030      1.247     -0.157      1.049     -0.271
950.6000       -995.353    -1007.231       11.878   476.1      0.439      0.201      0.067      0.018     -0.036     -0.180
950.8000       -994.576    -1006.990       12.413   497.6     -0.065      0.200     -0.378      1.079     -0.007      0.776
951.0000       -995.151    -1006.987       11.836   474.4      0.353      0.062      0.099     -0.053      0.104      0.398
951.2000       -994.175    -1006.422       12.247   490.9      0.518      0.679      0.573      0.534     -0.371      0.818
951.4000       -995.787    -1007.310       11.523   461.9      1.228      0.389      0.324      0.673      0.198      0.022
951.6000       -993.643    -1006.293       12.650   507.1      0.625      0.470     -0.191     -0.475      0.215      0.356
951.8000       -994.576    -1007.510       12.934   518.5     -0.434      0.849     -1.459     -0.098      0.348      0.291
952.0000       -995.496    -1007.777       12.281   492.3     -1.322      1.067      1.524     -0.094      0.147      0.327
952.2000       -996.991    -1007.607       10.616   425.5      0.821      1.064      1.658      0.656     -1.006      0.095
952.4000       -996.873    -1008.648       11.775   472.0     -0.367     -0.039     -0.119     -0.114      0.638      0.017
952.6000       -995.648    -1008.158       12.509   501.4     -0.519     -1.746     -0.382     -0.198     -0.839      0.050
952.8000       -994.819    -1007.006       12.187   488.5      0.443     -0.406      1.674     -0.072      0.197      0.613
953.0000       -995.558    -1008.172       12.614   505.6     -0.345      0.403     -0.172     -0.190     -0.220     -0.148
953.2000       -996.251    -1008.839       12.589   504.6     -0.420      1.214     -0.718     -0.260      0.231      0.189
953.4000       -996.091    -1007.113       11.022   441.8      0.199      0.171      1.368      0.539     -0.184     -0.356
953.6000       -994.464    -1007.033       12.569   503.8     -0.580      0.026      0.431      0.072     -0.027     -0.190
953.8000       -995.634    -1007.404       11.770   471.8      1.290      0.717      0.978     -0.311     -0.056     -0.557
954.0000       -994.420    -1007.566       13.147   527.0      0.082      0.077      0.290      0.742      0.467      0.087
954.2000       -995.569    -1006.368       10.798   432.8     -1.347     -0.814     -0.098     -0.936      0.394      0.114
954.4000       -995.165    -1006.578       11.414   457.5     -0.595     -0.668     -0.520     -0.339     -0.232     -0.257
954.6000       -995.568    -1006.997       11.429   458.1     -1.354     -0.005      0.291     -0.444      0.100     -0.198
954.8000       -995.542    -1008.249       12.707   509.4     -0.522      0.513      0.043     -0.161     -0.418      0.656
955.0000       -993.572    -1006.778       13.205   529.3     -1.769     -2.377     -1.034     -0.110      0.126      0.229
955.2000       -994.279    -1007.275       12.996   520.9      0.794     -0.038      1.303     -0.726     -0.312     -0.013
955.4000       -994.030    -1006.890       12.861   515.5      1.012      1.063      1.306     -0.230      0.031     -0.201
955.6000       -994.831    -1007.018       12.186   488.5      0.176     -0.495     -0.444      0.333      0.156     -0.185
955.8000       -993.599    -1005.604       12.005   481.2      0.330      0.725      1.282      0.443      0.174      0.121
956.0000       -994.113    -1007.155       13.042   522.8     -0.079      0.074      0.439      0.536     -0.162      0.955
956.2000       -995.483    -1007.726       12.243   490.7      0.082      0.023     -0.231     -0.619     -0.649     -0.365
956.4000       -995.313    -1007.201       11.888   476.5      1.186      0.942      0.851      0.464      0.135      0.304
956.6000       -995.591    -1007.461       11.870   475.8     -0.276      1.059      0.160     -0.040      0.344     -0.156
956.8000       -993.986    -1005.743       11.757   471.3      0.610      1.170     -0.158      0.191      0.272      0.260
957.0000       -994.863    -1007.598       12.735   510.5      0.618      1.016      0.751     -0.083      0.031      0.113
957.2000       -994.355    -1007.200       12.845   514.9      0.563      0.804      0.526      0.175     -0.294     -0.166
957.4000       -994.201    -1006.831       12.630   506.3     -0.545      0.915      0.601      0.108     -0.204     -0.130
957.6000       -993.905    -1007.131       13.226   530.2      0.259     -0.391     -0.698      0.687      0.329      0.462
957.8000       -994.571    -1007.812       13.241   530.8     -0.487      0.904     -0.146      0.010      0.312     -0.617
958.0000       -995.444    -1007.772       12.328   494.2      1.801      1.112      0.726     -0.390     -0.262      0.262
958.2000       -995.007    -1007.134       12.127   486.1     -0.337      0.508      0.597      0.972     -0.131     -0.114
958.4000       -995.132    -1007.461       12.329   494.2      0.907      0.774      0.533      0.592     -0.628     -0.003
958.6000       -994.769    -1007.173       12.405   497.2      0.171      0.253     -0.620     -0.094     -0.210     -0.275
958.8000       -994.205    -1006.527       12.321   493.9     -0.391      0.232      0.725     -0.325      0.499      0.094
959.0000       -994.529    -1007.605       13.077   524.2      1.373     -0.317      1.018     -0.420     -0.387     -0.374
959.2000       -994.738    -1007.687       12.949   519.1      1.009      0.458      0.297     -0.271      1.363     -0.571
959.4000       -994.160    -1006.907       12.747   510.9      0.042      0.031      0.814     -0.130      0.558     -0.796
959.6000       -993.917    -1007.038       13.121   525.9     -0.732      0.079      0.822      0.660     -0.063      0.252
959.8000       -993.503    -1006.631       13.129   526.3      1.318     -0.149      1.799      0.203     -0.010      0.518
960.0000       -995.504    -1007.609       12.105   485.2      0.479      1.084     -0.136      0.162      0.540     -0.993
960.2000       -994.012    -1007.622       13.610   545.6      0.910      0.525     -0.917     -0.012     -1.487      0.712
960.4000       -994.729    -1007.210       12.480   500.3      0.187     -0.362      0.411      0.407      0.553     -0.075
960.6000       -995.471    -1007.769       12.299   493.0      0.127     -0.740      0.923      0.332     -0.547     -0.703
960.8000       -995.899    -1008.186       12.287   492.5      0.316     -0.921      0.467      0.114     -0.154     -0.259
961.0000       -994.972    -1007.836       12.865   515.7      0.154      0.448      0.009     -0.811     -0.012      0.400
961.2000       -994.349    -1007.264       12.915   517.7     -0.018     -1.530      0.418     -0.650     -0.118      0.065
961.4000       -994.241    -1007.573       13.332   534.4      0.876      0.858     -0.176     -0.414     -0.605     -0.174
961.6000       -994.974    -1006.972       11.998   481.0      1.206      0.258      1.542     -0.214      0.457     -0.040
961.8000       -993.955    -1006.785       12.830   514.3     -0.108     -0.017     -0.200      0.521      0.193     -0.305
962.0000       -993.401    -1005.998       12.597   505.0      0.682      1.315      0.430     -0.193     -0.529     -0.138
962.2000       -993.649    -1006.882       13.234   530.5      0.847      1.453      1.630     -0.296      0.747      0.527
962.4000       -994.136    -1006.065       11.928   478.1      0.177      1.090     -0.610     -0.473      0.040     -0.357
962.6000       -993.080    -1006.711       13.630   546.4      0.231      0.017      1.190      0.364      0.373      0.368
962.8000       -994.461    -1005.943       11.482   460.2      1.495      1.489      1.093      0.144      0.595      0.389
963.0000       -994.647    -1006.506       11.859   475.3     -0.672     -1.053      1.433     -0.237     -0.094      0.324
963.2000       -994.658    -1006.899       12.241   490.7      1.146      0.133      0.961      0.572      0.387      0.336
963.4000       -994.728    -1007.869       13.142   526.8      0.324      0.241     -0.822      0.139      0.290     -0.650
963.6000       -994.675    -1006.887       12.212   489.5     -0.385     -1.273      0.206      0.173      0.283     -0.040
963.8000       -994.324    -1006.674       12.350   495.0      0.689     -0.711     -0.498      0.218     -0.201      0.275
964.0000       -994.487    -1007.789       13.302   533.2     -0.030     -1.245     -0.079     -1.258     -0.220     -0.407
964.2000       -995.050    -1007.606       12.556   503.3      0.343      1.520      0.291      0.173     -0.140     -0.954
964.4000       -995.870    -1008.005       12.135   486.4      0.773      0.880     -0.712     -0.400     -0.098     -0.056
964.6000       -996.995    -1007.758       10.762   431.4      0.471      0.331     -0.196      0.391     -0.521     -0.446
964.8000       -997.732    -1009.297       11.566   463.6     -0.144      0.353      0.442     -0.121     -0.063      0.346
965.0000       -997.106    -1008.722       11.616   465.6     -0.137      0.520      0.626      0.295     -0.118      0.972
965.2000       -996.658    -1009.037       12.379   496.2     -0.817     -0.160     -0.537      0.533     -0.097      0.613
965.4000       -995.426    -1008.382       12.956   519.3     -0.095     -0.245      0.902      0.193     -0.207     -0.794
965.6000       -995.699    -1007.531       11.832   474.3      0.832      0.111      1.489      0.192     -0.185      0.147
965.8000       -996.183    -1008.587       12.404   497.2      0.688      0.072     -0.790     -0.459      0.311     -0.098
966.0000       -994.776    -1006.878       12.102   485.1     -0.314      0.668      0.926     -0.336     -0.394     -0.003
966.2000       -995.091    -1006.925       11.834   474.3      0.868      1.195      1.440      0.012      0.104      0.553
966.4000       -994.600    -1007.715       13.115   525.7     -1.922     -0.636     -0.120      0.097     -0.009     -0.009
966.6000       -994.410    -1008.977       14.566   583.9      0.603      0.004      0.626      0.533     -0.062      0.928
966.8000       -995.222    -1007.594       12.371   495.9      0.345      1.290      0.561      0.308      0.176     -0.188
967.0000       -995.454    -1007.267       11.813   473.5     -1.214     -0.070     -0.776      0.151     -0.038      0.534
967.2000       -994.564    -1008.755       14.191   568.8     -0.461     -0.242     -0.410      0.458      0.303      0.560
967.4000       -995.700    -1006.933       11.233   450.3      0.141     -0.542     -0.437     -0.212      0.212     -0.187
967.6000       -996.303    -1008.347       12.044   482.8      0.734      0.130      0.306     -0.229      0.180     -0.236
967.8000       -995.485    -1008.117       12.632   506.3      0.381     -0.579      1.222     -0.051      0.552     -0.406
968.0000       -995.078    -1006.998       11.920   477.8     -0.339     -0.098      1.012      0.003     -0.088     -0.331
968.2000       -994.190    -1006.667       12.476   500.1      1.103     -0.468      0.363      0.509      0.460     -0.472
968.4000       -994.686    -1007.640       12.954   519.3      1.066     -0.388      0.363     -0.169     -1.317      0.525
968.6000       -995.982    -1008.245       12.263   491.6      0.805     -0.383      0.563     -0.119     -0.254     -0.264
968.8000       -995.268    -1007.553       12.285   492.4     -0.647      0.549      0.556     -0.030      0.582     -0.346
969.0000       -995.477    -1007.236       11.758   471.3      0.638     -0.511     -1.404     -0.142     -0.016     -0.011
969.2000       -994.835    -1008.213       13.378   536.2      0.947      0.886      0.244      0.012     -0.188     -0.262
969.4000       -995.111    -1007.205       12.094   484.8      0.274     -1.091     -0.676      0.043     -0.284      0.070
969.6000       -995.941    -1008.426       12.485   500.5     -0.463     -0.075      1.063     -0.321     -0.219     -0.108
969.8000       -996.543    -1008.591       12.048   482.9      0.784      0.714      1.719      0.239     -0.035     -0.329
970.0000       -995.908    -1009.423       13.515   541.7      0.384     -0.259      0.095     -0.108      0.395     -0.412
970.2000       -993.952    -1006.355       12.403   497.2      0.560      0.330      1.101     -0.069      0.507     -0.681
970.4000       -992.185    -1005.923       13.738   550.7      0.439      0.256      0.403      0.132      0.093      0.354
970.6000       -994.800    -1007.102       12.301   493.1     -0.057      0.057      0.206      0.005      0.152     -0.272
970.8000       -996.132    -1009.136       13.004   521.3     -0.101     -0.668      0.040     -0.707      0.134     -0.514
971.0000       -997.462    -1008.412       10.950   438.9     -0.058      0.022     -0.095     -0.397     -0.605      0.242
971.2000       -996.878    -1009.033       12.155   487.2      0.071      0.388      0.027      0.034     -0.250      0.104
971.4000       -995.570    -1007.598       12.028   482.2     -0.391      0.345      0.769     -0.356      0.288     -0.080
971.6000       -995.400    -1007.008       11.608   465.3      1.640      0.042     -0.412      0.121      0.188     -0.541
971.8000       -994.962    -1007.039       12.076   484.1      0.751      0.131      0.967      0.075     -0.701     -0.678
972.0000       -995.158    -1007.182       12.024   482.0     -0.343     -0.003      0.105     -0.197      0.075      0.476
972.2000       -994.303    -1006.233       11.929   478.2      0.890      0.702      0.428      0.073      0.106     -0.078
972.4000       -994.110    -1006.560       12.450   499.1     -0.532      0.400     -0.361     -0.399     -1.275     -0.130
972.6000       -993.367    -1006.123       12.755   511.3     -0.865      0.323     -0.311     -0.037     -0.127      0.249
972.8000       -994.243    -1005.874       11.630   466.2      0.081      0.681      0.539     -0.063      0.760      0.201
973.0000       -994.364    -1006.814       12.450   499.1     -0.548     -0.203     -0.379     -0.248     -0.429      0.137
973.2000       -994.761    -1006.619       11.857   475.3     -0.478      0.562      0.303     -0.490     -0.230      0.476
973.4000       -994.269    -1005.822       11.553   463.1      1.644      1.392     -0.585     -0.153      0.394      0.833
973.6000       -994.905    -1007.521       12.617   505.7      0.412      1.119      0.540     -0.393      0.568     -0.044
973.8000       -995.377    -1007.342       11.966   479.6      0.973     -0.014     -0.172     -0.096     -0.242      0.303
974.0000       -995.614    -1007.145       11.531   462.2      1.382      0.618      0.479      0.119     -0.660      0.697
974.2000       -995.689    -1007.608       11.920   477.8     -0.469      0.664      0.504      0.411     -0.072      0.602
974.4000       -995.125    -1007.982       12.856   515.3      0.250     -0.873     -0.259      0.259      0.047      0.193
974.6000       -995.650    -1007.465       11.815   473.6     -0.099     -0.046     -0.269      0.075     -0.615     -0.071
974.8000       -996.233    -1007.773       11.540   462.6      0.580     -0.845     -0.421      0.596     -0.564      0.437
975.0000       -996.000    -1008.859       12.859   515.5     -0.442      0.748      1.239     -0.279     -0.739      0.190
975.2000       -995.710    -1007.510       11.800   473.0      0.314      0.889      0.116      0.643     -0.234     -0.107
975.4000       -995.329    -1006.730       11.401   457.0      1.500     -0.250      0.543     -0.158      0.769     -0.117
975.6000       -995.859    -1006.777       10.918   437.7      0.482     -0.030      0.266     -0.354     -0.285      0.455
975.8000       -995.024    -1006.854       11.830   474.2      0.642      0.701      1.003     -0.346      0.875     -0.155
976.0000       -993.997    -1007.594       13.596   545.0     -0.883     -0.658     -1.022      0.107      0.060     -0.097
976.2000       -994.170    -1006.536       12.366   495.7      0.722     -0.544     -0.415      0.078      0.584      0.337
976.4000       -993.257    -1006.661       13.404   537.3     -0.420      0.548     -1.044      0.035     -0.197      0.134
976.6000       -994.232    -1006.019       11.787   472.5     -0.840     -0.484      0.125     -0.617     -0.330     -0.055
976.8000       -995.947    -1007.813       11.866   475.6      0.356      0.200      0.535     -0.264      0.121      0.187
977.0000       -996.421    -1008.111       11.690   468.6     -0.376     -0.738     -0.823      0.700      0.228      0.271
977.2000       -996.050    -1008.305       12.255   491.2      0.360      0.866      0.434      0.073     -0.267      0.236
977.4000       -996.835    -1007.540       10.706   429.1     -1.220     -1.010     -0.699     -0.133     -0.637     -0.072
977.6000       -995.402    -1007.986       12.584   504.4      0.278      0.652      0.611     -0.496     -0.053     -0.074
977.8000       -996.403    -1007.619       11.216   449.6      1.156      0.672     -0.048      0.053      0.198     -0.124
978.0000       -995.284    -1006.698       11.414   457.5      0.324      1.635      0.898     -0.591      0.115     -0.459
978.2000       -995.584    -1007.398       11.814   473.5      0.482     -0.069      0.384      0.274      0.316     -0.162
978.4000       -995.000    -1007.207       12.208   489.3     -0.155     -0.021      1.021     -0.407     -0.190     -0.312
978.6000       -995.326    -1008.612       13.286   532.6      0.541     -0.316      1.366     -0.008     -0.283     -0.492
978.8000       -995.651    -1007.259       11.608   465.3      0.551      0.381     -0.719     -0.463     -0.281      0.196
979.0000       -996.256    -1008.346       12.090   484.6      0.830      1.263      0.382      0.709      0.058     -0.062
979.2000       -994.922    -1007.666       12.744   510.9     -1.505      0.084      0.766     -0.751      0.919     -0.207
979.4000       -995.878    -1007.929       12.051   483.0      0.360     -0.185     -0.758      0.160     -0.050     -0.053
979.6000       -996.398    -1008.134       11.736   470.4     -0.118      1.058     -0.107     -0.211     -0.439      0.362
979.8000       -996.649    -1008.750       12.101   485.1      0.344      0.686      0.475     -0.037     -0.046      0.333
980.0000       -994.987    -1006.454       11.467   459.7      0.798      0.018      0.108      0.331      0.956      0.738
980.2000       -994.367    -1007.774       13.407   537.4      0.147      0.027      0.939      0.197     -0.034      0.224
980.4000       -996.624    -1008.980       12.357   495.3      0.898      0.570      0.133      0.101      0.060     -0.116
980.6000       -996.830    -1007.783       10.953   439.0      1.120      0.446      0.714      0.455     -0.092      0.159
980.8000       -995.858    -1007.910       12.052   483.1      0.730      0.980      1.036     -0.243     -0.226     -0.050
981.0000       -996.084    -1008.500       12.416   497.7      0.987      0.741      1.335     -0.354      0.258      0.109
981.2000       -995.505    -1007.204       11.699   469.0     -0.699      0.156     -0.025     -0.430     -0.214     -0.789
981.4000       -996.735    -1007.727       10.993   440.6      0.274      0.008      0.215      0.042      0.115      0.695
981.6000       -996.720    -1008.942       12.222   489.9      0.095      0.716      0.594      0.144     -0.243      0.331
981.8000       -995.492    -1007.561       12.068   483.8     -0.696     -1.090      1.078      0.943      0.264     -0.062
982.0000       -996.398    -1007.996       11.598   464.9     -0.329      0.471     -0.272     -0.035     -0.398      0.226
982.2000       -994.465    -1007.084       12.619   505.8     -0.906     -0.192     -1.216     -0.377     -0.228      0.136
982.4000       -993.927    -1006.311       12.384   496.4      0.262      2.027      0.796     -0.230     -0.224     -0.450
982.6000       -993.984    -1006.456       12.472   499.9      0.849      0.604      1.031     -0.084     -0.007      0.471
982.8000       -995.711    -1006.854       11.143   446.6      0.426      1.428      1.520     -0.222      0.031     -0.368
983.0000       -995.589    -1008.023       12.434   498.4      0.693     -0.690      0.714      0.630     -0.116      0.933
983.2000       -994.908    -1007.578       12.670   507.9      0.362      0.477      1.134      0.612     -0.239     -0.050
983.4000       -994.884    -1006.983       12.099   485.0      0.860      0.385     -0.200      0.111     -0.241      0.029
983.6000       -993.735    -1007.344       13.609   545.5     -0.310      0.789     -0.083      0.119     -0.311     -0.077
983.8000       -993.815    -1007.439       13.623   546.1     -0.606      0.891      0.255     -0.323     -0.372      0.797
984.0000       -994.502    -1007.443       12.941   518.8      0.884     -0.444     -1.212     -0.265      0.105      0.129
984.2000       -994.205    -1005.954       11.749   471.0     -0.013      0.583     -0.012      0.850     -0.181      0.118
984.4000       -994.691    -1007.068       12.377   496.1      1.454      1.512      1.396     -0.384     -0.137     -0.133
984.6000       -993.775    -1007.251       13.476   540.2      0.113      0.641     -0.595      0.293      0.374      0.353
984.8000       -993.890    -1007.638       13.748   551.1      1.586      0.520      1.168     -0.054     -0.105     -0.868
985.0000       -993.800    -1006.867       13.066   523.8     -0.794     -1.158      0.320     -0.105     -0.264     -0.021
985.2000       -993.454    -1006.058       12.604   505.2      0.157     -0.106     -0.084      0.145      0.042      0.305
985.4000       -993.837    -1005.845       12.007   481.3      0.582      0.802      0.512     -0.253     -0.394      0.088
985.6000       -995.486    -1007.511       12.025   482.0      1.048     -0.140     -0.345     -0.185     -0.287     -0.635
985.8000       -994.122    -1006.298       12.176   488.1     -0.889     -0.898      0.931      0.032      0.310      0.214
986.0000       -994.377    -1006.589       12.212   489.5     -0.233      1.149      0.683     -0.598      0.125      0.700
986.2000       -994.523    -1006.774       12.251   491.1      2.037      0.779      0.721      0.394     -0.339     -0.103
986.4000       -994.008    -1006.545       12.537   502.5     -0.230     -0.044     -0.616     -0.237     -0.068      0.100
986.6000       -993.523    -1006.053       12.530   502.3      0.133      0.792      0.220      0.377     -0.256      0.200
986.8000       -993.888    -1005.939       12.051   483.1     -0.563     -0.723     -0.235      0.231      0.433      0.571
987.0000       -994.179    -1006.986       12.807   513.4      0.750      1.138      0.063      0.234     -0.950      0.131
987.2000       -993.907    -1006.458       12.550   503.1      0.433     -0.336      0.107     -0.444      0.486     -0.093
987.4000       -994.086    -1006.755       12.669   507.9     -0.715      0.479     -0.819      0.812     -0.093     -0.292
987.6000       -995.036    -1007.383       12.348   495.0      0.311     -1.011     -1.022      0.066     -0.451     -0.421
987.8000       -996.066    -1007.348       11.282   452.3      1.257     -0.648     -1.506      0.166      0.400     -0.458
988.0000       -994.649    -1007.577       12.928   518.2      0.022     -0.085      1.131      0.145      0.120      0.710
988.2000       -994.421    -1006.900       12.479   500.2      0.384      0.620     -0.429      0.674     -0.003      0.527
988.4000       -994.907    -1006.847       11.940   478.6     -0.423     -0.689     -0.284      0.053     -0.151      0.548
988.6000       -994.660    -1007.095       12.434   498.4     -0.713     -1.021     -0.079      0.335     -0.904     -0.243
988.8000       -995.669    -1007.806       12.138   486.5      0.716      1.176     -0.668     -0.223     -0.577      0.447
989.0000       -995.729    -1008.193       12.464   499.6      0.255     -0.348      0.370      0.037      0.281     -0.048
989.2000       -993.629    -1007.102       13.473   540.1     -0.527     -0.046      0.880     -0.310      0.640      0.283
989.4000       -994.164    -1007.556       13.391   536.8      0.698      1.391     -0.564     -0.758      0.802      0.443
989.6000       -995.271    -1008.246       12.975   520.1     -0.325      1.231     -0.652      0.457     -0.146     -0.158
989.8000       -993.546    -1006.787       13.241   530.8      0.461      0.784     -0.362     -0.268     -0.715      0.557
990.0000       -993.738    -1007.321       13.584   544.5     -0.486      0.224      0.167      0.230      0.177     -0.198
990.2000       -994.145    -1006.009       11.864   475.6      0.459      0.111      0.478     -0.012     -0.612      0.027
990.4000       -993.495    -1006.646       13.151   527.2     -0.013      0.295      0.546     -0.162     -0.765      0.083
990.6000       -996.988    -1008.083       11.095   444.7      1.884      0.733      1.229      0.100      0.231     -0.198
990.8000       -996.069    -1008.348       12.279   492.2     -0.180     -0.632     -0.191     -0.641      0.865     -0.588
991.0000       -992.769    -1006.177       13.409   537.5     -0.418     -1.227      0.474      0.568      0.319     -0.532
991.2000       -992.700    -1005.311       12.611   505.5      0.600      0.864      1.143     -0.183      0.291      0.179
991.4000       -993.069    -1006.775       13.705   549.4      0.305      0.661     -0.549     -0.081     -0.322     -0.441
991.6000       -994.338    -1006.344       12.006   481.3      0.712     -0.332      0.045      0.054     -0.048     -0.016
991.8000       -994.976    -1006.085       11.109   445.3      0.486     -0.521      0.124      0.178     -0.615     -0.286
992.0000       -995.278    -1007.254       11.976   480.1      0.479      1.061      1.309     -0.332      0.461     -0.392
992.2000       -994.616    -1007.365       12.749   511.0     -0.229     -0.539      0.064      0.094     -0.307     -0.168
992.4000       -996.454    -1008.050       11.596   464.8      0.230      0.572     -0.802     -0.307     -0.380     -0.325
992.6000       -995.679    -1007.546       11.867   475.7     -0.892     -0.583      1.576      0.114      0.688      0.844
992.8000       -994.996    -1007.057       12.061   483.5     -0.273     -0.925     -1.524      0.505     -0.114      0.259
993.0000       -996.612    -1008.385       11.773   471.9      1.384      1.127      0.399     -0.270     -0.085      0.151
993.2000       -996.803    -1008.170       11.367   455.6      0.827      0.598     -0.099     -0.016      0.522      0.211
993.4000       -996.789    -1007.848       11.059   443.3      0.472     -0.053      0.066     -0.359      0.058     -0.755
993.6000       -997.413    -1009.521       12.107   485.3      0.776      0.485      0.756      0.345      0.238      0.406
993.8000       -997.617    -1009.739       12.122   485.9     -0.952     -0.469     -0.748     -0.157      0.454     -0.466
994.0000       -995.990    -1008.278       12.288   492.6     -0.037      1.031     -0.057     -0.423     -0.545     -0.020
994.2000       -996.210    -1008.136       11.926   478.1      0.761      1.296      0.904      0.206      0.929      0.302
994.4000       -994.379    -1006.394       12.015   481.6      0.102      0.090     -0.530      0.119     -0.212      0.598
994.6000       -994.540    -1006.644       12.104   485.2      0.232     -0.048     -0.752     -0.647      0.750      0.144
994.8000       -994.788    -1008.037       13.250   531.1      0.674      1.343     -0.460     -0.140      0.033      0.053
995.0000       -994.562    -1008.113       13.550   543.2     -0.258      0.761     -0.584     -0.021      0.482     -0.322
995.2000       -995.719    -1008.215       12.496   500.9      0.565     -0.793     -0.280      0.434     -0.309      0.153
995.4000       -995.951    -1007.854       11.902   477.1     -0.522      0.363      0.574      0.114      0.152     -0.342
995.6000       -995.873    -1007.823       11.950   479.0      0.849     -0.235      0.455     -0.016      0.442     -0.025
995.8000       -995.971    -1007.770       11.799   473.0     -0.043      0.617     -0.055      0.340      0.684      0.207
996.0000       -994.842    -1006.966       12.123   486.0      0.447      0.159      1.207      0.925     -0.222     -0.675
996.2000       -995.618    -1007.988       12.370   495.9      0.223      1.044     -0.163     -0.711     -0.605     -0.249
996.4000       -995.737    -1007.416       11.679   468.1      0.176      0.536      0.305      1.045     -0.387     -0.303
996.6000       -995.433    -1007.808       12.375   496.1      0.451     -0.107     -0.320      0.162      0.549      0.131
996.8000       -994.797    -1007.631       12.835   514.5      0.279      0.886      0.351     -0.373      0.187     -0.452
997.0000       -996.240    -1007.497       11.257   451.2      0.953     -0.045      0.939     -0.275     -0.221     -0.077
997.2000       -996.768    -1007.340       10.572   423.8     -0.186      0.079     -0.210      0.087      0.199      0.608
997.4000       -995.214    -1007.886       12.672   508.0     -0.264     -0.260     -0.122      0.174      0.092     -0.048
997.6000       -993.674    -1006.061       12.388   496.6      0.886      0.824      0.016     -0.082     -0.311      0.340
997.8000       -994.184    -1006.166       11.981   480.3      0.854      0.888      0.193     -0.393     -0.306      0.719
998.0000       -992.676    -1005.600       12.924   518.1     -0.500      0.067      1.074      0.231      0.860      0.508
998.2000       -993.532    -1006.939       13.407   537.4      1.200      0.042      0.719      0.191      0.319      0.021
998.4000       -993.422    -1005.919       12.497   500.9      0.069     -0.857      1.300     -0.629     -0.270      0.168
998.6000       -993.670    -1006.824       13.155   527.3      0.217     -0.159      0.395      0.133      0.330      0.688
998.8000       -993.581    -1005.927       12.346   494.9      0.793     -0.486     -0.189     -0.125      0.588      0.544
999.0000       -994.823    -1007.053       12.230   490.2     -1.044      0.184      1.089      0.193      0.216      0.760
999.2000       -995.763    -1007.596       11.833   474.3      0.063      0.400     -0.014     -0.217      0.821      0.553
999.4000       -995.985    -1008.396       12.411   497.5      0.689     -1.849     -0.041      0.114     -0.754     -0.364
999.6000       -994.817    -1007.467       12.650   507.1     -0.811      0.462     -0.107     -0.007     -0.246     -0.240
999.8000       -996.689    -1008.131       11.441   458.6     -0.097      1.227      0.565     -0.279      0.172     -0.321
1000.0000      -994.981    -1008.790       13.808   553.5      0.857      0.834      1.018     -0.584     -0.084     -0.020
