Time[ps]      Etot[eV]     Epot[eV]     Ekin[eV]    T[K]      ---------------------- stress [GPa] -----------------------
0.0000        -1007.349    -1015.900        8.551   342.8      1.380      0.428      0.731     -0.602     -0.236      0.230
0.2000        -1007.519    -1015.535        8.016   321.3      0.769      1.115      0.862      0.123      0.324     -0.222
0.4000        -1007.258    -1015.331        8.074   323.6      0.297     -0.709      0.882     -0.361     -0.072      0.311
0.6000        -1006.812    -1015.899        9.087   364.2      0.517      0.540     -0.566     -0.292     -0.160     -0.115
0.8000        -1006.478    -1015.099        8.621   345.6      1.742      0.064      0.468     -0.392     -0.708     -0.165
1.0000        -1006.817    -1015.519        8.703   348.8      0.472     -0.527      0.111     -0.043      0.239      0.149
1.2000        -1006.192    -1014.440        8.247   330.6      0.790      1.448      0.762      0.402      0.353      0.616
1.4000        -1006.540    -1015.381        8.841   354.4      0.180      0.059      0.433     -0.250     -0.328      0.035
1.6000        -1006.737    -1015.636        8.899   356.7      0.142     -0.049     -0.136      0.118     -0.030     -0.353
1.8000        -1006.998    -1016.262        9.264   371.3      1.609     -0.043      0.055      0.079     -0.003     -0.194
2.0000        -1007.184    -1015.461        8.276   331.8     -0.266     -0.589     -0.215     -0.010     -0.010     -0.116
2.2000        -1007.419    -1015.278        7.858   315.0     -0.048     -0.905      0.042      0.513     -0.192     -0.098
2.4000        -1006.637    -1014.875        8.238   330.2      0.499      0.532      1.187     -0.803      0.140      0.128
2.6000        -1005.895    -1014.204        8.309   333.1      0.737      0.624      1.345      0.732     -1.032      0.504
2.8000        -1005.580    -1014.662        9.082   364.1      0.007      2.047      0.698      0.383      0.151     -0.097
3.0000        -1007.232    -1014.839        7.608   305.0      0.129     -0.278      0.069     -0.263     -0.112      0.377
3.2000        -1006.891    -1015.872        8.981   360.0      0.656      0.124      0.664     -0.229     -0.163      0.278
3.4000        -1007.440    -1016.009        8.569   343.5      0.435     -0.209      0.178     -0.448     -0.198     -0.323
3.6000        -1007.054    -1015.648        8.594   344.5      0.122      0.006      0.210      0.013      0.033     -0.371
3.8000        -1006.335    -1014.855        8.520   341.5      0.258      0.757      0.400      0.274     -0.705     -0.203
4.0000        -1006.549    -1015.343        8.794   352.5     -0.062     -0.152      0.632      0.370      0.509      0.374
4.2000        -1006.752    -1015.008        8.256   330.9      0.572      0.096      1.101     -0.483     -0.037     -0.307
4.4000        -1007.564    -1016.159        8.596   344.6     -0.198      0.491      0.544     -0.229      0.122     -0.557
4.6000        -1008.169    -1016.319        8.150   326.7      0.821      0.117      0.362     -0.187      0.206     -0.502
4.8000        -1007.238    -1015.240        8.003   320.8      0.105      0.380      0.317      0.259     -0.104     -0.038
5.0000        -1007.303    -1015.480        8.177   327.8      0.294      0.073      0.536      0.178      0.254      0.465
5.2000        -1007.213    -1015.501        8.288   332.2      1.483      0.463      0.641      0.145      0.011      0.257
5.4000        -1007.312    -1015.998        8.686   348.2      0.074      0.048      0.302     -0.198     -0.308      0.386
5.6000        -1007.432    -1014.871        7.439   298.2      0.033      0.045      0.693      0.257      0.249     -0.260
5.8000        -1007.478    -1015.256        7.779   311.8      0.761      0.042      1.099      0.174      0.104     -0.105
6.0000        -1007.916    -1016.337        8.421   337.5      1.085      0.114      0.177     -0.611     -0.488      0.427
6.2000        -1008.111    -1016.006        7.895   316.5     -0.081     -0.529     -0.012     -0.179     -0.224      0.040
6.4000        -1007.092    -1015.756        8.665   347.3      0.692      0.939      0.729     -0.161     -0.211     -0.016
6.6000        -1006.560    -1014.572        8.012   321.1      0.208      0.360      1.436     -0.325     -0.574      0.220
6.8000        -1007.113    -1014.786        7.673   307.6     -0.709      0.326     -0.158     -0.337     -0.248      0.509
7.0000        -1008.081    -1016.003        7.922   317.6      1.390      1.000      0.984     -0.165     -0.232      0.082
7.2000        -1006.865    -1015.297        8.432   338.0     -0.756      0.108     -0.404      0.394     -0.271      0.200
7.4000        -1005.419    -1014.476        9.057   363.1      0.028      0.714      0.052     -0.474      0.073     -0.030
7.6000        -1006.615    -1015.729        9.114   365.3      0.368      0.738      0.207      0.137     -0.199      0.236
7.8000        -1007.578    -1015.599        8.021   321.5      0.171     -1.040     -0.021      0.008      0.218     -0.348
8.0000        -1007.982    -1016.056        8.074   323.6      0.894      0.640      0.867     -0.136     -0.020      0.167
8.2000        -1007.728    -1015.330        7.602   304.7      0.798     -0.698      0.574      0.045      0.306      0.220
8.4000        -1008.643    -1016.828        8.186   328.1      0.006     -0.475      0.094      0.395     -0.237     -0.023
8.6000        -1009.523    -1017.229        7.706   308.9      0.231      1.001      0.542      0.365     -0.040      0.900
8.8000        -1008.111    -1016.202        8.091   324.3      0.335     -1.058      0.307      0.418      0.244     -0.558
9.0000        -1008.195    -1016.107        7.912   317.2      0.854     -0.036      0.460     -0.120     -0.142     -0.242
9.2000        -1007.714    -1016.152        8.438   338.2      0.652      0.711     -0.097      0.238     -0.359     -0.410
9.4000        -1008.269    -1016.293        8.023   321.6      0.564      0.439      0.458      0.312      0.024      0.492
9.6000        -1007.879    -1016.275        8.396   336.5     -0.446      1.082      0.369     -0.250      0.011     -0.037
9.8000        -1007.859    -1016.410        8.551   342.8      0.950      0.460      0.745      0.106      0.848     -0.073
10.0000       -1008.692    -1016.969        8.277   331.8      1.428      1.071      0.758      0.584      0.342     -0.398
10.2000       -1008.645    -1016.705        8.060   323.1      0.067     -0.460     -0.317      1.152     -0.024     -0.696
10.4000       -1007.374    -1015.927        8.553   342.9      0.507      0.523     -0.546      0.008     -0.205     -0.078
10.6000       -1008.459    -1016.821        8.362   335.2      0.073      0.323     -0.305     -0.196     -0.059     -0.228
10.8000       -1008.409    -1016.663        8.254   330.9     -0.112      0.434      1.087     -0.295     -0.041     -0.332
11.0000       -1008.226    -1016.468        8.242   330.4      0.625      0.267      0.682      0.214     -0.066      0.262
11.2000       -1007.876    -1015.604        7.728   309.8      0.609     -0.401     -0.469     -0.140     -0.408      0.292
11.4000       -1008.032    -1016.529        8.497   340.6     -1.050     -0.501     -0.659     -0.124     -0.391     -0.036
11.6000       -1007.227    -1016.050        8.823   353.7      0.048      0.991      0.140      0.406     -0.618      0.262
11.8000       -1007.367    -1015.537        8.171   327.5      0.164     -0.428     -0.209      0.455     -0.344     -0.069
12.0000       -1008.089    -1016.009        7.921   317.5      0.093     -0.561      0.558     -0.184      0.089      0.107
12.2000       -1007.961    -1016.185        8.224   329.7      0.343     -0.263     -0.581      0.255      0.079      0.173
12.4000       -1007.353    -1016.149        8.795   352.6      0.003      0.133     -0.289     -0.610      0.156     -0.069
12.6000       -1008.064    -1015.771        7.707   308.9     -0.217     -0.137     -0.659      0.552     -0.095     -0.084
12.8000       -1007.814    -1016.197        8.383   336.0     -0.940     -0.034     -0.113     -0.067      0.229     -0.090
13.0000       -1007.060    -1015.794        8.734   350.1      0.528      0.010      0.360      0.155      0.085     -0.064
13.2000       -1007.566    -1016.135        8.569   343.5     -0.047      0.200      0.503      0.087     -0.334     -0.387
13.4000       -1007.396    -1015.642        8.246   330.5      0.495      1.105      0.467      0.061     -0.131      0.641
13.6000       -1006.588    -1014.800        8.212   329.2      1.321     -0.113      0.108     -0.562      0.121      0.026
13.8000       -1007.460    -1015.359        7.899   316.6      0.536      1.168      1.441      0.442     -0.558      0.072
14.0000       -1007.366    -1014.759        7.394   296.4     -0.419      0.287      0.149     -0.087      0.156      0.145
14.2000       -1007.487    -1016.296        8.808   353.1      0.981      1.142      0.820      0.449      0.505     -0.352
14.4000       -1006.700    -1015.097        8.397   336.6      0.285     -0.403      0.070      0.122     -0.089     -0.180
14.6000       -1007.658    -1015.604        7.946   318.5      1.211      0.476      1.083      0.562     -0.438     -0.111
14.8000       -1007.678    -1015.986        8.308   333.0     -0.143      0.455      0.345     -0.364      0.045      0.141
15.0000       -1007.448    -1015.696        8.248   330.6      0.711      0.169     -0.127     -0.420     -0.217     -0.073
15.2000       -1007.344    -1015.606        8.263   331.2      0.739      0.235      0.740      0.143     -0.744     -0.532
15.4000       -1007.595    -1015.669        8.074   323.7      0.444      0.811      0.351     -0.099     -0.176     -0.368
15.6000       -1006.902    -1014.571        7.669   307.4      0.768     -0.446      0.405      0.269      0.049     -0.406
15.8000       -1007.738    -1015.953        8.214   329.3     -0.534     -0.961     -0.011     -0.026     -0.346      0.091
16.0000       -1007.242    -1014.522        7.279   291.8      0.250      0.321      0.484      0.642      0.311      0.073
16.2000       -1006.848    -1014.868        8.020   321.5      0.097     -0.708      0.246      0.024      0.552      0.046
16.4000       -1007.277    -1015.220        7.943   318.4      0.219      1.017      0.612      0.362      0.054     -0.222
16.6000       -1007.210    -1015.812        8.603   344.8     -0.164      0.434      0.975     -0.446     -0.238     -0.258
16.8000       -1007.042    -1014.962        7.920   317.5      0.745      0.602      0.331     -0.296      0.277     -0.030
17.0000       -1006.929    -1015.216        8.287   332.2      0.721      0.385      0.265     -0.459     -0.249      0.335
17.2000       -1006.987    -1015.303        8.316   333.3      0.240     -0.288     -0.596      0.044     -0.019      0.385
17.4000       -1007.578    -1015.098        7.520   301.4      1.640      1.365      0.921     -0.664      0.273      0.641
17.6000       -1007.543    -1014.882        7.338   294.2      0.316     -0.064      0.601      0.448      0.033      0.448
17.8000       -1007.253    -1014.557        7.303   292.8      0.274      0.262      1.342      0.104      0.052      0.100
18.0000       -1006.265    -1015.113        8.849   354.7      0.451      0.215      0.390     -0.152     -0.429     -0.267
18.2000       -1005.979    -1014.562        8.584   344.1      0.482     -1.282     -0.284     -0.517      0.271      0.352
18.4000       -1006.484    -1014.563        8.079   323.8     -0.218      0.721     -0.645      0.256      0.807     -0.262
18.6000       -1006.084    -1014.211        8.127   325.8      1.546      1.472      0.168     -0.013      0.428     -0.216
18.8000       -1006.800    -1015.612        8.811   353.2      0.458      0.692      0.736     -0.630     -0.463      0.076
19.0000       -1005.653    -1014.645        8.992   360.4      0.174      0.370      0.533      0.238     -0.148      0.258
19.2000       -1006.986    -1015.206        8.221   329.5      0.520      0.106      0.450     -0.314      0.239      0.449
19.4000       -1007.946    -1016.241        8.296   332.5      0.164      0.395      0.484      0.028      0.190     -0.245
19.6000       -1008.196    -1015.592        7.397   296.5      1.098      0.601      0.934     -0.219      0.131     -0.698
19.8000       -1009.114    -1016.391        7.277   291.7      0.766      0.135     -0.165     -0.075      0.327      0.478
20.0000       -1008.958    -1016.536        7.578   303.8      0.841      0.540      0.799     -0.185      0.252      0.209
20.2000       -1008.920    -1016.611        7.691   308.3      0.537      0.118      1.145     -0.545      0.260      0.402
20.4000       -1008.478    -1016.521        8.043   322.4      0.614      0.364     -0.223      0.023     -0.026      0.264
20.6000       -1008.589    -1016.277        7.688   308.2      0.548      0.929      0.375      0.696      0.438      0.100
20.8000       -1008.209    -1016.413        8.204   328.9      0.111     -0.309      0.398      0.415     -0.251     -0.219
21.0000       -1006.688    -1015.546        8.857   355.0      0.220      0.591      0.073      0.027     -0.590     -0.318
21.2000       -1007.345    -1015.834        8.489   340.3      0.273     -0.187      0.551      0.135      0.129      0.614
21.4000       -1007.368    -1014.965        7.597   304.5      0.213      0.391     -0.576      0.400      0.220      0.464
21.6000       -1006.493    -1014.917        8.425   337.7      0.698      1.139      0.573      0.189      0.070      0.054
21.8000       -1007.640    -1015.010        7.369   295.4      0.932     -0.914      0.776     -0.137      0.683      0.461
22.0000       -1008.129    -1016.176        8.047   322.6     -0.129     -0.174     -0.196     -0.077      0.353     -0.145
22.2000       -1006.910    -1014.624        7.714   309.2      0.343      0.434     -0.566     -0.141      0.121     -0.123
22.4000       -1007.956    -1015.493        7.537   302.1     -0.111      0.161     -0.416      0.042     -0.341      0.345
22.6000       -1006.639    -1015.204        8.565   343.3     -0.302      0.555      1.168     -0.175     -0.233      0.309
22.8000       -1006.848    -1016.527        9.679   388.0     -0.043     -0.208      0.737      0.213      0.683      0.514
23.0000       -1005.990    -1015.105        9.115   365.4     -0.804     -0.278     -0.663     -0.441      0.125      0.012
23.2000       -1006.538    -1014.100        7.562   303.1      1.828      0.447      1.124      0.560     -0.252     -0.211
23.4000       -1006.608    -1015.291        8.683   348.0      0.032      0.959      0.074      0.195      0.321      0.144
23.6000       -1007.023    -1015.174        8.150   326.7     -0.004      1.187      0.414      0.071     -0.047      0.248
23.8000       -1007.361    -1015.068        7.707   308.9      0.297     -0.244     -0.219      0.410     -0.101     -0.078
24.0000       -1007.985    -1016.215        8.230   329.9      0.024     -0.068      0.656     -0.071     -0.227      0.716
24.2000       -1008.411    -1016.565        8.154   326.8     -0.527     -0.224     -0.063      0.192     -0.002      0.318
24.4000       -1008.860    -1016.476        7.616   305.3      0.769      0.208      1.020     -0.327     -0.093      0.381
24.6000       -1008.784    -1016.317        7.533   302.0      0.142     -0.592     -0.185      0.222      0.419     -0.607
24.8000       -1008.334    -1016.028        7.694   308.4      0.754      0.396      0.057     -0.062     -0.213     -0.471
25.0000       -1007.535    -1015.995        8.461   339.1      1.773      1.399      1.011     -0.268      0.298     -0.253
25.2000       -1006.914    -1014.943        8.029   321.8      0.854      0.021      0.229      0.123      0.363      0.040
25.4000       -1007.630    -1015.661        8.031   321.9      0.599     -0.289      0.770     -0.126      0.100      0.866
25.6000       -1007.988    -1015.918        7.930   317.9      0.153      0.719      0.035     -0.527     -0.402     -0.257
25.8000       -1007.308    -1015.243        7.935   318.1      0.346      0.649      0.880     -0.361      0.661      0.247
26.0000       -1006.914    -1015.839        8.925   357.8      0.609      0.570      1.063      0.556     -0.374     -0.166
26.2000       -1007.732    -1016.268        8.536   342.2     -0.158      1.263      0.674      0.047     -0.051      0.114
26.4000       -1007.919    -1016.715        8.796   352.6      0.626      1.437     -0.159      0.267      0.127      0.363
26.6000       -1007.982    -1015.903        7.922   317.5      0.029      0.638      0.839     -0.023     -0.076      0.013
26.8000       -1007.036    -1015.729        8.693   348.4      1.290     -0.100      0.019     -0.051      0.021     -0.289
27.0000       -1007.416    -1015.652        8.236   330.1      0.051      0.739      0.598      0.445      0.115      0.210
27.2000       -1007.445    -1015.673        8.228   329.8      0.947     -0.226     -0.725      0.297      0.111      0.264
27.4000       -1006.885    -1015.511        8.626   345.8      0.353      0.397      0.661      0.228      0.265      0.045
27.6000       -1006.643    -1015.730        9.087   364.2     -0.277     -0.088      0.632     -0.196      0.296      0.668
27.8000       -1007.337    -1015.594        8.258   331.0      1.461      0.174      1.080      0.003      0.404      0.101
28.0000       -1007.396    -1015.474        8.078   323.8      0.119     -0.044      0.109      0.139      0.204      0.173
28.2000       -1007.570    -1015.411        7.841   314.3     -0.152      0.765     -0.021      0.077      0.689     -0.099
28.4000       -1007.322    -1015.524        8.202   328.8      1.077      0.840      0.476     -0.251      0.575     -0.364
28.6000       -1006.681    -1015.145        8.464   339.3      0.810      0.322      1.008      0.293      0.341     -0.225
28.8000       -1006.636    -1014.764        8.128   325.8     -0.229      0.753     -0.439     -0.158     -0.223      0.833
29.0000       -1005.735    -1013.683        7.949   318.6     -1.375     -0.258      0.700      0.074     -0.705      0.123
29.2000       -1007.107    -1015.709        8.602   344.8      0.297      0.568      0.443     -0.056     -0.461      0.758
29.4000       -1007.378    -1015.719        8.341   334.3      0.283      0.792      0.786     -0.230      0.662      0.076
29.6000       -1007.391    -1015.856        8.465   339.3      0.541      0.231      0.749     -0.167     -0.098     -0.161
29.8000       -1007.249    -1015.121        7.872   315.5      0.096      0.088     -0.041     -0.058      0.354     -0.339
30.0000       -1008.238    -1016.170        7.932   318.0      0.524      0.928      0.242     -0.648      0.453     -0.102
30.2000       -1008.012    -1016.235        8.223   329.6      1.072      0.193      0.273      0.709      0.167     -0.079
30.4000       -1007.260    -1016.055        8.795   352.6      0.377     -0.284     -0.017      0.584     -0.047      0.141
30.6000       -1006.107    -1014.724        8.618   345.4      0.265      1.034      0.383     -0.398     -0.474      0.204
30.8000       -1006.093    -1014.602        8.509   341.1     -0.439     -0.927      0.396     -0.038     -0.634      0.050
31.0000       -1006.898    -1015.222        8.324   333.7      1.010     -0.305      0.830     -0.313      0.825     -0.192
31.2000       -1006.709    -1015.074        8.365   335.3      0.796      0.143      0.221      0.090     -0.195     -0.196
31.4000       -1006.681    -1015.278        8.597   344.6      0.454      0.283      0.853     -0.255      0.092      0.422
31.6000       -1007.077    -1014.515        7.438   298.1      1.524     -0.180      0.498     -0.154     -0.057      0.760
31.8000       -1007.074    -1014.851        7.777   311.7      2.031      0.547      0.715     -0.329     -0.263      0.392
32.0000       -1006.526    -1014.646        8.120   325.5      0.770      0.495     -0.113     -0.104     -0.018     -0.127
32.2000       -1006.634    -1014.433        7.799   312.6      0.188     -0.724      0.721      0.113     -0.383      0.224
32.4000       -1006.920    -1015.407        8.487   340.2      0.257     -0.109      0.346     -0.109      0.286     -0.944
32.6000       -1007.596    -1016.283        8.687   348.2     -0.218      0.231      0.209      0.413     -0.258     -0.084
32.8000       -1007.184    -1015.497        8.313   333.2      0.192     -0.077     -0.866      0.355     -0.573     -0.665
33.0000       -1006.201    -1014.934        8.733   350.1      0.442      1.520      0.864      0.534      0.045     -0.520
33.2000       -1007.036    -1015.590        8.555   342.9      0.150     -0.243      0.111     -0.005      0.024     -0.639
33.4000       -1005.990    -1015.197        9.207   369.1      0.416      0.129     -0.178      0.055      0.081     -0.147
33.6000       -1006.311    -1014.812        8.501   340.8     -0.207     -0.281     -0.186      0.210     -0.320      0.143
33.8000       -1006.368    -1014.325        7.957   318.9      1.876      0.871      0.385      0.878      0.618     -0.148
34.0000       -1006.900    -1014.974        8.074   323.6      0.830      0.317      0.848      0.244     -0.548     -0.126
34.2000       -1006.905    -1014.683        7.778   311.8     -0.983     -0.601      0.358      0.052     -0.193      0.551
34.4000       -1006.813    -1014.661        7.848   314.6      0.881      0.370      1.204      0.038      0.136     -0.316
34.6000       -1006.065    -1014.965        8.900   356.8      0.250      0.045     -0.108      0.271      0.531      0.066
34.8000       -1005.483    -1013.796        8.313   333.2      0.154      0.579      1.177     -0.202      0.255     -0.454
35.0000       -1005.948    -1014.983        9.035   362.2     -0.733      0.091     -1.003      0.086      0.083      0.378
35.2000       -1007.150    -1014.930        7.779   311.8      0.236     -0.183     -0.075      0.180     -0.095     -0.140
35.4000       -1007.332    -1015.034        7.702   308.7      0.308      0.912      0.343      0.215     -0.142      0.255
35.6000       -1006.982    -1014.565        7.583   304.0      0.124     -0.516      0.493     -0.262     -0.180     -0.545
35.8000       -1007.012    -1015.215        8.203   328.8      0.011      0.115      0.467      0.597      0.006     -0.351
36.0000       -1006.688    -1015.365        8.676   347.8      0.249      0.757      0.705      1.001     -0.149     -0.012
36.2000       -1006.978    -1015.766        8.788   352.2      0.387      0.477      0.023      0.722     -0.253      0.049
36.4000       -1006.576    -1014.776        8.200   328.7     -0.196      0.186      0.007     -0.603     -0.515     -0.359
36.6000       -1007.405    -1015.501        8.097   324.6     -0.813      0.655      0.529      0.882     -0.310      0.051
36.8000       -1007.740    -1016.282        8.542   342.4     -0.239      0.897      0.004     -0.158     -0.502      0.041
37.0000       -1007.802    -1016.671        8.869   355.5      1.149      0.429      0.899      0.251      0.190     -0.092
37.2000       -1007.614    -1015.936        8.322   333.6     -0.632      0.240      0.875      0.199      0.032     -0.057
37.4000       -1008.438    -1016.166        7.728   309.8     -0.364      1.030      1.421     -0.456     -0.132     -0.777
37.6000       -1009.237    -1016.151        6.914   277.1      0.528      0.948      0.342     -0.293      0.057      0.252
37.8000       -1008.799    -1016.221        7.422   297.5      0.156      0.533     -0.256      0.094      0.052      0.123
38.0000       -1007.991    -1016.261        8.269   331.5      0.901      0.406     -0.081     -0.111     -0.442     -0.136
38.2000       -1007.950    -1015.489        7.539   302.2     -1.190      0.299     -0.836      0.273     -0.339     -0.116
38.4000       -1007.721    -1015.262        7.540   302.2     -0.103      0.317     -0.802      0.026     -0.307      0.324
38.6000       -1007.418    -1015.055        7.637   306.1      0.609      0.734      1.303     -0.121     -0.272     -0.242
38.8000       -1006.762    -1015.351        8.588   344.3     -0.033      0.681      1.040     -0.088     -0.168     -0.799
39.0000       -1007.520    -1015.702        8.182   328.0      0.576      0.065      0.370     -0.188      0.182     -0.290
39.2000       -1008.361    -1015.650        7.289   292.2      0.539      0.340      0.403      0.096     -0.018      0.482
39.4000       -1007.019    -1015.243        8.224   329.7      0.640     -0.223      0.598      0.624     -0.453      0.611
39.6000       -1007.860    -1015.386        7.526   301.7     -0.051      0.046      0.378     -0.323      0.215     -0.016
39.8000       -1007.236    -1015.281        8.046   322.5      0.163     -0.297      0.045      0.164     -0.126     -0.205
40.0000       -1007.882    -1015.994        8.113   325.2      1.081      0.397      0.344     -0.274     -0.469     -0.081
40.2000       -1008.046    -1015.942        7.896   316.5      0.732      0.872      0.773      0.112     -0.052      0.276
40.4000       -1007.943    -1016.002        8.059   323.0      0.984      0.491     -0.082      0.259     -0.293     -0.598
40.6000       -1007.694    -1015.699        8.005   320.9      0.101      0.110      1.624      0.335      0.346      0.237
40.8000       -1007.362    -1014.989        7.626   305.7      0.891      0.484      0.101      0.123      0.127     -0.390
41.0000       -1007.248    -1015.822        8.574   343.7     -0.239     -0.482     -0.155     -0.070     -0.022     -0.611
41.2000       -1007.118    -1015.077        7.959   319.0      0.568     -0.587     -0.006      0.248     -0.164     -0.298
41.4000       -1007.956    -1015.934        7.979   319.8      0.037      0.448      1.217     -0.436      0.266     -0.277
41.6000       -1007.609    -1016.371        8.762   351.2      1.102      0.415      0.412     -0.352      0.284     -0.275
41.8000       -1007.095    -1015.778        8.683   348.0      0.265      0.909     -0.068     -0.057     -0.544      0.487
42.0000       -1006.795    -1015.845        9.050   362.8      0.214      0.343      0.473     -0.360     -0.184      0.323
42.2000       -1006.764    -1015.016        8.252   330.8      0.749      1.002      1.183      0.631     -0.031      0.102
42.4000       -1007.057    -1015.310        8.253   330.8     -0.452     -0.236      0.868     -0.358     -0.123      0.546
42.6000       -1006.729    -1015.295        8.566   343.4     -0.103      0.369      0.637      0.080      0.018      0.051
42.8000       -1006.078    -1015.089        9.011   361.2      1.165      0.597      0.687      0.077      0.198     -0.432
43.0000       -1005.786    -1014.419        8.633   346.0      0.900      0.140      0.202     -0.261     -0.364     -0.054
43.2000       -1005.453    -1014.856        9.404   376.9      1.054      1.351      0.877     -0.389      0.831     -0.133
43.4000       -1005.472    -1015.040        9.568   383.5      0.281     -0.149     -0.355     -0.241     -0.189     -0.013
43.6000       -1005.623    -1014.702        9.080   364.0      0.018      0.480      0.884      0.199      0.315     -0.649
43.8000       -1004.762    -1013.587        8.825   353.7      0.719      0.733      0.168      0.144      0.255     -0.295
44.0000       -1005.027    -1014.459        9.432   378.1      0.374      0.443      0.379      0.409     -0.740      0.030
44.2000       -1005.534    -1014.556        9.022   361.6      1.907     -0.569      0.060      0.049     -0.295      0.165
44.4000       -1006.298    -1016.080        9.782   392.1      0.035      0.382      0.601     -0.353      0.277     -0.486
44.6000       -1006.037    -1014.825        8.788   352.3      1.636      1.500      0.136     -0.036      0.429      0.057
44.8000       -1005.946    -1014.701        8.755   350.9      0.516     -0.484     -0.570     -0.141     -0.226      0.674
45.0000       -1006.477    -1014.368        7.891   316.3      1.542      0.633      0.573      0.405      0.191     -0.257
45.2000       -1005.929    -1014.406        8.477   339.8      1.211      0.043      0.005      0.498      0.552      0.371
45.4000       -1005.840    -1014.634        8.794   352.5     -0.226      0.117     -0.282     -0.258     -0.100     -0.022
45.6000       -1006.436    -1014.799        8.363   335.2      1.101      0.676      0.702      0.364     -0.413      0.116
45.8000       -1005.602    -1015.329        9.728   389.9      0.454      0.334      0.402      0.323      0.520      0.412
46.0000       -1005.540    -1014.548        9.007   361.1      0.057     -0.510     -0.048     -0.027     -0.256      0.668
46.2000       -1006.595    -1015.378        8.782   352.0     -0.106      0.194      0.290      0.299      0.204      0.067
46.4000       -1005.343    -1014.699        9.356   375.0      0.012     -0.189      1.358     -0.257     -0.286      0.124
46.6000       -1004.766    -1013.693        8.927   357.8     -0.965     -0.410     -0.504      0.257      0.165     -0.916
46.8000       -1004.730    -1013.722        8.992   360.4      0.324     -0.343     -0.007     -0.217      0.076     -0.007
47.0000       -1005.006    -1013.713        8.707   349.0      0.351     -0.166     -0.638     -0.359      0.470      0.043
47.2000       -1006.365    -1014.763        8.399   336.7      0.764      0.998      0.681      0.141     -0.235     -0.295
47.4000       -1006.607    -1014.444        7.837   314.1      1.498      0.092      0.622      0.257     -0.288     -0.220
47.6000       -1006.290    -1014.915        8.626   345.8      0.084      0.437      0.188     -0.262     -0.139      0.149
47.8000       -1006.864    -1014.821        7.957   318.9      0.123     -0.045     -0.114     -0.296     -0.314     -0.190
48.0000       -1006.660    -1014.709        8.048   322.6      0.060      0.245      0.493     -0.495     -0.699      0.330
48.2000       -1007.106    -1015.086        7.981   319.9      0.891      0.096      0.433      0.438      0.551     -0.233
48.4000       -1007.058    -1015.342        8.284   332.1     -0.103      0.279      0.278     -0.045      0.199     -0.101
48.6000       -1007.211    -1015.449        8.238   330.2      0.592      0.327     -0.316     -0.148     -0.299      0.559
48.8000       -1007.176    -1014.869        7.693   308.4     -0.751     -0.150     -0.083      0.189     -0.376      0.620
49.0000       -1006.643    -1014.576        7.933   318.0      0.430      0.132     -0.049     -0.195     -0.212     -0.051
49.2000       -1007.246    -1015.451        8.204   328.9      0.427     -0.365     -0.376     -0.180     -0.111      0.364
49.4000       -1006.913    -1014.414        7.501   300.7      0.341      0.825      0.707     -0.496      0.247     -0.074
49.6000       -1006.353    -1014.651        8.298   332.6      0.104      0.280     -0.547     -0.304      0.094     -0.166
49.8000       -1007.845    -1015.554        7.709   309.0      0.367      0.591     -0.007     -0.079     -0.081      0.407
50.0000       -1008.157    -1015.850        7.694   308.4      0.559      0.553      0.808      0.099      0.224     -0.399
50.2000       -1007.772    -1016.421        8.648   346.7      0.493      0.300      0.282     -0.167     -0.126     -0.038
50.4000       -1007.676    -1015.212        7.537   302.1      0.239     -0.831      1.233     -0.129     -0.635      0.461
50.6000       -1006.465    -1014.989        8.524   341.7      0.061     -0.430     -0.646     -1.320      0.000      0.616
50.8000       -1006.126    -1014.911        8.784   352.1     -0.429      0.642     -0.228     -0.212     -0.448      0.745
51.0000       -1005.999    -1014.191        8.193   328.4     -0.155      0.346      0.950     -0.655     -0.053      0.652
51.2000       -1005.711    -1014.591        8.880   356.0      0.600      0.382      1.217      0.332     -0.200      0.008
51.4000       -1006.057    -1014.614        8.556   343.0      0.234      1.355      0.740      0.107      0.016      0.257
51.6000       -1005.416    -1014.067        8.651   346.8      0.772      0.884      1.595      0.124      0.002      0.276
51.8000       -1005.945    -1014.589        8.644   346.5      1.041      0.158      0.507     -0.104     -0.014     -0.002
52.0000       -1005.548    -1014.317        8.768   351.5      0.713      1.462      0.667      0.539      0.295      0.124
52.2000       -1004.854    -1013.348        8.493   340.4     -0.658     -0.364      0.884     -0.000     -0.162      0.550
52.4000       -1003.999    -1012.777        8.778   351.9     -0.125      0.072      0.639     -0.153      0.106      0.406
52.6000       -1004.387    -1013.998        9.611   385.2      0.511      1.004      0.139      0.041      0.285     -0.136
52.8000       -1005.523    -1014.086        8.563   343.2     -0.154      0.906      0.878     -0.387      0.240     -0.396
53.0000       -1006.425    -1014.733        8.308   333.0      0.521      0.077     -0.137      0.603     -0.234     -0.041
53.2000       -1006.976    -1014.927        7.951   318.7      0.474      0.607      0.549      0.021      0.144     -0.197
53.4000       -1006.792    -1014.674        7.882   315.9      0.379      0.863      0.973      0.338      0.016      0.018
53.6000       -1006.445    -1014.393        7.948   318.6      0.026      0.139     -0.042     -0.111     -1.003      0.138
53.8000       -1006.906    -1015.068        8.161   327.1      0.974      1.053      0.792     -0.105     -0.130     -0.185
54.0000       -1007.450    -1016.496        9.045   362.6     -0.462      0.113      0.978      0.140      0.195     -0.492
54.2000       -1007.304    -1014.501        7.197   288.5      1.226      1.518      1.821     -0.182     -0.477      0.330
54.4000       -1007.700    -1015.214        7.514   301.2      0.853      1.576      0.301      0.035      0.351     -0.021
54.6000       -1007.210    -1015.170        7.959   319.0      0.137      0.022      0.401     -0.347      0.268      0.574
54.8000       -1007.482    -1016.146        8.664   347.3      0.256      0.078      0.260     -0.137     -0.511     -0.008
55.0000       -1007.931    -1015.662        7.731   309.9      0.376      0.966      0.978      0.458      0.048     -0.208
55.2000       -1008.833    -1016.724        7.891   316.3      0.590     -0.131      0.387     -0.055      0.545     -0.086
55.4000       -1008.826    -1016.225        7.399   296.6      1.254      1.427      0.954     -0.123     -0.573      0.138
55.6000       -1008.588    -1016.420        7.831   313.9      0.353     -0.139     -0.561      0.113      0.070      0.414
55.8000       -1008.764    -1016.293        7.530   301.8      0.363      0.562      0.723     -0.087      0.066     -0.123
56.0000       -1007.366    -1014.965        7.599   304.6      0.684      0.306      0.610     -0.065     -0.504     -0.243
56.2000       -1007.240    -1015.778        8.538   342.2      0.675      0.231     -0.435     -0.352     -0.101     -0.283
56.4000       -1007.182    -1015.574        8.392   336.4      1.384      0.834     -0.262      0.627      0.168     -0.165
56.6000       -1007.220    -1015.183        7.963   319.2     -0.046      0.928      0.297     -0.119      0.269     -0.112
56.8000       -1007.454    -1015.618        8.164   327.2      0.462      0.269      0.739      0.021     -0.100     -0.601
57.0000       -1007.267    -1015.523        8.257   331.0      0.038      0.688      0.452     -0.094      0.308      0.024
57.2000       -1006.814    -1014.890        8.076   323.7      1.323      1.076      0.394     -0.031      0.008     -0.084
57.4000       -1005.836    -1014.846        9.010   361.2      0.618      1.050      1.300     -0.126      0.407     -0.337
57.6000       -1005.237    -1013.908        8.671   347.6      0.723     -0.463     -0.270     -0.201     -0.141     -0.019
57.8000       -1004.729    -1013.513        8.784   352.1      1.208     -0.313      1.541      0.506     -0.193     -0.016
58.0000       -1004.925    -1013.816        8.892   356.4      0.425     -0.529     -0.074     -0.063      0.359      0.396
58.2000       -1005.087    -1014.471        9.384   376.2     -0.853      0.170     -0.213      0.134      0.137      0.367
58.4000       -1004.426    -1013.821        9.395   376.6      1.781      0.218      0.005      0.208      0.235      0.188
58.6000       -1004.890    -1012.830        7.940   318.3      0.968      0.656     -0.056      0.224     -0.328     -0.841
58.8000       -1004.164    -1013.337        9.173   367.7      0.227     -1.430     -0.321      0.278     -0.103     -0.637
59.0000       -1005.236    -1013.734        8.498   340.6      0.607      0.729      0.356      0.175     -0.426     -0.249
59.2000       -1005.445    -1013.483        8.038   322.2     -0.664      0.472      0.158      0.348      0.342     -0.402
59.4000       -1005.743    -1014.332        8.590   344.3      1.004      0.503      1.334     -0.309     -0.041     -0.235
59.6000       -1005.538    -1014.246        8.708   349.1     -0.207      0.392      0.589      0.406     -0.226     -0.367
59.8000       -1006.301    -1015.723        9.422   377.7      0.019     -0.366      0.094     -0.184     -0.373     -0.300
60.0000       -1005.396    -1013.972        8.575   343.7      0.662     -0.000      0.138      0.207      0.118     -0.651
60.2000       -1006.148    -1014.940        8.792   352.4      0.291      0.327      0.150      0.434     -0.508     -0.051
60.4000       -1006.487    -1015.275        8.788   352.3      0.026      0.656      0.771      0.425      0.217     -0.106
60.6000       -1007.007    -1015.438        8.431   337.9      0.815      0.744      0.876     -0.291     -0.414      0.049
60.8000       -1006.541    -1015.324        8.783   352.1      0.925      1.462      1.024      0.212     -0.323     -0.005
61.0000       -1005.973    -1013.744        7.770   311.5      1.054      1.088      0.308      0.016     -0.047     -0.290
61.2000       -1006.221    -1014.413        8.192   328.4     -0.109      0.690      0.609      0.076      0.249      0.283
61.4000       -1006.428    -1015.113        8.684   348.1      0.298      0.437      0.933      0.197      0.146      0.077
61.6000       -1006.844    -1015.120        8.276   331.7      0.679      1.054      1.313     -0.636     -0.674     -0.126
61.8000       -1005.769    -1013.684        7.914   317.2     -0.265      0.289      0.168      0.686      0.055      0.284
62.0000       -1006.849    -1014.683        7.834   314.0     -0.894     -0.042     -0.357     -0.043      0.188     -0.927
62.2000       -1006.596    -1014.915        8.319   333.4     -0.122      0.259      0.366     -0.627     -0.182     -0.444
62.4000       -1006.610    -1014.941        8.331   333.9     -1.402      0.587      0.514      0.098     -0.526     -0.709
62.6000       -1006.393    -1014.654        8.261   331.1      0.802      0.279     -0.389     -0.126     -0.097      0.087
62.8000       -1006.567    -1015.094        8.528   341.8      0.855      1.258      1.260     -0.355      0.305     -0.163
63.0000       -1006.032    -1014.130        8.099   324.6      0.690      0.920      0.548      0.120      0.663     -0.088
63.2000       -1005.932    -1014.405        8.473   339.6      0.141      1.064     -0.137      0.401      0.041     -0.007
63.4000       -1006.847    -1014.932        8.086   324.1      0.600      1.354      0.257      0.013     -0.286     -0.306
63.6000       -1006.789    -1015.035        8.246   330.5      0.225      0.978      1.085      0.472      0.459     -0.439
63.8000       -1007.249    -1015.362        8.114   325.2     -0.125     -0.197     -0.431     -0.364      0.036      0.092
64.0000       -1008.155    -1016.186        8.031   321.9      1.043      0.973      0.706     -0.379      0.846      0.601
64.2000       -1008.508    -1016.254        7.745   310.5      1.284      0.544      0.664     -0.065      0.019      0.295
64.4000       -1007.514    -1015.889        8.375   335.7      0.091     -0.131      0.407     -0.167     -0.001      0.163
64.6000       -1007.355    -1014.669        7.314   293.2      0.097      0.225      0.027     -0.466      0.135     -0.191
64.8000       -1007.490    -1015.016        7.526   301.7     -0.232      0.385      0.276      0.709     -0.080      0.391
65.0000       -1006.821    -1015.509        8.688   348.3      0.163      0.333     -0.001     -0.157      0.096      0.156
65.2000       -1007.423    -1015.273        7.850   314.7      1.027     -0.407      0.054      0.215      0.312     -0.099
65.4000       -1007.271    -1015.195        7.924   317.6     -0.287     -0.070     -0.164      0.045      0.312     -0.153
65.6000       -1007.920    -1015.857        7.937   318.2      0.274     -0.187      0.058     -0.097     -0.137      0.270
65.8000       -1007.208    -1015.146        7.939   318.2      0.089      0.377     -0.196      0.997     -0.091     -0.170
66.0000       -1007.284    -1015.433        8.149   326.6      0.706      0.551      0.385      0.007     -0.446     -0.209
66.2000       -1006.561    -1014.763        8.202   328.8      0.397      0.661      0.175     -0.368     -0.412     -0.233
66.4000       -1006.869    -1015.558        8.689   348.3      0.175      0.179      0.155     -0.310      0.122      0.257
66.6000       -1007.931    -1015.860        7.930   317.9      0.395      0.704      0.626     -0.007      0.098     -0.182
66.8000       -1006.287    -1014.541        8.254   330.8      0.489     -0.098     -0.086     -0.400     -0.201     -0.312
67.0000       -1006.102    -1015.438        9.335   374.2     -0.154      0.870      0.172      0.528     -0.401      0.105
67.2000       -1007.102    -1014.879        7.777   311.7      0.082      0.624     -0.920      0.101      0.360     -0.265
67.4000       -1007.360    -1014.999        7.640   306.2      0.316      0.832      0.400      0.525      0.278     -0.504
67.6000       -1006.996    -1014.796        7.800   312.7     -0.127     -0.002     -0.213     -0.149      0.450      0.481
67.8000       -1007.153    -1014.961        7.808   313.0      0.599      0.068      1.093      0.004     -0.083     -0.365
68.0000       -1007.640    -1015.685        8.045   322.5      0.156      1.448      1.050     -0.196      0.648      0.808
68.2000       -1008.385    -1016.752        8.367   335.4      0.036      0.738      1.141     -0.011      0.135     -0.457
68.4000       -1009.151    -1016.395        7.245   290.4      0.133      1.378      0.727     -0.210      0.215     -0.066
68.6000       -1008.360    -1016.300        7.940   318.3      0.055     -0.610      0.005     -0.576      0.646      0.811
68.8000       -1008.379    -1016.882        8.503   340.8     -0.104      1.129      0.370      0.336     -0.119      0.680
69.0000       -1008.541    -1016.518        7.978   319.8      0.526      0.806      1.068      0.681      0.161      0.414
69.2000       -1008.438    -1016.337        7.899   316.6     -0.327      0.662      0.806      0.279      0.180     -0.180
69.4000       -1008.048    -1016.381        8.333   334.0     -0.484      0.211      0.216      0.052      0.269      0.762
69.6000       -1007.488    -1015.950        8.461   339.2      0.713      0.580      0.279      0.426      0.198      0.396
69.8000       -1006.927    -1015.749        8.823   353.6      0.439      0.243     -0.125      0.334     -0.196     -0.195
70.0000       -1007.656    -1015.775        8.119   325.5     -0.124     -0.709     -0.067     -0.548      0.020      0.852
70.2000       -1007.848    -1015.722        7.873   315.6      0.160      0.004      0.149     -0.247      0.206     -0.255
70.4000       -1008.015    -1015.974        7.959   319.0     -0.587      0.990      0.058      0.260      0.327      0.683
70.6000       -1007.227    -1015.473        8.246   330.5      0.041      0.668      0.941     -0.264      0.208      0.759
70.8000       -1007.050    -1015.607        8.557   343.0     -0.006      0.309      0.115     -0.185     -0.329      0.009
71.0000       -1007.824    -1015.230        7.406   296.9      0.045      0.518      1.557     -0.234     -0.400      0.207
71.2000       -1007.688    -1015.530        7.842   314.3     -0.509      0.262      0.465      0.621     -0.245      0.304
71.4000       -1007.882    -1015.623        7.741   310.3      1.273      0.008      1.069     -0.323      0.044     -0.369
71.6000       -1006.853    -1015.299        8.445   338.5      0.161      0.367      0.476      0.469      0.184     -0.806
71.8000       -1006.688    -1014.868        8.180   327.9     -0.056      0.039      0.011     -0.298     -0.040      0.007
72.0000       -1007.368    -1015.649        8.281   331.9      0.595     -0.841     -0.257     -0.542     -0.371      0.250
72.2000       -1006.720    -1014.989        8.269   331.4      0.202      0.628      0.708      0.042      0.322     -0.572
72.4000       -1006.785    -1015.211        8.426   337.7      0.330      0.964      0.210     -0.225     -0.069     -0.443
72.6000       -1007.389    -1015.181        7.792   312.3     -0.159     -0.198      0.436      0.113     -0.297     -0.096
72.8000       -1007.555    -1016.055        8.499   340.7      0.214      0.081      1.484      0.251      0.371     -0.174
73.0000       -1007.391    -1014.962        7.571   303.5     -0.224      0.434     -0.345     -0.173     -0.124     -0.106
73.2000       -1005.958    -1014.992        9.033   362.1     -0.019     -0.256     -0.465     -0.181      0.177      0.131
73.4000       -1006.587    -1015.415        8.828   353.9      1.575     -0.173     -0.595     -0.389     -0.184      0.435
73.6000       -1006.650    -1015.202        8.552   342.8     -0.193      0.331      0.207     -0.424      0.399      0.349
73.8000       -1006.977    -1016.058        9.081   364.0      0.290      0.388     -0.306      0.296     -0.195     -0.054
74.0000       -1006.844    -1015.411        8.568   343.4      0.957      0.745      1.103      0.414     -0.208      0.443
74.2000       -1006.509    -1015.224        8.714   349.3      0.142      0.110      0.432      0.788      0.089      0.254
74.4000       -1006.312    -1015.271        8.959   359.1     -0.476      0.975     -0.305     -0.195     -0.087     -0.348
74.6000       -1005.693    -1014.177        8.483   340.1     -0.041      1.127      0.358     -0.382      0.382      0.423
74.8000       -1006.236    -1014.772        8.536   342.2      0.799      0.149     -0.624     -0.567     -0.581     -0.621
75.0000       -1005.911    -1014.387        8.476   339.8      0.803     -0.044      0.592      0.264     -0.131     -0.052
75.2000       -1006.363    -1015.284        8.920   357.6      0.779      1.210      1.428     -0.257      0.294     -0.094
75.4000       -1006.239    -1014.677        8.439   338.3      0.699      1.161     -0.223      0.269     -0.088      0.004
75.6000       -1005.894    -1014.116        8.222   329.6     -0.671      0.796      0.540      0.303      0.325     -0.219
75.8000       -1006.654    -1014.940        8.286   332.1      0.204      0.960     -0.067      0.420     -0.540     -0.326
76.0000       -1007.106    -1015.525        8.418   337.5      0.701      0.205      0.813     -0.488      0.019      0.470
76.2000       -1006.900    -1015.201        8.302   332.8     -0.337      0.308      0.387      0.565     -0.620      0.257
76.4000       -1007.642    -1014.763        7.121   285.4     -1.342      0.658      0.796     -0.196     -0.322     -0.403
76.6000       -1007.901    -1015.479        7.578   303.8      0.549      0.929      0.326      0.472     -0.787     -0.108
76.8000       -1007.297    -1015.535        8.238   330.2      1.282      1.445      1.239     -0.049      0.351     -0.032
77.0000       -1006.129    -1014.444        8.316   333.3     -0.307      1.037     -0.251     -0.451      0.124      0.602
77.2000       -1006.858    -1015.198        8.340   334.3      0.037     -0.048      0.325     -0.219      0.358      0.200
77.4000       -1006.946    -1015.841        8.895   356.6      0.162     -0.138      0.199      0.182     -0.397     -0.189
77.6000       -1006.913    -1015.102        8.189   328.3      0.527     -0.027      0.554      0.054      0.478     -0.516
77.8000       -1007.055    -1016.238        9.182   368.1      0.660      0.649      0.509     -0.250     -0.149      0.082
78.0000       -1007.124    -1015.585        8.461   339.1      0.631      0.555      0.601     -0.062     -0.442      0.297
78.2000       -1006.450    -1014.095        7.645   306.4      1.017      0.487      1.226      0.040     -0.339      0.413
78.4000       -1007.346    -1015.473        8.128   325.8      0.954      1.045      1.254     -0.560     -0.519     -0.310
78.6000       -1007.170    -1015.056        7.886   316.1     -0.408      0.069     -0.105      0.108      0.031     -0.029
78.8000       -1006.996    -1015.585        8.590   344.3      1.136      0.341      0.470      0.304      0.310     -0.116
79.0000       -1007.241    -1016.084        8.844   354.5      0.313      0.495      0.976     -0.005      0.247      0.616
79.2000       -1006.895    -1015.418        8.523   341.6     -0.099     -0.125      0.029     -0.402      0.280     -0.774
79.4000       -1007.245    -1016.149        8.903   356.9      0.548      0.508      0.242      0.038      0.395      0.210
79.6000       -1006.779    -1015.122        8.343   334.4     -0.012      0.276      1.615     -0.148     -0.450     -0.171
79.8000       -1006.380    -1014.890        8.509   341.1      0.658      0.221      0.661     -0.123      0.506     -0.180
80.0000       -1005.914    -1014.685        8.772   351.6      0.533      0.130      0.215      0.246     -0.113      0.105
80.2000       -1006.551    -1014.927        8.376   335.7      0.718      0.510      0.930      0.104     -0.178      0.038
80.4000       -1006.717    -1014.706        7.989   320.2      1.164      0.910      0.417     -0.075      0.080     -0.240
80.6000       -1006.258    -1014.380        8.122   325.6      1.375     -0.462      0.922     -0.152     -0.043     -0.069
80.8000       -1006.059    -1014.337        8.278   331.8      0.572      0.008      0.534      0.361      0.136      0.283
81.0000       -1006.855    -1015.620        8.765   351.3     -1.051      0.577      0.067     -0.052      0.272     -0.612
81.2000       -1006.902    -1015.135        8.233   330.0     -0.178      0.229      1.161      0.515      0.229     -0.078
81.4000       -1007.107    -1015.096        7.989   320.2     -0.251      0.733      0.302      0.398      0.304     -0.760
81.6000       -1006.780    -1014.541        7.761   311.1      0.443      0.169      0.081      0.175      0.169      0.095
81.8000       -1006.487    -1014.209        7.722   309.5      0.218      0.154     -0.791      0.169      0.023     -0.214
82.0000       -1007.104    -1015.232        8.128   325.8      0.365      0.804      1.296      0.108      0.336      0.392
82.2000       -1007.356    -1015.197        7.841   314.3      0.954      0.747      1.367     -0.651     -0.089      0.167
82.4000       -1007.495    -1015.342        7.847   314.6      0.566      0.205      0.428      0.198     -0.179      0.329
82.6000       -1007.853    -1015.647        7.794   312.4      0.254     -0.249      0.771     -0.280      0.308      0.362
82.8000       -1006.933    -1014.837        7.904   316.8     -0.058     -0.267     -0.355     -0.138     -0.107     -0.179
83.0000       -1006.067    -1014.405        8.338   334.2      0.144     -0.341      0.209      0.327     -0.082     -0.572
83.2000       -1006.128    -1014.335        8.207   329.0      0.083      0.599     -0.403     -0.357      0.283     -0.134
83.4000       -1006.609    -1014.455        7.846   314.5     -0.123      0.682      0.602     -0.122     -0.394      0.445
83.6000       -1006.900    -1014.325        7.425   297.6      0.541     -0.074      0.897      0.178     -0.133     -0.261
83.8000       -1007.136    -1015.307        8.171   327.6     -0.740      0.223     -0.211     -0.276      0.164      0.029
84.0000       -1007.777    -1015.126        7.349   294.6      0.496      0.542      0.235      0.058     -0.589     -0.080
84.2000       -1007.054    -1014.652        7.598   304.6     -0.086     -0.069     -1.152      0.048     -0.914     -0.572
84.4000       -1006.092    -1014.655        8.562   343.2     -0.008     -0.176      0.505      0.095      0.131     -0.902
84.6000       -1005.526    -1013.469        7.943   318.4      0.755      0.169      0.830     -0.153     -0.856      0.336
84.8000       -1005.496    -1014.366        8.870   355.5      0.516      0.243      0.429     -0.020      0.324     -0.150
85.0000       -1005.477    -1014.550        9.074   363.7      0.203     -0.130     -0.389     -0.311     -0.126      0.384
85.2000       -1004.788    -1014.423        9.635   386.2     -0.240      0.020      0.629     -0.049     -0.469     -0.025
85.4000       -1005.426    -1014.252        8.826   353.8      0.490      0.842      1.121      0.507      0.203      0.432
85.6000       -1006.847    -1014.190        7.343   294.3      1.265     -0.328      0.804      0.629     -0.177      0.473
85.8000       -1006.527    -1015.376        8.849   354.7      0.261      0.353      0.415     -0.092      0.687     -0.009
86.0000       -1006.160    -1014.642        8.482   340.0      0.306      0.423      0.478     -0.117     -0.153      0.607
86.2000       -1005.847    -1013.947        8.100   324.7      0.438      0.249      1.244      0.206     -0.267      0.243
86.4000       -1005.124    -1013.527        8.402   336.8      0.276      0.033      1.219     -0.091      0.430      0.274
86.6000       -1004.816    -1013.624        8.808   353.1      0.507      0.365     -0.258      0.057     -0.880      0.689
86.8000       -1005.737    -1014.421        8.684   348.1      0.633      1.141      1.275     -0.287     -0.598     -0.093
87.0000       -1006.132    -1015.122        8.990   360.4     -0.619     -0.282     -0.124      0.262     -0.550     -0.204
87.2000       -1006.014    -1014.770        8.756   351.0      0.429      0.132      0.721      0.036     -0.162      0.266
87.4000       -1006.578    -1015.307        8.728   349.9      0.674      0.663      1.677      0.104      0.383      0.115
87.6000       -1005.995    -1014.745        8.750   350.7      0.503      0.256      0.743      0.097      0.266      0.212
87.8000       -1006.618    -1015.289        8.671   347.6     -0.073     -0.532      0.007      0.036     -0.106      0.269
88.0000       -1006.229    -1014.887        8.658   347.1      0.467      1.592      1.256     -0.259     -0.239      0.065
88.2000       -1007.160    -1014.850        7.691   308.3     -0.298     -0.012     -0.449      0.666      0.026      0.151
88.4000       -1007.378    -1015.773        8.396   336.5     -0.208     -0.539      0.373     -0.441      0.305      0.051
88.6000       -1007.896    -1016.091        8.195   328.5      0.361     -0.307     -0.718      0.196      0.104      0.345
88.8000       -1008.048    -1015.445        7.397   296.5      0.472      0.265      0.239     -0.308     -0.211     -0.357
89.0000       -1008.107    -1016.197        8.090   324.3     -0.677     -0.224     -0.278      0.366     -0.488      0.316
89.2000       -1008.280    -1015.852        7.572   303.5     -0.215     -0.081      0.463      0.573      0.042     -0.178
89.4000       -1008.339    -1015.990        7.651   306.7      0.316     -0.132      0.235      0.409      0.129     -0.485
89.6000       -1008.170    -1016.336        8.166   327.3      0.427      0.287     -0.700      0.037      0.148     -0.178
89.8000       -1008.070    -1015.861        7.791   312.3      0.907      0.944      0.066     -0.057     -0.570     -0.218
90.0000       -1007.331    -1014.980        7.649   306.6      0.257     -0.120     -0.021      0.374     -0.085     -0.178
90.2000       -1006.764    -1015.301        8.537   342.2      0.871      0.634      0.767      0.018      0.135     -0.051
90.4000       -1007.224    -1015.081        7.857   315.0      1.712      0.191      0.202     -0.313     -0.085     -0.250
90.6000       -1006.252    -1013.990        7.739   310.2      0.065      0.833      0.165     -0.195      0.961      0.456
90.8000       -1006.960    -1015.005        8.045   322.5     -0.034      0.785      0.247      0.125     -0.071     -0.530
91.0000       -1007.527    -1014.639        7.112   285.1     -0.439      0.286      0.214     -0.450     -0.849     -0.378
91.2000       -1006.824    -1015.051        8.227   329.8     -0.037     -0.379      1.140     -0.209     -0.227      0.358
91.4000       -1006.452    -1015.071        8.619   345.5     -0.776     -0.158     -0.001      0.428     -0.549      0.197
91.6000       -1006.527    -1015.057        8.530   341.9      0.873      0.770      0.478      0.123     -0.275     -0.319
91.8000       -1007.024    -1015.450        8.426   337.8      0.523      0.785      0.587      0.444     -0.056      0.303
92.0000       -1006.926    -1015.398        8.472   339.6      0.055      0.500      0.064     -0.524      0.539      0.008
92.2000       -1007.195    -1015.324        8.129   325.9      0.454      0.304      0.902     -0.253     -0.049      0.143
92.4000       -1007.510    -1015.307        7.797   312.5      0.757      0.874      1.448      0.412     -0.005     -0.276
92.6000       -1007.236    -1015.513        8.277   331.8      0.513      0.771      0.235     -0.070      0.032     -0.086
92.8000       -1008.083    -1015.834        7.751   310.7      0.651      0.775      1.288     -0.059     -0.014      0.326
93.0000       -1007.762    -1015.615        7.854   314.8     -0.070      0.298     -0.415     -0.082     -0.241      0.242
93.2000       -1007.800    -1015.972        8.172   327.6      0.213      1.071      0.894     -0.414      0.164     -0.033
93.4000       -1007.198    -1015.165        7.968   319.4      0.267      0.049      0.144     -0.004     -0.252     -0.269
93.6000       -1007.128    -1015.705        8.577   343.8      0.319      0.576     -0.551     -0.142      0.043     -0.258
93.8000       -1007.497    -1015.295        7.797   312.5      0.304      0.561      0.382     -0.069      0.390     -0.087
94.0000       -1008.282    -1016.496        8.214   329.3      0.626      0.289      0.128      0.483      0.448      0.199
94.2000       -1007.891    -1016.057        8.166   327.3      0.300     -0.077      0.359      0.046      0.060      0.005
94.4000       -1008.543    -1016.281        7.738   310.2      0.454      0.573     -0.200     -0.201      0.162     -0.614
94.6000       -1008.347    -1016.268        7.920   317.5      0.409      0.826      0.410      0.337     -0.230     -0.119
94.8000       -1008.705    -1016.748        8.043   322.4      0.325     -0.221      0.678     -0.752      0.383      0.592
95.0000       -1008.927    -1016.786        7.859   315.0      0.062      0.301      0.173      0.205     -0.083     -0.440
95.2000       -1007.742    -1015.579        7.836   314.1      0.484      0.461     -0.131      0.477     -0.419      0.073
95.4000       -1008.246    -1016.070        7.824   313.6      0.722      0.652      0.496     -0.279     -0.339      0.101
95.6000       -1008.621    -1015.750        7.129   285.8      0.513      0.193      0.612     -0.115      0.142      0.709
95.8000       -1007.987    -1015.648        7.661   307.1     -0.215      0.844      0.497      0.105     -0.250     -0.352
96.0000       -1007.490    -1015.661        8.171   327.5      0.114      0.825     -0.224      0.108     -0.299     -0.307
96.2000       -1006.928    -1014.605        7.677   307.7      0.648      1.379      0.134     -0.326      0.540     -0.300
96.4000       -1006.882    -1015.831        8.949   358.7     -0.701      0.340     -0.172     -0.206      0.153      0.664
96.6000       -1005.973    -1015.055        9.081   364.0     -0.305     -0.579     -0.268     -0.437      0.258     -0.055
96.8000       -1006.695    -1014.645        7.951   318.7      0.286      0.044      0.548     -0.317     -0.223     -0.431
97.0000       -1006.003    -1013.992        7.988   320.2      0.025      0.132      0.006     -0.059      0.231     -0.054
97.2000       -1005.404    -1013.943        8.539   342.3      0.092     -0.110     -0.259      0.073     -0.295     -0.065
97.4000       -1006.176    -1013.901        7.725   309.6      0.145     -0.210      1.993     -1.096      0.837      0.028
97.6000       -1006.180    -1014.448        8.268   331.4     -0.244      1.247      0.937     -0.254      0.698      0.288
97.8000       -1006.590    -1015.029        8.438   338.3      1.297      0.064      0.456      0.071     -0.171     -0.004
98.0000       -1006.888    -1015.718        8.830   353.9      0.827      0.423      0.719     -0.268      0.603     -0.270
98.2000       -1006.312    -1014.908        8.596   344.6      0.847      0.805     -0.119      0.332     -0.376      0.336
98.4000       -1007.178    -1016.482        9.304   373.0      0.216      0.527      0.329     -0.231      0.299     -0.154
98.6000       -1008.184    -1015.833        7.650   306.6     -0.346      0.749      0.151      0.582     -0.050      0.204
98.8000       -1007.803    -1016.025        8.222   329.6      0.708      0.324      0.036     -0.071     -0.046      0.097
99.0000       -1006.763    -1015.615        8.852   354.8      0.727     -0.482      0.337      0.152      0.107      0.624
99.2000       -1007.089    -1015.767        8.677   347.8      0.411     -0.115     -0.268     -0.207     -0.024     -0.272
99.4000       -1007.005    -1015.506        8.501   340.8      0.598     -0.120      0.494      0.428     -0.074     -0.096
99.6000       -1007.586    -1015.917        8.331   334.0     -0.137     -0.215      0.961      0.086     -0.443      0.384
99.8000       -1007.671    -1015.710        8.039   322.2      0.383      0.554      0.328      0.202     -0.156      0.061
100.0000      -1007.859    -1015.719        7.861   315.1      0.935      2.015      1.029     -0.287      0.102     -0.230
100.2000      -1008.281    -1015.932        7.651   306.7      0.539      0.043      0.592      0.136      0.433      0.069
100.4000      -1008.294    -1016.199        7.904   316.8      0.264      0.457     -0.009      0.347     -0.155      0.111
100.6000      -1007.929    -1015.516        7.587   304.1      1.237      1.043      0.693      0.688     -0.207      0.679
100.8000      -1007.870    -1016.321        8.452   338.8     -0.784     -0.389     -0.107      0.456      0.125     -0.567
101.0000      -1008.976    -1016.471        7.495   300.4      1.427      0.585     -0.164     -0.161     -0.207      0.146
101.2000      -1008.350    -1016.285        7.934   318.1      1.006      0.704     -0.062      0.130      0.398      0.143
101.4000      -1007.630    -1016.414        8.784   352.1      0.237      0.118      0.716      0.247      0.057      0.386
101.6000      -1007.114    -1015.217        8.104   324.8      0.318     -0.107     -0.293      0.218      0.134     -0.141
101.8000      -1007.289    -1015.854        8.565   343.3      0.023      0.454      0.535     -0.016     -0.304      0.229
102.0000      -1006.762    -1015.465        8.704   348.9      1.063      0.765      1.471     -0.060      0.264     -0.629
102.2000      -1006.550    -1015.000        8.450   338.7      1.149      0.165      0.818      0.265     -0.062     -0.263
102.4000      -1006.642    -1015.997        9.355   375.0      0.819      0.543      0.502     -0.169     -0.595     -0.391
102.6000      -1007.230    -1016.328        9.098   364.7      1.540      0.122     -0.072     -0.016      0.275     -0.166
102.8000      -1006.992    -1015.305        8.313   333.2      0.174      0.034      0.039      0.315     -0.856      0.097
103.0000      -1007.016    -1015.272        8.255   330.9      1.496      0.999      1.100     -0.195      0.043      0.342
103.2000      -1007.693    -1015.930        8.238   330.2      1.085      0.054      0.059      0.006      0.313     -0.018
103.4000      -1008.297    -1016.625        8.328   333.8      0.547      0.238      0.737     -0.044      0.040     -0.274
103.6000      -1008.684    -1016.666        7.982   319.9      0.617      0.661      0.170      0.641      0.449     -0.002
103.8000      -1007.589    -1015.993        8.403   336.9      0.457      0.443     -0.013      0.531     -0.002     -0.426
104.0000      -1008.180    -1016.860        8.680   348.0      0.188     -0.275      0.329     -0.099      0.355     -0.304
104.2000      -1007.826    -1016.291        8.465   339.3      0.745     -0.351     -0.457      0.452      0.139     -0.104
104.4000      -1008.010    -1016.573        8.563   343.3      0.106      0.246     -0.208     -0.520      0.296     -0.038
104.6000      -1008.392    -1016.463        8.070   323.5      0.469     -0.034     -0.116      0.408     -0.095     -0.388
104.8000      -1008.041    -1015.775        7.734   310.0      0.459      0.215     -0.128      0.166      0.725      0.236
105.0000      -1008.396    -1016.745        8.349   334.7      0.196     -0.635      0.609      0.075      0.044     -0.184
105.2000      -1008.052    -1017.007        8.954   358.9      0.732      0.230     -0.373      0.140     -0.230     -0.406
105.4000      -1008.619    -1016.677        8.057   323.0      1.058      0.400      0.950     -0.082     -0.800     -0.456
105.6000      -1007.506    -1016.569        9.063   363.3      0.132     -0.302      0.271     -0.304     -0.707     -0.378
105.8000      -1007.555    -1016.219        8.664   347.3     -0.205     -0.459     -0.459      0.162     -0.311     -0.555
106.0000      -1007.756    -1016.337        8.581   344.0      0.516      0.408      0.374     -0.212     -0.124      0.022
106.2000      -1008.212    -1015.895        7.682   307.9      0.198     -0.202      0.116     -0.655     -0.606     -0.309
106.4000      -1009.118    -1016.217        7.099   284.6      0.036     -0.349     -0.307     -0.099      0.085      0.298
106.6000      -1007.950    -1016.152        8.202   328.8     -0.219      0.257      0.618     -0.356      0.057      0.011
106.8000      -1007.586    -1015.755        8.169   327.5      0.811     -0.159      0.803      0.245     -0.140      0.964
107.0000      -1007.341    -1014.889        7.549   302.6      0.044      1.006      1.073      0.198      0.242     -0.058
107.2000      -1006.887    -1016.060        9.173   367.7      0.965      0.744      1.143     -0.319      0.357      0.100
107.4000      -1007.473    -1015.595        8.122   325.6      0.647      1.093      0.289      0.436      0.154      0.029
107.6000      -1006.862    -1015.151        8.288   332.2      1.115      0.155      0.321     -0.272      0.372      0.222
107.8000      -1006.532    -1014.873        8.341   334.4     -0.067      1.327      0.535      0.091      0.550      0.096
108.0000      -1007.108    -1015.482        8.373   335.6      0.658      1.427      0.932     -0.739      0.499     -0.077
108.2000      -1007.377    -1016.653        9.276   371.8      0.562      1.113     -0.749     -0.069      0.277     -0.047
108.4000      -1007.479    -1015.660        8.181   327.9      0.845      0.986      0.537     -0.326     -0.067      0.412
108.6000      -1007.930    -1015.993        8.063   323.2      1.058      0.558      0.759     -0.178     -0.245      0.415
108.8000      -1008.588    -1016.430        7.842   314.4      0.894     -0.562      0.373     -0.341      0.075     -0.153
109.0000      -1007.644    -1015.604        7.961   319.1      0.649      0.277      0.439     -0.235     -0.131     -0.190
109.2000      -1007.673    -1015.583        7.910   317.1     -0.533      0.643      0.238      0.732     -0.373      0.408
109.4000      -1007.992    -1015.966        7.974   319.6      0.852      1.425      0.971     -0.074     -0.532     -0.433
109.6000      -1008.583    -1016.685        8.103   324.8      1.643      1.552      0.378      0.068      0.346     -0.075
109.8000      -1008.286    -1016.183        7.898   316.6      0.658      1.203      0.477      0.127      0.081      0.156
110.0000      -1007.708    -1016.034        8.326   333.7      1.451      0.540     -0.254      0.040      0.502      0.494
110.2000      -1007.430    -1015.631        8.201   328.7      0.013     -0.105      0.296     -0.093      0.611     -0.572
110.4000      -1007.245    -1015.909        8.664   347.3      0.280      0.078      0.642     -0.229      0.351     -0.286
110.6000      -1007.727    -1015.986        8.259   331.0      0.730      1.555      0.288     -0.053      0.254      0.823
110.8000      -1006.985    -1015.641        8.656   347.0      0.792      0.872     -0.317     -0.317      0.216     -0.216
111.0000      -1007.463    -1015.745        8.282   332.0      0.760      1.150      0.442      0.190     -0.059     -0.081
111.2000      -1006.980    -1016.133        9.153   366.9      0.516      1.081      1.714     -0.161      0.017      0.701
111.4000      -1007.275    -1015.090        7.815   313.2      1.172     -0.196      0.938      0.670      0.131     -0.191
111.6000      -1008.208    -1016.118        7.910   317.1     -0.354      0.235     -0.215     -0.134     -0.369      0.080
111.8000      -1007.356    -1015.812        8.455   338.9     -0.019      0.592      0.630     -0.039      0.066     -0.418
112.0000      -1007.701    -1015.798        8.097   324.6      1.111      1.258      1.577      0.486     -0.603     -0.274
112.2000      -1007.418    -1015.816        8.398   336.6      0.523      0.743      0.511      0.323     -0.146      0.069
112.4000      -1006.829    -1015.285        8.456   339.0      0.019      0.631      0.631      0.103     -0.213     -0.039
112.6000      -1008.367    -1016.560        8.193   328.4     -0.279      0.406      0.288     -0.147     -0.036      0.449
112.8000      -1008.527    -1016.913        8.385   336.1      0.518     -0.063      0.122     -0.718     -0.330     -0.296
113.0000      -1008.800    -1016.519        7.719   309.4      0.809      0.353      0.503     -0.161     -0.078      0.299
113.2000      -1009.724    -1017.111        7.387   296.1      1.211      2.203      1.695      0.082      0.365     -0.181
113.4000      -1008.847    -1017.123        8.276   331.7      1.108      0.172      1.020     -0.210      0.031      0.196
113.6000      -1008.760    -1016.369        7.609   305.0     -0.472      0.684      0.426      0.043     -0.086      0.246
113.8000      -1008.187    -1016.414        8.227   329.8      0.313      0.356      1.191      0.602     -0.243      0.288
114.0000      -1008.563    -1016.777        8.214   329.3      1.332      0.249      0.786      0.488      0.385     -0.284
114.2000      -1008.235    -1016.170        7.935   318.1     -0.344     -0.209      0.577      0.161      0.159      0.382
114.4000      -1008.179    -1016.350        8.172   327.6     -0.964     -0.332      0.150      0.149     -0.176      0.470
114.6000      -1008.966    -1017.051        8.085   324.1      0.483      0.131      0.707      0.009      0.054     -0.069
114.8000      -1009.158    -1016.695        7.537   302.1     -0.382     -1.005      1.102     -0.210     -0.526      0.062
115.0000      -1008.246    -1017.031        8.786   352.2      0.569      0.121      0.443      0.014     -0.033      0.060
115.2000      -1008.913    -1017.156        8.244   330.4     -0.145      0.418     -0.750     -0.373     -0.237      0.239
115.4000      -1009.155    -1016.779        7.624   305.6      0.534      0.135      0.262      0.164      0.134     -0.113
115.6000      -1008.896    -1016.432        7.535   302.1     -0.199     -0.278      0.666      0.429     -0.227     -0.221
115.8000      -1007.890    -1015.688        7.798   312.6      0.504      0.399      0.569      0.543     -0.147     -0.520
116.0000      -1008.027    -1016.068        8.041   322.3      0.505      1.230      0.717     -0.472     -0.343     -0.117
116.2000      -1007.945    -1016.777        8.832   354.0      0.816      0.394     -0.343     -0.021     -0.253     -0.787
116.4000      -1008.079    -1016.746        8.667   347.4      0.107      0.116     -0.151     -0.123      0.057      0.276
116.6000      -1007.627    -1015.299        7.672   307.5      0.157     -0.891      0.765      0.174     -0.352      0.365
116.8000      -1008.128    -1015.946        7.819   313.4      0.178      0.745      1.331      0.799     -0.316      0.138
117.0000      -1007.806    -1016.321        8.515   341.3      0.166      0.465      0.414     -0.500     -0.480     -0.101
117.2000      -1007.011    -1016.474        9.463   379.3     -0.079      0.635      0.409      0.074      0.126     -0.265
117.4000      -1007.028    -1015.455        8.427   337.8      0.064      0.739      1.408      0.348     -0.276     -0.127
117.6000      -1007.562    -1015.297        7.735   310.1     -0.035     -0.083      0.664     -0.587      0.112      0.191
117.8000      -1006.523    -1015.572        9.049   362.7      0.382      0.482     -0.342      0.251     -0.337      0.528
118.0000      -1007.068    -1015.082        8.015   321.3      0.990      0.647      1.394     -0.183      0.062     -0.533
118.2000      -1006.780    -1014.857        8.076   323.7      1.269     -0.966      0.677     -0.127     -0.476     -0.208
118.4000      -1007.255    -1015.059        7.804   312.8      1.390      0.942      1.877     -0.550      0.147      0.111
118.6000      -1006.820    -1015.942        9.122   365.7      1.046     -0.563      1.143     -0.036     -0.266     -0.318
118.8000      -1007.110    -1015.848        8.738   350.3      0.794      0.846      1.445      0.200      0.136     -0.257
119.0000      -1007.822    -1015.848        8.026   321.7      1.088      0.597      0.270     -0.130     -0.463     -0.086
119.2000      -1008.088    -1015.559        7.471   299.5     -0.719     -0.794     -0.200      0.558      0.698     -0.158
119.4000      -1008.506    -1016.667        8.161   327.1      0.804      0.439      0.593      0.197      0.052     -0.127
119.6000      -1008.557    -1016.267        7.710   309.0      0.146     -0.260      0.229      0.472     -0.534     -0.655
119.8000      -1007.704    -1016.328        8.624   345.7     -0.201     -0.531      0.653     -0.084      0.404     -0.176
120.0000      -1007.814    -1015.633        7.818   313.4      0.255      0.582     -0.531      0.186     -0.006      0.223
120.2000      -1007.409    -1016.290        8.881   356.0      1.029     -0.793      0.144     -0.213     -0.118     -0.539
120.4000      -1007.889    -1015.894        8.005   320.9     -0.042     -0.005      0.084     -0.320     -0.383     -0.202
120.6000      -1008.209    -1016.329        8.120   325.5      0.392      0.349      0.790      0.227     -0.122      0.414
120.8000      -1007.491    -1015.676        8.185   328.1     -0.041      0.105      0.928      0.356      0.022      0.753
121.0000      -1008.332    -1016.688        8.357   335.0      0.093      0.421      0.723     -0.139      0.156     -0.513
121.2000      -1008.742    -1016.564        7.822   313.5      0.192     -1.021     -0.229     -0.363     -0.028     -0.316
121.4000      -1007.997    -1015.859        7.862   315.2      0.439     -0.438     -0.186     -0.304     -0.044     -0.256
121.6000      -1008.105    -1016.335        8.230   329.9      1.116     -0.071      1.256      0.589     -0.229      0.021
121.8000      -1009.270    -1017.124        7.854   314.8      0.231      0.602      0.160      0.186     -0.321     -0.179
122.0000      -1009.514    -1016.951        7.437   298.1      0.334      0.406      0.011      0.297     -0.256      0.350
122.2000      -1009.066    -1016.958        7.892   316.3      0.522      0.964      1.038      0.258      0.413     -0.298
122.4000      -1007.279    -1015.579        8.300   332.7      0.125      0.546      1.824      0.246     -0.226      0.061
122.6000      -1007.482    -1015.665        8.183   328.0      0.132      0.356      0.690      0.501     -0.305      0.420
122.8000      -1007.376    -1016.784        9.408   377.1      0.379      0.104      0.656      0.458     -0.665     -0.226
123.0000      -1007.212    -1015.968        8.757   351.0     -0.073     -0.659     -0.893     -0.234     -0.554     -0.152
123.2000      -1008.055    -1016.069        8.014   321.2      0.271      0.710     -0.445      0.180     -0.113     -0.246
123.4000      -1008.201    -1016.365        8.164   327.2      0.842     -0.160     -0.096     -0.170      0.027     -0.548
123.6000      -1008.301    -1015.723        7.422   297.5      0.096     -0.143      0.405     -0.456     -0.255     -0.189
123.8000      -1007.225    -1015.733        8.508   341.1     -1.484     -0.265      0.029     -0.087      0.106     -0.599
124.0000      -1007.358    -1016.069        8.711   349.2      0.360      0.457      1.602      0.159      0.143     -0.145
124.2000      -1007.000    -1015.836        8.836   354.2     -0.173      1.142     -0.148      0.122      0.517      0.010
124.4000      -1007.277    -1016.240        8.964   359.3      0.207     -0.515     -0.188     -0.209      0.034      0.089
124.6000      -1008.254    -1016.292        8.038   322.2      0.179     -0.626      0.411      0.014      0.032     -0.563
124.8000      -1008.512    -1015.575        7.063   283.1     -0.460      0.512     -0.955      0.191      0.212     -0.455
125.0000      -1008.116    -1015.911        7.796   312.5      0.773     -0.410     -0.149     -0.005      0.261      0.587
125.2000      -1006.909    -1015.064        8.155   326.9     -1.458      0.476      0.368      0.073     -0.284      0.407
125.4000      -1006.947    -1014.830        7.884   316.0      0.390      0.073      0.054     -0.155     -0.037     -0.216
125.6000      -1006.764    -1014.624        7.860   315.1     -0.370      0.683      0.857     -0.178      0.357      0.311
125.8000      -1007.059    -1014.550        7.491   300.3      0.492      0.368     -0.340     -0.376      0.546     -0.405
126.0000      -1007.509    -1015.530        8.020   321.5      0.568      0.694      1.129     -0.316      0.011      0.068
126.2000      -1006.973    -1015.774        8.801   352.8      0.922      0.494     -0.045     -0.129      0.441     -0.384
126.4000      -1006.877    -1015.064        8.187   328.2      0.982      1.044     -0.142     -0.280     -0.313     -0.400
126.6000      -1006.930    -1015.301        8.371   335.5      0.861      0.751      1.165      0.305      0.162     -0.394
126.8000      -1006.612    -1014.839        8.227   329.8     -0.481      0.023     -0.836      0.477     -0.494     -0.431
127.0000      -1006.620    -1015.050        8.430   337.9      0.719      0.130      0.131      0.007     -0.188     -0.059
127.2000      -1007.264    -1015.076        7.812   313.1      1.411      1.218      1.102      0.296     -0.206      0.024
127.4000      -1006.726    -1015.060        8.334   334.1      1.352      0.824      0.053     -0.001     -0.428      0.557
127.6000      -1007.806    -1015.289        7.483   299.9     -0.256     -0.086      0.745      0.331     -0.238     -0.035
127.8000      -1007.273    -1015.303        8.030   321.9      0.436      0.483      0.317     -0.208     -0.752     -0.341
128.0000      -1007.393    -1015.280        7.886   316.1      0.508      0.526      0.870      0.057     -0.173      0.074
128.2000      -1008.061    -1015.900        7.839   314.2      0.106      0.597      1.301     -0.137     -0.602      0.460
128.4000      -1007.516    -1015.298        7.782   311.9      0.425      1.025      0.324      0.209     -0.401     -0.516
128.6000      -1006.436    -1014.642        8.206   328.9     -0.240      0.477      0.865      0.305      0.239     -0.588
128.8000      -1006.737    -1015.062        8.325   333.7     -0.146      0.278     -0.106     -0.400     -0.479      0.124
129.0000      -1006.409    -1015.704        9.295   372.6      0.172      0.310      0.649      0.027     -0.245     -0.120
129.2000      -1006.843    -1015.022        8.179   327.8     -0.012      0.163      0.473     -0.431     -0.634     -0.137
129.4000      -1006.872    -1015.078        8.206   328.9      0.686     -0.148      0.719     -0.680     -0.044     -0.411
129.6000      -1006.434    -1015.414        8.980   359.9      0.859     -0.070      0.667     -0.251     -0.140     -0.118
129.8000      -1006.698    -1015.059        8.361   335.1      0.147      0.296      0.104      0.542     -0.148     -0.341
130.0000      -1007.114    -1015.230        8.115   325.3      0.252     -0.542     -0.125      0.182      0.022      0.607
130.2000      -1006.591    -1014.339        7.748   310.6      0.457     -0.806     -0.622      0.418      0.389      0.088
130.4000      -1006.903    -1015.689        8.786   352.2     -0.732     -1.256      0.485      0.428      0.549     -0.049
130.6000      -1006.842    -1015.552        8.710   349.1     -0.128      0.959      0.161     -0.351      0.259      0.409
130.8000      -1007.475    -1016.100        8.625   345.7     -0.408      0.908     -0.234      0.030      0.250     -0.689
131.0000      -1007.685    -1015.204        7.519   301.4      1.009      0.372      0.256     -0.229     -0.051     -0.130
131.2000      -1007.657    -1015.484        7.827   313.8      0.205      0.608      0.274      0.296      0.350      0.197
131.4000      -1006.733    -1015.880        9.147   366.7     -1.429     -0.674     -0.918     -0.306     -0.135      0.216
131.6000      -1006.197    -1015.061        8.864   355.3      1.068     -0.084      0.815     -0.411     -0.309     -0.370
131.8000      -1007.684    -1014.878        7.194   288.4      0.073      0.690      0.772      0.128     -0.441      0.168
132.0000      -1007.969    -1015.488        7.520   301.4      0.052     -0.624     -0.127     -0.236     -0.188      0.193
132.2000      -1007.345    -1015.254        7.909   317.0      0.242      0.800      0.493      0.098      0.074     -0.341
132.4000      -1007.361    -1016.253        8.893   356.5     -0.584     -0.477     -0.763     -0.627     -0.187      0.289
132.6000      -1006.857    -1015.307        8.449   338.7      0.732      0.712     -0.442     -0.472      0.128     -0.060
132.8000      -1005.819    -1014.290        8.471   339.6      0.882      0.842      0.575      0.182     -0.303      0.173
133.0000      -1005.369    -1013.906        8.537   342.2      0.071     -0.042      0.054      0.823     -0.134      0.109
133.2000      -1005.669    -1014.638        8.970   359.6      0.615     -0.321      0.489     -0.464     -0.063     -0.015
133.4000      -1006.416    -1015.786        9.370   375.6      0.791      0.921      0.048     -0.549      0.400     -0.116
133.6000      -1006.497    -1014.566        8.069   323.4     -0.424      0.003     -0.275      0.349     -0.278      0.084
133.8000      -1005.743    -1014.371        8.628   345.8      0.494      0.330      0.090      0.533     -0.712      0.075
134.0000      -1005.780    -1014.421        8.641   346.4     -0.611      0.027      0.565      0.549      0.236      0.114
134.2000      -1006.136    -1014.818        8.682   348.0      0.226      0.524      0.763      0.188     -0.661      0.072
134.4000      -1006.168    -1014.821        8.653   346.8      0.759      2.063      0.102     -0.089      0.789     -0.041
134.6000      -1006.446    -1015.211        8.765   351.3      0.648      1.069      0.857      0.330     -0.553     -0.218
134.8000      -1007.280    -1015.515        8.235   330.1      0.553      0.163     -0.033     -0.731     -0.224     -0.095
135.0000      -1007.270    -1015.842        8.572   343.6      0.356      0.953      0.401      0.826      0.425     -0.015
135.2000      -1008.049    -1015.926        7.877   315.8      0.603      0.684      0.578      0.186      0.026     -0.843
135.4000      -1007.995    -1015.978        7.982   320.0      1.134      0.865      0.205     -0.023      0.068     -0.278
135.6000      -1008.092    -1015.660        7.567   303.3     -0.267      0.151     -0.932     -0.328     -0.068      0.229
135.8000      -1007.610    -1015.472        7.861   315.1      0.228      0.290      1.076     -0.058      0.021     -0.204
136.0000      -1007.976    -1016.134        8.158   327.0      0.882      0.499      0.952      0.460     -0.108      0.053
136.2000      -1007.184    -1015.110        7.926   317.7      1.347      1.300      0.702      0.233      0.081     -0.380
136.4000      -1007.618    -1015.648        8.030   321.9      0.840      0.540     -0.243      0.077     -0.303     -0.013
136.6000      -1007.782    -1016.214        8.432   338.0      1.136      0.186     -1.293      0.468      0.255     -0.709
136.8000      -1007.799    -1016.242        8.443   338.4      1.092     -0.109     -0.263     -0.039      0.630     -0.639
137.0000      -1007.381    -1015.330        7.949   318.6     -0.255     -0.525     -0.129      0.269     -0.676      0.234
137.2000      -1006.803    -1015.192        8.389   336.3      0.174      1.042      0.871      0.282     -0.294     -0.053
137.4000      -1006.423    -1015.315        8.892   356.4      0.486      0.027      0.471     -0.582      0.019     -0.579
137.6000      -1007.390    -1016.055        8.664   347.3      0.071      0.144      0.673     -0.571     -0.639     -0.032
137.8000      -1007.477    -1015.517        8.040   322.3      0.360     -0.107      0.112     -0.046     -0.437      0.150
138.0000      -1007.821    -1016.658        8.837   354.2     -0.278     -0.908      0.780     -0.282      0.045     -0.229
138.2000      -1007.191    -1015.376        8.184   328.1      0.635      0.420      0.691      0.662      0.490      0.015
138.4000      -1007.885    -1016.347        8.462   339.2      0.543     -0.713     -0.251      0.135     -0.009     -0.121
138.6000      -1008.320    -1016.421        8.101   324.7      0.057      0.759      0.728      0.362      0.135     -0.712
138.8000      -1007.766    -1015.511        7.745   310.5      0.242      0.387      0.874     -0.389     -0.603     -0.360
139.0000      -1008.522    -1016.642        8.119   325.5      1.230      0.223      0.918      0.338      0.304     -0.428
139.2000      -1007.704    -1016.045        8.341   334.4      0.968      0.627      1.561      0.261     -0.024      0.340
139.4000      -1008.056    -1016.237        8.181   327.9      1.107      0.771      0.773      0.321     -0.192      0.608
139.6000      -1008.384    -1015.959        7.575   303.6     -0.049      0.405     -0.270      0.108     -0.072      0.405
139.8000      -1008.889    -1016.347        7.458   299.0      0.462      0.182     -0.836      0.197     -0.288      0.539
140.0000      -1010.017    -1017.251        7.235   290.0      0.245      0.477      0.321      0.370      0.345      0.164
140.2000      -1010.434    -1016.915        6.482   259.8      0.459      0.793     -0.237      0.041     -0.428     -0.459
140.4000      -1008.659    -1017.109        8.450   338.7      0.609     -1.092     -0.337      0.281     -0.179      0.211
140.6000      -1007.946    -1015.813        7.867   315.4     -0.422     -0.568     -0.733      0.277      0.710      0.602
140.8000      -1008.564    -1016.312        7.748   310.6      0.089     -0.041     -0.416      0.650     -0.100      0.275
141.0000      -1007.774    -1015.572        7.798   312.6     -0.321     -0.269     -0.305     -0.210     -0.354      0.513
141.2000      -1007.624    -1015.579        7.955   318.9      0.350     -0.401      0.833      0.479     -0.614     -0.273
141.4000      -1007.729    -1015.972        8.243   330.4      0.300      0.008     -0.349      0.537      0.334      0.511
141.6000      -1007.197    -1015.349        8.152   326.8      1.117      0.505     -0.238     -0.339     -0.272      0.060
141.8000      -1007.539    -1016.085        8.545   342.5     -0.099     -0.522      0.461     -0.596     -0.183     -0.100
142.0000      -1007.402    -1015.223        7.821   313.5      0.133      0.738      1.084     -0.077      0.061      0.145
142.2000      -1008.259    -1015.946        7.688   308.2     -0.369     -1.088      0.652      0.115     -0.410     -0.381
142.4000      -1008.621    -1016.081        7.460   299.0      0.283     -0.316      0.805      0.344     -0.224      0.306
142.6000      -1008.440    -1016.677        8.238   330.2      1.034     -0.315     -0.031     -0.190     -0.066     -0.058
142.8000      -1007.916    -1015.649        7.733   310.0      0.220      0.209     -0.801      0.355      0.354     -0.077
143.0000      -1007.287    -1015.494        8.207   329.0     -0.889      0.203     -0.343      0.010      0.411      0.146
143.2000      -1006.590    -1014.513        7.923   317.6      0.787      0.357      0.601     -0.243     -0.134      0.183
143.4000      -1007.493    -1015.855        8.362   335.2      0.667     -0.396      0.811      0.299      0.604      0.200
143.6000      -1007.877    -1015.773        7.896   316.5      0.507      0.385      0.638     -0.072      0.517      0.572
143.8000      -1007.901    -1016.076        8.176   327.7      0.760     -0.891      0.496      0.133     -0.056      0.273
144.0000      -1007.132    -1016.155        9.023   361.7     -0.109     -0.079     -0.413     -0.154     -0.095      0.416
144.2000      -1006.946    -1016.228        9.283   372.1      0.554      0.306     -0.317     -0.039      0.151     -0.398
144.4000      -1007.076    -1015.469        8.392   336.4      0.884      0.648      0.596      0.472     -0.103      0.195
144.6000      -1007.256    -1015.638        8.382   336.0      1.137      0.702      0.945      0.081     -0.023      0.460
144.8000      -1007.077    -1015.975        8.898   356.7      0.255      0.344      0.573      0.066      0.514     -0.187
145.0000      -1006.816    -1015.631        8.815   353.4     -0.055     -0.861     -0.591     -0.482     -0.144      0.139
145.2000      -1007.598    -1015.940        8.342   334.4     -0.003      0.196     -0.570      0.021      0.473      0.866
145.4000      -1007.257    -1015.471        8.213   329.2      0.025      0.714     -0.188     -0.005     -0.268      0.207
145.6000      -1007.297    -1014.787        7.490   300.2     -0.741      0.605      0.253      0.481     -0.036      0.594
145.8000      -1007.446    -1016.234        8.787   352.2      0.711      0.312      0.330     -0.112      0.188     -0.079
146.0000      -1006.630    -1015.262        8.632   346.0     -0.191     -0.140      0.336      0.709      0.239      0.324
146.2000      -1007.398    -1015.765        8.367   335.4      0.002     -0.638     -0.682      0.058      0.347     -0.542
146.4000      -1008.202    -1015.801        7.599   304.6      0.406     -0.043      0.461      0.676      0.089      0.398
146.6000      -1007.922    -1016.141        8.218   329.4     -0.270      0.602      0.813     -0.251      0.780      0.039
146.8000      -1007.371    -1015.519        8.149   326.6      0.062      0.446     -0.264     -0.765      0.066     -0.423
147.0000      -1007.175    -1015.003        7.828   313.8     -0.159      0.373      0.127      0.086     -0.057     -0.158
147.2000      -1008.203    -1015.725        7.522   301.5     -0.027      0.759     -0.627     -0.039     -0.330      0.553
147.4000      -1009.082    -1016.061        6.979   279.8     -0.204     -0.766      0.513     -0.192     -0.596      0.179
147.6000      -1008.249    -1016.693        8.444   338.5      0.556      0.450      1.326     -0.027      0.309      0.563
147.8000      -1007.552    -1015.075        7.522   301.5      0.002      0.742      0.126     -0.113     -0.117      0.357
148.0000      -1007.657    -1016.322        8.665   347.3     -0.342      0.003      0.406     -0.216     -0.526     -0.054
148.2000      -1007.452    -1015.287        7.835   314.1     -0.972     -0.187     -0.405      0.371      0.002     -0.105
148.4000      -1007.895    -1016.164        8.269   331.5      0.931      0.317      0.851     -0.004     -0.566     -0.354
148.6000      -1007.406    -1015.691        8.285   332.1      0.769      0.029      0.250     -0.691      0.570      0.158
148.8000      -1006.403    -1015.615        9.212   369.3      0.610      0.992      0.635     -0.552     -0.404      0.012
149.0000      -1006.160    -1014.801        8.641   346.4     -0.506     -0.450      0.277     -0.256     -0.227      0.202
149.2000      -1007.416    -1015.157        7.741   310.3     -0.043      1.090      0.466     -0.297     -0.426     -0.329
149.4000      -1007.725    -1014.717        6.992   280.3      0.361      0.359      0.111      0.086      0.332      0.541
149.6000      -1007.237    -1015.238        8.001   320.7      0.328      0.746      0.973     -0.924     -0.148     -0.173
149.8000      -1006.628    -1014.882        8.254   330.9      0.103      0.991      0.015      0.118     -0.173     -0.100
150.0000      -1006.830    -1015.061        8.231   329.9     -0.105      0.279     -0.058      0.035     -0.483     -0.102
150.2000      -1006.953    -1015.438        8.485   340.1      0.630      1.261      1.000     -0.253     -0.179      0.285
150.4000      -1006.368    -1015.180        8.812   353.2     -0.089      0.236      1.050      0.037      0.085      0.478
150.6000      -1006.970    -1015.397        8.427   337.8     -0.019      0.277      0.893      0.686     -0.316      0.180
150.8000      -1006.284    -1014.922        8.638   346.2      0.204     -0.536     -0.170     -0.415      0.479      0.841
151.0000      -1006.433    -1014.647        8.214   329.3      0.506      0.999      0.560      0.212      0.599      0.298
151.2000      -1006.798    -1015.373        8.575   343.7      0.410      0.283     -0.103      0.409     -0.173     -0.417
151.4000      -1006.383    -1015.235        8.852   354.8      0.085     -0.488      0.144      0.332     -0.375     -0.160
151.6000      -1006.968    -1015.617        8.649   346.7     -0.166     -0.322     -0.875      0.013     -0.289      0.092
151.8000      -1007.422    -1015.608        8.186   328.1      0.237      0.305      0.143      0.391     -0.121     -0.065
152.0000      -1006.938    -1015.523        8.585   344.1      0.022     -0.385      1.084      0.090      0.506     -0.473
152.2000      -1007.067    -1015.238        8.171   327.5     -0.570     -0.702     -0.296     -0.552      0.517      0.689
152.4000      -1007.088    -1015.408        8.320   333.5      0.461      0.289      0.485     -0.192     -0.223      0.613
152.6000      -1006.558    -1015.169        8.610   345.1     -0.479     -0.852     -1.196     -0.153     -0.207     -0.828
152.8000      -1007.364    -1015.439        8.075   323.7      1.060      1.302      1.170     -0.237     -0.562     -0.817
153.0000      -1007.693    -1015.549        7.856   314.9      0.788      0.928      0.345     -0.147      0.096     -0.417
153.2000      -1007.376    -1015.229        7.852   314.8      0.019      0.773      0.555      0.051      0.168     -0.143
153.4000      -1007.445    -1016.036        8.592   344.4     -0.198      0.797     -0.421     -0.130     -0.113     -0.619
153.6000      -1007.139    -1015.286        8.147   326.6      0.714      0.402      1.043     -0.330      0.036      0.541
153.8000      -1006.423    -1014.418        7.996   320.5     -0.058      0.619      0.600     -0.286      0.037     -0.386
154.0000      -1007.413    -1015.558        8.145   326.5      0.501      0.952     -0.028     -0.188      0.582     -0.348
154.2000      -1007.859    -1014.643        6.784   272.0      0.567      1.164      0.704     -0.054      0.143      0.048
154.4000      -1006.888    -1015.148        8.259   331.1     -0.051      0.159      0.457     -0.118      0.334     -0.409
154.6000      -1006.826    -1015.809        8.983   360.1      0.701      0.519      0.692     -0.201      0.170     -0.544
154.8000      -1006.490    -1015.303        8.814   353.3     -0.176      0.225      0.500     -0.047      0.091     -0.304
155.0000      -1007.672    -1015.020        7.348   294.5      0.634     -0.157      0.139      0.015      0.224      0.046
155.2000      -1007.604    -1015.388        7.783   312.0      0.442      0.318     -0.011     -0.220     -0.220     -0.033
155.4000      -1007.916    -1015.867        7.951   318.7      0.877      1.412      1.161     -0.435      0.095     -0.196
155.6000      -1007.588    -1016.464        8.877   355.8      0.646      0.716      0.064     -0.318      0.073     -0.126
155.8000      -1007.717    -1015.350        7.633   306.0      0.156      0.520      1.030     -0.062      0.619     -0.671
156.0000      -1007.649    -1016.086        8.436   338.2     -0.791      0.850      0.938      0.447     -0.600      0.421
156.2000      -1009.188    -1016.890        7.702   308.7     -0.130      0.867      0.849      0.342     -0.018      0.060
156.4000      -1008.190    -1016.594        8.404   336.9      0.922     -0.078      0.063      1.043      0.232      0.138
156.6000      -1008.816    -1016.878        8.062   323.2     -0.102     -0.395      0.667     -0.136      0.283     -0.107
156.8000      -1008.942    -1017.153        8.211   329.1     -0.547     -0.160      0.114     -0.195     -0.482     -0.184
157.0000      -1008.918    -1017.118        8.200   328.7     -0.108     -0.404     -0.062     -0.852     -0.586     -0.218
157.2000      -1009.209    -1016.623        7.415   297.2      1.267      0.266      1.240      0.112      0.496     -0.113
157.4000      -1008.023    -1016.447        8.424   337.7     -0.640      0.845      0.429      0.916      0.209     -0.180
157.6000      -1008.425    -1016.186        7.761   311.1      0.723      0.606      0.999     -0.252      0.013     -0.234
157.8000      -1008.978    -1017.132        8.153   326.8      0.418     -0.193      0.631      0.762     -0.354      0.087
158.0000      -1008.220    -1016.083        7.862   315.2      0.640      0.722     -0.699     -0.214      0.158     -0.515
158.2000      -1008.024    -1016.627        8.604   344.9      0.101      0.380      1.502     -0.197     -0.678     -0.234
158.4000      -1008.349    -1015.829        7.480   299.8      0.959      1.272      1.249      0.087      0.678      0.168
158.6000      -1007.658    -1015.956        8.298   332.6      1.299      0.863      0.899     -0.077     -0.011     -0.174
158.8000      -1007.591    -1016.507        8.917   357.4      0.812     -0.039      0.493     -0.222      0.412      0.361
159.0000      -1006.952    -1015.257        8.305   332.9      0.683      0.151      0.222     -0.049     -0.031     -0.672
159.2000      -1006.485    -1015.192        8.706   349.0      0.086      1.182      0.916     -0.033     -0.064      0.037
159.4000      -1006.439    -1014.155        7.716   309.3     -0.087      1.236      0.803     -0.434     -0.451      0.579
159.6000      -1007.560    -1015.780        8.220   329.5     -0.357      0.610      0.783      0.189     -0.380      0.019
159.8000      -1007.371    -1015.126        7.754   310.8     -0.427      0.053     -0.068     -0.048      0.326     -0.115
160.0000      -1007.088    -1015.595        8.507   341.0      0.151      1.101      1.213      0.886      0.447     -0.051
160.2000      -1006.968    -1015.736        8.768   351.5      1.215      1.809     -0.023     -0.516      0.685      0.508
160.4000      -1007.551    -1015.748        8.197   328.6      0.876     -0.510      0.287      0.074      0.569     -0.461
160.6000      -1008.061    -1015.889        7.828   313.8      0.128     -0.737      0.056      0.285     -0.401      0.934
160.8000      -1008.587    -1015.822        7.234   290.0      0.800      1.261      0.207      0.092      0.101      0.121
161.0000      -1007.669    -1015.854        8.185   328.1      0.967      0.262      0.597      0.424     -0.079     -0.325
161.2000      -1007.400    -1016.320        8.920   357.5      0.335      0.709      0.821     -0.132      0.087     -0.178
161.4000      -1007.764    -1016.237        8.473   339.6      0.402      0.553     -0.353     -0.509      0.124     -0.386
161.6000      -1008.607    -1016.492        7.885   316.1     -0.393      0.481      0.396      0.021      0.283     -0.182
161.8000      -1008.466    -1016.254        7.788   312.2      0.150      0.228      0.673      0.312      0.194     -0.083
162.0000      -1008.655    -1016.206        7.551   302.7      0.234      0.782      0.528     -0.457      0.419     -0.478
162.2000      -1008.969    -1016.649        7.679   307.8      1.247      0.325      0.977      0.317      0.319      0.135
162.4000      -1009.188    -1017.147        7.959   319.1      0.108     -0.323      0.333      0.367      0.138      0.419
162.6000      -1009.316    -1016.761        7.445   298.4      0.668      1.103      1.032     -0.081      0.118      0.178
162.8000      -1009.939    -1017.120        7.181   287.8      0.011     -0.289      0.731     -0.244      0.329     -0.316
163.0000      -1009.260    -1016.731        7.470   299.5      0.655      0.351      0.123     -0.126     -0.562     -0.125
163.2000      -1009.496    -1017.123        7.627   305.7     -0.023      1.224      0.622     -0.408      0.118      0.204
163.4000      -1010.079    -1017.559        7.479   299.8     -0.245      0.426      0.117     -0.081      0.117      0.420
163.6000      -1009.265    -1016.928        7.662   307.1      0.062      0.965      1.191      0.120      0.196     -0.330
163.8000      -1007.989    -1016.746        8.757   351.0      0.506      0.286     -0.357     -0.550     -0.061      0.191
164.0000      -1008.785    -1017.174        8.389   336.3      1.072      0.635      0.466      0.072     -0.087     -0.128
164.2000      -1008.084    -1016.418        8.334   334.1      0.113      0.240     -0.406      0.480      0.144      0.019
164.4000      -1007.741    -1016.412        8.670   347.5      0.117     -0.131      0.416     -0.216      0.526     -0.006
164.6000      -1007.068    -1015.603        8.535   342.1     -0.001      0.274      0.675     -0.102      0.192      0.199
164.8000      -1007.365    -1015.874        8.509   341.1     -0.708      0.125      0.210      0.061     -0.151     -0.385
165.0000      -1008.172    -1015.936        7.764   311.2      0.392      1.072     -0.261     -0.483     -0.485      0.003
165.2000      -1008.165    -1016.444        8.279   331.8     -0.684     -0.381     -0.480     -0.119      0.365     -0.102
165.4000      -1008.276    -1016.522        8.245   330.5      0.470      0.442     -0.117      0.307      0.281     -0.147
165.6000      -1008.069    -1016.188        8.119   325.4     -0.868     -0.184      0.382      0.492     -0.669     -0.171
165.8000      -1008.780    -1015.936        7.156   286.8      0.614     -0.002     -1.071     -0.723      0.362      0.208
166.0000      -1008.143    -1016.456        8.313   333.2     -0.496     -0.355     -0.085      0.203     -0.453     -0.032
166.2000      -1007.642    -1015.433        7.791   312.3      0.412      0.150      0.577      0.841     -0.426      0.086
166.4000      -1008.383    -1016.745        8.363   335.2     -0.103      0.013     -0.152      0.422      0.265      0.102
166.6000      -1008.614    -1016.610        7.996   320.5      0.629      0.313     -0.587      0.371      0.478      0.324
166.8000      -1007.952    -1015.708        7.756   310.9     -0.066      0.695      0.531     -0.332     -0.101      0.475
167.0000      -1007.511    -1016.122        8.611   345.2      1.852      0.229      0.473     -0.297     -0.411     -0.201
167.2000      -1007.654    -1016.397        8.744   350.5     -0.109     -0.593     -0.569     -0.107     -0.557      0.216
167.4000      -1008.048    -1015.281        7.233   289.9      0.194      0.334     -0.101     -0.286      0.109     -0.313
167.6000      -1007.513    -1015.407        7.894   316.4      1.235      0.486      0.522      0.101     -0.110      0.584
167.8000      -1007.816    -1015.806        7.990   320.3      0.413      0.351      0.610     -0.103      0.229     -0.259
168.0000      -1006.448    -1015.260        8.811   353.2      0.888     -0.049      0.316     -0.729     -0.526     -0.289
168.2000      -1006.431    -1014.997        8.566   343.4     -0.688     -0.510      0.329     -0.078      0.147      0.075
168.4000      -1007.260    -1015.059        7.799   312.6      0.984     -0.645      1.006      0.532      0.315     -0.279
168.6000      -1007.637    -1015.844        8.207   329.0      1.216      0.462      0.579     -0.051     -0.053     -0.049
168.8000      -1007.685    -1015.818        8.133   326.0      1.086     -0.041      0.788     -0.000     -0.120     -0.241
169.0000      -1008.503    -1016.766        8.264   331.2      0.764      0.237      0.747      0.221     -0.059     -0.491
169.2000      -1008.120    -1015.625        7.506   300.9      0.308      0.667      1.195     -0.111     -0.025     -0.600
169.4000      -1008.149    -1016.185        8.035   322.1     -0.255      0.956      0.367      0.339      0.390      0.174
169.6000      -1008.019    -1016.308        8.289   332.3      1.266     -0.459      0.202      0.417     -0.058      0.066
169.8000      -1007.171    -1015.551        8.380   335.9      0.946     -0.074      0.776      0.110      0.056     -0.569
170.0000      -1007.067    -1015.961        8.893   356.5      0.111     -0.065     -0.097      0.177     -0.051      0.300
170.2000      -1007.138    -1015.729        8.591   344.4      1.175     -0.248     -0.027      0.614      0.080     -0.079
170.4000      -1007.012    -1014.881        7.869   315.4     -0.842      0.760      0.694      0.369     -0.222     -0.209
170.6000      -1007.261    -1015.744        8.483   340.0      1.129      1.366      0.365     -0.119     -0.224      0.366
170.8000      -1007.309    -1015.769        8.460   339.1     -0.149     -0.498      0.207     -0.110     -0.307     -0.342
171.0000      -1007.854    -1016.345        8.491   340.4     -0.426      0.608      0.659      0.052      0.161     -0.401
171.2000      -1007.206    -1015.717        8.511   341.2      0.518      0.235      0.130      0.449     -0.125      0.056
171.4000      -1006.462    -1014.980        8.518   341.4      0.149      0.005     -0.761     -0.047      0.543     -0.035
171.6000      -1006.490    -1015.167        8.677   347.8      0.563     -0.622     -0.116     -0.175      0.434      0.059
171.8000      -1006.450    -1014.375        7.925   317.7     -0.301     -0.043      0.001      0.279      0.440      0.487
172.0000      -1006.377    -1015.485        9.108   365.1      0.500     -0.399     -0.021     -0.444      0.061     -0.141
172.2000      -1006.551    -1015.452        8.901   356.8      0.499      0.585     -0.129     -0.154      0.539     -0.171
172.4000      -1006.930    -1015.703        8.772   351.6      0.240      0.864      0.399     -0.055     -0.065     -0.157
172.6000      -1006.946    -1015.716        8.770   351.5      0.152     -0.327      0.085      0.005     -0.046     -0.228
172.8000      -1007.942    -1015.971        8.029   321.8      1.070     -0.312      0.781      0.311      0.324     -0.314
173.0000      -1007.732    -1015.558        7.826   313.7      0.106      0.143      0.636     -0.496      0.875     -0.388
173.2000      -1007.830    -1015.732        7.902   316.7      0.415      0.785      0.636     -0.134     -0.733      0.089
173.4000      -1008.845    -1016.662        7.817   313.3      1.211      0.572      1.270     -0.046     -0.119      0.272
173.6000      -1008.115    -1015.680        7.565   303.2     -0.337      0.963      0.673      0.339     -0.519      0.746
173.8000      -1007.825    -1016.597        8.772   351.6     -0.193      0.143      1.164      0.624     -0.223      0.204
174.0000      -1008.537    -1015.900        7.363   295.2     -0.730      0.500      0.035      0.032      0.168      0.144
174.2000      -1008.072    -1015.877        7.806   312.9      0.356      0.605      0.221     -0.360     -0.238     -0.037
174.4000      -1007.830    -1015.412        7.582   303.9     -0.326      0.202      0.637     -0.665     -0.345      0.503
174.6000      -1007.942    -1015.456        7.513   301.2      0.269      0.552      0.350     -0.025      0.325     -0.344
174.8000      -1008.353    -1015.603        7.250   290.6      0.113      0.210     -0.427      0.412     -0.065      0.197
175.0000      -1007.940    -1015.512        7.572   303.5      0.140      1.030      1.057     -0.108     -0.055      0.291
175.2000      -1007.586    -1015.850        8.264   331.3     -0.104      0.359      0.329     -0.234      0.226     -0.444
175.4000      -1008.020    -1015.926        7.906   316.9      0.124      0.745      0.241     -0.562     -0.712      0.257
175.6000      -1008.051    -1015.732        7.681   307.9     -0.095      0.899      0.352      0.671     -0.150     -0.153
175.8000      -1008.217    -1016.138        7.921   317.5     -0.140      0.449      0.674      0.202     -0.140     -0.477
176.0000      -1007.786    -1016.198        8.412   337.2      0.020     -0.121     -0.205     -0.093      0.128     -0.214
176.2000      -1007.942    -1016.052        8.111   325.1      0.039      0.129      0.121     -0.549     -0.241     -0.276
176.4000      -1008.416    -1016.442        8.026   321.7      0.776      0.140      0.554      0.137      0.303     -0.435
176.6000      -1008.207    -1016.169        7.962   319.2      0.014      0.610      0.289     -0.243      0.208     -0.324
176.8000      -1007.455    -1016.313        8.858   355.1      0.563      0.771     -0.200     -0.149     -0.618     -0.329
177.0000      -1007.502    -1016.267        8.765   351.3     -0.507     -0.466     -0.183      0.170     -0.568     -0.714
177.2000      -1007.493    -1016.294        8.800   352.8      0.598      0.327      0.651      0.076      0.550     -0.530
177.4000      -1007.910    -1015.703        7.794   312.4      0.644      0.280      0.223      0.146      0.387     -0.358
177.6000      -1006.411    -1015.446        9.034   362.1      0.047      0.401     -0.352      0.487      0.216     -0.873
177.8000      -1006.838    -1015.110        8.272   331.6      0.320      0.126     -0.256     -0.164      0.460     -0.132
178.0000      -1005.859    -1014.827        8.968   359.5      0.605     -0.364      0.823     -0.622     -0.158      0.612
178.2000      -1006.875    -1015.172        8.297   332.6      0.414      0.358      0.816      0.262     -0.499      0.183
178.4000      -1007.784    -1015.403        7.618   305.4     -0.416      0.107      0.902      0.122     -0.124     -0.347
178.6000      -1007.244    -1016.184        8.941   358.4      0.370      0.842      0.653     -0.289     -0.366      0.249
178.8000      -1006.196    -1014.527        8.331   333.9      0.044      0.696     -0.637     -0.441      0.123     -0.441
179.0000      -1006.502    -1015.555        9.053   362.9     -0.074      0.644      0.330     -0.415      0.059     -0.213
179.2000      -1007.069    -1015.699        8.630   345.9      0.151      0.430      0.437     -0.040      0.088     -0.637
179.4000      -1006.830    -1015.456        8.625   345.7     -0.643      0.438      0.450      0.404     -0.030      0.249
179.6000      -1006.089    -1014.454        8.365   335.3     -0.645     -1.107     -1.176     -0.201      0.256      0.119
179.8000      -1006.356    -1015.053        8.697   348.6     -0.736      1.414      0.608     -0.343      0.040     -0.138
180.0000      -1006.286    -1014.987        8.701   348.8     -0.415      0.487     -0.245      0.427     -0.299     -0.285
180.2000      -1007.193    -1015.331        8.138   326.2     -0.076      0.134      1.386     -0.317     -0.556     -0.016
180.4000      -1007.414    -1016.201        8.787   352.2      0.217     -0.625     -0.500     -0.380     -0.288     -0.260
180.6000      -1006.433    -1015.334        8.902   356.8      1.049      0.141      0.483     -0.109      0.199      0.111
180.8000      -1007.383    -1016.062        8.679   347.9      0.363      0.087      0.632      0.567     -0.047     -0.388
181.0000      -1007.768    -1015.874        8.105   324.9      0.349      0.225      1.132      0.261      0.130      0.433
181.2000      -1007.048    -1015.445        8.397   336.6      1.010      0.756     -0.230      0.241     -0.374     -0.153
181.4000      -1006.296    -1014.926        8.631   346.0      1.085      0.074     -0.085     -0.268     -0.337      0.156
181.6000      -1006.478    -1014.695        8.217   329.4      0.022      1.069      0.440      0.133      0.673     -0.060
181.8000      -1006.284    -1014.537        8.253   330.8      0.576      0.759      0.959      0.154     -0.159      0.119
182.0000      -1005.924    -1014.427        8.503   340.8     -0.717      0.253      0.802      0.226      0.503     -0.212
182.2000      -1007.329    -1015.124        7.795   312.5      0.170      0.174      1.139     -0.173     -0.426     -0.339
182.4000      -1006.634    -1015.059        8.425   337.7      1.336      0.379      0.934     -0.009     -0.136      0.133
182.6000      -1006.057    -1014.931        8.874   355.7      0.954      0.227      1.390      0.194      0.053     -0.156
182.8000      -1006.007    -1014.492        8.485   340.1      1.118      1.392      0.429     -0.274     -0.439     -0.122
183.0000      -1005.772    -1014.884        9.112   365.3      1.774      1.097      0.349      0.134     -0.245      0.064
183.2000      -1006.140    -1014.891        8.752   350.8     -0.629      0.122     -0.306     -0.020      0.110      0.191
183.4000      -1006.994    -1014.800        7.806   312.9     -0.224      0.220      0.089      0.390      0.081     -0.697
183.6000      -1006.674    -1015.350        8.676   347.8      0.659      0.809      1.156      0.416     -0.371     -0.054
183.8000      -1006.835    -1015.403        8.568   343.5      0.210      0.598      0.031      0.502      0.120     -0.615
184.0000      -1006.944    -1015.620        8.675   347.7      0.121      0.425      0.134     -0.425     -0.273     -0.465
184.2000      -1006.494    -1014.873        8.379   335.9      0.702      0.103      0.509     -0.315      0.228      0.580
184.4000      -1007.665    -1015.651        7.986   320.1     -0.540      0.507      0.525     -0.071     -0.023      0.069
184.6000      -1007.721    -1015.879        8.159   327.0     -0.346      0.962     -0.438      0.163      0.727     -0.181
184.8000      -1008.273    -1015.750        7.477   299.7     -0.053      0.275     -0.029     -0.076     -0.206     -0.027
185.0000      -1007.945    -1016.101        8.156   326.9     -0.431     -0.443     -0.001     -0.702      0.224      0.088
185.2000      -1007.278    -1015.326        8.049   322.6      0.179      0.116      1.141      0.054      0.081      0.511
185.4000      -1007.782    -1016.125        8.343   334.4     -0.947      0.101     -1.016      0.416      0.247      0.259
185.6000      -1008.327    -1015.354        7.028   281.7      0.397      0.804      0.769     -0.629      0.669      0.293
185.8000      -1007.397    -1015.228        7.830   313.9      0.388      0.730      0.668      0.008      0.289      0.068
186.0000      -1006.868    -1014.609        7.742   310.3     -0.273      0.178     -0.322     -0.533      0.082      0.071
186.2000      -1007.507    -1015.662        8.154   326.9      0.859      0.031      0.335     -0.326     -0.687     -0.396
186.4000      -1007.897    -1015.901        8.005   320.9      0.098      0.811      0.055     -0.751      0.081      0.083
186.6000      -1007.702    -1016.451        8.749   350.7      0.160     -0.930     -0.071     -0.077     -0.353      0.112
186.8000      -1007.366    -1015.383        8.017   321.3      0.948      0.699      0.300     -0.145     -0.391      0.177
187.0000      -1007.351    -1015.777        8.426   337.8      0.377      0.843      1.515     -0.204     -0.098      0.028
187.2000      -1007.947    -1016.249        8.302   332.8      0.561     -0.808     -0.005     -0.302     -0.179      0.174
187.4000      -1007.231    -1015.804        8.573   343.7      0.579      0.495      0.318     -0.046     -0.471      0.536
187.6000      -1007.786    -1016.128        8.342   334.4      1.002      0.011     -0.643      0.089     -0.106      0.021
187.8000      -1008.576    -1015.721        7.145   286.4      0.251     -0.034      0.523     -0.189     -0.507     -0.522
188.0000      -1008.197    -1016.333        8.135   326.1      0.342     -0.290      0.137     -0.299     -0.084     -0.307
188.2000      -1008.368    -1016.328        7.960   319.1     -0.176     -0.078      0.148     -0.093      0.217     -0.084
188.4000      -1007.590    -1015.580        7.990   320.3     -0.031      0.253      0.172      0.203     -0.025     -0.399
188.6000      -1007.046    -1015.131        8.085   324.1      0.367     -0.341     -0.073      0.352      0.266     -0.169
188.8000      -1006.165    -1014.590        8.425   337.7      0.387      1.021      0.330      0.619     -0.044      0.163
189.0000      -1007.332    -1015.745        8.413   337.2      0.230      0.743      0.428      0.322      0.421     -0.230
189.2000      -1007.304    -1015.460        8.156   326.9      0.641      1.127      0.438     -0.308     -0.693     -0.242
189.4000      -1007.398    -1015.375        7.977   319.8      0.322      0.814      1.721      0.367     -0.325      0.303
189.6000      -1006.003    -1014.658        8.655   346.9      0.287     -0.438     -0.201      0.482     -0.367      0.504
189.8000      -1005.979    -1014.618        8.639   346.3     -0.081      0.806      0.684     -0.049      0.002     -0.672
190.0000      -1006.452    -1015.050        8.598   344.7      0.665     -0.175      0.784      0.430      0.408     -0.651
190.2000      -1007.156    -1015.528        8.373   335.6      0.852      0.977      1.605     -0.218      0.017     -0.494
190.4000      -1006.456    -1015.189        8.732   350.0     -0.902     -0.505      0.566      0.023      0.852     -0.143
190.6000      -1006.443    -1014.683        8.240   330.3      0.316      0.654      0.552      0.352      0.235     -0.001
190.8000      -1007.186    -1015.379        8.193   328.4      2.152      0.882      1.771      0.110      0.411      0.652
191.0000      -1007.448    -1015.485        8.036   322.1      0.795      0.652      0.896      0.054     -0.615      0.641
191.2000      -1006.438    -1015.387        8.949   358.7      0.935      1.196      0.771      0.778      0.356     -0.034
191.4000      -1006.026    -1014.407        8.381   335.9     -0.580      0.450      0.236     -0.251      0.260     -0.320
191.6000      -1007.182    -1015.965        8.784   352.1      0.130     -0.564     -0.072      0.459     -0.488     -0.631
191.8000      -1007.715    -1015.564        7.849   314.6      0.270      0.076      0.277      0.486     -0.001     -0.034
192.0000      -1008.297    -1016.057        7.759   311.0     -0.471      0.496     -0.019      0.488      0.393     -0.143
192.2000      -1008.328    -1015.391        7.063   283.1     -0.014      1.525      1.398     -0.636     -0.224      0.289
192.4000      -1008.235    -1015.821        7.586   304.1      0.071      0.518     -0.292      0.703      0.693     -0.117
192.6000      -1007.545    -1015.634        8.089   324.2     -1.306     -0.087     -0.263      0.341      0.584      0.059
192.8000      -1007.289    -1014.792        7.503   300.8      0.011      0.250      0.505      0.268     -0.427      0.376
193.0000      -1007.114    -1015.288        8.174   327.7     -0.599      0.041      0.209      0.404      0.296      0.009
193.2000      -1006.901    -1015.102        8.201   328.7      0.431      0.215     -0.317     -0.014     -0.225      0.135
193.4000      -1005.853    -1014.411        8.558   343.1     -0.854     -0.252     -0.711     -0.495      0.189     -0.176
193.6000      -1008.055    -1015.177        7.122   285.5      0.643      1.003      0.681     -0.626     -0.438      0.684
193.8000      -1006.576    -1015.167        8.590   344.3      0.592      0.218      0.819     -0.119     -0.162      0.553
194.0000      -1006.516    -1014.275        7.759   311.0      0.966      0.455      0.360      0.602      0.162      0.480
194.2000      -1007.294    -1015.357        8.064   323.2      0.502      1.316      0.312      0.166      0.029     -0.298
194.4000      -1007.720    -1015.590        7.870   315.5     -0.105      0.586      0.582     -0.336     -0.625     -0.072
194.6000      -1007.121    -1015.564        8.443   338.4      0.509      0.194      0.241     -0.125     -0.269     -0.220
194.8000      -1006.912    -1016.237        9.326   373.8      0.641      0.209      0.317      0.473     -0.221      0.004
195.0000      -1007.423    -1015.284        7.861   315.1      0.602      0.619      0.351      0.202     -1.314     -0.174
195.2000      -1006.440    -1014.465        8.025   321.7      0.919      0.469      0.926      0.596     -0.067     -0.261
195.4000      -1005.540    -1014.532        8.992   360.4     -0.742     -0.090     -0.101     -0.343     -0.034      0.815
195.6000      -1005.783    -1014.204        8.421   337.6     -0.082      0.484      0.407     -0.083     -0.900     -0.246
195.8000      -1006.097    -1014.338        8.240   330.3      0.739      0.022      1.777     -0.060     -0.336      0.422
196.0000      -1005.680    -1013.687        8.007   321.0      1.188      0.511      0.231     -0.456     -0.622     -0.348
196.2000      -1006.548    -1014.896        8.348   334.6      1.041     -0.057      0.357      0.186     -0.093      0.459
196.4000      -1007.125    -1015.176        8.050   322.7      0.885     -0.037     -0.218     -0.252     -0.137     -0.606
196.6000      -1007.371    -1015.683        8.313   333.2      0.560      0.595      0.343     -0.165     -0.000     -0.079
196.8000      -1006.958    -1014.561        7.603   304.8      0.310      0.343      1.122     -0.468      0.561     -0.300
197.0000      -1007.426    -1015.792        8.366   335.4      0.021      1.104      0.029      0.146     -0.329     -0.445
197.2000      -1007.932    -1016.011        8.079   323.8      0.120      0.196      0.072      0.492     -0.186     -0.402
197.4000      -1008.017    -1016.244        8.226   329.7      0.659      0.614      0.647     -0.636      0.064      0.457
197.6000      -1007.644    -1015.210        7.566   303.3      0.612      1.733      0.092      0.119     -0.450     -0.318
197.8000      -1007.420    -1014.984        7.564   303.2      1.000      0.405      0.589      0.422     -0.013      0.262
198.0000      -1006.963    -1015.010        8.048   322.6      0.245      0.505      0.622      0.034      0.101      0.143
198.2000      -1007.363    -1015.978        8.615   345.3      0.040      0.167      1.127     -0.768     -0.026     -0.079
198.4000      -1007.291    -1015.560        8.269   331.5      0.971      1.459      0.861      0.050     -0.048      0.291
198.6000      -1007.828    -1015.865        8.036   322.1     -0.134     -0.258      0.239     -0.149     -0.046      0.259
198.8000      -1007.931    -1016.213        8.282   332.0      0.461     -0.007      0.267     -0.311      0.012      0.461
199.0000      -1007.029    -1015.208        8.179   327.8      1.199      0.434      0.283      0.189      0.023      0.070
199.2000      -1006.431    -1014.419        7.988   320.2      0.468      0.402      0.737     -0.032     -0.170     -0.382
199.4000      -1007.241    -1015.339        8.098   324.6      0.546      0.492      1.261     -0.139     -0.020     -0.173
199.6000      -1008.099    -1016.035        7.936   318.1      0.774      0.599     -0.405     -0.148      0.205      0.475
199.8000      -1007.862    -1015.431        7.569   303.4      1.063      0.467     -0.228      0.467     -0.252     -0.183
200.0000      -1007.398    -1015.227        7.829   313.8      0.750      0.690     -0.623     -0.158     -0.357      0.608
200.2000      -1006.977    -1014.667        7.690   308.3      1.851      1.670      1.197      0.024     -0.676     -0.384
200.4000      -1006.352    -1014.908        8.556   343.0     -0.129      0.464      0.546      0.869     -0.500      0.198
200.6000      -1007.079    -1015.208        8.129   325.8      0.811      0.581      0.074     -0.305     -0.600      0.714
200.8000      -1006.192    -1014.290        8.098   324.6     -0.080      0.369      0.295      0.329      0.359     -0.253
201.0000      -1007.405    -1015.312        7.907   316.9      0.271      0.701     -0.016     -0.460     -0.681      0.282
201.2000      -1007.555    -1015.874        8.318   333.4     -0.201      0.104      0.368     -0.415     -0.044      0.092
201.4000      -1007.071    -1013.989        6.918   277.3      1.087      1.641      0.780      0.228     -0.097     -0.256
201.6000      -1006.748    -1015.048        8.300   332.7      0.333      0.796      0.853      0.021     -0.411     -0.399
201.8000      -1006.985    -1015.078        8.093   324.4      0.572      0.699      0.442     -0.446      0.546     -0.277
202.0000      -1007.000    -1014.993        7.993   320.4      0.203      0.064      0.189      0.138      0.265     -0.076
202.2000      -1006.946    -1014.553        7.607   304.9      0.546      0.819      0.741      0.394     -0.039      0.297
202.4000      -1007.690    -1015.624        7.934   318.0      0.564      1.026      1.392      0.447      0.252      0.565
202.6000      -1007.019    -1015.129        8.110   325.1      0.739      0.967      0.677      0.333     -0.890     -0.180
202.8000      -1007.069    -1014.815        7.746   310.5      0.111      0.388     -0.353      0.334     -0.420      0.107
203.0000      -1006.668    -1015.348        8.681   348.0      0.215      0.510     -0.019      0.251      0.163      0.118
203.2000      -1006.559    -1015.337        8.778   351.9      0.276      0.393      1.506      0.136     -0.021      0.138
203.4000      -1006.466    -1014.678        8.212   329.2     -0.678      0.015      0.655      0.527     -0.432      0.275
203.6000      -1005.965    -1014.562        8.597   344.6      0.666     -0.386      0.947     -0.380      0.269     -0.045
203.8000      -1005.469    -1013.926        8.458   339.0     -0.666      0.012      0.935     -0.474     -0.274     -0.118
204.0000      -1005.761    -1014.165        8.404   336.9      0.286      1.150      0.937      0.174      0.116     -0.043
204.2000      -1006.290    -1014.730        8.440   338.3      0.766      0.888      0.334      0.499     -0.043     -0.198
204.4000      -1006.439    -1014.225        7.786   312.1      0.465      0.742      0.050      0.418     -0.251      0.068
204.6000      -1006.180    -1014.376        8.197   328.6      0.571      0.899      0.221     -0.299      0.286     -0.460
204.8000      -1006.411    -1015.327        8.915   357.4      0.066     -0.391     -0.394      0.725     -0.349      0.645
205.0000      -1006.520    -1014.672        8.152   326.8      0.758      0.597      0.340     -0.331      0.184     -0.155
205.2000      -1007.303    -1014.853        7.550   302.6      1.087     -0.409     -0.327      0.186      0.402     -0.216
205.4000      -1007.818    -1015.046        7.228   289.7      0.651      0.295     -0.116     -0.123     -0.052      0.095
205.6000      -1008.166    -1015.970        7.803   312.8      0.226     -0.055      0.570      0.085      0.233      0.363
205.8000      -1007.194    -1015.284        8.090   324.3     -0.537     -0.150     -0.313      0.043     -0.387      0.303
206.0000      -1006.662    -1015.237        8.574   343.7      0.342     -0.558      0.817      0.380      0.066     -0.120
206.2000      -1006.363    -1014.759        8.396   336.6     -0.083      0.622      0.489     -0.105     -0.557     -0.403
206.4000      -1007.186    -1014.588        7.403   296.7     -0.504      0.035     -0.672     -0.108     -0.186     -0.167
206.6000      -1007.221    -1015.615        8.394   336.5      0.081      0.502     -0.039      0.143      0.211     -0.019
206.8000      -1006.502    -1015.443        8.941   358.4     -0.215     -0.411      0.046     -0.287     -0.542      0.346
207.0000      -1006.925    -1015.253        8.329   333.9      0.165     -0.179      0.306     -0.143      0.134     -0.122
207.2000      -1007.187    -1015.807        8.620   345.5      0.090      0.582      0.359      0.230     -0.100     -0.499
207.4000      -1006.567    -1015.221        8.653   346.9      0.180     -0.565      0.911     -0.223     -0.430      0.042
207.6000      -1007.027    -1015.478        8.451   338.8     -0.111     -1.323     -0.345     -0.127      0.370     -0.700
207.8000      -1006.759    -1014.972        8.212   329.2      1.854     -0.395     -0.200      0.053     -0.372     -0.463
208.0000      -1008.039    -1015.588        7.549   302.6      0.731     -0.163      0.470     -0.546     -0.092      0.288
208.2000      -1008.525    -1016.400        7.875   315.7      0.090      0.873      0.735     -0.128     -0.209     -0.067
208.4000      -1007.264    -1015.825        8.562   343.2      0.356      0.014      0.310     -0.057     -0.287     -0.391
208.6000      -1007.826    -1014.799        6.973   279.5      0.062     -0.360     -0.369     -0.632     -0.367     -0.046
208.8000      -1007.512    -1015.298        7.786   312.1      0.498      0.435      0.197     -0.184      0.103      0.006
209.0000      -1007.421    -1015.322        7.901   316.7      0.804     -0.854      1.624      0.330      0.207      0.153
209.2000      -1006.704    -1015.164        8.460   339.1      0.049      0.708      0.419     -0.010     -0.417      0.334
209.4000      -1007.146    -1015.433        8.287   332.2     -0.247     -0.474      0.251      0.017      0.820      0.253
209.6000      -1007.333    -1015.415        8.083   324.0     -1.069     -0.454      0.223     -0.666      0.007     -0.056
209.8000      -1007.773    -1015.948        8.175   327.7      0.401      0.158     -0.486     -0.441      0.292     -0.113
210.0000      -1006.709    -1014.823        8.115   325.3      0.021      0.256     -0.219     -0.022     -0.583      0.135
210.2000      -1006.359    -1015.054        8.695   348.5      0.243      0.365      0.657     -0.337      0.017     -0.234
210.4000      -1006.080    -1014.828        8.748   350.7     -0.822      0.656     -0.008      0.013      0.422      0.200
210.6000      -1005.914    -1014.457        8.542   342.4      0.555      0.360      0.231      0.301      0.089      0.356
210.8000      -1006.399    -1014.946        8.547   342.6     -0.066     -0.416      0.067      0.004     -0.183      0.075
211.0000      -1007.035    -1015.305        8.271   331.5      0.153      0.181      0.522     -0.076     -0.031      0.282
211.2000      -1007.362    -1015.736        8.375   335.7      0.029      0.189      0.029      0.851      0.204     -0.041
211.4000      -1007.281    -1015.349        8.068   323.4     -0.888     -0.445     -0.642     -0.425      0.509      0.168
211.6000      -1006.778    -1015.797        9.019   361.5      0.434      0.129      0.614      0.140      0.373     -0.231
211.8000      -1006.754    -1015.058        8.305   332.9      1.139     -0.012     -0.026      0.626     -0.263     -0.263
212.0000      -1006.917    -1014.675        7.758   311.0      0.723      1.006      0.336     -0.124     -0.258     -0.021
212.2000      -1006.409    -1014.626        8.217   329.4     -0.375      0.263     -0.157     -0.194      0.355      0.538
212.4000      -1006.455    -1015.602        9.147   366.6     -0.741      0.192      0.820     -0.154     -0.080     -0.277
212.6000      -1007.049    -1015.959        8.910   357.2      0.138      0.600      0.182      0.004     -0.137      0.032
212.8000      -1006.616    -1015.141        8.524   341.7      0.144     -0.266      0.211      0.029     -0.182      0.185
213.0000      -1005.942    -1014.966        9.024   361.7      2.081      0.400      0.486      0.032      0.163      0.567
213.2000      -1005.219    -1013.513        8.293   332.4     -0.871      0.086     -0.808     -0.550      0.020     -0.515
213.4000      -1005.599    -1014.277        8.679   347.9     -0.203      0.189      0.637      0.583     -0.458      0.259
213.6000      -1005.802    -1014.747        8.945   358.5      0.447      0.883      1.051      0.029      0.473     -0.444
213.8000      -1006.547    -1015.095        8.548   342.6      0.700     -0.352      0.283     -0.271     -0.321     -0.084
214.0000      -1006.248    -1014.864        8.616   345.4      1.058     -0.179      0.243     -0.035     -0.225     -0.728
214.2000      -1005.721    -1014.688        8.967   359.4      0.175     -1.110     -0.418     -0.287     -0.169      0.421
214.4000      -1005.278    -1014.241        8.963   359.3     -0.055      1.198      1.221     -0.009     -0.067      0.328
214.6000      -1005.613    -1013.898        8.285   332.1      0.130      0.865      0.162      0.429     -0.313     -0.062
214.8000      -1004.809    -1014.034        9.225   369.8      0.302      0.301     -0.029     -0.225      0.017     -0.057
215.0000      -1005.142    -1014.193        9.051   362.8      0.857     -0.201      0.851      0.061      0.183     -0.753
215.2000      -1005.207    -1014.439        9.232   370.1     -0.702     -0.467     -1.026      0.823      0.156     -0.037
215.4000      -1006.159    -1014.112        7.953   318.8      0.218     -0.338     -0.438      0.799      0.243      0.055
215.6000      -1006.880    -1015.312        8.432   338.0     -0.124      0.144     -0.336     -0.022      0.284      0.423
215.8000      -1007.987    -1015.527        7.539   302.2     -0.547      0.210      0.159      0.701     -0.389     -0.180
216.0000      -1008.048    -1016.437        8.388   336.2      0.047      0.444      0.536      0.265     -0.397     -0.049
216.2000      -1008.586    -1016.568        7.982   320.0      0.302     -0.028     -0.779     -0.061     -0.189     -0.479
216.4000      -1007.101    -1014.910        7.809   313.0     -0.200      0.477      0.061     -0.145      0.406      0.115
216.6000      -1007.864    -1015.414        7.550   302.6      0.521     -0.106      0.815      0.246      0.314     -0.168
216.8000      -1007.413    -1016.078        8.665   347.3     -0.049      0.425      0.475      0.354     -0.491     -0.519
217.0000      -1007.660    -1015.379        7.718   309.4      0.129      0.571     -0.329      0.357      0.166     -0.268
217.2000      -1006.880    -1015.584        8.704   348.9      0.242      1.013     -0.333     -0.105     -0.547      0.163
217.4000      -1007.123    -1015.375        8.252   330.8      0.217      0.461     -1.135     -0.204      0.234      0.493
217.6000      -1007.058    -1015.450        8.392   336.4      0.659     -0.349      0.169      0.409      0.390     -0.267
217.8000      -1006.944    -1014.819        7.875   315.7      0.786      0.390     -0.140     -0.201      0.466      0.021
218.0000      -1006.752    -1015.161        8.409   337.1     -0.951     -0.422     -0.701      0.134     -0.184      0.218
218.2000      -1006.552    -1014.654        8.102   324.7      0.106      0.366      0.660      0.475     -0.351     -0.075
218.4000      -1005.690    -1014.133        8.443   338.4      0.228     -0.081      0.075     -0.237      0.822     -0.100
218.6000      -1007.339    -1015.236        7.898   316.6     -0.016      0.133      0.702     -0.226     -0.124     -0.074
218.8000      -1006.986    -1015.715        8.729   349.9      0.419      0.538      0.297     -0.652      0.145      0.511
219.0000      -1007.378    -1015.417        8.039   322.2      1.683      1.010      0.315      0.172     -0.652     -0.102
219.2000      -1007.726    -1015.822        8.096   324.5      0.501      0.851      0.742     -0.103     -0.205      0.559
219.4000      -1007.089    -1015.366        8.277   331.8      0.106     -0.319      0.676     -0.031     -0.549     -0.019
219.6000      -1006.598    -1014.919        8.321   333.6      0.708      0.573      0.257     -0.024      0.151      0.022
219.8000      -1007.544    -1015.209        7.664   307.2      0.093      0.741      0.048     -0.323     -0.258     -0.115
220.0000      -1007.898    -1015.246        7.349   294.6     -0.098     -0.148     -0.489     -0.194     -0.255     -0.060
220.2000      -1007.529    -1015.020        7.491   300.3      0.325      0.358      1.329     -0.414      0.448      0.325
220.4000      -1007.050    -1015.505        8.455   338.9      0.799      0.187     -0.342      0.192     -0.042      0.508
220.6000      -1007.400    -1015.529        8.129   325.9     -0.358     -0.157     -0.004      0.218      0.009      0.343
220.8000      -1007.583    -1015.688        8.105   324.9      1.189      0.217      0.505     -0.129     -0.157     -0.605
221.0000      -1006.952    -1015.620        8.668   347.5     -0.287      0.624      0.577     -0.071     -0.004     -0.144
221.2000      -1007.699    -1016.216        8.518   341.4      0.651     -0.480      0.548     -0.137      0.373      0.054
221.4000      -1007.592    -1015.362        7.770   311.5      1.875      0.123      0.651     -0.503     -0.093      0.123
221.6000      -1008.127    -1015.669        7.542   302.3      0.284      0.686      0.317     -0.919     -0.009      0.170
221.8000      -1007.873    -1016.219        8.345   334.5     -0.351     -0.361      0.260     -0.016     -0.571     -1.144
222.0000      -1008.037    -1015.644        7.607   304.9      0.341     -0.136      1.136     -0.370     -0.015     -0.083
222.2000      -1007.410    -1015.516        8.106   324.9     -0.427      0.080      1.202      0.702     -0.375      0.119
222.4000      -1007.586    -1015.837        8.251   330.7      0.344      0.318      0.553     -0.186      0.452     -0.667
222.6000      -1007.453    -1015.910        8.457   339.0     -0.051     -0.401     -0.505     -0.133     -0.516      0.305
222.8000      -1008.923    -1017.216        8.294   332.5      0.845      0.554      0.814      0.222     -0.322     -0.185
223.0000      -1008.518    -1016.503        7.985   320.1      0.046      0.292     -0.368     -0.209     -0.188     -0.599
223.2000      -1007.772    -1015.304        7.533   302.0      0.758      0.416      1.158     -0.324     -0.573     -0.453
223.4000      -1007.587    -1015.737        8.149   326.7     -0.163     -0.003      0.098      0.221      0.179      0.629
223.6000      -1007.258    -1015.356        8.099   324.6      1.579      0.348      0.078      0.441     -0.372     -0.463
223.8000      -1006.690    -1015.037        8.347   334.6      1.228      0.541     -0.570     -0.042      1.276     -0.100
224.0000      -1006.607    -1015.141        8.534   342.1      0.746      1.092     -0.108     -0.340      0.224     -0.067
224.2000      -1005.843    -1015.107        9.263   371.3      1.478      0.495     -0.620     -0.111      0.158     -0.646
224.4000      -1007.290    -1015.668        8.379   335.9      1.284      0.326      0.586      0.376      0.144     -0.503
224.6000      -1007.254    -1015.025        7.771   311.5     -0.744      0.641     -0.263      0.187     -0.055     -0.175
224.8000      -1007.496    -1016.235        8.738   350.3     -0.836     -0.522     -0.084      0.382     -0.427     -0.549
225.0000      -1007.772    -1015.485        7.713   309.2      0.403     -0.509     -0.089     -0.536      0.003     -0.219
225.2000      -1007.285    -1015.737        8.451   338.8      0.643     -0.711      0.098     -0.030      0.024     -0.180
225.4000      -1007.896    -1015.691        7.795   312.5     -0.837     -0.774     -0.288     -0.281     -0.251     -0.297
225.6000      -1007.511    -1015.125        7.614   305.2      0.277      0.187     -0.437     -0.084      0.321      0.231
225.8000      -1007.808    -1015.988        8.180   327.9      0.202      0.385      0.062     -0.328      0.363      0.146
226.0000      -1007.772    -1016.366        8.594   344.5     -0.082      0.140     -0.615     -0.614      0.153     -0.241
226.2000      -1007.760    -1015.542        7.782   311.9      0.470     -0.589     -0.369      0.241     -0.358      0.213
226.4000      -1008.797    -1016.524        7.727   309.7      0.607      0.004      0.752      0.114      0.259      0.508
226.6000      -1008.701    -1016.911        8.210   329.1      0.168     -0.183     -0.283     -0.370      0.122     -0.020
226.8000      -1008.220    -1015.877        7.657   306.9      0.501      0.493      0.729      0.233      0.648     -0.223
227.0000      -1007.950    -1015.797        7.847   314.5      0.858      0.520     -0.681     -0.268      0.075     -0.281
227.2000      -1007.712    -1015.732        8.021   321.5      0.053      0.018      0.484      0.548     -0.163     -0.015
227.4000      -1007.616    -1015.847        8.231   329.9     -0.005      0.673      0.309     -0.001      0.029      0.199
227.6000      -1007.890    -1015.620        7.730   309.8      0.615      0.236     -0.238      0.016     -0.596     -0.575
227.8000      -1007.708    -1015.305        7.597   304.5      0.580      0.218      1.385     -0.659     -0.200      0.104
228.0000      -1008.187    -1016.249        8.062   323.2      0.525      0.605      0.695      0.418      0.423      0.746
228.2000      -1008.256    -1016.798        8.542   342.4     -0.226      0.425      1.192      0.294      0.078      0.081
228.4000      -1008.820    -1015.802        6.981   279.8     -0.032      0.832      0.357     -0.263     -0.040     -0.263
228.6000      -1008.506    -1015.675        7.169   287.4      1.170      1.289      0.954     -0.440      0.055      0.008
228.8000      -1007.820    -1015.948        8.129   325.8      0.220      1.206     -0.114     -0.198      0.148      0.289
229.0000      -1008.387    -1016.153        7.766   311.3      0.677      0.247      0.593     -0.810     -0.155     -0.302
229.2000      -1008.143    -1015.931        7.788   312.2      0.503      1.370      0.729     -0.262      0.157      0.511
229.4000      -1007.792    -1015.216        7.425   297.6      1.435      0.586     -0.101      0.284      0.081      0.173
229.6000      -1007.907    -1015.158        7.250   290.6      1.189      0.684     -0.147     -0.369     -0.087     -0.799
229.8000      -1007.311    -1014.917        7.606   304.9      0.756      0.567      0.482     -0.026     -0.027     -0.400
230.0000      -1006.932    -1015.070        8.138   326.2      1.199     -0.661     -1.040     -0.011     -0.185     -0.429
230.2000      -1006.482    -1014.690        8.209   329.0      0.458      0.392      0.155     -0.416      0.129     -0.337
230.4000      -1007.445    -1016.068        8.623   345.7     -0.068     -0.184     -0.126     -0.801     -0.076     -0.145
230.6000      -1006.673    -1014.657        7.984   320.0      1.311     -0.825      0.408     -0.207     -0.127     -0.148
230.8000      -1006.830    -1015.117        8.287   332.2      0.399      0.347     -0.230      0.052     -0.022     -0.556
231.0000      -1007.029    -1015.565        8.536   342.1      0.194      0.456      0.315     -0.039      0.009     -0.434
231.2000      -1007.323    -1016.037        8.714   349.3     -0.202      0.627      0.734     -0.016      0.142     -0.020
231.4000      -1007.189    -1015.235        8.046   322.5     -0.142     -0.425     -0.252      0.144      0.988     -0.903
231.6000      -1007.506    -1015.954        8.448   338.6      0.849      0.503      0.242     -0.345     -0.135     -0.509
231.8000      -1007.285    -1015.682        8.397   336.6      0.660      0.692      0.209      0.137     -0.091     -0.162
232.0000      -1006.718    -1014.549        7.831   313.9     -0.685     -0.141      0.552     -0.168      0.196     -0.265
232.2000      -1006.746    -1015.509        8.763   351.3     -0.449     -0.647      0.443     -0.195      0.100     -0.724
232.4000      -1007.009    -1015.237        8.227   329.8      1.115      0.543      0.078     -0.014      0.494      0.201
232.6000      -1007.879    -1016.217        8.339   334.3     -0.398     -0.423      0.689      0.473      0.415     -0.367
232.8000      -1007.757    -1015.608        7.851   314.7      0.359     -0.049     -0.481     -0.010     -0.536      0.306
233.0000      -1006.211    -1014.527        8.316   333.4      0.684      0.815      1.035     -0.366     -0.159      0.143
233.2000      -1006.114    -1014.497        8.383   336.0      0.584      0.792      0.335     -0.310     -0.062     -0.365
233.4000      -1006.955    -1015.899        8.944   358.5      0.627      0.573      0.632     -0.020     -0.090      0.248
233.6000      -1006.615    -1015.709        9.095   364.6      0.515      0.195      1.028      0.140      0.051     -0.190
233.8000      -1005.614    -1014.845        9.231   370.0      1.059      0.752      1.288     -0.445      0.326     -0.239
234.0000      -1006.569    -1014.955        8.386   336.1      0.004      0.553      0.390      0.050     -0.469     -0.052
234.2000      -1006.790    -1014.921        8.132   326.0      0.183     -0.444     -0.783      0.186      0.031      0.111
234.4000      -1006.627    -1014.702        8.075   323.7      0.551      0.149      0.674     -0.142      0.278     -0.089
234.6000      -1007.195    -1015.027        7.833   314.0     -0.167      0.636      0.771      0.089     -0.204      0.460
234.8000      -1006.509    -1015.731        9.222   369.7      0.155      0.881      0.943      0.124      0.597     -0.136
235.0000      -1005.824    -1014.274        8.450   338.7      0.611      0.368      0.463      0.351     -0.189     -0.031
235.2000      -1005.446    -1014.189        8.742   350.4      1.218      0.716      0.863      0.574      0.338      0.331
235.4000      -1006.195    -1014.075        7.881   315.9      1.400      1.110      0.721     -0.271     -0.060      0.163
235.6000      -1006.099    -1015.092        8.993   360.5      0.141      0.558      1.213     -0.591     -0.327     -0.229
235.8000      -1005.578    -1013.794        8.216   329.3      1.460      0.856      1.014     -0.391      0.440     -0.271
236.0000      -1005.914    -1014.471        8.558   343.0     -0.346      0.722      0.960     -0.202      0.606      0.332
236.2000      -1006.984    -1015.040        8.056   322.9      0.276      0.667      0.157     -0.102      0.453     -0.225
236.4000      -1007.268    -1014.805        7.537   302.1      0.513      0.661      0.385     -0.331     -0.124      0.680
236.6000      -1006.100    -1014.077        7.977   319.7      1.492      0.845      0.912     -0.022      0.786     -0.445
236.8000      -1005.552    -1014.267        8.715   349.3      0.029      0.634      0.449      0.125     -0.344      0.447
237.0000      -1006.233    -1014.251        8.018   321.4      1.587      0.866      1.051     -0.094     -0.084     -0.111
237.2000      -1006.137    -1013.974        7.837   314.1     -0.529      0.518      0.317      0.559      0.207     -0.246
237.4000      -1006.216    -1014.480        8.264   331.3      1.398      1.012      0.942      0.195     -0.117     -0.048
237.6000      -1006.270    -1014.747        8.477   339.8      0.433      0.062      0.267      0.108     -0.119     -0.305
237.8000      -1007.261    -1015.751        8.490   340.3      0.685      0.927      0.894      0.081     -0.089     -0.642
238.0000      -1006.698    -1014.565        7.867   315.4      0.297      1.070      0.760     -0.003      0.166      0.020
238.2000      -1006.761    -1014.486        7.725   309.6      0.251     -1.097      1.009      0.375     -0.142     -0.088
238.4000      -1006.449    -1014.620        8.172   327.6      0.098      0.498      0.404     -0.437     -0.669      0.170
238.6000      -1006.061    -1014.361        8.300   332.7      1.182      0.644      1.079     -0.033     -0.014      0.500
238.8000      -1007.250    -1015.398        8.149   326.6      0.145      0.839      1.061      0.006      0.240      0.501
239.0000      -1006.768    -1015.319        8.551   342.7      0.076      0.379      0.288      0.380     -0.625      0.222
239.2000      -1005.794    -1014.269        8.475   339.7      0.398      1.052     -0.003      0.330     -0.111     -0.983
239.4000      -1006.098    -1014.566        8.468   339.4     -0.205     -0.150     -0.374      0.338     -0.234     -0.520
239.6000      -1005.800    -1014.434        8.634   346.1     -0.304     -0.038     -0.862     -0.260     -0.224     -0.533
239.8000      -1005.980    -1014.549        8.569   343.5      0.126      1.093      0.390      0.159     -0.154     -0.083
240.0000      -1006.963    -1015.138        8.176   327.7      0.035      0.222      1.007      0.171     -0.462      0.326
240.2000      -1007.180    -1015.385        8.206   328.9      0.166      0.889      0.368      0.051      0.017      0.013
240.4000      -1007.419    -1014.730        7.311   293.1      0.758      1.462      1.949     -0.091      0.245      0.310
240.6000      -1008.048    -1015.568        7.520   301.4      0.356     -0.203      0.150     -0.124     -0.439      0.438
240.8000      -1007.390    -1015.702        8.312   333.2      0.470      0.105      0.194      0.391     -0.139     -0.714
241.0000      -1007.151    -1015.739        8.588   344.3      0.026      0.356     -0.036     -0.070     -0.337     -0.354
241.2000      -1008.388    -1016.143        7.755   310.8      0.232      0.691      0.613      0.609     -0.004     -0.401
241.4000      -1008.096    -1015.745        7.649   306.6      0.032      0.507     -0.734      0.133     -0.662      0.331
241.6000      -1007.146    -1015.477        8.330   333.9      0.294      0.390      0.428     -0.531      0.244     -0.290
241.8000      -1007.505    -1015.983        8.478   339.9      0.661      0.257      0.854     -0.622      0.151      0.360
242.0000      -1006.476    -1015.509        9.034   362.1     -1.143      0.148      0.608     -0.279      0.229     -0.231
242.2000      -1007.697    -1015.781        8.083   324.0      0.846      1.155      1.820     -0.579     -0.054     -0.135
242.4000      -1006.932    -1015.428        8.496   340.6      0.976      0.233      0.212     -0.351      0.248      0.524
242.6000      -1007.731    -1015.944        8.213   329.2      1.110      0.332      1.252      0.902      0.305      0.096
242.8000      -1007.624    -1016.894        9.269   371.6      0.684      0.357     -0.060      0.227      0.326     -0.057
243.0000      -1008.112    -1016.409        8.297   332.6     -0.489      0.765      0.790     -0.191     -0.086      0.098
243.2000      -1008.974    -1016.777        7.804   312.8      0.784     -0.005      0.493     -0.380     -0.570     -0.613
243.4000      -1009.268    -1016.884        7.617   305.3     -0.187     -0.857      0.734     -0.101      0.363     -0.544
243.6000      -1008.493    -1016.828        8.334   334.1      0.345     -0.099     -0.632     -0.098      0.153     -0.053
243.8000      -1007.636    -1016.375        8.739   350.3      1.158      0.178      0.385      0.403      0.408     -0.351
244.0000      -1007.386    -1016.024        8.638   346.3      0.129      0.706      0.521     -0.320      0.105     -0.437
244.2000      -1007.356    -1015.296        7.940   318.3     -0.199      0.066      0.548      0.330     -0.091     -0.295
244.4000      -1006.910    -1015.104        8.194   328.4      0.304      0.690      0.658      0.409      0.076     -0.614
244.6000      -1006.596    -1015.342        8.745   350.5      0.505     -0.694     -0.339      0.205      0.466     -0.480
244.8000      -1007.411    -1016.021        8.610   345.1      0.174      0.221      0.068     -0.241     -0.060     -0.373
245.0000      -1006.441    -1014.671        8.230   329.9     -0.041      0.394      0.577      0.330      0.179      0.328
245.2000      -1006.365    -1015.327        8.962   359.2      0.092      0.158      0.331     -0.104     -0.044      0.199
245.4000      -1006.352    -1014.903        8.551   342.7      0.195      1.061      0.328      0.279      0.306     -0.104
245.6000      -1007.166    -1014.999        7.833   314.0      0.030      0.488      0.082     -0.302     -0.184     -0.375
245.8000      -1007.711    -1015.203        7.493   300.3     -0.463      0.984      1.166      0.709     -0.449      0.157
246.0000      -1006.940    -1014.860        7.920   317.5      0.385      0.290      0.506      0.323     -0.211      0.202
246.2000      -1006.694    -1014.950        8.256   330.9      1.749      1.713     -0.352      0.616      0.357     -0.550
246.4000      -1006.463    -1014.972        8.509   341.1      0.181      0.702      1.315     -0.216     -0.166     -0.309
246.6000      -1006.070    -1014.374        8.304   332.9      1.022      1.084     -0.117     -0.057     -0.077      0.296
246.8000      -1006.073    -1014.590        8.517   341.4      0.661      0.081      0.280     -0.698      0.320      0.028
247.0000      -1005.920    -1015.123        9.204   368.9      1.290      1.313      0.701     -0.391     -0.150     -0.239
247.2000      -1006.222    -1014.741        8.519   341.5     -0.221      0.699      0.289      0.291      0.157      0.989
247.4000      -1006.847    -1014.103        7.256   290.8      0.738     -0.208      0.636      0.200      0.238     -0.342
247.6000      -1006.238    -1014.737        8.499   340.7      1.783      0.542      1.369     -0.058     -0.317      0.612
247.8000      -1006.559    -1014.650        8.091   324.3      0.127     -0.007      0.005      0.404     -0.494      0.135
248.0000      -1006.862    -1014.497        7.635   306.0      0.542      0.672      0.692      0.106      0.385     -0.306
248.2000      -1005.978    -1013.935        7.957   319.0      0.962      1.182      0.643     -0.054      0.099      0.119
248.4000      -1006.486    -1015.120        8.633   346.1      0.317      0.716      0.497     -0.400      0.118      0.263
248.6000      -1006.575    -1015.261        8.686   348.2     -0.097      0.082      0.630      0.159      0.242     -0.460
248.8000      -1006.120    -1015.085        8.964   359.3      0.833     -0.721     -0.104      0.437     -0.649      0.969
249.0000      -1006.069    -1014.509        8.440   338.3      0.408      0.755      0.342      0.304      0.196      0.164
249.2000      -1004.993    -1014.102        9.109   365.2      0.066      1.093      0.324      0.155     -0.255      0.211
249.4000      -1005.321    -1014.690        9.370   375.6      0.765      0.124      0.541     -0.108      0.093     -0.354
249.6000      -1005.762    -1013.590        7.828   313.8      1.248      1.241      0.130     -0.086      0.304      0.041
249.8000      -1005.489    -1014.106        8.617   345.4      0.013      0.902      0.410     -0.349      0.310      0.632
250.0000      -1006.571    -1014.671        8.101   324.7      0.736      0.286     -0.043      0.167     -0.082      0.385
250.2000      -1005.954    -1014.833        8.879   355.9     -0.306      1.218      0.513     -0.108     -0.399      0.267
250.4000      -1006.737    -1014.905        8.168   327.4     -0.238     -0.205     -1.159     -0.318     -0.311      0.022
250.6000      -1006.471    -1014.720        8.249   330.6     -0.637     -0.169      0.023     -0.795      0.008     -0.184
250.8000      -1005.937    -1015.496        9.559   383.2      0.354      1.008      0.698     -0.129      0.116     -0.326
251.0000      -1005.586    -1014.100        8.514   341.3      0.047      0.569      0.548     -0.118      0.051     -0.142
251.2000      -1004.719    -1014.632        9.914   397.4      0.575      0.054      0.107      0.085      0.349      0.020
251.4000      -1005.190    -1013.956        8.766   351.4      0.191      0.065      0.554      0.134      0.120     -0.356
251.6000      -1005.094    -1014.412        9.319   373.5     -0.149     -0.293      0.478     -0.578     -0.767      0.032
251.8000      -1005.290    -1014.373        9.083   364.1     -0.011      0.272      0.369     -0.444     -0.280     -0.257
252.0000      -1006.381    -1014.861        8.480   339.9      0.300      0.483      0.336     -0.094      0.422     -0.000
252.2000      -1005.775    -1014.669        8.895   356.5      0.588     -0.737      0.800     -0.405     -0.064      0.591
252.4000      -1005.335    -1013.954        8.618   345.5      0.700      0.625      1.417     -0.161     -0.053      0.143
252.6000      -1006.281    -1014.853        8.572   343.6      0.838      0.481     -0.189      0.152      0.897      0.224
252.8000      -1007.138    -1014.288        7.150   286.6     -0.014     -0.398      0.171      0.032      0.459     -0.113
253.0000      -1007.857    -1015.689        7.832   313.9      0.036     -0.576      0.096     -0.526      0.429     -0.189
253.2000      -1007.274    -1015.331        8.057   322.9      0.699      1.708     -0.094     -0.097     -0.094     -0.082
253.4000      -1007.283    -1015.805        8.522   341.6      0.449      0.400      1.460     -0.649     -0.115     -0.101
253.6000      -1007.053    -1015.362        8.309   333.0     -0.338      0.947     -0.036      0.241     -0.273      0.216
253.8000      -1007.918    -1016.783        8.865   355.3      1.385      0.997      0.067      0.533      0.331      0.465
254.0000      -1007.613    -1015.318        7.706   308.9      0.280     -0.135      0.554      0.151     -0.047     -0.196
254.2000      -1006.727    -1015.746        9.019   361.5     -0.520      0.015     -0.515      0.489      0.049      0.672
254.4000      -1007.767    -1016.095        8.328   333.8      0.549      0.148      0.148      0.182     -0.234      0.136
254.6000      -1007.139    -1015.040        7.901   316.7      0.696      0.346      0.250     -0.584     -0.106     -0.336
254.8000      -1006.346    -1014.978        8.632   346.0      0.943      0.858      0.653      0.156     -0.681      0.268
255.0000      -1007.359    -1016.140        8.780   352.0     -0.022      0.083      0.433      0.309     -0.300      0.258
255.2000      -1007.665    -1015.411        7.746   310.5      0.088      0.628      1.052     -0.851      0.504      0.256
255.4000      -1007.448    -1015.834        8.386   336.1      0.122      0.384     -0.537     -0.177      0.247      0.021
255.6000      -1006.815    -1015.248        8.433   338.0      0.407      0.609     -0.046     -0.068     -0.536     -0.443
255.8000      -1006.950    -1015.103        8.152   326.8      0.433      0.812      0.602      0.203     -0.573     -0.007
256.0000      -1007.919    -1016.104        8.185   328.1     -0.691      0.179     -0.325     -0.224      0.407     -0.156
256.2000      -1007.590    -1015.869        8.279   331.9      0.180      0.311      0.595     -0.657     -0.598      0.029
256.4000      -1007.880    -1016.195        8.315   333.3      1.444      1.164     -0.098     -0.513     -0.440     -0.580
256.6000      -1007.656    -1015.616        7.960   319.1      0.508      0.327      0.591     -0.521     -0.443      0.360
256.8000      -1006.907    -1015.542        8.635   346.1      0.342      1.009      0.673      0.239     -0.065      0.290
257.0000      -1007.343    -1015.725        8.382   336.0      0.270      1.022      0.692     -0.070     -0.598      0.113
257.2000      -1006.662    -1015.266        8.604   344.9     -0.394     -0.527      0.141      0.678     -0.220     -0.145
257.4000      -1007.180    -1015.507        8.327   333.8     -0.863     -0.181      0.110     -0.734     -0.625      0.202
257.6000      -1006.667    -1014.595        7.928   317.8     -0.306     -0.464      0.232      0.275      0.190     -0.433
257.8000      -1006.981    -1015.082        8.101   324.7      0.877      0.916     -0.399     -0.029      0.593      0.056
258.0000      -1006.891    -1014.559        7.668   307.4     -0.687     -0.095      0.020     -0.547      0.102     -0.115
258.2000      -1006.905    -1014.964        8.060   323.1      0.515      0.283      0.048     -0.171     -0.583     -0.063
258.4000      -1007.499    -1015.156        7.657   306.9      0.448      0.208     -0.185      0.446      0.177     -0.442
258.6000      -1006.950    -1015.397        8.448   338.6      0.648     -0.079      0.668      0.428      0.021     -0.220
258.8000      -1006.588    -1015.004        8.416   337.4      0.514     -0.440     -0.028     -0.312     -0.366      0.165
259.0000      -1006.535    -1015.050        8.516   341.4     -0.347     -0.604      0.176      0.005     -0.371      0.385
259.2000      -1006.339    -1014.222        7.883   316.0      0.980      0.442      0.200      0.309     -0.293     -0.354
259.4000      -1006.922    -1015.345        8.423   337.6      1.010      0.475      0.267      0.630     -0.130      0.698
259.6000      -1006.887    -1014.473        7.586   304.1     -0.202      0.208     -0.845      0.513     -0.430     -0.068
259.8000      -1006.800    -1015.459        8.658   347.1      0.281      0.196     -0.071     -0.268     -0.143     -0.492
260.0000      -1007.382    -1015.534        8.152   326.8     -0.231     -0.065      0.836      0.417      0.366     -0.249
260.2000      -1007.464    -1014.853        7.389   296.2      0.963     -0.151      0.706     -0.447      0.267      0.159
260.4000      -1007.442    -1015.103        7.661   307.1      0.822     -0.598      0.699     -0.420      0.076     -0.442
260.6000      -1007.045    -1015.312        8.267   331.4      0.215     -0.252     -0.221     -0.128     -0.074     -0.255
260.8000      -1007.859    -1015.562        7.703   308.8      0.098      0.386      0.823     -0.316      0.008     -0.606
261.0000      -1007.359    -1015.232        7.873   315.6      0.042     -0.359     -0.020     -0.074      0.129     -0.243
261.2000      -1006.829    -1014.597        7.768   311.4      0.422     -0.007     -0.170     -0.152     -0.153      0.207
261.4000      -1007.483    -1015.739        8.256   330.9      0.930      0.170      0.809     -0.479      0.158      0.140
261.6000      -1008.040    -1016.399        8.359   335.1      0.663      1.212     -0.004      0.300     -0.135     -0.145
261.8000      -1007.711    -1016.083        8.372   335.6      0.812      1.456      1.004      0.108     -0.083      0.288
262.0000      -1007.152    -1015.140        7.987   320.2     -0.067     -0.605     -0.576      0.095      0.133     -0.382
262.2000      -1007.604    -1015.674        8.069   323.5      0.810      0.755      0.900     -0.160      0.359     -0.836
262.4000      -1006.841    -1014.921        8.080   323.9      1.034      0.380      0.517     -0.315      0.524     -0.197
262.6000      -1006.565    -1014.975        8.410   337.1      0.320      0.688      0.978     -0.497     -0.542      0.271
262.8000      -1006.095    -1015.669        9.574   383.8      0.007     -0.070     -0.461     -0.172     -0.398     -0.164
263.0000      -1005.122    -1014.264        9.142   366.5     -0.263      1.416      0.424      0.141      0.098     -0.463
263.2000      -1006.227    -1014.695        8.468   339.4     -0.048      0.309      0.296     -0.057      0.013     -0.020
263.4000      -1007.278    -1015.666        8.388   336.2      1.010      0.918     -0.432      0.539     -0.485     -0.142
263.6000      -1007.633    -1016.109        8.477   339.8      0.382      0.751     -0.414     -0.283     -0.016     -0.288
263.8000      -1007.412    -1015.682        8.270   331.5      0.458      1.325      0.308      0.630     -0.085     -0.091
264.0000      -1007.752    -1015.756        8.004   320.9     -0.300      0.305      0.058     -0.431      0.406     -0.001
264.2000      -1008.537    -1016.434        7.897   316.6      0.858      0.162      0.251      0.244      0.159     -0.172
264.4000      -1008.440    -1016.211        7.772   311.5      0.759      0.435     -0.140     -0.244      0.185     -0.384
264.6000      -1008.382    -1015.852        7.471   299.5      0.773      0.851      0.099     -0.167     -0.297      0.037
264.8000      -1007.593    -1015.861        8.268   331.4      0.860     -0.052      1.146      0.178      0.511      0.338
265.0000      -1007.520    -1015.499        7.979   319.8     -0.017      0.349     -0.155      0.354     -0.243      0.385
265.2000      -1006.949    -1015.309        8.360   335.1     -0.010      0.284      0.434     -0.071     -0.078      0.093
265.4000      -1006.920    -1014.947        8.027   321.8     -0.265     -0.241      0.407     -0.025      0.050      0.485
265.6000      -1008.348    -1015.480        7.132   285.9      0.694      0.222     -0.319     -0.208     -0.162     -0.254
265.8000      -1007.829    -1015.605        7.776   311.7      0.735     -0.085      0.188     -0.024      0.394     -0.049
266.0000      -1007.577    -1015.065        7.488   300.2      1.436      0.514      0.572      0.228      0.345      0.459
266.2000      -1007.445    -1015.725        8.279   331.9      0.433      0.269      0.693      0.030     -0.418     -0.351
266.4000      -1007.190    -1015.987        8.798   352.7      0.867      1.051     -0.096     -0.052      0.125      0.019
266.6000      -1007.063    -1014.812        7.750   310.6     -0.230      0.750      0.798      0.313      0.309      0.086
266.8000      -1007.170    -1015.358        8.188   328.2      0.177      0.172      0.376     -0.516     -0.209     -0.116
267.0000      -1007.847    -1015.699        7.853   314.8      0.573     -0.515     -0.663      0.184      0.222      0.354
267.2000      -1008.480    -1016.181        7.701   308.7     -0.300      0.292      0.992      0.142     -0.378     -0.237
267.4000      -1008.361    -1016.556        8.196   328.5     -0.364      0.433      0.386     -0.270     -0.427      0.745
267.6000      -1008.207    -1016.085        7.878   315.8      0.500     -0.033      0.823     -0.098      0.506      0.171
267.8000      -1009.018    -1017.367        8.349   334.7     -0.260     -0.480     -0.628     -0.309     -0.066      0.090
268.0000      -1008.448    -1016.814        8.366   335.3      0.789      2.235      0.333      0.286      0.232     -0.225
268.2000      -1008.455    -1016.445        7.989   320.2      0.197      0.251      0.796      1.198      0.052     -0.072
268.4000      -1008.110    -1017.085        8.974   359.7      1.122      0.459      0.523     -0.111      0.500      0.216
268.6000      -1007.720    -1016.524        8.804   352.9      0.044     -0.283      0.539     -0.011     -0.403     -0.328
268.8000      -1007.808    -1016.203        8.394   336.5      0.204     -0.025      0.113      0.188     -0.277      0.432
269.0000      -1008.265    -1016.117        7.852   314.8      0.972      0.741     -0.854      0.522     -0.072      0.142
269.2000      -1007.205    -1015.744        8.539   342.3      0.624      0.792      0.693     -0.182      0.155      0.612
269.4000      -1008.641    -1016.569        7.928   317.8      0.146      0.721      1.277     -0.074     -0.321     -0.053
269.6000      -1008.448    -1016.142        7.693   308.4      1.350      0.921      0.295      0.193      0.110     -0.217
269.8000      -1008.871    -1016.575        7.704   308.8      1.189      0.547      0.255      0.508      0.510     -0.337
270.0000      -1008.655    -1016.861        8.206   328.9      0.821      1.041      0.527      0.060      0.529      0.083
270.2000      -1008.561    -1016.313        7.752   310.7      0.558      0.608      0.259      0.550     -0.094      0.373
270.4000      -1008.916    -1017.370        8.454   338.9      0.895      0.589     -0.178      0.461      0.373     -0.065
270.6000      -1008.929    -1016.359        7.430   297.8      0.437      0.988      0.616      0.538      0.177     -0.509
270.8000      -1007.852    -1015.999        8.147   326.6      1.199      0.950      1.075      0.183     -0.259      0.056
271.0000      -1007.471    -1016.352        8.881   356.0     -0.125      0.014      0.556      0.076     -0.255      0.242
271.2000      -1007.951    -1016.642        8.690   348.3     -1.117     -0.638      0.277      0.423     -0.405      0.719
271.4000      -1008.734    -1016.797        8.063   323.2      0.054      0.597      0.135      0.809      0.341      0.151
271.6000      -1008.224    -1016.473        8.249   330.7      0.589     -0.411      0.083     -0.084      0.234     -0.176
271.8000      -1008.772    -1015.985        7.213   289.1     -0.098      0.461      0.112      0.152      0.243     -0.003
272.0000      -1007.765    -1016.152        8.387   336.2      0.278      0.627      0.365     -0.382     -0.198      0.593
272.2000      -1007.423    -1016.104        8.681   348.0     -0.244      0.537      0.820     -0.196      0.087     -0.407
272.4000      -1007.035    -1016.202        9.166   367.4      0.849      0.160      0.373      0.040     -0.480     -0.143
272.6000      -1006.225    -1014.310        8.086   324.1      0.794      0.678     -0.083      0.422     -0.040     -0.397
272.8000      -1007.856    -1015.980        8.123   325.6      0.159      0.189      0.009      0.091      0.380      0.580
273.0000      -1007.841    -1016.334        8.492   340.4      0.337      0.811     -0.007      0.200     -0.298      0.018
273.2000      -1008.017    -1015.218        7.202   288.7      0.112      0.564     -0.068      0.179     -0.193     -0.230
273.4000      -1007.711    -1016.179        8.469   339.5      0.336     -0.536      0.158      0.013      0.258     -0.034
273.6000      -1007.979    -1015.794        7.815   313.3     -0.625      0.333     -0.204      0.384      0.192      0.072
273.8000      -1007.962    -1015.764        7.802   312.7      0.176      0.436      0.194     -0.445      0.021      0.038
274.0000      -1007.330    -1015.720        8.391   336.3      0.557      0.913      0.113     -0.197      0.162     -0.131
274.2000      -1007.353    -1015.222        7.869   315.4     -0.001     -0.043      0.272     -0.099      0.012     -0.356
274.4000      -1007.621    -1015.254        7.633   306.0      0.352      0.178      1.640      0.218     -0.183      0.316
274.6000      -1007.301    -1016.344        9.043   362.5      0.045      0.662     -0.208      0.065     -0.191      0.596
274.8000      -1007.381    -1015.704        8.323   333.6      0.606      0.246      0.132      0.103     -0.100      0.108
275.0000      -1007.999    -1016.701        8.702   348.8      0.090      0.653      0.344     -0.286      0.261      0.332
275.2000      -1007.967    -1016.599        8.632   346.0      0.478     -0.029     -0.136     -0.138      0.600     -0.391
275.4000      -1007.842    -1016.114        8.272   331.6      0.940      0.467      0.067     -0.333      0.076      0.122
275.6000      -1007.346    -1015.524        8.179   327.8     -0.649     -0.425     -0.285     -0.599      0.208     -0.321
275.8000      -1008.051    -1015.932        7.881   315.9      0.307      1.135      0.402     -0.150     -0.219      0.464
276.0000      -1007.496    -1015.562        8.066   323.3     -0.596      0.888      0.182      0.023     -0.146     -0.198
276.2000      -1007.478    -1015.662        8.184   328.1      0.606      0.266      1.030      0.277      0.185     -0.071
276.4000      -1008.426    -1016.082        7.656   306.9      0.432     -0.320     -0.514     -0.041      0.827      0.238
276.6000      -1007.904    -1015.569        7.666   307.3      0.290      0.220     -0.082      0.085     -0.299     -0.489
276.8000      -1008.594    -1015.890        7.297   292.5      0.759      0.667      0.417     -0.086      0.474      0.095
277.0000      -1008.317    -1015.861        7.544   302.4      1.312     -0.117      0.599      0.214      0.579      0.092
277.2000      -1008.078    -1016.232        8.154   326.9      0.747      0.886      0.646     -0.032     -0.310      0.094
277.4000      -1007.591    -1015.782        8.191   328.3      1.140      0.506      0.834     -0.414     -0.436      0.114
277.6000      -1006.967    -1015.167        8.201   328.7      0.191      0.910      1.021     -0.516      0.132      0.296
277.8000      -1006.410    -1014.693        8.283   332.0      0.986      1.597      0.369      0.050      0.202     -0.344
278.0000      -1007.233    -1015.083        7.851   314.7      0.495      0.982      0.789     -0.096      0.171      0.244
278.2000      -1006.866    -1014.748        7.882   316.0     -0.294      0.737      1.038      0.298      0.199     -0.044
278.4000      -1007.088    -1015.360        8.271   331.6      0.073     -0.088      0.072     -0.019      0.300     -0.327
278.6000      -1006.765    -1015.130        8.365   335.3     -0.828      0.138      1.514      0.014     -0.388      0.004
278.8000      -1006.699    -1014.520        7.821   313.5      0.505      0.451      0.545     -0.230     -0.734      0.134
279.0000      -1007.143    -1015.885        8.743   350.4      0.480     -0.064      0.071     -0.114      0.050     -0.089
279.2000      -1006.593    -1015.404        8.810   353.2     -0.497      0.190      0.588      0.205      0.446     -0.233
279.4000      -1006.322    -1015.585        9.262   371.3     -0.253      0.030      0.417      0.005     -0.073     -0.034
279.6000      -1006.641    -1014.934        8.293   332.4      0.952     -0.585      0.246      0.185      0.270     -0.251
279.8000      -1006.856    -1014.973        8.117   325.4      0.587     -0.139      0.252     -0.433      0.615     -0.452
280.0000      -1006.617    -1015.933        9.317   373.5      0.190     -0.218      0.473      0.267     -0.256     -0.227
280.2000      -1007.249    -1015.319        8.070   323.5      0.390      0.604      0.327     -0.063      0.234      0.161
280.4000      -1007.404    -1015.843        8.439   338.3      0.517      0.289      0.770      0.114      0.403     -0.353
280.6000      -1008.457    -1015.956        7.499   300.6     -0.506     -0.331     -0.381     -0.037     -0.211     -0.268
280.8000      -1008.424    -1016.126        7.702   308.7      1.105      0.646      0.826     -0.241     -0.334     -0.001
281.0000      -1008.875    -1016.781        7.905   316.9      0.245      0.423      0.264     -0.004      0.446      0.080
281.2000      -1009.166    -1017.220        8.053   322.8      0.080      0.743      0.162     -0.018      0.359     -0.168
281.4000      -1008.943    -1016.745        7.802   312.8      0.238     -0.159      0.433     -0.042      0.583      0.210
281.6000      -1007.741    -1016.620        8.879   355.9     -0.664      0.514      0.290      0.376      0.350     -0.938
281.8000      -1007.481    -1015.689        8.208   329.0     -0.230      0.461      0.661      0.212     -0.055      0.183
282.0000      -1007.757    -1016.785        9.028   361.9      0.043      0.704      0.001      0.074     -0.140     -0.474
282.2000      -1007.568    -1016.234        8.666   347.4      0.467      1.421      0.681      0.212      0.559      0.796
282.4000      -1008.649    -1016.779        8.130   325.9      0.604      0.742      0.101      0.240     -0.470      0.114
282.6000      -1008.419    -1016.951        8.532   342.0      0.347     -0.252     -0.471      0.088      0.103     -0.369
282.8000      -1008.498    -1016.210        7.712   309.1     -0.069     -0.196     -0.247      0.378      0.388      0.232
283.0000      -1007.511    -1015.809        8.298   332.6     -1.064     -0.657     -1.366     -0.178      0.271     -0.056
283.2000      -1008.450    -1016.300        7.851   314.7      0.536     -0.228      0.716     -0.228     -0.297     -0.156
283.4000      -1008.152    -1016.687        8.535   342.1      0.859      0.780      0.101      0.092     -0.112     -0.262
283.6000      -1007.782    -1016.172        8.390   336.3      0.338      0.472      0.675     -0.255     -0.214      0.413
283.8000      -1008.054    -1015.700        7.646   306.5      0.273     -0.493     -0.364     -0.600     -0.615      0.214
284.0000      -1008.664    -1016.423        7.759   311.0     -0.936      0.040      0.607     -0.167      0.157     -0.285
284.2000      -1008.303    -1016.516        8.212   329.2     -0.275     -0.185     -0.839      0.036     -0.313     -0.016
284.4000      -1008.644    -1016.676        8.032   321.9     -0.447      0.001      0.030     -0.003     -0.300      1.114
284.6000      -1008.221    -1016.834        8.613   345.2     -0.669      1.173      0.161     -0.350     -0.547      0.399
284.8000      -1008.115    -1016.465        8.350   334.7      1.142      1.062      0.602      0.168      0.082      0.333
285.0000      -1008.130    -1016.806        8.676   347.8     -0.621      0.223      0.020     -0.211     -0.152     -0.101
285.2000      -1008.208    -1016.042        7.834   314.0     -0.267      0.514     -0.111     -0.250     -0.051      0.054
285.4000      -1008.700    -1016.410        7.710   309.1     -0.453     -0.620     -0.903     -0.577      0.061      0.126
285.6000      -1007.648    -1016.083        8.436   338.1     -0.132     -0.041     -0.257     -0.236     -0.018      0.226
285.8000      -1007.565    -1015.799        8.233   330.0      1.251      0.676     -0.229     -0.416      0.205     -0.005
286.0000      -1007.672    -1015.225        7.553   302.7      0.912      1.058      1.130     -0.176     -0.347     -0.032
286.2000      -1007.397    -1015.951        8.554   342.9      0.355     -0.361      0.257      0.116      0.029      0.609
286.4000      -1006.129    -1014.599        8.470   339.5      0.463      0.378      0.170      0.097     -0.306      0.228
286.6000      -1006.974    -1015.243        8.269   331.5      0.923      0.038      0.435      0.086     -0.001      0.112
286.8000      -1007.528    -1015.259        7.730   309.9      0.316      0.559      0.240      0.301     -0.190      0.336
287.0000      -1007.040    -1015.238        8.199   328.6      0.931      0.966     -0.038     -0.489      0.517      0.407
287.2000      -1007.856    -1015.965        8.109   325.0      1.099     -0.046      0.496     -0.362     -0.239      0.264
287.4000      -1008.651    -1015.546        6.895   276.4     -0.319      0.542     -0.034      0.186     -0.381      0.346
287.6000      -1008.403    -1015.670        7.267   291.3      0.488      0.849      0.250      0.322      0.440      0.395
287.8000      -1008.818    -1016.673        7.855   314.9      0.268      0.178      1.465     -0.192     -0.503     -0.461
288.0000      -1007.738    -1015.626        7.888   316.2     -0.051     -0.167      1.215      0.797      0.488     -0.188
288.2000      -1006.947    -1014.996        8.049   322.7     -0.630      1.192      0.722      0.235      0.473      0.941
288.4000      -1007.382    -1015.011        7.629   305.8     -0.625     -0.405      0.235      0.177      0.672      0.283
288.6000      -1007.046    -1015.662        8.616   345.4     -0.112     -0.050     -0.392     -0.444     -0.008     -0.082
288.8000      -1007.583    -1015.226        7.644   306.4      0.350     -0.681      0.114     -0.081     -0.383      0.222
289.0000      -1007.079    -1015.304        8.225   329.7      0.868      0.323     -0.387     -0.462      0.076      0.351
289.2000      -1008.266    -1016.132        7.867   315.3      0.717      0.756      0.362     -0.521      0.286      0.078
289.4000      -1008.394    -1016.234        7.840   314.3      0.088      0.410      0.346     -0.294      0.347     -0.001
289.6000      -1006.954    -1014.923        7.969   319.5      0.972      0.913      1.366     -0.252     -0.131      0.150
289.8000      -1006.104    -1015.275        9.172   367.6      0.444      1.138      1.414     -0.004     -0.343      0.687
290.0000      -1006.951    -1015.230        8.279   331.9      0.863      0.401     -0.155      0.015      0.128      0.301
290.2000      -1007.080    -1015.470        8.390   336.3     -1.278     -0.779     -1.039     -0.014      0.345     -0.430
290.4000      -1007.139    -1015.715        8.576   343.8      1.099      0.084      0.563     -0.206     -0.385      0.117
290.6000      -1006.906    -1015.455        8.548   342.7      0.943      0.089     -0.286     -0.331      0.166     -0.129
290.8000      -1005.639    -1014.205        8.566   343.4     -0.276      1.007      0.134      0.284      0.022     -0.006
291.0000      -1006.166    -1014.466        8.300   332.7     -1.113     -0.290      0.193     -0.193      0.146     -0.498
291.2000      -1006.112    -1014.127        8.015   321.3     -0.426      0.793      0.054      0.093      0.010      0.509
291.4000      -1005.553    -1014.786        9.233   370.1     -0.165      0.017     -0.060     -0.096     -0.314     -0.498
291.6000      -1005.248    -1014.041        8.793   352.5      0.813     -0.966      0.117      0.195     -0.026      0.265
291.8000      -1005.360    -1014.176        8.816   353.4      0.533     -0.014      0.552      0.288     -0.474      0.196
292.0000      -1005.685    -1014.180        8.496   340.6      0.728     -1.125     -0.482      0.554      0.099      0.333
292.2000      -1007.069    -1015.774        8.705   348.9      0.339      0.360      0.231      0.137      0.127      0.270
292.4000      -1006.295    -1014.880        8.585   344.1      0.682      0.161      0.774      0.705     -0.041      0.379
292.6000      -1005.874    -1014.564        8.690   348.3      0.591      0.019     -0.178     -0.068      0.153      0.105
292.8000      -1005.632    -1014.274        8.642   346.4      0.105     -1.014     -0.158      0.276      0.085      0.369
293.0000      -1006.576    -1015.241        8.665   347.3      0.537      0.489      1.059     -0.127     -0.145      0.599
293.2000      -1006.998    -1015.862        8.864   355.3      0.621     -0.313     -0.209     -0.127     -0.554      0.270
293.4000      -1006.114    -1014.861        8.747   350.6      0.281     -0.663      0.936      0.257     -0.067      0.534
293.6000      -1005.964    -1014.221        8.257   331.0      0.956     -0.140     -0.073      0.176     -0.470     -0.531
293.8000      -1006.642    -1015.300        8.659   347.1      0.886      0.053      0.172      0.309      0.238      0.547
294.0000      -1007.058    -1015.377        8.319   333.5      0.186      0.162      0.009      0.022      0.528     -0.253
294.2000      -1006.891    -1016.220        9.329   373.9      0.187      0.473      1.546     -0.608     -0.004      0.646
294.4000      -1008.362    -1016.666        8.304   332.9      0.025      0.936      0.691      0.231     -0.299     -0.316
294.6000      -1007.962    -1015.910        7.948   318.6      0.003     -0.205      0.251     -0.181      0.006      0.234
294.8000      -1007.781    -1015.314        7.533   302.0      1.171      0.827      0.841     -0.575     -0.134      0.049
295.0000      -1007.755    -1016.115        8.360   335.1      0.012      0.124      0.008      0.452     -0.417     -0.041
295.2000      -1008.073    -1015.935        7.862   315.2      0.228      0.203      0.919      0.256     -0.326     -0.011
295.4000      -1008.323    -1015.900        7.576   303.7     -0.486     -0.038     -0.052     -0.157      0.019     -0.164
295.6000      -1007.779    -1015.741        7.961   319.1     -0.752     -0.738     -0.238     -0.633      0.014     -0.112
295.8000      -1008.549    -1016.136        7.587   304.1      1.113      0.558      0.998     -0.002      0.182     -0.347
296.0000      -1008.771    -1015.675        6.904   276.7     -0.104     -0.132     -0.132      0.105      0.293     -0.762
296.2000      -1008.323    -1016.650        8.327   333.8      1.563      0.953      1.103      0.721      0.556     -0.201
296.4000      -1009.143    -1017.116        7.973   319.6     -0.498     -0.447     -0.632     -0.224     -0.281     -0.178
296.6000      -1009.172    -1015.901        6.728   269.7      0.330      0.452      0.519      0.402     -0.120      0.571
296.8000      -1008.515    -1016.384        7.870   315.5      1.082      1.057      1.365     -0.239     -0.158     -0.310
297.0000      -1008.057    -1016.182        8.125   325.7      0.166      0.562      0.771     -0.350     -0.151     -0.222
297.2000      -1007.801    -1016.165        8.364   335.3      0.613      1.424      0.103     -0.256      0.402     -0.208
297.4000      -1008.685    -1015.966        7.281   291.9      0.742      1.965      0.143     -0.016      0.160      0.416
297.6000      -1007.399    -1016.644        9.245   370.6     -0.180      0.996      0.696      0.434      0.306      0.343
297.8000      -1007.506    -1015.639        8.133   326.0     -0.271      0.708      0.976      0.102      0.304     -0.267
298.0000      -1007.376    -1016.053        8.677   347.8      0.276     -1.153      0.032     -0.388      0.211     -0.019
298.2000      -1007.168    -1015.606        8.438   338.3      0.458     -0.229      0.160     -0.379     -0.163     -0.609
298.4000      -1007.903    -1015.454        7.550   302.7      0.454      0.145      0.484      0.123     -0.348      0.567
298.6000      -1007.192    -1015.359        8.167   327.4     -0.471     -0.023      0.258     -0.629     -0.126     -0.058
298.8000      -1008.127    -1015.718        7.592   304.3      0.126      0.421      0.045      0.357     -0.257     -0.189
299.0000      -1007.647    -1015.663        8.016   321.3      0.535     -0.129      0.427      0.166     -0.562      0.316
299.2000      -1007.418    -1015.676        8.258   331.0      0.206      0.679     -0.404     -0.062      0.207      0.157
299.4000      -1008.130    -1015.587        7.457   298.9     -0.078     -0.015     -0.315      0.010      0.058      0.148
299.6000      -1008.790    -1016.409        7.619   305.4      0.938      0.371      0.742     -0.023      0.072      0.139
299.8000      -1008.579    -1015.651        7.072   283.5      1.190      0.936     -0.516      0.529     -0.387      0.268
300.0000      -1007.974    -1016.386        8.412   337.2      0.110     -0.370     -0.232      0.665      0.004     -0.046
300.2000      -1008.071    -1016.112        8.041   322.3      0.952      0.549      0.105      0.246     -0.165      0.078
300.4000      -1007.654    -1015.609        7.955   318.9      0.386      0.356      0.343      0.302      0.497     -0.623
300.6000      -1008.326    -1016.181        7.855   314.9     -0.540      0.151     -0.273     -0.315     -0.538     -0.489
300.8000      -1008.616    -1016.134        7.518   301.4     -0.450     -0.171     -0.310     -0.161      0.583     -0.023
301.0000      -1007.346    -1015.911        8.565   343.3     -0.318      0.303      0.062      0.690      0.012      0.109
301.2000      -1008.293    -1015.977        7.684   308.0      0.668     -0.933     -0.415      0.268     -0.324      0.041
301.4000      -1007.828    -1015.809        7.981   319.9      0.922     -0.521      0.936     -0.107      0.068      0.065
301.6000      -1007.733    -1016.035        8.302   332.8     -0.223      0.143      1.214     -0.234     -0.027      0.237
301.8000      -1007.383    -1015.990        8.607   345.0      0.162      0.926      0.169      0.263      0.225     -0.966
302.0000      -1007.306    -1015.701        8.394   336.5      0.662      0.968     -0.349     -0.068     -0.285     -0.196
302.2000      -1007.908    -1015.904        7.996   320.5      0.587     -0.108      0.693      0.143      0.186      0.329
302.4000      -1007.980    -1016.171        8.190   328.3     -0.204     -0.957     -0.964     -0.353      0.431      0.286
302.6000      -1007.706    -1016.539        8.833   354.1      0.749     -0.349      0.086      0.021      0.018      0.353
302.8000      -1008.595    -1016.496        7.901   316.7      0.783      0.751      0.185     -0.455     -0.176     -0.045
303.0000      -1007.916    -1016.571        8.655   346.9     -0.243     -0.838      0.543      0.133     -0.282     -0.177
303.2000      -1007.718    -1015.752        8.034   322.1      0.227     -0.257      0.205      0.156     -0.237     -0.024
303.4000      -1007.805    -1015.726        7.921   317.5     -0.043     -0.542      0.639     -0.583      0.342      0.145
303.6000      -1008.128    -1016.438        8.310   333.1      0.692      1.242      0.655     -0.189      0.571      0.285
303.8000      -1007.363    -1016.112        8.750   350.7      0.613      0.318      0.743      0.021     -0.175      0.320
304.0000      -1007.342    -1015.265        7.922   317.6      0.752      0.833      1.225     -0.463     -0.198      0.018
304.2000      -1006.995    -1014.904        7.908   317.0      0.464      0.528     -0.036      0.757      0.240      0.286
304.4000      -1005.655    -1014.758        9.103   364.9     -0.348      0.646     -0.332     -0.076      0.185      0.194
304.6000      -1006.520    -1015.157        8.637   346.2      1.946      1.378      0.801      0.029      0.055      0.196
304.8000      -1007.411    -1016.187        8.776   351.8     -0.159      0.246     -0.218     -0.244      0.217     -0.231
305.0000      -1008.068    -1016.456        8.389   336.3      0.397     -0.633      0.112      0.038      0.065     -0.167
305.2000      -1007.273    -1015.693        8.421   337.5     -0.471     -0.391      0.232      0.042      0.624      0.015
305.4000      -1007.227    -1014.522        7.295   292.4      1.256      0.983      0.694      0.030     -0.006     -0.208
305.6000      -1006.934    -1015.152        8.218   329.4      0.334      1.266      0.894     -0.933      0.217     -0.415
305.8000      -1008.096    -1015.422        7.326   293.7      1.019      0.049      1.750     -0.017     -0.122     -0.257
306.0000      -1007.360    -1015.190        7.829   313.8      0.929     -0.136     -0.315     -0.483      0.044     -0.495
306.2000      -1007.747    -1016.035        8.288   332.2      0.371      0.099      0.358     -0.489     -0.146     -0.045
306.4000      -1006.756    -1014.719        7.963   319.2     -0.131     -0.187      0.614      0.272      0.423     -0.659
306.6000      -1006.007    -1014.745        8.738   350.3      0.727      0.025     -0.565      0.343      0.493     -0.601
306.8000      -1005.681    -1014.513        8.833   354.1      0.151     -0.679      0.162      0.033      0.133      0.108
307.0000      -1005.584    -1013.396        7.813   313.2      1.182      1.112      1.202     -0.118      0.729      0.364
307.2000      -1006.266    -1014.277        8.010   321.1     -0.321      0.860      0.147      0.642      0.786     -0.288
307.4000      -1006.308    -1015.305        8.997   360.6     -0.948     -0.651     -0.027      0.471      0.057      0.527
307.6000      -1007.183    -1015.920        8.737   350.2      0.622      0.712      0.120     -0.126      0.116     -0.918
307.8000      -1006.567    -1014.483        7.917   317.3      0.805      1.021     -0.245     -0.207     -0.292      0.239
308.0000      -1007.392    -1015.553        8.161   327.1     -0.392      0.607      0.469      0.505      0.290      0.310
308.2000      -1007.850    -1015.210        7.360   295.0      0.005      0.690      0.123      0.033      0.145     -0.051
308.4000      -1007.911    -1015.937        8.026   321.7      0.455     -0.073     -0.443      0.201     -0.236      0.106
308.6000      -1006.740    -1014.465        7.725   309.7     -0.561     -0.099     -0.003     -0.749     -0.393     -0.473
308.8000      -1007.500    -1016.336        8.836   354.2      0.517      0.334      0.338     -0.361     -0.503     -0.217
309.0000      -1008.143    -1016.285        8.142   326.4      0.575      0.520      0.516     -0.145      0.117      1.061
309.2000      -1007.906    -1015.834        7.928   317.8     -0.130      0.173      0.199      0.096     -0.087      0.169
309.4000      -1008.411    -1016.704        8.292   332.4      0.786      1.157      0.638     -0.650      0.487      0.338
309.6000      -1007.747    -1015.062        7.315   293.2     -0.173     -0.118      0.226      0.279     -0.265     -0.002
309.8000      -1007.786    -1015.886        8.100   324.7     -0.141      0.328     -0.260     -0.490     -0.629     -0.447
310.0000      -1007.342    -1015.908        8.566   343.4     -0.532     -0.051      0.026      0.470     -0.357      0.083
310.2000      -1006.853    -1015.045        8.192   328.4      0.446      0.458      0.220     -0.266     -0.123     -0.121
310.4000      -1007.702    -1016.185        8.483   340.0      0.682     -0.271      0.838      0.160     -0.169     -0.315
310.6000      -1007.535    -1015.841        8.306   333.0      1.167      0.668      0.002     -0.388      0.301     -0.443
310.8000      -1006.547    -1014.689        8.142   326.4      0.595      0.785     -0.717      0.310     -0.179     -0.022
311.0000      -1006.938    -1015.025        8.086   324.1      0.568      0.378      0.414      0.072     -0.048      0.138
311.2000      -1006.812    -1014.524        7.713   309.2     -0.349      0.744      0.433      0.511      0.026     -0.202
311.4000      -1005.661    -1013.997        8.336   334.2      0.262      0.263      0.558      0.099      0.254     -0.419
311.6000      -1004.959    -1014.147        9.188   368.3      0.793      0.238      0.958     -0.017      0.334     -0.458
311.8000      -1004.543    -1013.845        9.301   372.8     -0.686      0.364      0.427      0.671     -0.175     -0.213
312.0000      -1005.099    -1013.798        8.698   348.7      0.365      0.327      0.737      0.146     -0.846     -1.067
312.2000      -1005.631    -1013.287        7.657   306.9      1.158      0.512      0.940      0.245     -0.644      0.394
312.4000      -1006.713    -1015.332        8.619   345.5      0.156      0.581      1.003     -0.303     -0.252     -0.455
312.6000      -1007.319    -1015.930        8.611   345.2     -0.216      0.260     -1.060      0.059     -0.279     -0.257
312.8000      -1007.032    -1014.765        7.733   310.0      0.364      1.404      0.649      0.345      0.033     -0.088
313.0000      -1007.588    -1014.878        7.291   292.3      0.176      0.405     -0.331      0.092      0.248      0.241
313.2000      -1006.052    -1014.464        8.413   337.2      0.339      0.985      0.923     -0.041      0.106      0.242
313.4000      -1006.807    -1015.326        8.520   341.5     -0.347     -0.091     -0.197      0.030     -0.779     -0.052
313.6000      -1006.861    -1014.247        7.386   296.1      0.365     -0.187      1.330      0.050      0.110     -0.269
313.8000      -1006.893    -1015.004        8.110   325.1      0.993      0.930      1.118      0.080     -0.434     -0.489
314.0000      -1006.592    -1015.107        8.516   341.3      0.368     -0.418      0.295      0.479     -0.736      0.046
314.2000      -1006.711    -1015.276        8.565   343.3     -0.130      0.709      1.691     -0.097     -0.561      0.036
314.4000      -1007.176    -1015.503        8.328   333.8     -0.737     -0.353     -0.158     -0.298     -0.769      0.060
314.6000      -1007.072    -1014.355        7.282   291.9      0.308     -0.359      0.221     -0.004     -0.016      0.112
314.8000      -1006.581    -1014.629        8.048   322.6      0.398      0.897      0.337      0.029     -0.899      0.108
315.0000      -1006.942    -1014.736        7.793   312.4      0.137      0.444     -0.186     -0.511      0.306      0.238
315.2000      -1005.907    -1015.045        9.138   366.3      0.903      0.527      0.469      0.238     -0.454     -0.301
315.4000      -1005.365    -1015.265        9.900   396.8      0.528      0.608      0.530     -0.581      0.247      0.247
315.6000      -1006.557    -1014.973        8.416   337.4      0.285      0.461      0.423     -0.053     -0.617     -1.137
315.8000      -1007.223    -1015.116        7.893   316.4      0.924      0.639      0.481      0.314      0.295     -0.615
316.0000      -1007.574    -1015.873        8.300   332.7     -0.122      0.695      0.272     -0.124      0.221     -0.312
316.2000      -1006.966    -1014.828        7.862   315.2     -0.091      0.456      0.079      0.015     -0.217     -0.555
316.4000      -1007.777    -1015.539        7.763   311.2      0.006      0.185      0.113     -0.252     -0.185     -0.539
316.6000      -1007.286    -1014.730        7.444   298.4      1.083     -0.042      0.438     -0.276     -0.296     -0.132
316.8000      -1008.373    -1016.338        7.964   319.2      1.020      0.745      0.936      0.103     -0.145     -0.182
317.0000      -1006.992    -1015.484        8.492   340.4     -0.249     -0.669     -0.641      0.575     -0.680      0.180
317.2000      -1007.537    -1015.151        7.614   305.2      0.786      0.462      0.006     -0.343      0.193      0.169
317.4000      -1006.918    -1014.871        7.953   318.8      0.795      0.580      0.622     -0.027     -0.076     -0.394
317.6000      -1007.051    -1015.078        8.027   321.8      0.546      1.552      0.486     -0.407     -0.146     -0.109
317.8000      -1006.426    -1014.539        8.114   325.2      0.150      0.250      0.609     -0.299     -0.391     -0.159
318.0000      -1006.646    -1014.176        7.530   301.8      0.870      0.361      0.829     -0.469     -0.377      0.556
318.2000      -1006.423    -1015.064        8.641   346.4     -0.724     -0.289      0.340      0.425     -0.451      0.371
318.4000      -1006.714    -1015.400        8.686   348.2     -0.322      0.091     -0.126      0.306     -0.241      0.506
318.6000      -1006.932    -1015.217        8.285   332.1      1.134      0.767      0.154      0.085     -0.448     -0.015
318.8000      -1006.626    -1014.970        8.344   334.5      0.395      0.168      1.020      0.032     -0.124     -0.018
319.0000      -1006.540    -1014.944        8.404   336.9     -0.037      0.594      0.521     -0.003     -0.553      0.229
319.2000      -1006.337    -1013.823        7.486   300.1      0.844      0.234     -0.848     -0.498      0.604     -0.466
319.4000      -1006.511    -1015.133        8.621   345.6      0.275     -0.181      0.368      0.028     -0.171     -0.353
319.6000      -1007.016    -1015.475        8.459   339.1     -0.147      0.638     -0.100      0.433     -0.133     -0.095
319.8000      -1006.801    -1014.791        7.990   320.3     -0.420     -0.369     -0.216     -0.155      0.214      0.158
320.0000      -1007.276    -1015.024        7.747   310.6      0.723      0.832      0.760     -0.070     -0.289     -0.396
320.2000      -1006.612    -1014.974        8.362   335.2      1.288     -0.108     -0.155      0.267      0.161      0.484
320.4000      -1006.494    -1015.013        8.519   341.5      0.295      0.653      0.780      0.282     -0.311     -0.090
320.6000      -1007.713    -1015.577        7.865   315.3      0.615      0.242      0.527      0.036     -0.894      0.512
320.8000      -1006.046    -1014.813        8.767   351.4      0.060      0.248     -0.180      0.791      0.142     -0.485
321.0000      -1006.243    -1014.988        8.745   350.5     -0.062      0.447      0.631      0.069     -0.196      0.250
321.2000      -1007.371    -1015.491        8.120   325.5      0.587      0.252     -0.309     -0.463      0.447     -0.696
321.4000      -1007.173    -1015.022        7.849   314.6      0.819      0.222      0.578      0.216     -0.515     -0.466
321.6000      -1008.302    -1016.645        8.342   334.4      1.195     -0.587     -0.167     -0.011     -0.414      0.134
321.8000      -1008.049    -1016.076        8.027   321.7      0.369     -0.405     -0.403      0.264     -0.128      0.295
322.0000      -1007.822    -1015.575        7.752   310.8     -0.400      0.747      0.875      0.875     -0.159      0.282
322.2000      -1007.799    -1016.112        8.313   333.2      0.680      0.246      0.621     -0.106     -0.152     -0.150
322.4000      -1007.869    -1015.996        8.127   325.8      0.367      0.764      0.383     -0.470      0.217     -0.104
322.6000      -1007.274    -1015.239        7.965   319.3     -0.317     -0.232     -0.360      0.712     -0.974     -0.066
322.8000      -1006.623    -1014.788        8.165   327.3      0.114      0.981      0.587     -0.318     -0.093      0.354
323.0000      -1006.565    -1015.365        8.800   352.8      0.166     -0.159      0.700     -0.105     -0.224      0.010
323.2000      -1006.459    -1014.793        8.334   334.1      0.075      1.140     -0.191      0.101     -0.971     -0.239
323.4000      -1007.102    -1015.668        8.566   343.4      0.553      0.659     -0.170     -0.002     -0.549     -0.254
323.6000      -1007.257    -1015.123        7.866   315.3      0.347      1.111      1.090     -0.118     -0.169     -0.309
323.8000      -1007.649    -1015.602        7.953   318.8     -0.510     -0.502      0.274      0.311     -0.286      0.148
324.0000      -1007.892    -1016.568        8.675   347.7     -0.211     -1.027     -0.201     -0.365     -0.202     -0.814
324.2000      -1007.875    -1015.956        8.080   323.9      0.930      0.360      0.417      0.233     -0.447      0.158
324.4000      -1006.759    -1015.534        8.775   351.8     -1.073      1.124      0.827      0.113      0.233      0.133
324.6000      -1007.694    -1015.701        8.007   321.0      0.701     -0.221      0.304      0.366      0.157      0.388
324.8000      -1007.380    -1015.558        8.178   327.8      0.468      0.482      0.723     -0.326      0.400     -0.517
325.0000      -1008.041    -1016.026        7.985   320.1     -0.151      1.153      1.492      0.314      0.181      0.297
325.2000      -1007.617    -1015.534        7.917   317.4     -0.101      0.164     -0.224     -0.078     -0.061      0.221
325.4000      -1007.394    -1015.424        8.030   321.9     -0.743      0.107      0.348      0.623      0.243     -0.374
325.6000      -1008.303    -1016.076        7.773   311.6     -0.432      0.357      0.398      0.578     -0.135      0.029
325.8000      -1007.006    -1015.529        8.522   341.6      0.105     -0.203      0.720      0.221      0.464     -0.015
326.0000      -1007.195    -1015.654        8.459   339.1     -0.148     -0.314      0.416      0.355     -0.245     -0.115
326.2000      -1007.507    -1016.068        8.561   343.2      0.219      0.366     -0.635     -0.404     -0.040     -0.082
326.4000      -1006.824    -1015.849        9.024   361.7     -0.197      0.241      0.418      0.327      0.230      0.068
326.6000      -1006.822    -1015.303        8.481   339.9     -0.037      0.454      0.043      0.197      0.637     -0.158
326.8000      -1006.667    -1015.824        9.157   367.1      1.546      0.941     -0.019     -0.042      0.344      0.112
327.0000      -1007.235    -1015.997        8.762   351.2      0.697      0.546     -0.803      0.429     -0.106     -0.295
327.2000      -1006.077    -1014.535        8.459   339.1      0.525      0.296     -0.671     -0.410      0.463     -0.286
327.4000      -1006.401    -1015.092        8.691   348.4      0.177      0.923      0.134     -0.062     -0.764     -0.176
327.6000      -1005.938    -1014.250        8.312   333.2      1.347      1.188      0.947     -0.091     -0.077     -0.126
327.8000      -1006.032    -1014.652        8.620   345.5      0.980      1.306      0.816     -0.054      0.124     -0.029
328.0000      -1006.527    -1014.997        8.471   339.5      0.902      0.133      0.861     -0.417     -0.141     -0.686
328.2000      -1007.742    -1015.045        7.303   292.7      0.638     -0.641      0.044     -0.386     -0.227      0.310
328.4000      -1007.481    -1015.085        7.604   304.8     -0.164      0.005      0.694     -0.234      0.025     -0.034
328.6000      -1007.430    -1014.888        7.457   298.9      0.647     -0.297      0.320     -0.169      0.286     -0.523
328.8000      -1007.370    -1015.608        8.238   330.2      1.338      1.011      0.582     -0.087      0.199     -0.213
329.0000      -1006.953    -1015.109        8.156   326.9     -0.071      0.445      0.257     -0.056     -0.489      0.217
329.2000      -1006.983    -1015.467        8.484   340.1      0.044      0.200      1.063     -0.101      0.148      0.158
329.4000      -1007.304    -1015.595        8.291   332.3     -0.376      0.236      0.336      0.166     -0.096     -0.225
329.6000      -1007.176    -1015.955        8.779   351.9      0.829     -0.066     -0.710      0.035      0.092     -0.522
329.8000      -1007.257    -1016.123        8.866   355.4     -0.277      1.028      0.344      0.031      0.140      0.128
330.0000      -1006.966    -1014.478        7.512   301.1      1.263      0.558      0.376      0.293     -0.139     -0.087
330.2000      -1006.731    -1015.983        9.252   370.8      1.397      1.514      0.576      0.002      0.392     -0.595
330.4000      -1006.974    -1015.592        8.618   345.4     -0.076     -0.505     -1.048      0.047     -0.276     -0.234
330.6000      -1006.832    -1015.223        8.391   336.3      0.875      0.797      0.399     -0.438     -0.304     -0.451
330.8000      -1006.584    -1015.293        8.709   349.1      0.536      0.520      0.286      0.040     -0.592      0.134
331.0000      -1006.167    -1014.393        8.226   329.8      0.593      0.402      0.497     -0.544     -0.014      0.082
331.2000      -1006.036    -1014.039        8.003   320.8     -0.027      1.494      0.141     -0.261     -0.304     -0.536
331.4000      -1005.704    -1014.287        8.583   344.1      1.131      1.000      1.302     -0.143     -0.426     -0.219
331.6000      -1005.379    -1013.818        8.439   338.3      0.442     -0.438      0.197     -0.405      0.521      0.116
331.8000      -1006.272    -1014.630        8.358   335.0     -0.160      0.566      0.463     -0.140      0.254      0.234
332.0000      -1006.561    -1014.396        7.835   314.1      1.328      0.567      0.822      0.145     -0.172     -0.277
332.2000      -1007.312    -1015.718        8.406   336.9      0.880      1.177     -0.109      0.100     -0.240     -0.814
332.4000      -1006.472    -1014.371        7.899   316.6      0.727      0.273      1.194     -0.256      0.268     -0.225
332.6000      -1006.915    -1015.022        8.107   325.0     -0.010      0.939      0.897      0.127      0.166      0.149
332.8000      -1007.199    -1014.858        7.658   307.0      1.205      0.373      0.072      0.199      0.181      0.165
333.0000      -1007.289    -1015.880        8.591   344.4     -0.325     -0.084      0.892      0.216      0.070     -0.605
333.2000      -1008.140    -1015.761        7.621   305.5      0.065      0.112      0.245     -0.109     -0.818      0.169
333.4000      -1008.631    -1016.172        7.541   302.3      0.082     -1.579      0.030      0.326      0.639      0.089
333.6000      -1007.950    -1016.305        8.355   334.9      0.498     -0.215     -0.046      0.174      0.377      0.149
333.8000      -1007.263    -1014.614        7.351   294.7      0.403      0.782      0.173      0.563      0.126      0.137
334.0000      -1007.428    -1014.912        7.484   300.0      0.680      0.500      0.616     -0.378     -0.521     -0.382
334.2000      -1007.176    -1015.549        8.373   335.6      0.070     -0.612     -0.074      0.214      0.010      0.093
334.4000      -1006.988    -1014.043        7.055   282.8      0.630      0.617      0.911     -0.213      0.051      0.084
334.6000      -1006.912    -1015.901        8.989   360.3      1.111      0.230      0.935      0.093     -0.247      0.284
334.8000      -1006.239    -1015.401        9.162   367.2      0.395      1.064      0.452      0.624     -0.483      0.097
335.0000      -1006.228    -1014.638        8.410   337.1      0.995      1.795      1.107      0.229     -0.505      0.434
335.2000      -1007.278    -1015.881        8.603   344.8      0.571      0.771      1.418     -0.521     -0.067      0.231
335.4000      -1007.527    -1015.903        8.376   335.8     -0.104     -0.774      1.578      0.445     -0.021     -0.296
335.6000      -1007.010    -1014.718        7.709   309.0      0.302     -0.660     -0.540      0.073     -0.673     -0.195
335.8000      -1007.965    -1016.538        8.573   343.6     -0.269     -0.275      0.171      0.440     -0.313     -0.262
336.0000      -1007.471    -1015.729        8.257   331.0      0.298      0.603      0.287     -0.231     -0.286     -0.201
336.2000      -1006.564    -1014.036        7.472   299.5      0.773      0.448      0.054     -0.120      0.153     -0.506
336.4000      -1005.635    -1013.763        8.127   325.8      0.895      0.861      0.109      0.383     -0.543      0.237
336.6000      -1006.670    -1015.084        8.414   337.3      0.116      1.141      1.048      0.644     -0.425      0.382
336.8000      -1007.841    -1016.040        8.199   328.6      0.271      0.191      0.738      0.473     -0.288     -0.055
337.0000      -1006.623    -1014.896        8.272   331.6      0.405      0.066      0.585      0.004     -0.117     -0.216
337.2000      -1007.446    -1015.715        8.268   331.4      0.062      0.765      0.806     -0.203     -0.148      0.107
337.4000      -1008.085    -1016.772        8.687   348.2     -0.259      0.228      0.358      0.056      0.222     -0.105
337.6000      -1007.324    -1015.346        8.022   321.5      0.769      0.193      0.714      0.097     -0.260     -0.877
337.8000      -1007.912    -1015.975        8.063   323.2      0.070      0.056     -0.080     -0.085      0.254     -0.024
338.0000      -1007.517    -1015.726        8.208   329.0      0.671      0.905      1.184      0.366     -0.351      0.321
338.2000      -1008.216    -1015.988        7.772   311.5      0.459     -0.416      0.470      0.059     -0.256     -0.322
338.4000      -1007.905    -1015.500        7.595   304.4     -0.112     -0.067     -0.160     -0.033      0.154     -0.235
338.6000      -1007.760    -1016.357        8.597   344.6     -0.418     -0.559     -0.330     -0.153     -0.051     -0.181
338.8000      -1008.085    -1015.558        7.473   299.6      0.329     -0.106      0.425      0.203     -0.114      0.545
339.0000      -1008.230    -1016.178        7.948   318.6      0.385     -0.670     -0.276     -0.323     -0.328     -0.026
339.2000      -1008.157    -1016.421        8.263   331.2      0.555     -0.519      0.877     -0.266     -0.700     -0.654
339.4000      -1009.476    -1017.554        8.077   323.8      0.407      0.443      0.483     -0.498      0.243     -0.256
339.6000      -1007.954    -1016.460        8.506   341.0      0.596      0.135      0.313      0.536      0.201     -0.378
339.8000      -1008.021    -1015.805        7.784   312.0      1.355      0.230      0.285     -0.154     -0.514      0.048
340.0000      -1008.544    -1016.266        7.722   309.5      0.290     -0.211      0.049      0.324      0.373      0.007
340.2000      -1007.760    -1016.255        8.495   340.5     -0.797     -0.812     -0.745     -0.098      0.069      0.503
340.4000      -1006.086    -1014.998        8.913   357.3      0.527      0.815      0.019      0.177      0.052     -0.066
340.6000      -1006.521    -1014.906        8.385   336.1      0.593      0.037     -0.334      0.473      0.286      0.120
340.8000      -1006.238    -1014.631        8.394   336.5     -0.114     -0.042      0.468     -0.166      0.458     -0.395
341.0000      -1006.220    -1014.509        8.289   332.3      0.398     -0.007      0.431      0.186      0.001     -0.304
341.2000      -1006.529    -1014.743        8.213   329.2      1.141      0.692      0.133      0.099      0.036      0.361
341.4000      -1006.912    -1014.855        7.943   318.4      0.973      0.164      0.496      0.397      0.366      0.079
341.6000      -1007.099    -1015.355        8.256   330.9      0.352     -0.138      1.162     -0.449     -0.558      0.065
341.8000      -1006.787    -1014.399        7.612   305.1     -0.938      0.673     -0.037     -0.020      0.239     -0.014
342.0000      -1006.422    -1015.078        8.656   347.0      0.799      0.525      0.764     -0.163      0.210      0.091
342.2000      -1006.748    -1014.848        8.101   324.7      1.102      1.283      0.213      0.349     -0.204      0.364
342.4000      -1007.480    -1015.331        7.852   314.7      0.518      0.415      0.152      0.342      0.647     -0.159
342.6000      -1006.752    -1015.460        8.708   349.1      0.132      0.352      0.823     -0.112     -0.253      0.457
342.8000      -1006.622    -1015.688        9.066   363.4      0.021     -0.018     -0.497     -0.059     -0.027      0.080
343.0000      -1007.267    -1015.910        8.643   346.5     -0.058      0.212      0.647      0.204     -0.097      0.503
343.2000      -1006.737    -1014.973        8.236   330.1      0.605      0.821      0.891     -0.456     -0.214      0.196
343.4000      -1007.019    -1015.429        8.410   337.1      0.490      0.745      0.855     -0.237      0.208      1.000
343.6000      -1007.375    -1015.937        8.562   343.2      0.939      0.083      0.686     -0.690     -0.287     -0.285
343.8000      -1007.128    -1014.765        7.637   306.1      0.207      1.117      1.003     -0.049     -0.488      0.136
344.0000      -1007.682    -1015.098        7.416   297.3      0.441     -0.325      1.080     -0.051     -0.243     -0.026
344.2000      -1007.190    -1015.677        8.487   340.2     -0.068     -0.344      0.493     -0.498     -0.175     -0.619
344.4000      -1006.890    -1015.341        8.452   338.8      0.938      0.113      0.301      0.172     -0.161      0.068
344.6000      -1007.691    -1015.783        8.092   324.4     -0.204     -0.594      0.109      0.305     -0.298     -0.074
344.8000      -1007.691    -1015.447        7.756   310.9     -0.682     -0.232     -0.575      0.458      0.586      0.417
345.0000      -1007.885    -1015.342        7.457   298.9      0.925      1.404     -1.008      0.247     -0.140      0.123
345.2000      -1008.548    -1016.292        7.744   310.4      0.283     -0.238      0.421     -0.484     -0.154      0.195
345.4000      -1008.517    -1016.324        7.807   313.0     -1.069      0.382      0.003     -0.233      0.269     -0.018
345.6000      -1007.042    -1015.230        8.189   328.3      0.702      0.061      1.107     -0.108      0.603     -0.187
345.8000      -1007.280    -1015.784        8.504   340.9      0.258      1.109      0.852     -0.386      0.064     -0.207
346.0000      -1007.295    -1015.375        8.080   323.9      0.031     -0.021      0.243      0.283     -0.035     -0.199
346.2000      -1007.767    -1016.246        8.480   339.9      0.187      0.885     -0.105     -0.070     -0.063     -0.657
346.4000      -1008.143    -1016.513        8.371   335.5      0.724     -0.201     -0.010      0.409     -0.214      0.298
346.6000      -1008.267    -1016.112        7.845   314.5      0.045      0.755      0.584      0.391     -0.174      0.079
346.8000      -1008.157    -1016.457        8.300   332.7      1.222      0.093      0.786     -0.364      0.619     -0.475
347.0000      -1007.831    -1016.272        8.441   338.4      0.429      0.571      0.932      0.107     -0.070     -0.052
347.2000      -1007.835    -1015.997        8.162   327.2     -0.068      0.352      0.386     -0.239      0.446      0.306
347.4000      -1007.258    -1015.551        8.293   332.4     -0.586      0.422     -0.125     -0.053      0.048      0.073
347.6000      -1007.568    -1015.902        8.334   334.1     -0.045     -0.026      0.234     -0.001     -0.184     -0.190
347.8000      -1007.572    -1015.183        7.611   305.1      0.031      0.588     -0.481     -0.208      0.385     -0.002
348.0000      -1006.510    -1014.669        8.159   327.1      1.355      0.118     -1.046     -0.451     -0.549     -0.206
348.2000      -1006.705    -1015.160        8.455   338.9      0.563      0.825      0.801     -0.150      0.158     -0.008
348.4000      -1006.545    -1014.799        8.255   330.9     -0.150      0.985      0.908     -0.038     -0.045     -0.239
348.6000      -1005.737    -1014.653        8.916   357.4     -0.513     -0.463     -0.006     -0.526      0.133      0.252
348.8000      -1007.349    -1014.694        7.345   294.4     -0.455      1.395      0.578      0.094      0.142      0.170
349.0000      -1007.088    -1014.948        7.860   315.1      0.033      0.688      0.625     -0.267     -0.230     -0.358
349.2000      -1007.281    -1016.032        8.751   350.8      0.353      0.596      0.858      0.001      0.026      0.034
349.4000      -1007.918    -1016.016        8.098   324.6      0.113      0.892      0.747     -0.426      0.159      0.269
349.6000      -1007.323    -1015.738        8.415   337.3     -0.477      0.178      0.470     -0.237      0.549      0.094
349.8000      -1007.290    -1015.943        8.653   346.8      0.368      1.424      0.246      0.151     -0.494      0.168
350.0000      -1007.726    -1016.011        8.285   332.1      0.661      0.497      0.870     -0.145      0.082     -0.149
350.2000      -1007.326    -1015.019        7.693   308.4     -0.294     -0.262      1.027      0.209     -0.205      0.176
350.4000      -1007.215    -1014.898        7.683   308.0      1.217      1.125      0.525      0.294     -0.248     -0.056
350.6000      -1007.070    -1015.722        8.652   346.8     -0.232     -0.441      0.490     -0.245      0.072      0.052
350.8000      -1006.900    -1014.894        7.994   320.4      0.293     -0.431      0.540     -0.116     -0.294     -0.708
351.0000      -1006.751    -1015.529        8.777   351.8      0.179      0.168      0.660     -0.384     -0.168     -0.222
351.2000      -1006.713    -1014.830        8.117   325.4     -0.090      0.361      0.933      0.281     -0.121     -0.254
351.4000      -1006.823    -1014.856        8.032   322.0      0.387     -0.389      0.351     -0.080      0.355      0.175
351.6000      -1006.710    -1014.894        8.184   328.1      0.712      0.321      0.682      0.006      0.485      0.093
351.8000      -1006.389    -1014.747        8.358   335.0      0.949      1.129      0.733      0.035      0.592     -0.587
352.0000      -1006.432    -1015.321        8.889   356.3     -0.765      0.230      0.378      0.112      0.333     -0.406
352.2000      -1006.259    -1014.590        8.331   333.9      0.371      0.069      0.914      0.459     -0.498      0.637
352.4000      -1006.546    -1014.520        7.974   319.6      0.209     -0.391      0.598     -0.336     -0.029      0.296
352.6000      -1006.819    -1015.053        8.234   330.1      0.851     -1.108      0.624      0.026      0.444      0.829
352.8000      -1008.090    -1015.719        7.629   305.8      0.084     -0.209     -0.752     -0.566      0.219     -0.423
353.0000      -1007.997    -1016.364        8.367   335.4      0.820      0.630      0.347      0.023     -0.232     -0.061
353.2000      -1006.431    -1014.817        8.386   336.2      1.030      0.006      0.416      0.014      0.016      0.152
353.4000      -1006.781    -1015.683        8.902   356.8     -0.278     -0.905     -0.881      0.040     -0.195     -0.538
353.6000      -1006.255    -1015.033        8.778   351.9      0.484      1.236      0.371     -0.098     -0.532      0.539
353.8000      -1006.984    -1015.243        8.259   331.1      0.257      0.285     -0.081     -0.061      0.451      0.481
354.0000      -1007.222    -1015.139        7.917   317.4      0.378      0.714      0.379     -0.449      0.098      0.366
354.2000      -1007.856    -1015.894        8.037   322.2      0.701      0.738      0.737     -0.180     -0.314      0.004
354.4000      -1007.205    -1015.712        8.507   341.0      0.509      1.469      0.747     -0.070     -0.112     -0.144
354.6000      -1006.613    -1015.295        8.681   348.0     -0.033     -0.580      0.054      0.012      0.134     -0.273
354.8000      -1006.823    -1015.833        9.011   361.2      1.162      1.820      0.887      0.091      0.034     -0.071
355.0000      -1006.544    -1014.755        8.211   329.1      0.961      1.033      0.642      0.412     -0.338      0.900
355.2000      -1006.669    -1014.469        7.800   312.6      0.187      0.646     -0.048      0.336      0.395     -0.366
355.4000      -1006.279    -1014.486        8.207   329.0      0.684      1.434      1.221      0.152     -0.761      0.001
355.6000      -1007.106    -1015.681        8.575   343.7      0.697      0.741      0.210     -0.251      0.011     -0.049
355.8000      -1007.733    -1015.359        7.627   305.7      0.502      0.430      0.068      0.174      0.119      0.198
356.0000      -1008.430    -1016.266        7.836   314.1     -0.190      0.415      1.182      0.596     -0.161      0.499
356.2000      -1008.224    -1015.659        7.435   298.0      0.838     -0.329     -0.531      0.607      0.086     -0.158
356.4000      -1008.025    -1016.258        8.233   330.0     -0.276      0.470     -0.041      0.322     -0.461     -0.398
356.6000      -1007.106    -1015.332        8.226   329.7     -1.466      0.377     -0.148     -0.379     -0.192     -0.520
356.8000      -1007.524    -1015.725        8.201   328.7     -0.308     -0.399      0.143     -0.155     -0.179      0.477
357.0000      -1007.366    -1016.032        8.666   347.4      0.093     -0.596      0.645      0.092     -0.403      0.081
357.2000      -1007.634    -1016.002        8.368   335.4     -0.465      0.071     -0.082     -0.610      0.231     -0.094
357.4000      -1007.206    -1015.507        8.301   332.8     -0.108      0.344     -0.005     -0.038     -0.193      0.188
357.6000      -1007.984    -1016.303        8.319   333.5      0.257      0.423      0.494     -0.255     -0.221     -0.143
357.8000      -1007.518    -1015.930        8.413   337.2      0.784      0.765     -0.164     -0.010     -0.581      0.402
358.0000      -1007.264    -1015.066        7.802   312.7      0.183     -0.051     -0.069      0.356     -0.066      0.034
358.2000      -1006.650    -1015.148        8.498   340.6      1.028      1.447      1.287      0.531      0.172     -0.277
358.4000      -1006.950    -1015.332        8.381   336.0      0.409      0.482      0.115     -0.491      0.088      0.070
358.6000      -1007.261    -1015.626        8.364   335.3     -0.132      0.101      0.548      0.549     -0.517      0.164
358.8000      -1008.754    -1016.012        7.257   290.9      0.743      0.566      0.981      0.257     -0.420      0.584
359.0000      -1009.480    -1016.314        6.834   273.9     -0.086      0.787      0.923      0.246     -0.167      0.236
359.2000      -1008.006    -1015.761        7.754   310.8      0.464     -0.149     -0.313      0.741      0.172     -0.414
359.4000      -1008.492    -1016.372        7.880   315.9      0.531     -0.003      0.520     -0.273     -0.076      0.318
359.6000      -1007.921    -1015.992        8.071   323.5      0.182     -0.131     -0.233     -0.218      0.175     -0.051
359.8000      -1007.974    -1015.315        7.341   294.2      0.261     -0.269      0.456     -0.032      0.042     -0.492
360.0000      -1008.166    -1016.525        8.359   335.1      1.137      1.069      1.151     -0.453     -0.045     -0.225
360.2000      -1008.039    -1015.745        7.706   308.9      1.255      0.853      1.119      0.285      0.008     -0.110
360.4000      -1008.448    -1015.960        7.513   301.1      1.087     -0.089      1.303     -0.196     -0.123      0.220
360.6000      -1009.162    -1017.106        7.944   318.4      0.217      0.585      0.307     -0.120      0.260     -0.033
360.8000      -1009.012    -1015.854        6.842   274.3      0.640      0.458      0.095     -0.098      0.188      0.461
361.0000      -1008.466    -1016.461        7.995   320.5      0.194     -0.274      0.293     -0.303     -0.302     -0.272
361.2000      -1008.255    -1016.088        7.833   314.0     -0.129      1.019     -0.110     -0.259      0.434      0.337
361.4000      -1007.199    -1015.663        8.464   339.3      1.093     -0.061      0.627      0.256     -0.100     -0.432
361.6000      -1007.448    -1016.115        8.668   347.4      0.092      0.581     -0.037      0.359      0.256      0.087
361.8000      -1008.095    -1016.331        8.236   330.1     -0.400      0.520      0.846     -0.120      0.432      0.406
362.0000      -1008.864    -1016.477        7.613   305.2      0.818      1.496      0.806     -0.065      0.109      0.125
362.2000      -1007.437    -1016.082        8.645   346.5      0.577      0.299      0.560     -0.004     -0.228     -0.151
362.4000      -1007.971    -1015.206        7.235   290.0      0.837      1.075     -0.523      0.191     -0.149      0.514
362.6000      -1007.532    -1015.689        8.157   327.0     -0.477      0.173     -0.217      0.439      0.425      0.118
362.8000      -1006.844    -1015.593        8.749   350.7     -0.320      0.361      0.464      0.222      0.041      0.250
363.0000      -1007.924    -1015.559        7.635   306.0      1.180      0.033     -0.495     -0.167     -0.085      0.154
363.2000      -1007.882    -1015.840        7.958   319.0      1.017     -0.155      0.954      0.080      0.687     -0.243
363.4000      -1008.437    -1015.807        7.369   295.4      1.405      1.440      1.643     -0.013     -0.658      0.539
363.6000      -1007.776    -1015.299        7.523   301.5      0.574      0.327      0.451      0.018     -0.566     -0.149
363.8000      -1006.980    -1014.894        7.914   317.2      1.354      0.360      0.651     -0.045      0.281     -0.599
364.0000      -1005.457    -1014.064        8.606   345.0      1.450     -0.537      1.183     -0.099     -0.235      0.243
364.2000      -1005.505    -1013.853        8.348   334.6     -0.421      0.519      0.344      0.439     -0.157      0.318
364.4000      -1006.492    -1014.836        8.344   334.5      1.158      0.007      0.881     -0.023      0.163      0.339
364.6000      -1006.648    -1015.070        8.422   337.6      0.723      0.581     -0.350      0.322      0.062     -0.172
364.8000      -1006.660    -1014.777        8.117   325.4     -0.693      0.340     -0.545      0.102     -0.844     -0.097
365.0000      -1006.133    -1014.706        8.573   343.7      0.459      0.298      0.079     -0.176      0.415     -0.659
365.2000      -1005.674    -1014.920        9.245   370.6      1.157      0.351      0.536      0.398     -0.249     -0.272
365.4000      -1006.231    -1013.840        7.610   305.0     -0.034      1.076      0.148      0.794     -0.418      0.055
365.6000      -1006.361    -1014.553        8.192   328.4      0.679      0.673     -0.491      0.090      0.180      0.313
365.8000      -1005.930    -1013.740        7.810   313.1      1.411      1.001      0.617     -0.047     -0.203     -0.252
366.0000      -1005.825    -1014.559        8.733   350.1     -0.138      0.336      0.027     -0.426     -0.192     -0.646
366.2000      -1006.501    -1014.388        7.887   316.2     -0.103      0.687      0.136      0.564      0.438      0.565
366.4000      -1006.506    -1014.298        7.793   312.4      0.936      0.611      0.537     -0.260     -0.134     -0.006
366.6000      -1006.446    -1014.691        8.245   330.5     -0.514     -0.754     -0.374     -0.059      0.262      0.219
366.8000      -1007.479    -1014.998        7.519   301.4      0.607     -0.145      0.221     -0.081      0.276      0.260
367.0000      -1008.038    -1015.274        7.236   290.1      0.399      0.454     -0.177     -0.261     -0.111      0.067
367.2000      -1009.140    -1016.140        7.001   280.6      0.916     -0.088      0.336     -0.010      0.505      0.095
367.4000      -1008.497    -1016.313        7.817   313.3     -0.884     -1.056     -0.506      0.359     -0.402      0.140
367.6000      -1008.312    -1015.740        7.428   297.7     -0.134     -0.301      1.313     -0.230      0.199      0.004
367.8000      -1008.838    -1016.743        7.906   316.9      0.578      0.748      0.447      0.157     -0.111     -0.110
368.0000      -1008.228    -1016.460        8.233   330.0      0.420     -0.633     -0.270      0.717     -0.609     -0.012
368.2000      -1008.721    -1015.919        7.198   288.5      1.149     -0.590     -0.874     -0.145      0.042     -0.481
368.4000      -1009.075    -1016.586        7.511   301.1      0.439      0.325      0.690      0.166     -0.098     -0.053
368.6000      -1007.869    -1016.259        8.390   336.3      0.260      0.451      0.214      0.147     -0.215     -0.387
368.8000      -1007.209    -1016.029        8.819   353.5     -0.060      0.040      0.546     -0.578     -0.871      0.247
369.0000      -1007.384    -1015.474        8.089   324.3      0.579      0.776      0.800     -0.062      0.034      0.087
369.2000      -1007.571    -1016.305        8.734   350.1      0.034      0.124     -0.005     -0.222     -0.238     -0.315
369.4000      -1008.125    -1016.442        8.317   333.4      1.016      0.971      0.447     -0.898     -0.397      0.255
369.6000      -1007.730    -1015.732        8.002   320.8      0.390      0.198      0.983      0.009      0.234     -0.293
369.8000      -1008.008    -1015.797        7.789   312.2      0.301      0.072      1.094      0.181      0.079     -0.417
370.0000      -1008.533    -1016.518        7.985   320.1      1.325      0.766      1.444     -0.139     -0.221      0.699
370.2000      -1008.507    -1015.820        7.312   293.1      1.218      1.049      0.567      0.265     -0.207     -0.203
370.4000      -1007.630    -1015.506        7.877   315.7      1.142     -0.040      0.323      0.786     -0.182     -0.310
370.6000      -1008.568    -1016.414        7.846   314.5      0.851      0.835      0.158     -0.544      0.237      0.274
370.8000      -1007.990    -1015.251        7.261   291.1      0.071      0.683      1.108      0.250      0.140     -0.249
371.0000      -1006.898    -1014.651        7.754   310.8      0.558      0.024      0.481     -0.729      0.466      0.090
371.2000      -1005.928    -1014.480        8.552   342.8      0.985      1.016      1.269      0.226      0.415     -0.398
371.4000      -1006.321    -1014.878        8.557   343.0      0.959      0.365      0.572      0.503      0.237      0.473
371.6000      -1005.936    -1014.291        8.355   334.9      0.943      0.712     -0.175      0.134     -0.240      0.191
371.8000      -1006.041    -1014.221        8.180   327.9      0.673      1.405      0.472     -0.146      0.097     -0.641
372.0000      -1006.084    -1014.858        8.774   351.7      0.762      0.418      0.069      0.069      0.171     -0.607
372.2000      -1006.010    -1014.689        8.679   347.9      0.901      0.954      0.863      0.311     -0.139      0.204
372.4000      -1005.980    -1014.817        8.837   354.2      0.725      0.448      0.114      0.324      0.072      0.394
372.6000      -1007.430    -1015.181        7.751   310.7      0.395      0.346      0.524     -0.011     -0.023      0.101
372.8000      -1007.521    -1015.139        7.618   305.4      0.630      0.414      0.348     -0.417      0.440     -0.414
373.0000      -1007.356    -1014.290        6.934   278.0     -0.429      0.247      0.486      0.621     -0.274     -0.199
373.2000      -1007.056    -1015.135        8.080   323.9      0.148     -0.370     -0.219     -0.098      0.583      0.224
373.4000      -1006.662    -1014.537        7.874   315.6      0.402      1.127      0.441      0.337      0.538      0.015
373.6000      -1006.345    -1013.895        7.550   302.6     -0.116      0.575      0.295     -0.079      0.234     -0.358
373.8000      -1006.950    -1014.893        7.942   318.4      0.052      0.818      0.718      0.192     -0.204      0.088
374.0000      -1006.579    -1014.851        8.272   331.6      0.999      0.337      0.868     -0.727      0.030      0.636
374.2000      -1006.526    -1015.232        8.706   349.0      0.151      0.341      0.011     -0.060      0.013      0.038
374.4000      -1007.823    -1015.253        7.431   297.9      0.912      1.125      0.313      0.481     -0.205      0.170
374.6000      -1007.571    -1015.484        7.913   317.2      1.381      0.355      0.996     -0.432      0.341      0.237
374.8000      -1006.923    -1015.255        8.332   334.0      1.495      0.598     -0.106     -0.050      0.279      0.052
375.0000      -1007.241    -1015.608        8.367   335.4      0.661      0.284      0.832     -0.042      0.361      0.092
375.2000      -1006.931    -1015.381        8.450   338.7     -0.136     -0.534      0.919     -0.383     -0.194      0.393
375.4000      -1006.454    -1015.196        8.743   350.5      1.177     -0.121      0.190      0.060      0.050      0.597
375.6000      -1006.240    -1014.460        8.220   329.5     -0.316      0.511     -0.101     -0.227      0.038      0.387
375.8000      -1006.794    -1014.378        7.584   304.0      0.592      0.597     -0.096     -0.395     -0.177      0.542
376.0000      -1006.058    -1014.301        8.243   330.4      0.852      0.440      0.057      0.088      0.315     -0.350
376.2000      -1005.955    -1013.716        7.762   311.1      0.229      1.242      0.210     -0.391     -0.743     -0.080
376.4000      -1006.779    -1014.550        7.771   311.5      1.372      1.118      0.285      0.233     -0.069     -0.499
376.6000      -1006.294    -1014.858        8.564   343.3      0.468     -0.163      0.509      0.119     -0.120      0.112
376.8000      -1005.026    -1014.010        8.985   360.1     -0.411     -0.486      0.280      0.245      0.458     -0.100
377.0000      -1005.205    -1014.064        8.859   355.1      0.828     -0.148      1.303     -0.193     -0.736      0.635
377.2000      -1005.925    -1014.626        8.701   348.8     -0.046     -0.705      0.538     -0.429      0.048     -0.473
377.4000      -1006.309    -1014.253        7.944   318.4      0.344      0.893     -0.238     -0.258     -0.418      0.311
377.6000      -1006.873    -1015.352        8.480   339.9     -0.296     -0.091     -0.506     -0.280     -0.263     -0.116
377.8000      -1006.672    -1015.137        8.465   339.3      0.128      0.386      0.255     -0.084     -0.032      0.102
378.0000      -1006.261    -1015.485        9.224   369.8      0.779      0.764      0.168      0.252     -0.010     -0.058
378.2000      -1006.605    -1014.291        7.686   308.1      1.176      1.519      1.379     -0.137      0.034     -0.566
378.4000      -1006.154    -1014.656        8.502   340.8      0.851      1.029     -0.009     -0.294     -0.493      0.226
378.6000      -1006.476    -1014.322        7.846   314.5      0.340      0.587      0.901     -0.091      0.286      0.227
378.8000      -1006.008    -1014.667        8.659   347.1      0.115     -0.523      0.018     -0.242      0.003     -0.620
379.0000      -1006.117    -1014.788        8.671   347.6     -0.517     -0.277      0.339      0.214      0.814     -0.246
379.2000      -1006.155    -1014.614        8.459   339.1      0.051     -0.229      0.380      0.516     -0.187      0.030
379.4000      -1006.294    -1014.898        8.604   344.9     -0.441     -0.273     -0.611     -0.425      0.520     -0.185
379.6000      -1005.869    -1013.866        7.997   320.6      0.322      0.539      0.072     -0.427      0.345      0.029
379.8000      -1005.927    -1014.096        8.169   327.5      0.170      0.733      1.069     -0.198     -0.286     -0.215
380.0000      -1005.853    -1014.298        8.445   338.5      0.897      0.136      1.304     -0.476      0.376      0.853
380.2000      -1005.398    -1014.205        8.807   353.0      0.284      0.442     -0.394     -0.009      0.006     -0.261
380.4000      -1005.661    -1013.937        8.276   331.7      0.398      0.687      1.473     -0.065     -0.390     -0.231
380.6000      -1005.967    -1014.188        8.221   329.5      0.540     -0.347      0.349     -0.496      0.157      0.234
380.8000      -1005.503    -1013.907        8.404   336.9      0.053      0.380     -0.217      0.067     -0.393      0.250
381.0000      -1006.518    -1014.297        7.778   311.8      0.382     -0.899      0.313      0.113     -0.134      0.293
381.2000      -1005.656    -1014.034        8.378   335.8      0.263      1.109      0.622     -0.170      0.185      0.286
381.4000      -1005.461    -1013.792        8.331   334.0      0.373      1.098     -0.694     -0.032      0.767      0.290
381.6000      -1006.270    -1014.758        8.488   340.2      0.552     -0.060     -0.295     -0.338     -0.310     -0.406
381.8000      -1007.264    -1015.359        8.095   324.5      0.734      1.539      1.257      0.108     -0.215     -0.647
382.0000      -1007.141    -1015.820        8.679   347.9      0.114      0.229      0.382     -0.289     -0.293      0.142
382.2000      -1006.616    -1014.918        8.302   332.8      1.100      0.739      0.057     -0.332      0.068      0.216
382.4000      -1006.283    -1014.698        8.415   337.3     -0.547     -0.623      0.284     -0.004     -0.027     -0.163
382.6000      -1005.898    -1014.676        8.778   351.9      0.499      1.628      1.085     -0.164     -0.043      0.130
382.8000      -1005.310    -1014.103        8.793   352.5      0.485      1.095      0.579      0.186      0.067     -0.165
383.0000      -1006.105    -1014.723        8.618   345.5     -0.973      0.046     -0.886     -0.133      0.087     -0.210
383.2000      -1005.758    -1014.309        8.551   342.8      0.558     -0.384      0.527      0.215     -0.362      0.088
383.4000      -1006.398    -1014.655        8.257   331.0      0.807      0.157      1.218     -0.003      0.170     -0.356
383.6000      -1006.828    -1015.550        8.722   349.6      0.129      0.543     -0.040     -0.719     -0.211     -0.324
383.8000      -1007.097    -1015.852        8.755   351.0      0.818      1.503      0.200     -0.071     -0.201     -0.320
384.0000      -1007.167    -1015.208        8.040   322.3      1.288      1.216      0.505      0.238     -0.234      0.501
384.2000      -1007.638    -1015.841        8.203   328.8     -0.008      0.531      0.161     -0.210      0.051      0.327
384.4000      -1006.863    -1015.322        8.459   339.1      1.115      0.472     -0.489     -0.036     -0.160     -0.406
384.6000      -1006.909    -1015.396        8.487   340.2     -1.244     -0.209     -0.834     -0.252      0.610      0.164
384.8000      -1006.898    -1014.521        7.623   305.6     -0.033      1.241      0.282      0.314     -0.293      0.190
385.0000      -1006.480    -1015.201        8.721   349.6     -0.730     -0.559      0.036      0.045     -0.334     -0.353
385.2000      -1005.507    -1014.334        8.827   353.8      0.005      0.393      0.102     -0.385     -0.163      0.366
385.4000      -1006.333    -1014.266        7.933   318.0      0.794      0.676      0.489     -0.465      0.260      0.263
385.6000      -1006.281    -1014.343        8.062   323.2     -0.739     -0.023     -0.551     -0.435     -0.110      0.188
385.8000      -1006.479    -1014.866        8.387   336.2     -0.142      0.221     -0.636     -0.005     -0.212     -0.215
386.0000      -1006.489    -1014.082        7.593   304.4      0.521      0.639     -0.234     -0.113     -0.038     -0.032
386.2000      -1006.796    -1014.313        7.517   301.3      0.498      0.926      0.859      0.290      0.060     -0.033
386.4000      -1006.218    -1014.325        8.107   325.0     -0.004      0.235      0.887      0.050      0.065      0.482
386.6000      -1006.100    -1014.899        8.800   352.7      1.291      0.934      1.625      0.808     -0.376      0.097
386.8000      -1007.533    -1014.838        7.304   292.8      0.107      0.690      0.335      0.300      0.011      0.381
387.0000      -1008.052    -1015.155        7.103   284.7      0.121     -0.196      0.193      0.154     -0.841     -0.015
387.2000      -1006.997    -1015.944        8.947   358.6      0.100     -0.083      0.375     -0.238      0.018     -0.179
387.4000      -1007.909    -1015.370        7.462   299.1      0.794      0.446      0.465     -0.034     -0.031      0.503
387.6000      -1006.786    -1016.250        9.464   379.4      0.882      0.063      0.070      0.255      0.129     -0.213
387.8000      -1006.823    -1014.859        8.035   322.1      0.554     -0.239     -0.038     -0.057     -0.021     -0.511
388.0000      -1007.396    -1014.716        7.320   293.4      0.972      0.200      0.362     -0.327     -0.259     -0.832
388.2000      -1006.883    -1014.946        8.063   323.2      0.243      1.239      0.497      0.402     -0.022      0.348
388.4000      -1006.083    -1015.018        8.935   358.2      0.657      0.512      0.794      0.267      0.019     -0.437
388.6000      -1006.033    -1014.127        8.094   324.5      0.135      0.605     -0.394     -0.136     -0.296      0.221
388.8000      -1005.542    -1014.136        8.594   344.5      1.457      0.816      0.671     -0.010      0.202      0.333
389.0000      -1005.769    -1013.710        7.941   318.3      0.437      0.445      0.125      0.187     -0.248      0.632
389.2000      -1005.459    -1013.647        8.188   328.2      0.004     -0.315     -0.870      0.551      0.200     -0.274
389.4000      -1005.542    -1013.991        8.449   338.7      0.138      0.278      0.168     -0.230     -0.367     -0.441
389.6000      -1005.681    -1014.012        8.331   334.0      0.161      0.277      1.227     -0.477     -0.212     -0.385
389.8000      -1004.181    -1013.154        8.973   359.7      0.403      0.446      0.003      0.564     -0.437      0.411
390.0000      -1005.558    -1013.689        8.130   325.9      0.874      0.400      1.393      0.240      0.364      0.296
390.2000      -1005.870    -1014.258        8.388   336.2      0.382      0.446     -0.085      0.394      0.650      0.126
390.4000      -1006.000    -1014.471        8.471   339.6     -0.187      0.813      0.386     -0.261     -0.528      0.730
390.6000      -1006.008    -1014.343        8.334   334.1      0.922      0.528      0.908      0.135     -0.199     -0.149
390.8000      -1006.684    -1014.898        8.213   329.2      0.785      0.188      0.199     -0.193     -0.078      0.471
391.0000      -1006.922    -1015.024        8.102   324.8      0.350      0.709     -0.137     -0.335     -0.000      0.047
391.2000      -1007.317    -1014.902        7.585   304.0      0.634      0.344      0.361     -0.038      0.133      0.145
391.4000      -1007.160    -1015.288        8.128   325.8     -0.233      1.309      0.419     -0.376      0.047      0.154
391.6000      -1006.882    -1013.944        7.062   283.1     -0.270      0.139      0.228      0.090     -0.511     -0.268
391.8000      -1007.016    -1015.162        8.146   326.5      0.498      0.081     -0.603      0.024      0.253      0.295
392.0000      -1007.084    -1015.035        7.951   318.7      0.860      0.501      0.901     -0.017      0.781     -0.341
392.2000      -1006.895    -1014.686        7.791   312.3      0.470      1.091      0.365     -0.135     -0.081      0.181
392.4000      -1006.383    -1015.180        8.797   352.6      0.019      0.036      0.526     -0.387      0.143     -0.246
392.6000      -1006.992    -1014.829        7.837   314.1      0.049      0.255     -0.653     -0.202      0.407     -0.158
392.8000      -1006.886    -1014.953        8.068   323.4      0.806     -0.759      0.885     -0.293      0.034     -0.407
393.0000      -1006.439    -1014.385        7.946   318.5     -0.034     -0.615      0.332     -0.492      0.354      0.249
393.2000      -1005.720    -1014.599        8.880   355.9      0.613      0.429      0.319      0.176     -0.742     -0.001
393.4000      -1006.222    -1013.995        7.773   311.6      0.214      0.558      0.112      0.053     -0.433     -0.039
393.6000      -1006.476    -1013.955        7.479   299.8      0.721     -0.017      0.237     -0.042      0.462     -0.292
393.8000      -1006.868    -1015.044        8.176   327.7     -0.375      0.685     -0.408     -0.209      0.160     -0.147
394.0000      -1006.620    -1015.018        8.398   336.6      0.505      0.419      0.073     -0.240     -0.182      0.342
394.2000      -1006.635    -1015.422        8.787   352.2      0.674      0.239     -0.082     -0.087     -0.605     -0.112
394.4000      -1007.495    -1015.433        7.938   318.2      0.263      0.041      0.449      0.276      0.224     -0.558
394.6000      -1006.773    -1014.750        7.978   319.8      0.363     -0.169     -0.435     -0.278     -0.009      0.094
394.8000      -1006.635    -1014.671        8.035   322.1     -0.465      0.626      0.040     -0.136     -0.198      0.022
395.0000      -1006.049    -1015.010        8.961   359.2      0.449      0.754     -0.301      0.119      0.324     -0.647
395.2000      -1006.421    -1014.639        8.219   329.4      0.192      0.475      0.022     -0.571      0.018      0.473
395.4000      -1006.743    -1015.454        8.711   349.2     -0.208      0.029      0.334      0.320      0.056      0.455
395.6000      -1007.392    -1015.504        8.112   325.1      0.432      0.686      0.152     -0.195      0.307     -0.248
395.8000      -1007.006    -1015.222        8.216   329.3      0.532     -0.363     -0.357      0.274      0.150      0.187
396.0000      -1007.487    -1015.824        8.337   334.2      1.110      0.908      0.072     -0.781      0.138     -0.420
396.2000      -1007.524    -1015.157        7.633   306.0      0.248      0.551      0.146      0.291     -0.303     -0.248
396.4000      -1008.020    -1016.713        8.692   348.4      0.311      0.928      1.342     -0.117      0.337     -0.202
396.6000      -1008.132    -1016.006        7.874   315.6      0.001      0.243      0.701     -0.071     -0.293     -0.944
396.8000      -1008.694    -1016.617        7.923   317.6      0.747      0.338      0.481      0.796      0.211     -0.143
397.0000      -1008.962    -1015.850        6.888   276.1     -0.142     -0.467      0.959      0.427      0.272      0.100
397.2000      -1008.421    -1016.784        8.363   335.2      0.049     -0.450     -0.421     -0.042     -0.010      0.003
397.4000      -1008.393    -1015.718        7.325   293.6      0.894     -1.592     -0.804     -0.072      0.306     -0.692
397.6000      -1009.298    -1017.082        7.784   312.0     -0.285     -0.574      0.202      0.210     -0.069      0.314
397.8000      -1008.183    -1015.874        7.690   308.3     -0.115      0.511      1.084     -0.273     -0.572     -0.256
398.0000      -1008.455    -1016.272        7.817   313.3      0.278      0.160      1.075      0.143      0.163     -0.281
398.2000      -1008.315    -1016.218        7.903   316.8     -1.008     -0.527     -0.202     -0.033      0.513      0.209
398.4000      -1007.554    -1015.903        8.350   334.7      0.569      0.663     -0.326     -0.627     -0.272      0.085
398.6000      -1007.108    -1015.891        8.783   352.1      0.262      0.590     -0.038      0.039     -0.589     -0.134
398.8000      -1008.411    -1016.109        7.699   308.6      0.455      0.148     -0.760     -0.176      0.087      0.101
399.0000      -1008.055    -1016.776        8.721   349.6      0.626     -0.133     -0.559      0.243     -0.419      0.030
399.2000      -1007.390    -1015.808        8.419   337.5     -0.658      0.595     -0.068      0.201      0.366     -0.335
399.4000      -1007.201    -1015.959        8.758   351.1     -0.082     -0.091      0.183      0.207      0.149      0.616
399.6000      -1007.651    -1015.389        7.738   310.2     -0.249     -0.875      0.513      0.434      0.074      0.189
399.8000      -1007.326    -1015.772        8.445   338.5      0.701      0.148      0.284      0.023     -0.331      0.239
400.0000      -1007.636    -1015.767        8.131   325.9     -0.325      0.908      0.813     -0.295      0.111     -0.570
400.2000      -1006.868    -1015.324        8.455   338.9      0.681      0.132      0.161     -0.077      0.174     -0.149
400.4000      -1007.257    -1015.424        8.167   327.4      0.742     -0.164      0.549      0.542      0.545      0.105
400.6000      -1006.603    -1014.792        8.189   328.3     -0.466      0.406      0.844      0.521      0.026     -0.141
400.8000      -1006.297    -1015.125        8.827   353.8      0.386     -0.334     -0.295     -0.558     -0.164      0.237
401.0000      -1006.896    -1015.270        8.373   335.6      0.064     -0.205     -0.290     -0.393     -0.635     -0.508
401.2000      -1008.372    -1015.723        7.352   294.7      0.344      0.573      0.506     -0.624      0.019      0.032
401.4000      -1008.765    -1017.039        8.273   331.6     -0.661     -0.259     -0.123     -0.574      0.162      0.096
401.6000      -1008.952    -1016.980        8.028   321.8      0.776      1.018      0.020      0.307     -0.114     -0.232
401.8000      -1009.919    -1017.818        7.899   316.6     -0.455      0.652     -0.623      0.208     -0.007     -0.109
402.0000      -1010.201    -1017.116        6.915   277.2     -0.571     -0.407      0.324     -0.314     -0.027      0.092
402.2000      -1009.512    -1016.523        7.011   281.0     -0.033      0.196     -0.218      0.027      0.280      0.217
402.4000      -1008.141    -1016.387        8.246   330.5      0.275      0.489      0.298     -0.322      0.497     -0.140
402.6000      -1008.607    -1016.655        8.048   322.6      0.967      1.396      0.563      0.326      0.027      0.114
402.8000      -1008.847    -1016.667        7.820   313.4     -0.096      0.447      0.469      0.281     -0.023     -0.539
403.0000      -1008.900    -1017.047        8.147   326.6     -0.570      0.491     -0.594     -0.019     -0.024      0.224
403.2000      -1008.730    -1016.735        8.005   320.9      0.315      0.194      0.034     -0.059     -0.009     -0.680
403.4000      -1008.312    -1016.656        8.344   334.5      0.471      0.248     -0.236      0.911      0.735     -0.145
403.6000      -1007.553    -1015.792        8.239   330.3      0.449      1.015      1.697      0.448      0.034     -0.141
403.8000      -1007.660    -1015.446        7.787   312.1      0.455     -0.503      0.637      0.047     -0.301     -0.031
404.0000      -1007.935    -1016.199        8.264   331.2      0.275      0.461      0.612     -0.351      0.038      0.197
404.2000      -1007.811    -1016.073        8.263   331.2      0.538      0.440      0.212      0.135      0.386      0.281
404.4000      -1008.218    -1016.879        8.660   347.2     -0.558     -0.411     -0.616     -0.086      0.542     -0.082
404.6000      -1008.204    -1016.390        8.186   328.1      1.339      1.034     -0.371     -0.568     -0.088     -0.569
404.8000      -1008.422    -1016.693        8.272   331.6      1.013      0.929      0.610     -0.059     -0.412      0.141
405.0000      -1009.184    -1017.060        7.877   315.7     -0.077      0.139      0.322      0.235     -0.399     -0.255
405.2000      -1008.772    -1016.722        7.949   318.6     -0.718      0.042      0.303     -0.080      0.396      0.441
405.4000      -1008.411    -1016.667        8.255   330.9     -0.133      0.584      0.415      0.313     -0.934      0.094
405.6000      -1008.667    -1017.045        8.378   335.8      0.505      1.085      0.829      0.174      0.514     -0.111
405.8000      -1009.088    -1016.727        7.639   306.2      0.296      0.684      0.129      0.150      0.530      0.854
406.0000      -1008.878    -1016.434        7.557   302.9     -0.435      0.774     -0.043     -0.615     -0.365     -0.205
406.2000      -1008.229    -1016.335        8.106   324.9     -0.182      1.533      0.185      0.652      0.035     -0.397
406.4000      -1007.579    -1015.788        8.209   329.1     -0.037     -0.610     -0.301     -0.661     -0.129      0.022
406.6000      -1007.801    -1016.122        8.321   333.5      0.368      0.985      0.739      0.520     -0.106     -0.800
406.8000      -1009.219    -1017.263        8.044   322.4     -0.158      0.150      0.672     -0.369     -0.554     -0.557
407.0000      -1009.357    -1017.127        7.770   311.5      1.057      0.964      0.349      0.018     -0.164     -0.175
407.2000      -1008.297    -1016.824        8.527   341.8     -0.001     -0.645      0.225     -0.228      0.432     -0.169
407.4000      -1008.417    -1016.896        8.478   339.8     -0.332      0.265      0.167      0.154     -0.107     -0.298
407.6000      -1008.641    -1016.642        8.001   320.7      1.009      0.234      0.078     -0.050      0.449     -0.046
407.8000      -1008.678    -1016.603        7.925   317.7      0.496      0.136     -0.436     -0.145     -0.587     -0.231
408.0000      -1008.754    -1016.501        7.746   310.5      0.187     -0.014     -0.013      0.196     -0.548     -0.039
408.2000      -1009.138    -1016.317        7.179   287.8      0.105      0.523      0.818     -0.408     -0.087      0.438
408.4000      -1009.223    -1016.800        7.577   303.7     -0.171      1.294      0.577     -0.860      0.361     -0.116
408.6000      -1008.951    -1017.305        8.354   334.9      0.437      0.047      0.109     -0.075     -0.499      0.229
408.8000      -1008.765    -1016.588        7.823   313.6      0.324      0.712      0.509     -0.082      0.052     -0.158
409.0000      -1008.080    -1016.350        8.270   331.5      0.676      0.046      0.329     -0.045     -0.055      0.164
409.2000      -1007.201    -1015.098        7.897   316.6      0.133      0.272      0.540      0.093     -0.348      0.255
409.4000      -1008.085    -1016.087        8.001   320.7      0.625      0.378      0.003      0.040     -0.426      0.126
409.6000      -1008.637    -1016.794        8.157   327.0      0.456      0.801     -0.013     -0.269      0.137     -0.521
409.8000      -1009.293    -1017.763        8.470   339.5      0.965     -0.474      0.009      0.555     -0.141      0.164
410.0000      -1008.696    -1016.134        7.438   298.2      0.874      0.466     -0.265     -0.458     -0.650     -0.065
410.2000      -1008.602    -1016.767        8.165   327.3      0.338     -0.736     -0.800      0.384      0.473     -0.126
410.4000      -1009.377    -1017.312        7.935   318.1      0.444      0.170      0.752     -0.253     -0.278     -0.205
410.6000      -1009.516    -1017.176        7.660   307.1      0.485      0.614      0.634     -0.039     -0.270      0.341
410.8000      -1008.433    -1016.328        7.895   316.5      0.844      1.386     -0.016     -0.472     -0.392     -0.093
411.0000      -1008.174    -1015.739        7.565   303.2     -0.313      0.565      0.617      0.252     -0.044      0.052
411.2000      -1008.755    -1016.691        7.937   318.1     -0.160      1.019      0.523      0.382      0.058      0.076
411.4000      -1008.611    -1016.206        7.595   304.5     -0.178      0.449      0.453      0.104     -0.425     -0.262
411.6000      -1007.020    -1016.093        9.073   363.7      0.487     -0.392     -0.213      0.230      0.388      0.082
411.8000      -1006.180    -1014.117        7.937   318.1      0.236      0.755     -0.483      0.377      0.142      0.492
412.0000      -1006.341    -1014.470        8.128   325.8     -0.110     -0.189     -0.312      0.017      0.135     -0.254
412.2000      -1006.688    -1014.975        8.287   332.2      1.156      0.556      0.795      0.352      0.261      0.167
412.4000      -1006.875    -1015.114        8.239   330.3      1.096      0.798      0.281      0.562      0.744     -0.056
412.6000      -1007.146    -1015.996        8.850   354.7      0.525     -0.117     -0.967     -0.128      0.610     -0.017
412.8000      -1006.870    -1014.478        7.608   305.0      1.305     -0.245      0.877      0.622     -0.121      0.067
413.0000      -1006.528    -1015.164        8.636   346.2     -0.687      0.229      0.072      0.027     -0.252     -0.170
413.2000      -1006.707    -1014.543        7.836   314.1      0.952      0.472     -0.114      0.281     -0.208     -0.073
413.4000      -1006.932    -1015.076        8.144   326.5     -0.059      0.262      0.201      0.309     -0.350     -0.209
413.6000      -1007.015    -1015.631        8.617   345.4     -0.173      0.218      0.207      0.353      0.479      0.409
413.8000      -1007.435    -1015.439        8.004   320.8     -0.198     -0.057      0.132      0.132     -0.523     -0.321
414.0000      -1006.920    -1016.166        9.246   370.6     -0.070     -0.167      0.737      0.043     -0.427     -0.330
414.2000      -1007.133    -1015.081        7.948   318.6      0.121     -0.149      0.061     -0.146     -0.338     -0.363
414.4000      -1007.279    -1015.207        7.928   317.8     -0.573      0.173      0.431      0.042     -0.642      0.158
414.6000      -1007.122    -1015.919        8.798   352.6      0.447      0.260      0.293      0.344      0.308      0.345
414.8000      -1007.606    -1014.963        7.357   294.9      0.197      1.195     -0.197      0.185      0.016      0.024
415.0000      -1007.093    -1015.011        7.918   317.4      0.605      1.547      0.325      0.412      0.376      0.017
415.2000      -1006.567    -1015.133        8.566   343.3     -0.919      0.714      0.078      0.260     -0.208     -0.445
415.4000      -1006.081    -1014.380        8.299   332.7      0.085     -0.383      0.965      0.637     -0.155     -0.064
415.6000      -1007.732    -1014.848        7.115   285.2     -0.540      0.396      0.120     -0.259     -0.374      0.023
415.8000      -1007.976    -1015.123        7.147   286.5      1.329     -0.481      0.385      0.000      0.304      0.123
416.0000      -1008.089    -1015.474        7.385   296.0      0.529      0.427      1.213     -0.030      0.410     -0.061
416.2000      -1007.812    -1016.009        8.197   328.6      0.836      0.520      0.436     -0.074     -0.375     -0.038
416.4000      -1007.714    -1015.624        7.910   317.1     -0.498     -0.048      0.368     -0.232      0.477      0.158
416.6000      -1007.760    -1015.829        8.069   323.4      0.742      0.122      0.411      0.595     -0.185      0.052
416.8000      -1007.666    -1015.311        7.645   306.4      0.564      0.915      0.488      0.218      0.169     -0.190
417.0000      -1008.070    -1015.818        7.748   310.6      0.241      0.709      0.253     -0.010     -0.368      0.055
417.2000      -1007.749    -1015.957        8.208   329.0     -0.358      0.197      0.066      0.006     -0.104      0.183
417.4000      -1008.252    -1016.182        7.929   317.8      0.578      0.270      0.152      0.392      0.521     -0.207
417.6000      -1008.520    -1016.740        8.220   329.5      0.073      0.339      0.880     -0.167      0.019     -0.804
417.8000      -1008.262    -1015.912        7.650   306.6      0.273     -0.227     -0.053      0.308      0.485     -0.205
418.0000      -1008.278    -1016.756        8.478   339.8      0.783      0.126      0.295     -0.218     -0.435      0.272
418.2000      -1008.297    -1015.751        7.454   298.8      0.136      0.181      1.006      0.210     -0.198      0.344
418.4000      -1008.006    -1015.907        7.901   316.7      0.408     -0.167      0.380      0.372      0.449      0.161
418.6000      -1007.535    -1015.982        8.448   338.6      0.319     -0.272      0.296      0.303      0.136     -0.262
418.8000      -1008.413    -1016.524        8.111   325.1      0.231      0.276      0.568     -0.073      0.074      0.190
419.0000      -1008.538    -1016.664        8.126   325.7     -0.340      0.597     -0.742     -0.189      0.050      0.051
419.2000      -1007.454    -1016.342        8.888   356.3     -0.052     -0.501     -1.319      0.599      0.404     -0.303
419.4000      -1007.426    -1015.326        7.901   316.7      0.187      0.916     -0.006      0.554      0.150     -0.017
419.6000      -1006.999    -1015.069        8.070   323.5      1.174      0.174      2.160     -0.325      0.271      0.320
419.8000      -1006.532    -1014.990        8.458   339.0      0.165      0.789      0.769      0.476      0.386      0.070
420.0000      -1006.840    -1015.825        8.985   360.2      0.885     -0.139      0.377     -0.178     -0.719      0.032
420.2000      -1006.622    -1014.612        7.990   320.3      1.086     -0.033      0.491      0.060     -0.066      0.530
420.4000      -1007.575    -1016.359        8.784   352.1      0.303      0.287     -0.304      0.165      0.105     -0.485
420.6000      -1008.149    -1016.669        8.520   341.5      1.180      1.310      1.054      0.572      0.028     -0.446
420.8000      -1007.877    -1015.774        7.897   316.5      1.182      1.041      0.558      0.623     -0.217      0.017
421.0000      -1007.676    -1016.300        8.625   345.7     -0.074     -0.490     -0.086      0.397      0.305     -0.146
421.2000      -1006.947    -1015.255        8.307   333.0     -0.879     -0.713      0.713     -0.111      0.049     -0.138
421.4000      -1006.802    -1015.409        8.607   345.0     -0.682     -0.339     -0.212      0.254      0.502      0.421
421.6000      -1006.344    -1015.128        8.784   352.1      0.141     -0.352      1.501      0.639     -0.379      0.047
421.8000      -1006.885    -1015.348        8.463   339.2      0.066      0.648      0.613      0.082      0.261     -0.175
422.0000      -1007.573    -1016.159        8.586   344.2     -1.045      0.148     -0.002     -0.570     -0.064      0.278
422.2000      -1007.953    -1015.170        7.217   289.3      0.402      0.911      0.512      0.152      0.415      0.517
422.4000      -1007.721    -1015.506        7.785   312.1      0.862      0.399      0.743     -0.397      0.139      0.067
422.6000      -1006.859    -1014.408        7.549   302.6     -0.668      0.060     -0.381      0.133      0.004     -0.281
422.8000      -1006.396    -1015.501        9.105   365.0      0.491     -0.129      0.236     -0.252     -0.358      0.347
423.0000      -1007.114    -1015.481        8.367   335.4      1.104      1.178      1.026     -0.196      0.050     -0.710
423.2000      -1007.426    -1015.846        8.420   337.5     -0.432      0.225      0.431      0.359     -0.347      0.154
423.4000      -1007.815    -1015.959        8.144   326.4      0.008      0.415      0.463     -0.293      0.007      0.162
423.6000      -1007.630    -1015.373        7.743   310.4      1.140      1.319      1.242      0.389     -0.233     -0.267
423.8000      -1006.731    -1014.730        7.998   320.6     -0.692     -0.123      0.693      0.017      0.343      0.412
424.0000      -1007.601    -1015.993        8.392   336.4      0.141      0.273     -0.088      0.217      0.493      0.457
424.2000      -1007.823    -1015.492        7.669   307.4      0.500      0.477      1.256      0.104      0.045     -0.310
424.4000      -1007.629    -1015.492        7.863   315.2      1.055      0.892      0.581      0.050      0.217     -0.409
424.6000      -1007.024    -1015.212        8.188   328.2      0.916      0.781      0.768     -0.112      0.454      0.408
424.8000      -1007.329    -1015.774        8.446   338.5     -0.036     -0.656      0.299     -0.175     -0.030     -0.155
425.0000      -1006.363    -1014.843        8.480   339.9      0.427      0.827      0.738     -0.115      0.126      0.251
425.2000      -1007.103    -1015.314        8.211   329.1     -0.452      0.723      0.391     -0.211      0.004      0.376
425.4000      -1006.908    -1015.398        8.489   340.3      0.148      0.056      0.449     -0.426      0.538     -0.045
425.6000      -1006.629    -1015.143        8.514   341.3      0.269      1.250      0.498      0.097      0.094      0.033
425.8000      -1006.866    -1015.958        9.092   364.4     -0.124     -0.166      0.471      0.374      0.108      0.040
426.0000      -1006.591    -1015.344        8.753   350.9      0.470     -0.118      0.982      0.203      0.234      0.276
426.2000      -1007.103    -1015.996        8.893   356.5      0.300      0.075      0.675      0.581      0.185     -0.347
426.4000      -1008.276    -1016.522        8.246   330.5      0.054      0.705      0.891      0.033     -0.215     -0.060
426.6000      -1006.333    -1015.358        9.025   361.8      0.466      0.813      1.275     -0.549      0.147      0.106
426.8000      -1006.877    -1014.614        7.737   310.1      0.500      1.104      0.431      0.031     -0.745      0.290
427.0000      -1007.382    -1015.498        8.116   325.3      0.280      1.164      0.443      0.005      0.291      0.079
427.2000      -1008.021    -1015.894        7.873   315.6      0.058      0.802     -1.060     -0.527      0.158      0.192
427.4000      -1007.410    -1015.971        8.562   343.2      1.377      0.150      1.143      0.424     -0.202      0.021
427.6000      -1007.841    -1015.474        7.633   306.0      0.437      0.057      0.073      0.398     -0.792     -0.064
427.8000      -1006.970    -1015.456        8.486   340.2     -0.221      0.762     -0.339     -0.074      0.058      0.037
428.0000      -1007.223    -1015.175        7.952   318.7      0.447     -0.727      0.001      0.408      0.187      0.434
428.2000      -1007.917    -1016.983        9.065   363.4      0.319     -0.232     -0.297      0.042      0.104      0.152
428.4000      -1007.725    -1016.027        8.303   332.8      0.276      0.344      0.636     -0.438      0.054     -0.145
428.6000      -1007.894    -1016.311        8.417   337.4      0.601      1.564      1.235      0.098     -0.151      0.007
428.8000      -1007.810    -1015.550        7.741   310.3      0.522      0.360      0.376      0.631     -0.072      0.859
429.0000      -1008.151    -1016.148        7.997   320.6     -0.381     -0.514      0.591      0.470      0.160     -0.108
429.2000      -1008.208    -1016.131        7.923   317.6      0.809      0.200      0.221      0.058     -0.067     -0.602
429.4000      -1008.341    -1016.389        8.048   322.6      1.463      0.085      0.578     -0.143      0.269     -0.259
429.6000      -1007.859    -1015.872        8.014   321.2      0.809     -0.141     -0.034     -0.545     -0.401     -0.365
429.8000      -1007.800    -1016.079        8.279   331.8      0.403      0.240      0.191     -0.332      0.327     -0.159
430.0000      -1008.182    -1015.913        7.732   309.9      1.504      0.302     -0.439     -0.539     -0.326     -0.289
430.2000      -1007.422    -1015.195        7.773   311.6      0.870      1.994      1.785     -0.248      0.286     -0.620
430.4000      -1006.945    -1015.560        8.615   345.3      0.987     -0.898      0.647     -0.179     -0.401     -0.037
430.6000      -1006.449    -1014.782        8.332   334.0     -0.075      1.197      0.158     -0.019     -0.783     -0.038
430.8000      -1006.013    -1014.425        8.412   337.2      0.857      0.429      0.675      0.197      0.416     -0.397
431.0000      -1006.645    -1014.992        8.347   334.6      0.424      0.759      0.255     -0.199      0.064      0.498
431.2000      -1006.099    -1014.592        8.492   340.4      0.749      0.163      0.051      0.592     -0.347     -0.092
431.4000      -1006.064    -1014.961        8.897   356.6      0.498      0.889      1.155     -0.233     -0.339     -0.095
431.6000      -1006.389    -1013.833        7.444   298.4      0.536     -0.057     -0.198      0.399     -0.384      0.707
431.8000      -1006.352    -1014.659        8.307   333.0      0.839      0.407      1.213     -0.203     -0.028      0.195
432.0000      -1005.859    -1014.693        8.834   354.1      1.388      0.544      1.149      0.014      0.120      0.722
432.2000      -1006.581    -1015.359        8.779   351.9     -0.146     -0.499      0.069      0.086     -0.722      0.042
432.4000      -1006.656    -1015.411        8.755   350.9      0.221      0.879      0.115      0.180     -0.070      0.048
432.6000      -1006.079    -1015.458        9.379   376.0      0.936      0.688     -0.568      0.324      0.379      0.012
432.8000      -1005.928    -1015.064        9.136   366.2      0.911      0.200      0.062     -0.428     -0.100      0.153
433.0000      -1006.427    -1015.074        8.647   346.6      0.268      0.950      0.094      0.538     -0.180      0.212
433.2000      -1007.273    -1015.087        7.815   313.3      1.600      0.304     -0.461      0.181      0.238      0.292
433.4000      -1006.991    -1014.755        7.765   311.3      1.975      0.776      0.479     -0.066      0.278     -0.555
433.6000      -1006.798    -1015.019        8.221   329.5      0.381      0.454      1.124      0.652      0.089      0.191
433.8000      -1007.025    -1015.532        8.507   341.0     -0.629      1.412      1.077     -0.081     -0.650      0.069
434.0000      -1006.898    -1016.159        9.262   371.3     -0.029     -0.668     -0.674      0.528     -0.387     -0.161
434.2000      -1006.294    -1015.230        8.936   358.2      0.168      0.403      0.751      0.032      0.467      0.497
434.4000      -1005.833    -1015.060        9.226   369.8      0.248      0.861      0.631      0.067     -0.364     -0.068
434.6000      -1006.180    -1015.428        9.248   370.7     -0.656      0.664     -0.365     -0.102      0.054      0.135
434.8000      -1006.968    -1015.294        8.327   333.8     -0.116      0.219     -0.367     -0.371      0.232     -0.426
435.0000      -1008.005    -1016.172        8.167   327.4      0.881      1.323      1.828      0.323     -0.278      0.206
435.2000      -1007.472    -1015.994        8.522   341.6     -1.104      0.045     -0.178      0.176      0.166     -0.049
435.4000      -1006.991    -1015.650        8.659   347.1      0.413      0.587      0.647     -0.165     -0.120      0.167
435.6000      -1007.864    -1016.424        8.560   343.1     -0.708      0.027      0.386      0.487      0.310     -0.100
435.8000      -1007.632    -1015.745        8.113   325.2     -0.393      0.290     -0.014      0.618      0.109     -0.121
436.0000      -1007.697    -1014.694        6.997   280.5      0.746      1.674      0.192      0.023     -0.341      0.204
436.2000      -1007.413    -1015.127        7.714   309.2      0.497      0.378      0.781     -0.311      0.623      0.393
436.4000      -1007.876    -1015.784        7.908   317.0      0.512      0.974      1.004     -0.422     -0.043     -0.392
436.6000      -1007.131    -1015.173        8.042   322.4      1.408      1.088      1.156      0.397     -0.526     -0.259
436.8000      -1007.068    -1015.416        8.348   334.6      0.200     -0.414      0.222     -0.136      0.413      0.310
437.0000      -1007.226    -1015.288        8.063   323.2      0.403      1.075      0.009      0.011      0.197      0.215
437.2000      -1006.157    -1014.669        8.512   341.2      0.948     -0.559     -0.115      0.239     -0.853      0.105
437.4000      -1006.746    -1014.874        8.129   325.8      0.499      0.239     -0.240      0.100      0.069      0.391
437.6000      -1007.346    -1015.257        7.911   317.1      1.093      1.237      1.612      0.896     -0.181     -0.444
437.8000      -1006.541    -1015.297        8.755   351.0     -0.088      0.307      0.418     -0.224     -0.573      0.300
438.0000      -1007.519    -1014.952        7.433   297.9      1.216      0.459      0.720     -0.785      0.288     -0.089
438.2000      -1007.573    -1016.334        8.761   351.2      0.227      0.631     -0.004     -0.999     -0.356     -0.442
438.4000      -1008.112    -1015.924        7.812   313.1     -0.435     -0.983      0.188      0.058      0.026     -0.550
438.6000      -1008.213    -1015.915        7.702   308.7     -0.602      1.126      1.332      0.196      0.204     -0.143
438.8000      -1006.975    -1015.784        8.809   353.1      1.530      0.113      0.285      0.661      0.002     -0.012
439.0000      -1007.730    -1016.270        8.540   342.3     -0.372      0.280      0.183      0.373      0.398     -0.179
439.2000      -1008.140    -1015.811        7.671   307.5     -0.435      0.632      0.601      0.059      0.299     -0.145
439.4000      -1007.114    -1016.108        8.994   360.5      0.296      0.649      0.319      0.069      0.548      0.367
439.6000      -1008.353    -1016.510        8.158   327.0      0.852      1.281      0.067      0.139     -0.322      0.124
439.8000      -1007.743    -1016.098        8.355   334.9      0.855      0.154      0.128      0.181     -0.032     -0.307
440.0000      -1008.192    -1015.940        7.748   310.6      0.322      1.670     -0.213     -0.016     -0.322     -0.059
440.2000      -1008.058    -1016.011        7.953   318.8      0.768      0.106      0.440      0.383      0.050     -0.475
440.4000      -1008.411    -1016.348        7.938   318.2      0.711      1.298      1.179     -0.164     -0.486     -0.012
440.6000      -1008.198    -1016.662        8.465   339.3      0.624      0.239      0.223     -0.100      0.436      0.034
440.8000      -1007.594    -1015.402        7.808   313.0      1.280      0.220     -0.326      1.238     -0.151      0.244
441.0000      -1007.138    -1016.018        8.880   356.0      0.082      0.122      0.798     -0.340      0.295      0.443
441.2000      -1007.719    -1015.863        8.143   326.4     -0.375      1.021      1.051     -0.474     -0.686      0.009
441.4000      -1007.901    -1016.015        8.114   325.3     -0.118      0.235      0.586     -0.461     -0.057     -0.083
441.6000      -1007.102    -1015.514        8.412   337.2      0.290      0.558      0.649     -0.098      0.418     -0.102
441.8000      -1008.575    -1016.453        7.878   315.8      0.125      0.734     -0.705     -0.072      0.073     -0.372
442.0000      -1008.196    -1015.904        7.709   309.0      0.073      0.057      0.483     -0.205     -0.402     -0.122
442.2000      -1007.336    -1015.563        8.227   329.8      0.092      0.630     -0.528     -0.325      0.405      0.049
442.4000      -1007.501    -1015.364        7.863   315.2     -0.062     -0.369      0.678      0.267     -0.412     -0.580
442.6000      -1007.981    -1015.518        7.537   302.1      0.712      0.616     -0.022      0.042      0.141     -0.215
442.8000      -1007.516    -1016.291        8.775   351.7      0.878      0.784      1.522      0.136     -0.187     -0.042
443.0000      -1007.197    -1015.455        8.258   331.0      1.361      0.317      0.452      0.118      0.506     -0.190
443.2000      -1007.479    -1016.121        8.643   346.4     -0.557      0.802      0.475      0.302      0.086     -0.212
443.4000      -1007.706    -1016.072        8.366   335.3      0.147     -0.302     -0.116     -0.088     -0.815     -0.594
443.6000      -1008.285    -1016.041        7.756   310.9      0.636     -0.207      1.420     -0.030      0.402     -0.072
443.8000      -1008.469    -1016.517        8.048   322.6      0.786      0.430      1.208     -0.594      0.205     -0.954
444.0000      -1008.165    -1016.179        8.014   321.2      0.134      0.534     -0.871     -0.390      0.460     -0.399
444.2000      -1008.054    -1016.633        8.579   343.9      0.483      0.718      0.278      0.505      0.041     -0.045
444.4000      -1008.368    -1016.510        8.142   326.4      1.067      0.311      0.801      0.321     -0.087     -0.418
444.6000      -1007.260    -1015.447        8.187   328.2      0.342      0.505      0.670     -0.565      0.067     -0.215
444.8000      -1006.141    -1014.478        8.337   334.2      1.544      0.840      0.697      0.115     -0.337      0.017
445.0000      -1006.491    -1015.159        8.669   347.5      0.189     -0.477      0.337      0.407     -0.362     -0.479
445.2000      -1006.610    -1014.975        8.364   335.3      0.596      0.543      0.060      0.195      0.366      0.694
445.4000      -1006.666    -1015.802        9.135   366.2      1.228      0.539     -0.155      0.265     -0.237     -0.022
445.6000      -1005.646    -1013.599        7.953   318.8      0.148      0.110      0.261     -0.313     -0.068     -0.249
445.8000      -1005.604    -1014.283        8.678   347.9      1.053      0.223      0.636      0.050      0.005      0.143
446.0000      -1005.992    -1014.504        8.512   341.2     -0.422     -0.683     -0.141     -0.643      0.081      0.623
446.2000      -1007.497    -1015.565        8.068   323.4     -0.510      0.087     -0.225     -0.586     -0.181     -0.474
446.4000      -1006.764    -1014.858        8.094   324.5      2.181      0.978     -0.192     -0.048      0.140      0.296
446.6000      -1006.209    -1014.885        8.676   347.8      0.774      0.254      0.120      0.661      0.366      0.124
446.8000      -1006.249    -1014.849        8.600   344.7      0.795      0.850      0.209      0.608      0.457     -0.147
447.0000      -1006.731    -1014.989        8.258   331.0      1.063      1.561      0.149      0.390      0.209      0.466
447.2000      -1006.519    -1014.327        7.808   313.0      0.032     -0.493      0.740      0.606      0.246     -0.634
447.4000      -1006.747    -1015.414        8.667   347.4      1.812      0.810      0.971     -0.465      0.021     -0.271
447.6000      -1007.348    -1015.215        7.867   315.3      0.096     -0.165      0.759     -0.528     -0.088     -0.210
447.8000      -1007.762    -1015.307        7.545   302.4      1.412      1.037      2.072     -0.019     -0.062      0.412
448.0000      -1008.719    -1016.620        7.901   316.7      0.722      1.259      0.635     -0.476     -0.464      0.032
448.2000      -1008.067    -1015.712        7.645   306.5      0.058      0.786     -0.021     -0.502      0.975      0.633
448.4000      -1007.526    -1015.265        7.739   310.2      1.441      0.500      0.539     -0.014     -0.127      0.040
448.6000      -1007.560    -1015.436        7.877   315.7      1.027      1.064      1.089      0.213      0.540     -0.020
448.8000      -1007.425    -1015.422        7.996   320.5     -0.515      0.050      0.937      0.258      0.307      0.242
449.0000      -1007.767    -1015.964        8.196   328.5      1.144      0.624      0.317     -0.066     -0.385      0.379
449.2000      -1007.417    -1016.424        9.007   361.0      0.829     -0.071      0.673      0.225      0.114      0.117
449.4000      -1007.569    -1015.707        8.137   326.2      0.639     -0.118      0.450      0.629     -0.151     -0.249
449.6000      -1008.098    -1015.899        7.801   312.7      0.198      0.374      0.977     -0.365     -0.132      0.131
449.8000      -1008.031    -1016.050        8.019   321.4     -0.299     -0.064      0.414      0.303     -0.205      0.138
450.0000      -1007.071    -1014.971        7.900   316.7      0.386      0.353      0.144     -0.164      0.168      0.325
450.2000      -1007.506    -1015.376        7.870   315.5     -0.524     -0.332      0.166     -0.003     -0.633     -0.373
450.4000      -1006.946    -1016.115        9.169   367.5      0.296      0.351      1.214      0.428     -0.140     -0.067
450.6000      -1007.217    -1016.283        9.066   363.4     -0.257      1.246     -0.203      0.131     -0.031     -0.008
450.8000      -1007.017    -1016.386        9.369   375.5      0.818     -0.361      0.298     -0.182      0.473     -0.122
451.0000      -1007.446    -1015.679        8.232   330.0      0.150      0.556      0.205     -0.091     -0.090     -0.587
451.2000      -1008.082    -1016.379        8.297   332.6      0.604      0.599      0.419      0.428     -0.612     -0.206
451.4000      -1008.329    -1016.681        8.352   334.8      0.291      0.158     -0.712      0.148     -0.001      0.251
451.6000      -1008.470    -1016.550        8.079   323.9      0.309      0.192      0.434     -0.177     -0.095      0.272
451.8000      -1009.028    -1017.054        8.027   321.7      0.510      0.540     -0.328     -0.088      0.404     -0.002
452.0000      -1008.123    -1016.075        7.952   318.7      0.460     -0.076      0.785      0.359     -0.333      0.508
452.2000      -1008.457    -1016.280        7.823   313.6     -0.782     -0.738      0.123     -0.467     -0.059      0.553
452.4000      -1007.802    -1015.333        7.531   301.9      0.568      0.734      0.590     -0.162     -0.569     -0.062
452.6000      -1007.909    -1016.036        8.127   325.8      0.416      0.206      0.273     -0.174     -0.177     -0.523
452.8000      -1007.830    -1016.413        8.584   344.1      0.079      0.134     -0.026     -0.065      0.087     -0.016
453.0000      -1008.339    -1016.252        7.912   317.2      0.370      0.533     -0.286     -0.486      0.637      0.254
453.2000      -1008.747    -1015.867        7.120   285.4     -0.648      0.455     -0.282     -0.728     -0.059     -0.087
453.4000      -1007.422    -1015.771        8.349   334.7     -0.055     -1.288      0.504     -0.409      0.493      0.076
453.6000      -1006.897    -1015.650        8.753   350.9      0.019     -0.189     -0.025     -0.203     -0.609     -0.284
453.8000      -1007.066    -1015.260        8.194   328.5     -0.846      0.464     -0.438     -0.615     -0.023     -0.042
454.0000      -1006.980    -1014.735        7.755   310.8     -0.252      0.133     -0.239      0.869     -0.734      0.030
454.2000      -1007.084    -1015.665        8.582   344.0      0.500      0.957      0.599     -0.001      0.013     -0.248
454.4000      -1009.100    -1016.666        7.565   303.3     -0.252      1.316      0.046      0.628      0.017     -0.448
454.6000      -1009.069    -1016.865        7.796   312.5      0.424     -0.246     -0.018      0.267     -0.310     -0.533
454.8000      -1009.324    -1017.349        8.024   321.6      1.083     -0.332     -0.213      0.423     -0.863      0.252
455.0000      -1009.560    -1016.368        6.808   272.9      0.490      0.284      0.125     -0.096     -0.448     -0.381
455.2000      -1009.060    -1017.012        7.952   318.8      0.414     -0.701      0.115      0.032     -0.339      0.102
455.4000      -1008.977    -1016.593        7.616   305.3      0.240      1.044      0.950     -0.510     -0.567      0.033
455.6000      -1008.421    -1016.256        7.835   314.1      1.265      0.425     -0.123      0.115     -1.108     -0.723
455.8000      -1008.434    -1016.148        7.714   309.2     -0.230     -0.206     -0.712     -0.249      0.503      0.108
456.0000      -1007.209    -1015.844        8.636   346.2      0.631      1.136      1.338      0.228     -0.625     -0.126
456.2000      -1008.100    -1016.205        8.105   324.9      0.877     -0.345      0.032     -0.049     -0.553      0.367
456.4000      -1008.882    -1016.466        7.584   304.0     -0.056      0.580      0.255      0.153      0.396     -0.539
456.6000      -1008.855    -1016.243        7.388   296.1      1.257      1.587      1.227      0.278      0.670      0.393
456.8000      -1007.697    -1016.419        8.722   349.6      0.200      0.922     -0.134      0.217      0.071     -0.206
457.0000      -1006.563    -1015.370        8.807   353.0     -0.370     -0.321     -0.350     -0.008     -0.376     -0.141
457.2000      -1006.658    -1014.771        8.113   325.2     -1.643     -0.225     -0.371     -0.772     -0.488     -0.122
457.4000      -1006.859    -1015.378        8.519   341.5      0.452      0.984      0.562     -0.016     -0.442     -0.291
457.6000      -1007.142    -1014.571        7.429   297.8     -0.102      0.475     -0.178     -0.581     -0.244      0.112
457.8000      -1007.039    -1015.266        8.227   329.8      0.942     -0.052      0.415      0.044      0.392      0.349
458.0000      -1007.389    -1015.241        7.851   314.7      0.225     -0.070      0.408      0.154      0.153     -0.243
458.2000      -1007.862    -1016.433        8.571   343.6      1.040      0.958      1.108     -0.086      0.002     -0.373
458.4000      -1007.653    -1016.079        8.426   337.7      0.108      0.366     -0.497     -0.217     -0.348     -0.060
458.6000      -1008.429    -1016.051        7.622   305.5      0.914     -0.374      0.356      0.150      0.511     -0.562
458.8000      -1007.155    -1015.156        8.001   320.7     -0.147      0.511      0.310     -0.094     -0.360      0.114
459.0000      -1007.527    -1015.505        7.978   319.8      0.391     -0.329     -0.441      0.011     -0.360      0.303
459.2000      -1007.402    -1015.810        8.408   337.0     -0.291     -0.129     -0.173     -0.276     -0.049     -0.489
459.4000      -1007.119    -1015.695        8.575   343.7      0.493     -0.334     -0.109     -0.594     -0.140      0.158
459.6000      -1005.932    -1013.704        7.772   311.5     -0.177     -1.261      0.501      0.420     -0.299      0.273
459.8000      -1006.175    -1014.459        8.284   332.1      0.974      0.316      0.220     -0.343      0.028      0.257
460.0000      -1005.476    -1014.444        8.968   359.5     -0.275      0.710      0.799      0.094     -0.449     -0.472
460.2000      -1005.848    -1014.147        8.299   332.7     -0.007      0.445      0.513     -0.447     -0.234     -0.127
460.4000      -1006.412    -1015.135        8.723   349.7      0.875      0.191      0.470      0.023     -0.310      0.151
460.6000      -1005.388    -1014.343        8.954   358.9      0.244      0.696      0.510     -0.186      0.150     -0.949
460.8000      -1005.658    -1014.228        8.570   343.5     -0.480      0.143     -0.792     -0.146      0.318      0.179
461.0000      -1006.460    -1014.520        8.060   323.1      0.599      0.491      0.124     -0.276     -0.143      0.075
461.2000      -1005.900    -1014.882        8.982   360.0      0.146      0.732      0.892     -0.065     -0.646     -0.591
461.4000      -1006.435    -1014.984        8.549   342.7      0.067     -0.069      0.946      0.139     -0.458     -0.089
461.6000      -1007.052    -1015.138        8.087   324.1      0.085      0.495      1.454      0.118      0.387      0.353
461.8000      -1007.089    -1015.454        8.365   335.3      0.620      0.107      0.587      0.009     -0.778      0.468
462.0000      -1006.440    -1014.729        8.289   332.3     -0.283     -0.714     -0.172     -0.067     -0.053     -0.395
462.2000      -1007.010    -1015.047        8.037   322.2      0.226      0.949      0.710     -0.256      0.022     -0.267
462.4000      -1007.707    -1015.431        7.725   309.6     -0.601      0.750      0.168      0.027      0.363      0.606
462.6000      -1006.904    -1014.800        7.896   316.5     -0.004     -0.156      1.139      0.158      0.223     -0.384
462.8000      -1006.893    -1014.547        7.654   306.8      0.565      0.468      0.681      0.530      0.231      0.021
463.0000      -1006.131    -1014.243        8.112   325.2     -0.195     -0.457     -0.148      0.337      0.041     -0.485
463.2000      -1005.964    -1014.026        8.062   323.1      0.119      0.916      0.094     -0.136     -0.289     -0.030
463.4000      -1006.317    -1014.993        8.676   347.8      0.799      0.456      1.050     -0.082     -0.601     -0.346
463.6000      -1005.644    -1014.113        8.469   339.5      0.464      0.647      0.929      0.031      0.489      0.074
463.8000      -1005.745    -1013.874        8.129   325.8      0.522      0.799      0.527     -0.155     -0.392      0.064
464.0000      -1006.620    -1015.340        8.719   349.5     -0.551      0.164      0.035      0.373     -0.127     -0.171
464.2000      -1006.711    -1015.177        8.466   339.3      0.297      0.280      0.872     -0.146      0.412     -0.208
464.4000      -1005.914    -1014.903        8.989   360.3      0.436     -0.739      0.158     -0.530      0.142      0.218
464.6000      -1005.144    -1014.263        9.119   365.5      0.054      0.988      0.500      0.159     -0.179     -0.380
464.8000      -1005.587    -1014.872        9.285   372.2     -0.249      1.104     -0.316      0.108     -0.110      0.332
465.0000      -1004.849    -1013.525        8.677   347.8      1.052      0.973      0.071     -0.064     -0.622      0.162
465.2000      -1005.163    -1013.683        8.520   341.5      0.449      0.024      0.013     -0.452      0.150     -0.300
465.4000      -1005.205    -1013.427        8.222   329.6      0.110      1.006      0.302      0.409      0.607     -0.502
465.6000      -1005.219    -1014.562        9.343   374.5      0.536      0.624      0.860     -0.137      0.344      0.282
465.8000      -1006.397    -1014.455        8.058   323.0      0.326     -0.101      0.953     -0.811     -0.321      0.598
466.0000      -1006.095    -1014.392        8.297   332.6      1.178      0.486      0.927      0.413      0.311     -0.345
466.2000      -1006.245    -1014.935        8.690   348.4      0.212     -0.556      0.025      0.315     -0.106     -0.186
466.4000      -1006.932    -1015.811        8.879   355.9      0.322      0.882     -0.029      0.078     -0.705     -0.103
466.6000      -1006.732    -1015.123        8.391   336.3      0.053      1.528      1.117      0.097     -0.290     -0.001
466.8000      -1008.374    -1015.566        7.192   288.3      0.087      0.387     -0.485     -0.164     -0.518     -0.571
467.0000      -1007.796    -1015.520        7.724   309.6      0.149      1.000      0.517      0.538      0.134      0.250
467.2000      -1008.646    -1016.659        8.013   321.2      0.748      0.219      0.170      0.295      0.365      0.167
467.4000      -1008.360    -1016.008        7.647   306.5      0.434     -0.121      0.353     -0.314     -0.018     -0.025
467.6000      -1008.186    -1015.876        7.690   308.2      0.109     -0.520     -0.344     -0.191      0.510     -0.037
467.8000      -1007.129    -1015.101        7.971   319.5      0.189      0.324      0.220     -0.072     -0.023     -0.034
468.0000      -1006.691    -1015.848        9.157   367.0     -0.265      0.840      0.173     -0.497      0.180     -0.749
468.2000      -1007.470    -1015.717        8.246   330.6      0.606      0.117      0.023      0.641     -0.122      0.337
468.4000      -1008.010    -1016.484        8.474   339.7     -0.145     -0.020     -0.575     -0.103     -0.515     -0.081
468.6000      -1008.080    -1016.398        8.319   333.4     -0.023      1.364      0.810     -0.094     -0.881     -0.813
468.8000      -1008.581    -1016.602        8.022   321.5      0.900      0.033      0.356     -0.033      0.311     -0.274
469.0000      -1008.299    -1016.131        7.832   314.0     -0.499      0.384      0.003      0.311      0.277      0.259
469.2000      -1008.743    -1015.393        6.650   266.5      0.288      1.227     -0.109      0.117      0.545     -0.095
469.4000      -1008.173    -1016.854        8.681   348.0      0.879      1.671      0.598      0.280     -0.053     -0.076
469.6000      -1008.983    -1016.583        7.600   304.6      0.262      0.137      1.418     -0.436     -0.058      0.509
469.8000      -1007.750    -1015.495        7.745   310.4     -0.120     -0.714      0.439      0.483     -0.376      0.045
470.0000      -1007.226    -1015.766        8.541   342.3     -0.048      0.477      0.000      0.300     -0.476      0.315
470.2000      -1007.202    -1015.565        8.364   335.3     -0.524      0.417      0.177     -0.702     -0.132     -0.523
470.4000      -1006.666    -1015.028        8.362   335.2      0.021     -0.063      0.191     -0.187     -0.034      0.245
470.6000      -1006.734    -1015.284        8.550   342.7      1.156      0.097      0.016     -0.178      0.222     -0.039
470.8000      -1007.926    -1015.767        7.841   314.3      0.971     -0.086      0.194      0.330     -0.479      0.239
471.0000      -1008.233    -1016.236        8.002   320.8      0.389      0.720      1.150     -0.282     -0.076      0.267
471.2000      -1006.272    -1014.835        8.563   343.2      1.052     -0.066     -0.193     -0.548      0.190     -0.073
471.4000      -1005.872    -1014.697        8.825   353.8      0.107      0.537      1.082     -0.511     -0.324      0.101
471.6000      -1005.807    -1014.277        8.469   339.5     -0.384      0.929      1.235      0.046      0.107     -0.418
471.8000      -1007.387    -1014.955        7.568   303.4     -0.613      0.201     -0.151     -0.050      0.550     -0.141
472.0000      -1007.258    -1015.143        7.885   316.1      0.703      1.155      0.355      0.635      0.003     -0.322
472.2000      -1007.303    -1015.133        7.830   313.9      0.817      1.034      0.795      0.082     -0.278      0.655
472.4000      -1006.774    -1015.120        8.346   334.6      0.545      0.416      1.155      0.304     -0.024     -0.291
472.6000      -1006.315    -1014.750        8.436   338.1      0.139     -0.065      0.392     -0.263     -0.388     -0.215
472.8000      -1006.585    -1015.345        8.760   351.2      0.442      0.711      1.263     -0.625      0.552     -0.184
473.0000      -1005.952    -1014.437        8.485   340.1     -0.613      0.120      0.289      0.329      0.135     -0.468
473.2000      -1005.817    -1014.439        8.621   345.6     -0.757     -0.044      0.382     -0.211     -0.131     -0.422
473.4000      -1006.981    -1015.313        8.332   334.0      0.945      0.682      0.179      0.176     -0.360     -0.378
473.6000      -1006.322    -1015.071        8.749   350.7      1.247      0.732      0.757      0.196      0.205      0.414
473.8000      -1007.065    -1015.778        8.713   349.3      0.948     -0.029      0.437     -0.024      0.484      0.222
474.0000      -1006.704    -1015.867        9.163   367.3      0.033      0.247     -0.085     -0.037     -0.229      0.097
474.2000      -1007.051    -1015.045        7.994   320.4      0.157     -0.183     -0.998      0.313      0.147      0.017
474.4000      -1007.998    -1015.764        7.766   311.3      0.229      0.263      0.126      0.073      0.057      0.280
474.6000      -1007.320    -1016.183        8.864   355.3     -0.670      0.241     -0.359     -0.033      0.340      0.215
474.8000      -1006.250    -1015.206        8.955   359.0      0.042      0.652     -0.528      0.555     -0.073      0.008
475.0000      -1007.320    -1015.594        8.274   331.7      0.531      0.739      0.258     -0.243      0.183      0.084
475.2000      -1007.342    -1015.608        8.266   331.3     -0.084      0.097      1.493      0.669      0.765      0.102
475.4000      -1007.390    -1015.659        8.270   331.5      0.105     -0.286     -0.270      0.872      0.208      0.396
475.6000      -1007.018    -1016.796        9.778   391.9      0.827      0.759      0.666      0.025      0.491      0.395
475.8000      -1008.517    -1016.476        7.959   319.0      0.826      0.602      0.918      0.066      0.138     -0.335
476.0000      -1007.903    -1016.521        8.619   345.5     -0.543     -0.017     -0.119     -0.022      0.540     -0.339
476.2000      -1007.299    -1016.139        8.840   354.3     -0.359      0.182     -0.103     -0.511     -0.126     -0.325
476.4000      -1008.164    -1016.716        8.552   342.8      0.733      0.819      0.263      0.536      0.001     -0.194
476.6000      -1007.559    -1016.705        9.147   366.6      0.287     -0.368      0.076      0.233     -0.758      0.519
476.8000      -1007.183    -1015.640        8.457   339.0     -0.659      0.597     -0.160     -0.151      0.516      0.248
477.0000      -1006.787    -1014.997        8.210   329.1      0.409     -0.116      0.642     -0.024     -0.052      0.294
477.2000      -1007.529    -1016.435        8.906   357.0      0.451     -0.485      0.373     -1.057      0.245     -0.086
477.4000      -1007.666    -1016.590        8.924   357.7     -0.335      0.437     -0.275     -0.185      0.230      0.228
477.6000      -1006.891    -1015.049        8.158   327.0      0.952      1.127     -0.079      0.396      0.200      0.429
477.8000      -1006.894    -1015.569        8.675   347.7      0.322      1.465     -0.238     -0.304      0.087     -0.538
478.0000      -1006.931    -1015.886        8.955   359.0      0.876      0.318      0.632      0.394      0.070      0.113
478.2000      -1007.354    -1015.640        8.286   332.1     -0.156      1.079      0.889     -0.152     -0.198     -0.134
478.4000      -1007.478    -1015.815        8.336   334.2     -0.341      1.142      0.135     -0.194      0.603     -0.450
478.6000      -1007.673    -1016.177        8.503   340.9      0.732     -0.390      0.193     -0.043      0.743     -0.019
478.8000      -1007.439    -1015.166        7.728   309.8      0.343      1.528      0.114      0.120      0.089      0.262
479.0000      -1007.095    -1015.754        8.659   347.1      0.412     -0.072      0.380     -0.123     -0.049     -0.232
479.2000      -1006.335    -1015.344        9.008   361.1      0.988      0.988      0.203     -0.462      0.056      0.605
479.4000      -1006.381    -1015.871        9.490   380.4      0.342      0.712      0.348      0.172     -0.742      0.301
479.6000      -1007.755    -1015.730        7.975   319.7      0.206      0.190      0.484     -0.140      0.348      0.469
479.8000      -1007.846    -1016.103        8.257   331.0     -0.353     -1.463     -1.197      0.224      0.659     -0.122
480.0000      -1007.870    -1016.686        8.817   353.4      0.946      1.123      0.963     -0.137     -0.711      0.079
480.2000      -1008.973    -1016.356        7.383   295.9      0.397     -0.293      0.783      0.085      0.498      0.583
480.4000      -1008.806    -1016.301        7.495   300.4      0.690      1.137      0.653      0.507     -0.099      0.802
480.6000      -1008.103    -1016.225        8.122   325.6     -0.241     -0.643     -0.062      0.191     -0.136      0.635
480.8000      -1008.955    -1016.413        7.458   299.0      0.638      0.660     -0.203      0.372     -0.151     -0.246
481.0000      -1007.794    -1016.421        8.627   345.8      0.892      1.671      0.577     -0.417      0.154      0.014
481.2000      -1008.431    -1015.673        7.242   290.3     -0.377      0.940      0.691     -0.025     -0.392      0.301
481.4000      -1008.110    -1016.582        8.472   339.6      0.049     -0.303      0.434     -0.294      0.150     -0.125
481.6000      -1008.685    -1016.691        8.006   320.9      0.981     -0.442     -0.356      0.018     -0.552     -0.526
481.8000      -1008.638    -1016.440        7.802   312.8      1.365      1.009      0.891     -0.378     -0.169      0.184
482.0000      -1008.726    -1015.909        7.184   288.0      0.636      0.808      1.153      0.222     -0.258      0.347
482.2000      -1009.068    -1016.907        7.839   314.2      1.495      1.820      1.446     -0.205     -0.468      0.068
482.4000      -1008.435    -1015.925        7.490   300.2     -0.376      0.865      0.346      0.099     -0.069      0.424
482.6000      -1008.678    -1016.937        8.258   331.0      0.694      0.889      0.617      0.709     -0.454      0.334
482.8000      -1008.135    -1015.977        7.842   314.3      0.259      0.504      0.878      0.247      0.051     -0.568
483.0000      -1008.385    -1016.393        8.007   321.0      0.529      1.142      0.246      0.334      0.156      0.041
483.2000      -1007.574    -1015.596        8.022   321.6     -0.477      0.378      0.184     -0.065     -0.292      0.195
483.4000      -1007.845    -1016.608        8.763   351.3      0.508     -0.436      0.104     -0.135     -0.168      0.359
483.6000      -1008.073    -1016.384        8.311   333.1      0.426      0.771      0.928      0.459     -0.116     -0.041
483.8000      -1007.907    -1016.203        8.296   332.5     -0.659      0.133      0.523     -0.220     -0.008     -0.061
484.0000      -1008.328    -1015.974        7.645   306.5      1.702      1.751      1.346      0.401     -0.086      0.159
484.2000      -1008.023    -1016.078        8.055   322.9      0.418      0.103      0.562      0.339     -0.349     -0.056
484.4000      -1008.337    -1016.413        8.076   323.7      0.550      0.782      0.875      0.296     -0.418      0.193
484.6000      -1008.300    -1016.981        8.681   348.0      0.430      0.765      1.598      0.267      0.473      0.175
484.8000      -1007.650    -1015.804        8.154   326.8      0.434     -0.667      0.790     -0.128     -0.145      0.259
485.0000      -1007.059    -1015.894        8.835   354.2      0.615      0.551      1.094      0.486      0.300      0.133
485.2000      -1007.105    -1015.425        8.320   333.5      0.241     -0.250     -0.486      0.240      0.116     -0.156
485.4000      -1007.578    -1015.601        8.023   321.6      0.834      0.179      0.085     -0.244     -0.401     -0.186
485.6000      -1007.546    -1015.289        7.743   310.4     -0.995     -0.306      0.569     -0.068     -0.116      0.107
485.8000      -1008.006    -1016.227        8.221   329.5     -0.079      1.397      0.739      0.612     -0.023      0.356
486.0000      -1008.305    -1015.871        7.566   303.3     -0.802      0.506      0.821     -0.291      0.360     -0.128
486.2000      -1008.173    -1015.202        7.029   281.8      1.151     -0.459     -0.016      0.234      0.292      0.383
486.4000      -1008.561    -1016.365        7.804   312.8     -0.022     -0.106     -0.054     -0.100      0.416     -0.353
486.6000      -1007.786    -1015.678        7.892   316.3      1.102      0.329      0.165      0.361      0.318     -0.076
486.8000      -1008.107    -1015.456        7.349   294.6      0.596     -0.105      0.706     -0.023      0.408      0.287
487.0000      -1008.286    -1016.216        7.930   317.9      0.529      0.408      0.306      0.507     -0.042      0.240
487.2000      -1008.191    -1015.900        7.709   309.0      0.117      0.232      0.759     -0.261      0.152      0.102
487.4000      -1007.202    -1016.157        8.955   359.0      0.292      1.146     -0.401      0.748     -0.093     -0.116
487.6000      -1007.128    -1015.995        8.866   355.4     -0.076     -0.608      0.190     -0.385     -0.185      0.461
487.8000      -1006.995    -1015.105        8.110   325.1     -0.580     -0.189      0.278     -0.086      0.056     -0.151
488.0000      -1006.298    -1015.112        8.814   353.3     -0.513      0.528      0.546      0.023      0.165     -0.106
488.2000      -1006.387    -1015.443        9.056   363.0     -0.114      0.936      0.542     -0.554      0.555      0.285
488.4000      -1005.777    -1013.853        8.076   323.7     -0.629     -0.173      0.478      0.064      0.024     -0.282
488.6000      -1005.109    -1013.866        8.758   351.0      0.130      0.449     -0.609     -0.171      0.376      0.431
488.8000      -1005.676    -1014.375        8.699   348.7      0.912      0.772      1.125     -0.003      0.251      0.101
489.0000      -1005.181    -1013.888        8.707   349.0      0.911      1.236      0.850     -0.326      0.171     -0.018
489.2000      -1005.245    -1013.685        8.440   338.3      0.855      0.932      0.570      0.010      0.584     -0.028
489.4000      -1004.676    -1013.095        8.420   337.5      0.191     -0.155      0.174      0.362      0.241     -0.111
489.6000      -1005.684    -1014.131        8.447   338.6      0.165      0.611      1.002      0.119     -0.148     -0.232
489.8000      -1005.345    -1013.705        8.360   335.1      0.358      0.445      0.517      0.511      0.343      0.160
490.0000      -1006.237    -1013.887        7.650   306.7      0.033      0.871      0.862      0.028      0.124      0.089
490.2000      -1006.519    -1014.218        7.698   308.6      0.158     -0.381     -0.667     -0.146     -0.422      0.163
490.4000      -1006.415    -1014.904        8.489   340.3      0.148     -0.077     -0.586      0.244      1.033     -0.031
490.6000      -1006.629    -1014.822        8.193   328.4      0.724      0.295      0.337      0.078      0.254      0.094
490.8000      -1007.055    -1015.282        8.227   329.8      0.207      0.558      0.456      0.077      0.131     -0.033
491.0000      -1007.140    -1015.389        8.248   330.6     -0.380      0.040      0.386      0.080      0.335     -0.324
491.2000      -1007.030    -1015.209        8.179   327.9      0.787      0.559      0.212      0.210      0.351     -0.418
491.4000      -1006.944    -1014.296        7.352   294.7      0.866      0.079      0.288     -0.006      0.046     -0.486
491.6000      -1007.184    -1014.881        7.698   308.6      0.760     -0.003      0.428      0.033     -0.352      0.052
491.8000      -1007.550    -1015.707        8.158   327.0     -0.540      0.115     -0.607      0.460     -0.238     -0.447
492.0000      -1008.188    -1016.154        7.966   319.3      0.607      0.162      0.272     -0.147      0.187     -0.316
492.2000      -1008.072    -1016.050        7.978   319.8      0.395      0.641     -0.024      0.024     -0.374     -0.344
492.4000      -1007.760    -1016.382        8.622   345.6     -0.170     -0.975     -0.427      0.052     -0.197      0.003
492.6000      -1008.054    -1015.844        7.789   312.2      0.376      0.510      0.610     -0.420      0.343     -0.523
492.8000      -1007.779    -1016.239        8.459   339.1      0.519     -0.586     -0.185      0.034     -0.111     -0.005
493.0000      -1006.997    -1014.875        7.878   315.8     -0.102     -0.052      0.813      0.061      0.080      0.675
493.2000      -1007.223    -1015.397        8.174   327.7      0.545      0.191      0.730     -0.129     -0.328      0.854
493.4000      -1007.560    -1016.281        8.722   349.6      0.690      0.529      0.750      0.158     -0.197     -0.206
493.6000      -1006.614    -1015.188        8.574   343.7      1.313      0.497      1.186      0.366     -0.082      0.825
493.8000      -1007.146    -1015.603        8.457   339.0      0.334     -0.134      0.727     -0.148      0.275      0.175
494.0000      -1007.377    -1016.042        8.665   347.3      0.872      0.176      0.777      0.292      0.295     -0.368
494.2000      -1008.045    -1016.230        8.185   328.1      1.493      1.032      1.216     -0.398     -0.119      0.175
494.4000      -1007.692    -1016.326        8.634   346.1      0.179      0.063     -0.467     -0.403      0.180      0.370
494.6000      -1007.833    -1016.063        8.230   329.9     -0.331     -0.170      0.270     -0.431      0.346     -0.101
494.8000      -1007.647    -1016.232        8.584   344.1      0.862     -0.659      0.941     -0.056     -0.222      0.288
495.0000      -1007.577    -1015.523        7.946   318.5      0.017      0.065     -0.080      0.390     -0.208     -0.153
495.2000      -1007.311    -1015.166        7.855   314.9      0.589     -0.508     -0.102      0.067     -0.186     -0.515
495.4000      -1006.898    -1015.991        9.094   364.5      0.032      0.740     -0.192     -0.137      0.344     -0.503
495.6000      -1006.563    -1014.913        8.351   334.7      0.431      0.244      0.622      0.021      0.444     -0.041
495.8000      -1006.315    -1014.796        8.482   340.0      0.334     -0.385      0.265     -0.517     -0.056     -0.091
496.0000      -1006.255    -1015.095        8.840   354.3      0.457      0.875      0.073     -0.475     -0.322     -0.141
496.2000      -1005.759    -1014.654        8.894   356.5     -0.414     -0.203      0.016      0.662     -0.091      0.294
496.4000      -1005.793    -1014.416        8.624   345.7      1.030      0.004      0.220     -0.496     -0.575     -0.535
496.6000      -1006.444    -1015.002        8.557   343.0      0.416      0.040      1.199     -0.225     -0.045     -0.533
496.8000      -1005.605    -1013.875        8.269   331.5      1.474      0.195      0.448      0.027     -0.413      0.460
497.0000      -1006.129    -1014.681        8.552   342.8      1.292      0.824      0.309      0.521     -0.222     -0.207
497.2000      -1006.332    -1014.080        7.748   310.6      0.407      1.836      0.648      0.160     -0.442     -0.143
497.4000      -1005.973    -1014.791        8.817   353.4      0.332     -0.595     -0.191     -0.712     -0.496      0.417
497.6000      -1007.046    -1014.993        7.947   318.6     -0.228      0.365      0.985     -0.548      0.294     -0.191
497.8000      -1006.270    -1014.470        8.200   328.7      0.024      0.131      0.395      0.037     -0.065      0.252
498.0000      -1006.374    -1014.689        8.315   333.3      0.528      0.077      0.359      0.474      0.043     -0.392
498.2000      -1006.420    -1015.390        8.969   359.5      0.338      0.516      0.943      0.227     -0.085     -0.242
498.4000      -1006.834    -1014.620        7.785   312.1     -0.169      0.229     -0.640      0.214      0.117     -0.104
498.6000      -1006.413    -1014.982        8.569   343.5      0.525     -0.461     -0.578     -0.110     -0.188      0.358
498.8000      -1006.578    -1015.416        8.838   354.3     -0.007      0.103      0.142      0.234      0.615      0.105
499.0000      -1006.747    -1014.922        8.176   327.7      0.348      0.220      0.780     -0.311      0.465      0.017
499.2000      -1006.577    -1015.300        8.722   349.6      0.113     -0.058      0.034     -0.099     -0.277     -0.530
499.4000      -1007.693    -1015.911        8.218   329.4      1.077      1.062      1.001     -0.028     -0.403     -0.326
499.6000      -1007.634    -1016.172        8.537   342.2      0.106      0.545      0.351     -0.107      0.078     -0.777
499.8000      -1006.966    -1015.314        8.348   334.6     -0.125      1.293      0.628     -0.148     -0.299     -0.155
500.0000      -1006.662    -1014.163        7.500   300.7      0.459      0.362     -0.806      0.228     -0.148      0.292
500.2000      -1006.893    -1014.257        7.364   295.2      0.331     -0.124      0.436     -0.270     -0.432     -0.261
500.4000      -1008.107    -1015.715        7.608   305.0      0.141      1.014     -0.247     -0.380     -0.161      0.040
500.6000      -1007.626    -1015.404        7.778   311.8      0.260      0.424      0.533     -0.349      0.389     -0.319
500.8000      -1007.528    -1015.036        7.508   301.0      0.419      0.684     -0.031     -0.721      0.113      0.142
501.0000      -1007.165    -1014.158        6.994   280.3      0.521     -0.019     -0.261      0.012     -0.088     -0.246
501.2000      -1007.263    -1014.961        7.698   308.6     -0.056     -0.222     -0.101     -0.228      0.449      0.147
501.4000      -1007.223    -1014.995        7.772   311.5      0.200      0.047      1.018      0.334      0.872     -0.147
501.6000      -1007.476    -1015.365        7.889   316.2     -0.043      0.275      0.766     -0.247      0.437     -0.355
501.8000      -1008.012    -1015.490        7.479   299.8      0.576      1.270      0.479      0.367      0.152     -0.412
502.0000      -1007.955    -1015.897        7.942   318.3      0.750      1.003      1.291      0.462     -0.086     -0.064
502.2000      -1008.115    -1016.326        8.212   329.2      0.465      0.290      0.803      0.265      0.148      0.384
502.4000      -1008.871    -1016.466        7.596   304.5     -0.666      0.284      0.529      0.403     -0.161     -0.360
502.6000      -1008.397    -1016.235        7.838   314.2      0.113     -0.570      0.327     -0.028      0.117     -0.197
502.8000      -1008.645    -1016.457        7.813   313.2      0.100      0.457      0.475     -0.130     -0.066     -0.068
503.0000      -1007.459    -1015.496        8.037   322.2     -0.344     -0.133     -0.012      0.654     -0.599      0.213
503.2000      -1007.657    -1015.511        7.854   314.8      1.206      0.154      0.425      0.036      0.370      0.221
503.4000      -1007.392    -1015.458        8.065   323.3      0.758      0.502     -0.657     -0.145     -0.361      0.486
503.6000      -1007.723    -1016.259        8.536   342.2      0.605      0.805      0.502     -0.691      0.232     -0.037
503.8000      -1008.203    -1016.367        8.164   327.2     -0.328      0.548      0.720     -0.308     -0.369      0.011
504.0000      -1008.785    -1015.599        6.814   273.1     -0.185     -0.323      0.396     -0.027     -0.613      0.208
504.2000      -1008.670    -1016.324        7.654   306.8     -0.339     -0.351     -0.135      0.084     -0.291      0.080
504.4000      -1008.442    -1016.584        8.142   326.4      0.850      0.728      0.061      0.062     -0.284     -0.088
504.6000      -1008.479    -1016.103        7.624   305.6     -0.208      0.218      0.130     -0.133     -0.018     -0.319
504.8000      -1008.521    -1016.675        8.154   326.9     -0.111      1.239      0.529      0.280      0.144     -0.264
505.0000      -1008.095    -1015.357        7.262   291.1      0.258      0.674      0.061      0.391      0.286     -0.674
505.2000      -1007.183    -1015.141        7.958   319.0      1.273      0.017      0.472     -0.441      0.068     -0.169
505.4000      -1007.934    -1015.568        7.634   306.0     -1.091      0.490      0.005     -0.073     -0.174      0.562
505.6000      -1006.647    -1015.196        8.549   342.7      0.696      0.649      0.100      0.690     -0.397      0.792
505.8000      -1006.696    -1015.058        8.362   335.2      0.355     -0.544      0.725     -0.245     -0.121     -0.210
506.0000      -1006.851    -1014.727        7.876   315.7      0.365      0.393      0.448      0.038     -0.056      0.323
506.2000      -1007.055    -1014.335        7.280   291.8      1.321      0.736      0.069      0.299      0.101      0.269
506.4000      -1006.652    -1014.912        8.260   331.1     -0.091      0.024      0.152      0.343     -0.285     -0.358
506.6000      -1006.675    -1015.147        8.472   339.6      0.914      0.346      0.991      0.152      0.096     -0.320
506.8000      -1006.887    -1015.491        8.604   344.9      0.546     -0.718      0.452     -0.402      0.406      0.299
507.0000      -1006.608    -1014.952        8.345   334.5      0.191      0.347      0.322      0.179      0.272      0.345
507.2000      -1006.925    -1014.523        7.598   304.6      0.418      0.494      1.708      0.018      0.596     -0.416
507.4000      -1006.698    -1014.616        7.918   317.4      0.700      0.704      1.032      0.203      0.643      0.628
507.6000      -1006.696    -1014.982        8.287   332.2      0.098     -0.168      0.458      0.217     -0.002      0.038
507.8000      -1006.963    -1014.958        7.996   320.5     -0.580      0.641      0.320     -0.475     -0.094      0.281
508.0000      -1006.227    -1015.262        9.035   362.2     -0.587      0.857      0.539      0.187     -0.119     -0.246
508.2000      -1006.844    -1015.413        8.569   343.5      0.561      0.291     -0.061     -0.021      0.445     -0.121
508.4000      -1007.734    -1015.942        8.208   329.0      0.037      0.215      0.113     -0.008      0.080      0.231
508.6000      -1007.363    -1015.406        8.043   322.4      0.221      1.000      0.955      0.004      0.034     -0.631
508.8000      -1007.498    -1015.203        7.706   308.9     -0.407      0.773      0.298     -0.319      0.163      0.105
509.0000      -1007.462    -1015.260        7.798   312.6     -0.304      0.183      0.189      0.169      0.037     -0.081
509.2000      -1007.255    -1014.525        7.270   291.4      0.824      1.328      0.939     -0.552      0.126     -0.879
509.4000      -1006.470    -1014.541        8.071   323.5     -0.087      0.673     -0.595     -0.302     -0.774     -0.015
509.6000      -1005.254    -1013.933        8.679   347.9     -0.324     -0.705      0.149      0.391      0.633     -0.354
509.8000      -1004.980    -1013.214        8.233   330.0      1.127      0.313      0.519      0.307     -0.346      0.916
510.0000      -1005.611    -1013.628        8.017   321.4      0.962      2.130      0.888     -0.490      0.491     -0.020
510.2000      -1005.037    -1013.678        8.641   346.4      0.015     -0.458     -0.310     -0.583      0.121      0.622
510.4000      -1004.991    -1013.282        8.292   332.4      0.402      0.967      0.714     -0.666     -0.727     -0.139
510.6000      -1005.196    -1012.878        7.682   307.9      1.130      1.017      1.075      0.142     -0.351      0.193
510.8000      -1005.729    -1015.158        9.429   378.0      0.294      0.156      0.240     -0.007      0.242      0.677
511.0000      -1006.464    -1014.645        8.181   327.9      0.952      0.482      0.454      0.184     -0.465      0.609
511.2000      -1005.728    -1013.886        8.158   327.0     -0.138      1.164     -0.044      0.796      0.295      0.560
511.4000      -1005.168    -1014.187        9.019   361.5     -0.042      0.480      0.607      0.185      0.294     -0.479
511.6000      -1005.180    -1014.212        9.032   362.1     -0.227     -0.452     -0.419      0.299      0.059     -0.068
511.8000      -1005.331    -1014.165        8.833   354.1     -0.357      0.633     -0.733      0.229      0.004      0.288
512.0000      -1006.050    -1015.383        9.333   374.1     -0.082      0.415      0.242      0.043      0.033     -0.019
512.2000      -1006.198    -1014.355        8.157   327.0      0.359     -0.566      0.664      0.100      0.126     -0.007
512.4000      -1008.042    -1015.512        7.471   299.5      0.753      0.185      0.068     -0.330     -0.688     -0.196
512.6000      -1007.240    -1015.891        8.652   346.8     -0.430     -1.271     -0.104     -0.438     -0.353      0.232
512.8000      -1007.165    -1015.339        8.174   327.7     -1.439     -0.643     -0.831     -0.297      0.459      0.547
513.0000      -1006.848    -1015.447        8.598   344.7      0.848      0.700     -0.315     -0.110      0.129      0.038
513.2000      -1006.017    -1014.939        8.922   357.7      0.670      0.965      0.857      0.755     -0.099      0.230
513.4000      -1006.480    -1015.009        8.529   341.9      0.799      0.998      0.311     -0.791      0.113     -0.361
513.6000      -1007.055    -1015.277        8.222   329.6      0.025      0.781      0.483     -0.598     -0.086      0.095
513.8000      -1006.462    -1014.754        8.292   332.4      0.474      0.779      0.577     -0.232     -0.684     -0.494
514.0000      -1006.080    -1014.235        8.155   326.9      1.030      0.922      0.779     -0.087     -0.379      0.057
514.2000      -1006.392    -1014.280        7.887   316.2      0.629      0.410      1.402     -0.341      0.151     -0.195
514.4000      -1006.911    -1014.886        7.975   319.7     -0.500      0.362      0.720      0.172     -0.320     -0.331
514.6000      -1005.132    -1014.308        9.176   367.8      0.572     -0.067      0.783     -0.677     -0.242      0.077
514.8000      -1006.390    -1015.180        8.790   352.3      0.225      0.381      0.174      0.460     -0.025     -0.337
515.0000      -1006.581    -1014.640        8.058   323.0     -0.406      0.917      0.338     -0.375      0.204      0.176
515.2000      -1006.458    -1014.449        7.991   320.3      1.652      0.269      0.894      0.076     -0.136     -0.047
515.4000      -1006.498    -1014.573        8.076   323.7     -0.031      0.124      0.049      0.395     -0.102      0.220
515.6000      -1006.105    -1015.141        9.037   362.2      0.706      0.336      0.431     -0.239     -0.158      0.036
515.8000      -1006.480    -1014.513        8.033   322.0     -0.041      0.971      0.665      0.255     -0.247     -0.100
516.0000      -1006.488    -1014.770        8.282   332.0      0.518      0.223      0.551     -0.294     -0.466      0.183
516.2000      -1006.741    -1014.712        7.971   319.5     -0.371      0.391     -0.721      0.224     -0.224     -0.078
516.4000      -1006.834    -1014.471        7.637   306.1      0.917     -0.279      1.021      0.134     -0.048     -0.232
516.6000      -1006.502    -1014.638        8.136   326.1      0.270      0.195     -0.061      0.443     -0.460     -0.177
516.8000      -1006.905    -1015.134        8.229   329.8      1.108      0.797      1.402     -0.073      0.210      0.130
517.0000      -1007.857    -1015.624        7.767   311.3     -0.552     -0.676      0.614      0.462     -0.380     -0.374
517.2000      -1007.613    -1015.769        8.155   326.9      1.032      0.771      0.966      0.469      0.985     -0.121
517.4000      -1007.310    -1016.286        8.976   359.8     -0.137      0.434     -0.220     -0.453     -0.195     -0.058
517.6000      -1008.250    -1016.395        8.145   326.5      0.744      0.604      0.277      0.414      0.101     -0.010
517.8000      -1007.391    -1016.136        8.746   350.6     -0.117      0.275      0.469      0.254      0.042      0.076
518.0000      -1007.240    -1015.393        8.153   326.8      0.311     -0.290      1.091     -0.060     -0.394      0.048
518.2000      -1006.931    -1015.860        8.930   357.9      0.624      0.676      0.416     -0.089     -0.149     -0.207
518.4000      -1006.274    -1016.104        9.830   394.0      0.470      0.545      0.633     -0.176      0.233     -0.292
518.6000      -1005.661    -1014.270        8.608   345.1      0.599     -0.234      0.657     -0.506      0.261      0.612
518.8000      -1006.287    -1015.462        9.175   367.8      0.182      0.799      0.560     -0.343     -0.321      0.353
519.0000      -1006.461    -1015.212        8.751   350.8      0.364      0.053      0.582     -0.483      0.287      0.039
519.2000      -1006.722    -1015.237        8.516   341.3     -0.073      0.466      0.899      0.104     -0.188      0.219
519.4000      -1007.803    -1015.901        8.098   324.6     -0.013     -0.019     -0.523     -0.014     -0.376      0.237
519.6000      -1007.674    -1015.760        8.086   324.1      0.942      0.467      1.436      0.498      0.295     -0.173
519.8000      -1006.802    -1015.633        8.830   354.0     -0.096      0.715      1.164      0.309      0.222      0.595
520.0000      -1007.406    -1015.798        8.393   336.4      0.512      0.173      0.733     -0.218     -0.248      0.485
520.2000      -1007.571    -1016.015        8.444   338.5      0.076     -0.862     -0.419      0.312      0.462     -0.153
520.4000      -1007.294    -1016.169        8.876   355.8      0.312     -0.234     -1.036      0.187      0.570     -0.263
520.6000      -1006.658    -1015.421        8.763   351.3     -0.391     -0.398     -0.332      0.456      0.410     -0.034
520.8000      -1005.782    -1014.461        8.679   347.9     -0.066     -0.199     -0.129      0.351     -0.225     -0.503
521.0000      -1006.138    -1014.966        8.828   353.9     -0.165      0.604      0.847     -0.560      0.122      0.381
521.2000      -1006.090    -1015.105        9.015   361.4      0.552     -0.070     -0.281     -0.386      0.792      0.089
521.4000      -1007.331    -1016.483        9.152   366.9     -0.284     -0.208     -0.649      0.307     -0.311      0.295
521.6000      -1007.762    -1015.437        7.675   307.7      1.155      0.527      0.573      0.277      0.015      0.173
521.8000      -1008.128    -1016.259        8.131   325.9      0.559      0.681      0.222      0.018     -0.591     -0.010
522.0000      -1007.520    -1015.880        8.360   335.1      0.497      0.427      0.194     -0.276      0.489     -0.401
522.2000      -1007.300    -1016.450        9.150   366.8      0.210     -0.807      0.861     -0.319      0.069     -0.809
522.4000      -1008.176    -1015.876        7.700   308.6     -0.691     -0.660     -0.025      0.607     -0.272     -0.046
522.6000      -1007.804    -1016.033        8.228   329.8     -0.142      0.513     -1.004      0.093      0.101     -0.703
522.8000      -1008.851    -1017.310        8.459   339.1     -0.432     -0.768      0.183     -0.096     -0.430     -0.182
523.0000      -1008.453    -1016.430        7.977   319.7     -0.435     -1.119     -0.504      0.114     -0.058     -0.134
523.2000      -1009.817    -1016.772        6.955   278.8      0.853      0.705      1.366      0.104     -0.381     -0.457
523.4000      -1008.689    -1016.833        8.144   326.4     -0.253      0.292      0.466      0.281     -0.178      0.222
523.6000      -1008.024    -1015.880        7.856   314.9      0.940      0.493      0.272      0.033     -0.138      0.325
523.8000      -1008.206    -1016.517        8.311   333.1      0.745      0.965      0.010      0.377      0.035      0.488
524.0000      -1008.372    -1016.319        7.946   318.5      1.577      0.674      1.326      0.268      0.505     -0.045
524.2000      -1009.092    -1016.969        7.876   315.7      0.972      0.983      0.530      0.066     -0.334     -0.034
524.4000      -1008.692    -1016.477        7.785   312.1     -0.174      0.236      0.057     -0.204      0.775     -0.806
524.6000      -1008.617    -1016.145        7.527   301.7      0.014      0.051      0.671     -0.124      0.005      0.255
524.8000      -1008.243    -1016.096        7.853   314.8     -0.267     -0.732     -0.165     -0.274     -0.248      0.103
525.0000      -1007.433    -1015.676        8.243   330.4      1.183      1.899      1.296     -0.169      0.202      0.334
525.2000      -1007.118    -1015.321        8.203   328.8      0.482     -0.056     -0.376     -0.202     -0.216     -0.788
525.4000      -1007.636    -1015.386        7.750   310.7      1.666      1.335      0.301     -0.595      0.350     -0.030
525.6000      -1007.362    -1015.762        8.400   336.7     -0.266     -0.554     -0.179     -0.128      0.780      0.236
525.8000      -1007.302    -1015.455        8.153   326.8     -0.798     -0.662      0.531      0.179     -0.418     -0.506
526.0000      -1008.261    -1016.955        8.694   348.5      0.656     -0.384     -0.099      0.156      0.257     -0.008
526.2000      -1006.794    -1015.211        8.417   337.4     -0.152      1.127     -0.327     -0.718     -0.550      0.379
526.4000      -1007.215    -1014.553        7.338   294.1     -0.537      0.342      0.048     -0.024      0.279      0.220
526.6000      -1008.102    -1016.349        8.248   330.6      0.045      0.908      0.633     -0.364      0.342      0.584
526.8000      -1008.194    -1016.301        8.106   324.9      0.611     -0.645     -0.148     -0.157      0.185     -0.132
527.0000      -1007.235    -1015.059        7.824   313.6      0.319      0.591     -0.365      0.317     -0.419     -0.368
527.2000      -1007.554    -1015.525        7.971   319.5     -0.443      0.172      0.447     -0.128      0.074     -0.262
527.4000      -1008.498    -1015.718        7.220   289.4      0.822     -0.162     -0.397      0.096     -0.328      0.046
527.6000      -1008.428    -1015.969        7.541   302.3     -0.266      0.842      0.574      0.787      0.109     -0.267
527.8000      -1007.483    -1015.964        8.481   340.0      0.431     -0.820      0.626     -0.076     -0.063     -0.391
528.0000      -1007.406    -1015.596        8.190   328.3      0.698     -0.101     -0.193      0.515      0.210     -0.554
528.2000      -1007.135    -1015.721        8.586   344.2      0.697      0.107      1.017      0.317      0.203      0.413
528.4000      -1006.253    -1015.397        9.144   366.5     -0.300     -0.326     -0.133      0.317      0.062     -0.396
528.6000      -1006.818    -1015.891        9.073   363.7      0.855      0.174      0.923      0.022     -0.038      0.116
528.8000      -1008.069    -1017.046        8.976   359.8      0.048      0.696     -0.512     -0.366      0.009     -0.009
529.0000      -1008.927    -1016.411        7.483   300.0     -0.366     -0.096      0.311      0.939     -0.456     -0.028
529.2000      -1008.897    -1016.722        7.825   313.7     -0.302      0.010     -0.376     -0.716      0.463      0.069
529.4000      -1008.740    -1016.579        7.838   314.2      0.119      1.290      0.949      0.224     -0.068      0.382
529.6000      -1009.236    -1017.589        8.353   334.8      0.272      0.263      0.737      0.188      0.816      0.142
529.8000      -1008.717    -1016.356        7.639   306.2      0.090      0.334     -0.050      0.213     -0.310     -0.152
530.0000      -1007.271    -1016.186        8.916   357.4      0.565     -0.302      0.519      0.335      0.788      0.156
530.2000      -1007.240    -1015.723        8.483   340.0     -0.090      0.075      0.019     -0.405     -0.233      0.193
530.4000      -1007.559    -1015.598        8.039   322.2     -0.912      0.447     -0.470      0.473     -0.378      0.494
530.6000      -1008.077    -1015.964        7.887   316.2      0.274      0.128      0.325     -0.031      0.447      0.102
530.8000      -1008.196    -1016.255        8.059   323.1      1.004      1.062      0.452     -0.187      0.216      0.058
531.0000      -1008.005    -1015.857        7.852   314.7      1.369      0.536      0.423     -0.292     -0.689     -0.323
531.2000      -1008.570    -1016.017        7.447   298.5     -0.296      0.534      0.315     -0.481      0.254     -0.006
531.4000      -1007.482    -1015.602        8.119   325.5     -0.238      0.543      0.921     -0.474     -0.433      0.097
531.6000      -1007.499    -1015.692        8.193   328.4     -0.007     -0.044     -0.205      0.032      0.154      0.530
531.8000      -1008.270    -1016.173        7.904   316.8      0.934      0.322      0.403     -0.250     -0.119     -0.120
532.0000      -1007.100    -1015.051        7.950   318.7     -0.696     -0.071     -0.128      0.202     -0.096      0.161
532.2000      -1007.424    -1016.104        8.680   347.9      0.008     -0.085      0.515     -0.594      0.143      0.395
532.4000      -1007.841    -1015.703        7.862   315.1      0.229      0.191     -0.084     -0.182     -0.428      0.220
532.6000      -1007.415    -1015.812        8.397   336.6     -0.382     -0.286      0.677     -0.193      0.896     -0.117
532.8000      -1007.745    -1015.967        8.222   329.6     -0.221      0.358     -0.508      0.444      0.104      0.425
533.0000      -1007.406    -1016.107        8.701   348.8      1.132      0.953      0.324     -0.909      0.217     -0.663
533.2000      -1008.459    -1016.876        8.416   337.4      1.207      0.788      1.025      0.211      0.124     -0.366
533.4000      -1008.202    -1016.288        8.086   324.1      0.162     -0.342     -0.895     -0.515      0.806      0.219
533.6000      -1008.114    -1016.656        8.542   342.4      1.422      0.412      1.363      0.026     -0.315      0.138
533.8000      -1007.171    -1015.697        8.526   341.8      0.644      0.433     -0.481     -0.337      0.058      0.288
534.0000      -1007.863    -1016.296        8.433   338.0      0.016      0.056      0.336      0.135      0.301     -0.185
534.2000      -1007.544    -1015.989        8.446   338.5      1.063      0.218      0.129     -0.618      0.199     -0.236
534.4000      -1007.692    -1016.291        8.600   344.7      1.210     -0.992      0.061     -0.285     -0.373     -0.123
534.6000      -1007.755    -1016.238        8.483   340.0     -0.227     -0.415      0.107     -0.065     -0.008     -0.391
534.8000      -1007.512    -1015.933        8.421   337.6      0.602      0.673      0.007     -0.148      0.065      0.038
535.0000      -1008.151    -1016.296        8.145   326.5      0.157      0.393      0.202      0.025      0.126      0.133
535.2000      -1007.878    -1016.201        8.323   333.6      0.510     -0.440     -0.102      0.257     -0.810      0.241
535.4000      -1009.030    -1016.535        7.505   300.8     -0.653      0.926     -0.507      0.264     -0.104      0.713
535.6000      -1008.136    -1015.496        7.361   295.1      1.025      0.248      0.709     -0.125      0.117     -0.149
535.8000      -1008.482    -1016.684        8.202   328.8     -0.126     -0.855     -0.007     -0.134     -0.073      0.149
536.0000      -1008.015    -1015.488        7.473   299.6      1.110      0.548      0.317     -0.089     -0.218      0.174
536.2000      -1008.235    -1017.345        9.110   365.2     -0.016      0.730     -0.075      0.064     -0.137     -0.493
536.4000      -1008.769    -1016.714        7.944   318.5      0.789      0.983      0.420     -0.863      0.035     -0.015
536.6000      -1008.784    -1016.483        7.699   308.6      0.595      1.195     -0.050     -0.510      0.318      0.051
536.8000      -1008.349    -1016.386        8.037   322.1      0.142     -0.019      0.049     -0.663      0.779     -0.136
537.0000      -1008.858    -1016.736        7.878   315.8      0.139     -0.025     -0.085      0.051      0.236     -0.143
537.2000      -1008.660    -1016.692        8.032   322.0      0.535      0.190     -0.162      0.041      0.292      0.384
537.4000      -1008.837    -1016.729        7.892   316.4     -0.169      0.815      0.304      0.363     -0.270     -0.471
537.6000      -1008.602    -1016.479        7.877   315.7      0.236      1.370     -0.245      0.102     -0.240      0.049
537.8000      -1007.573    -1015.625        8.052   322.8     -0.273      0.140      0.277     -0.246      0.128     -0.301
538.0000      -1007.079    -1015.954        8.875   355.7      0.002      0.298     -0.428      0.313     -0.218      0.791
538.2000      -1007.127    -1016.048        8.921   357.6      0.046      0.828      0.319     -0.110      0.375      0.253
538.4000      -1007.852    -1015.534        7.682   307.9     -0.909      0.394     -0.631      0.016     -0.396      0.475
538.6000      -1008.107    -1016.427        8.320   333.5      0.229      0.763      0.241     -0.242     -0.146      0.233
538.8000      -1007.270    -1016.073        8.803   352.9      0.882      1.007      0.827      0.065     -0.220     -0.575
539.0000      -1006.587    -1014.709        8.122   325.6     -0.254     -0.222     -0.249     -0.006      0.807     -0.256
539.2000      -1005.927    -1014.653        8.725   349.8      0.238      0.969     -0.039     -0.313      0.517     -0.221
539.4000      -1006.218    -1014.930        8.712   349.2      0.797      0.888      0.809      0.468      0.256      0.130
539.6000      -1005.936    -1014.103        8.167   327.4     -0.088     -0.153      1.094     -0.109     -0.165      0.047
539.8000      -1005.737    -1013.988        8.251   330.7      0.417      0.454      0.597     -0.026      0.373     -0.229
540.0000      -1005.690    -1014.633        8.943   358.5      0.037      0.490     -0.916      0.271      0.340     -0.238
540.2000      -1006.000    -1014.520        8.520   341.5     -0.146      0.797     -0.506     -0.415     -0.008      0.425
540.4000      -1006.472    -1014.677        8.205   328.9     -1.128     -0.163     -0.486     -0.214      0.079     -0.323
540.6000      -1006.917    -1014.243        7.326   293.7      0.531     -0.190      0.045     -0.204      0.463     -0.515
540.8000      -1007.743    -1015.307        7.565   303.2     -0.176      1.241      0.878      0.449      0.043      0.559
541.0000      -1007.506    -1016.141        8.635   346.1      0.068      0.108     -0.601     -0.354     -0.485      0.335
541.2000      -1008.504    -1016.274        7.771   311.5     -0.595     -0.220      0.388     -0.130      0.090     -0.067
541.4000      -1008.235    -1016.370        8.134   326.1      0.488      0.276      0.291      0.077     -0.024     -0.322
541.6000      -1007.555    -1015.633        8.078   323.8      0.425      0.162      0.405      0.201      0.061     -0.266
541.8000      -1007.266    -1015.851        8.585   344.1      0.079      0.728      0.909      0.124     -0.113      0.372
542.0000      -1007.256    -1015.843        8.587   344.2      0.685     -0.091      0.314     -0.460     -0.230     -0.228
542.2000      -1007.178    -1015.498        8.321   333.5      0.244      1.053     -0.841     -0.308      0.070      0.337
542.4000      -1008.631    -1016.039        7.408   297.0     -0.858      2.084     -0.118     -0.182     -0.335      0.386
542.6000      -1007.883    -1016.275        8.392   336.4      1.385      0.707      0.046     -1.064     -0.484      0.069
542.8000      -1007.624    -1016.273        8.649   346.7      0.182      0.703     -0.002     -0.708      0.278      0.026
543.0000      -1007.856    -1015.932        8.077   323.8      1.620      1.443      0.564      0.039     -0.155      0.169
543.2000      -1008.703    -1016.408        7.705   308.9     -0.179      0.138     -0.009     -0.355     -0.318     -0.331
543.4000      -1009.229    -1016.757        7.528   301.8      0.880      0.670     -0.493      0.358      0.323     -0.090
543.6000      -1010.269    -1017.320        7.051   282.6     -0.027      0.718      0.574      0.108      0.013     -0.215
543.8000      -1009.864    -1017.602        7.737   310.2     -0.272      0.307     -0.031     -0.416     -0.028      0.132
544.0000      -1009.248    -1016.664        7.416   297.3      1.153      0.101      0.391     -0.061      0.193      0.256
544.2000      -1008.488    -1016.695        8.207   329.0      1.169      0.583      0.091     -0.028     -0.424      0.270
544.4000      -1008.379    -1016.400        8.021   321.5     -0.225      0.756      0.869      0.159     -0.160      0.554
544.6000      -1008.753    -1016.925        8.172   327.6     -0.088      0.287      0.413      0.017     -0.386     -0.192
544.8000      -1008.709    -1016.449        7.740   310.3     -0.542      0.322     -0.355      0.019      0.093     -0.379
545.0000      -1008.111    -1016.090        7.980   319.9      0.114      0.382     -0.325      0.168     -0.544      0.140
545.2000      -1008.843    -1016.366        7.523   301.5      0.748      0.979      2.624      0.024      0.003      0.280
545.4000      -1008.602    -1016.651        8.049   322.6     -0.457     -0.352     -0.753      0.236      0.006     -0.117
545.6000      -1008.140    -1015.754        7.614   305.2      1.321      1.073      0.426      0.050     -0.243      0.455
545.8000      -1007.633    -1016.023        8.390   336.3      0.864      0.100     -0.593     -0.110     -0.250      0.225
546.0000      -1006.835    -1015.215        8.379   335.9     -0.028     -0.383      0.464     -0.464     -0.087      0.214
546.2000      -1006.801    -1015.430        8.629   345.9      0.769     -0.246     -0.950      0.416      0.087      0.199
546.4000      -1008.446    -1015.913        7.466   299.3     -0.190      0.262      0.585      0.038      0.652     -0.170
546.6000      -1007.831    -1016.230        8.399   336.7     -0.606      0.248     -0.021      0.050     -0.099     -0.131
546.8000      -1008.472    -1015.696        7.224   289.6      0.800      0.101      0.918     -0.082     -0.254     -0.254
547.0000      -1007.149    -1015.148        7.999   320.6      0.617     -0.378     -0.322     -0.087     -0.031     -0.228
547.2000      -1006.771    -1014.626        7.855   314.9      0.211      0.305      0.228      0.021      0.367      0.186
547.4000      -1006.847    -1015.749        8.901   356.8      0.785      0.494      0.568      0.535      0.448      0.265
547.6000      -1007.446    -1015.779        8.333   334.0     -0.536     -0.198      0.024      0.071      0.017      0.090
547.8000      -1007.316    -1015.763        8.446   338.6      0.723     -0.602      0.038      1.012      0.089     -0.636
548.0000      -1007.389    -1015.296        7.907   317.0     -0.123      0.023      0.824     -0.110      0.147      0.409
548.2000      -1006.983    -1014.948        7.966   319.3      0.629      0.575      0.116      0.813      0.115     -0.217
548.4000      -1007.020    -1015.130        8.110   325.1      0.349      0.297     -0.155      0.165      0.119     -0.160
548.6000      -1006.912    -1014.955        8.043   322.4      0.157      0.118     -0.188      0.015     -0.457      0.120
548.8000      -1006.808    -1014.561        7.754   310.8      1.069      0.271     -0.631     -0.743      0.004     -0.348
549.0000      -1007.517    -1015.359        7.842   314.3     -0.263     -0.022      0.802      0.290     -0.158     -0.127
549.2000      -1007.375    -1015.003        7.628   305.8      0.656      0.539      0.295      0.455      0.610      0.101
549.4000      -1007.038    -1014.576        7.539   302.2      0.689      0.601      0.848     -0.067      0.251     -0.187
549.6000      -1006.420    -1014.346        7.926   317.7      0.504     -0.157      0.704      0.411      0.388     -0.122
549.8000      -1006.020    -1014.074        8.054   322.9      1.132      0.943      0.214     -0.224     -0.052      0.055
550.0000      -1005.789    -1013.903        8.115   325.3      0.218      0.395      0.157      0.154      0.974     -0.295
550.2000      -1006.114    -1014.786        8.672   347.6      1.072      0.649      0.030     -0.549     -0.900      1.039
550.4000      -1005.731    -1014.199        8.469   339.5      0.235      0.530      1.101      0.368      0.278     -0.002
550.6000      -1005.426    -1013.935        8.510   341.1     -0.544      0.725      0.053      0.403      0.233      0.235
550.8000      -1005.849    -1014.063        8.215   329.3      0.685      0.500      1.098      0.426     -0.077      0.039
551.0000      -1004.423    -1014.055        9.632   386.1     -0.341      0.520      0.331     -0.079      0.181      0.205
551.2000      -1005.087    -1013.872        8.786   352.2     -0.792     -0.009      0.655     -0.046      0.069     -0.327
551.4000      -1005.393    -1013.427        8.033   322.0     -0.473     -0.228     -0.035     -0.243      0.051     -0.196
551.6000      -1006.158    -1014.615        8.457   339.0      1.730      0.768      1.208     -0.033     -0.187     -0.084
551.8000      -1005.098    -1013.963        8.865   355.4     -0.131     -1.056     -0.389     -0.095      0.353      0.146
552.0000      -1005.483    -1013.966        8.483   340.0      1.059      0.869      1.173     -0.459      0.507      0.279
552.2000      -1005.028    -1013.959        8.931   358.0      0.855     -0.345     -0.567     -0.208      0.453     -0.313
552.4000      -1005.661    -1014.702        9.041   362.4      0.494      0.965     -0.229      0.299     -0.320      0.313
552.6000      -1005.512    -1013.109        7.597   304.5      0.497     -0.296      0.075      0.490      0.022      0.584
552.8000      -1004.500    -1013.113        8.613   345.2      0.912      0.690      0.860      0.537     -0.057      0.422
553.0000      -1006.195    -1014.690        8.495   340.5      0.992      0.671      0.477      0.596      0.219     -0.157
553.2000      -1006.100    -1014.493        8.393   336.4     -0.143      0.197      0.415     -0.029      0.178      0.443
553.4000      -1005.900    -1014.099        8.199   328.7     -0.126      0.394      0.720      0.240     -0.450      0.166
553.6000      -1005.448    -1013.486        8.038   322.2      0.842      0.696      1.805      0.072      0.017     -0.016
553.8000      -1005.037    -1013.570        8.533   342.0      2.172      0.472      1.726     -0.387      0.435     -0.430
554.0000      -1005.435    -1014.312        8.876   355.8      0.450     -0.334     -0.087      0.136     -0.404      0.141
554.2000      -1005.941    -1014.333        8.392   336.4      1.228      0.288      0.364     -0.142     -0.200      0.217
554.4000      -1006.584    -1014.857        8.273   331.6     -0.176      1.502     -0.481      0.121     -0.629     -0.482
554.6000      -1007.265    -1015.113        7.848   314.6      0.043      0.330     -0.088     -0.048     -0.190     -0.277
554.8000      -1007.679    -1015.787        8.108   325.0     -0.447     -0.018      0.324      0.154      0.325     -0.126
555.0000      -1008.040    -1015.797        7.757   310.9      0.148      0.001      0.961      0.783      0.365     -0.680
555.2000      -1007.442    -1015.539        8.097   324.6      1.132      0.408      0.160      0.164     -0.293     -0.292
555.4000      -1007.415    -1015.021        7.606   304.9      0.110      0.380      0.155     -0.169     -0.083     -0.355
555.6000      -1006.945    -1015.793        8.848   354.7     -0.077     -0.001     -0.560      0.272     -0.127     -0.075
555.8000      -1006.917    -1014.814        7.897   316.5      0.943      0.241      0.312      0.480      0.076     -0.090
556.0000      -1007.011    -1015.504        8.493   340.4     -0.172      1.003      1.358      0.302      0.029      0.313
556.2000      -1006.776    -1015.368        8.592   344.4     -0.483     -0.720      0.273      0.368      0.804      0.164
556.4000      -1007.021    -1015.652        8.631   346.0      0.547      1.281     -0.282      0.111      0.628      0.388
556.6000      -1006.439    -1015.480        9.041   362.4     -0.311     -0.177      0.196      0.093     -0.075     -0.170
556.8000      -1006.845    -1015.103        8.257   331.0     -0.195      0.872      0.018     -0.248     -0.508      0.128
557.0000      -1007.240    -1015.953        8.713   349.3      0.368     -0.254      0.671     -0.121     -0.379     -0.101
557.2000      -1007.705    -1016.369        8.665   347.3     -0.693     -0.088      0.211      0.232      0.220     -0.457
557.4000      -1006.733    -1014.916        8.183   328.0      0.504      0.417      0.483      0.326      0.090      0.009
557.6000      -1007.352    -1016.024        8.672   347.6      0.856      0.746      1.196      0.978     -0.403      0.259
557.8000      -1006.964    -1015.759        8.794   352.5      0.195      0.710      0.448      0.381     -0.014      0.111
558.0000      -1006.312    -1014.948        8.635   346.1      0.876      0.537      0.243     -0.072      0.046      0.095
558.2000      -1006.993    -1015.096        8.103   324.8      1.187     -0.125     -0.058      0.928      0.332     -0.054
558.4000      -1007.072    -1014.850        7.778   311.8      0.587      1.064     -0.711     -0.011     -0.110     -0.694
558.6000      -1007.617    -1015.427        7.810   313.1      0.272      0.350      0.158      0.403      0.240     -0.537
558.8000      -1007.452    -1015.796        8.344   334.5      0.631      0.694      1.205      0.666     -0.481     -0.346
559.0000      -1006.079    -1014.851        8.772   351.6     -0.890     -0.401     -0.414      0.424     -0.218      0.196
559.2000      -1006.440    -1015.073        8.633   346.0     -0.014     -0.261     -0.858     -0.297      0.088     -0.033
559.4000      -1006.534    -1015.009        8.475   339.7      0.370      0.630      0.152      0.199      0.507      0.213
559.6000      -1007.059    -1015.252        8.193   328.4      0.008      0.799      0.776      0.460      0.027     -0.706
559.8000      -1006.796    -1015.807        9.011   361.2     -0.319      0.903     -0.050      0.090     -0.152      0.188
560.0000      -1006.251    -1015.537        9.286   372.2      0.404      1.167     -0.825     -0.019     -0.216     -0.428
560.2000      -1006.483    -1014.643        8.160   327.1      0.280      0.582      0.549     -0.833     -0.069      0.231
560.4000      -1007.173    -1015.924        8.751   350.8     -0.088      0.316      0.132      0.047      0.151      0.302
560.6000      -1006.920    -1014.945        8.025   321.7      0.182      0.449      0.485      0.052     -0.040     -0.129
560.8000      -1007.636    -1015.969        8.333   334.0      0.751      0.410      0.233     -0.179     -0.289     -0.022
561.0000      -1007.149    -1015.539        8.390   336.3      0.194      0.539     -0.941      0.004     -0.282      0.178
561.2000      -1006.983    -1015.036        8.053   322.8     -0.433      0.357      0.006      0.133      0.147     -0.142
561.4000      -1007.041    -1015.177        8.135   326.1      0.310      0.820      0.473     -0.132     -0.142     -0.063
561.6000      -1007.783    -1015.845        8.062   323.1     -0.025     -0.266      0.338      0.342     -0.354     -0.315
561.8000      -1008.437    -1016.220        7.783   312.0     -0.268      0.795     -0.898     -0.150      0.055      0.267
562.0000      -1007.749    -1016.183        8.434   338.1      0.904      0.110     -0.213     -0.049     -0.176     -0.608
562.2000      -1008.320    -1016.163        7.843   314.4      0.135      0.400      0.748     -0.133     -0.050     -0.580
562.4000      -1007.977    -1015.890        7.912   317.2     -0.208      1.113      1.146     -0.226      0.293     -0.033
562.6000      -1007.757    -1016.256        8.499   340.7      0.300      0.157      0.569      0.509      0.014      0.414
562.8000      -1008.010    -1016.391        8.381   335.9      0.568     -0.147      0.683      0.052     -0.323      0.395
563.0000      -1007.902    -1015.438        7.536   302.1     -0.110      0.101      0.001     -0.027      0.069      0.111
563.2000      -1007.862    -1016.250        8.388   336.2      0.719      0.927     -0.169      0.306      0.151      0.001
563.4000      -1007.274    -1015.203        7.929   317.8      0.334      0.798      0.308      0.983      0.518      0.268
563.6000      -1007.243    -1015.467        8.224   329.6      0.610      1.196      1.188      0.409      0.317      0.179
563.8000      -1007.147    -1015.165        8.019   321.4      1.301      0.842      0.535      0.156     -0.162     -0.139
564.0000      -1007.721    -1015.463        7.742   310.3      0.007      0.522      0.162     -0.133     -0.464     -0.083
564.2000      -1007.979    -1015.549        7.570   303.4      0.417     -0.512      0.543      0.176     -0.771     -0.346
564.4000      -1008.325    -1016.460        8.136   326.1     -0.461     -0.233      0.423      0.019      0.190     -0.192
564.6000      -1007.363    -1015.715        8.352   334.8      0.312      0.055      0.574     -0.091     -0.144      0.120
564.8000      -1007.788    -1015.834        8.046   322.5     -0.271      1.376      0.620      0.210     -0.486      0.285
565.0000      -1007.081    -1015.848        8.766   351.4      0.516      0.870      0.462     -0.173      0.176      0.523
565.2000      -1007.815    -1015.804        7.989   320.2     -0.214     -0.069     -0.150      0.189      0.078      0.468
565.4000      -1007.314    -1015.298        7.984   320.0     -0.988     -0.223     -0.009      0.162      0.382     -0.145
565.6000      -1008.196    -1015.964        7.768   311.4      0.001     -1.045      0.029     -0.600     -0.513      0.205
565.8000      -1007.976    -1015.812        7.836   314.1      0.153      0.010      0.846     -0.283      0.384     -0.318
566.0000      -1007.915    -1015.729        7.814   313.2      0.552      0.061      0.477     -0.180     -0.262     -0.073
566.2000      -1007.983    -1015.909        7.926   317.7      0.290      0.905      0.378      0.401     -0.157     -0.098
566.4000      -1007.590    -1015.462        7.872   315.6      0.828     -0.495      0.660     -0.357      0.077     -0.297
566.6000      -1007.478    -1015.539        8.060   323.1      1.070     -0.459      0.330     -0.037      0.323     -0.455
566.8000      -1006.915    -1014.756        7.842   314.3      0.222     -0.179     -0.131     -0.619     -0.028     -0.017
567.0000      -1007.671    -1015.766        8.096   324.5      0.547      0.553      0.561      0.169      0.092      0.293
567.2000      -1007.406    -1015.924        8.518   341.4     -0.332      0.310      0.494      0.359      0.183     -0.147
567.4000      -1006.393    -1015.786        9.393   376.5      0.151     -0.201     -0.724     -0.544      0.097      0.260
567.6000      -1006.360    -1014.892        8.532   342.0      0.505     -0.252     -0.419      0.219      0.163     -0.053
567.8000      -1007.356    -1015.596        8.239   330.3      0.037      0.540      0.175      0.558     -0.137     -0.604
568.0000      -1006.567    -1014.889        8.323   333.6      0.216      0.892      0.057      0.267      0.616     -0.061
568.2000      -1006.397    -1014.872        8.475   339.7      0.466     -0.133      0.412     -0.054     -0.038     -0.219
568.4000      -1006.019    -1015.055        9.035   362.2      0.001      0.520     -0.412      0.349     -0.188      0.244
568.6000      -1005.988    -1014.328        8.341   334.3     -0.204      1.436      0.516      0.239     -0.420     -0.282
568.8000      -1006.169    -1014.890        8.721   349.6     -0.175      1.204      0.720      0.072      0.496     -0.583
569.0000      -1006.914    -1015.129        8.215   329.3      0.083      0.004      0.938     -0.398      0.265     -0.564
569.2000      -1007.438    -1015.635        8.197   328.6      0.485      0.380      0.855     -0.086     -0.161      0.083
569.4000      -1007.915    -1015.494        7.579   303.8      0.381      0.598      0.469      0.803      0.376     -0.084
569.6000      -1008.026    -1015.115        7.089   284.2      0.416     -0.044      0.626     -0.020      0.173      0.601
569.8000      -1008.446    -1016.185        7.739   310.2     -0.265      0.107      0.096     -0.183      0.198      0.558
570.0000      -1007.361    -1015.318        7.958   319.0      0.413      0.102      1.131     -0.261     -0.167     -0.205
570.2000      -1007.875    -1015.674        7.799   312.6     -0.831     -0.238      0.506      0.661     -0.188     -0.027
570.4000      -1007.802    -1015.793        7.991   320.3      0.394     -0.733     -0.027      0.047     -0.585      0.318
570.6000      -1007.537    -1015.629        8.092   324.4      0.769      0.437      1.299     -0.193     -0.443     -0.205
570.8000      -1007.005    -1015.953        8.948   358.7      1.153      0.303      0.947      0.645      0.751     -0.392
571.0000      -1007.404    -1015.027        7.623   305.6     -0.075      0.051     -0.136     -0.051      0.445      0.436
571.2000      -1007.248    -1015.056        7.808   313.0     -0.816      0.297     -0.641      0.004      0.078      0.192
571.4000      -1007.148    -1015.390        8.242   330.4      1.518      0.430      0.514      0.249     -0.148     -0.035
571.6000      -1006.899    -1014.881        7.982   320.0      0.555     -0.112      0.331      0.347      0.395      0.289
571.8000      -1007.452    -1015.090        7.638   306.2      0.016      0.344      0.683      0.116     -0.354      0.355
572.0000      -1006.740    -1015.436        8.696   348.6      0.122      0.346      0.491      0.155     -0.433      0.407
572.2000      -1006.382    -1014.390        8.007   321.0      0.531     -0.845      0.508     -0.043     -0.276     -0.421
572.4000      -1007.444    -1015.953        8.508   341.1      0.091      0.480      0.807     -0.350     -0.477     -0.228
572.6000      -1007.371    -1015.716        8.345   334.5      1.506      0.405      0.585     -0.244      0.178      0.782
572.8000      -1007.383    -1015.526        8.142   326.4     -0.571     -0.107      0.809      0.501      0.847     -0.092
573.0000      -1006.256    -1015.718        9.461   379.3      0.732      0.142      0.900     -0.042     -0.068      0.583
573.2000      -1006.698    -1015.075        8.377   335.8      0.646      0.727      1.159     -0.390      0.179      0.116
573.4000      -1007.889    -1015.426        7.538   302.1      0.477      0.598      0.920     -0.529      0.526      0.198
573.6000      -1007.359    -1015.119        7.760   311.1      0.654      0.680      1.188     -0.102     -0.485      0.101
573.8000      -1007.070    -1015.403        8.333   334.0      0.230     -0.164     -0.162      0.412      0.341     -0.367
574.0000      -1005.668    -1013.810        8.142   326.4      0.469      0.908      0.605      0.035      0.335      0.038
574.2000      -1005.314    -1013.608        8.294   332.5     -0.102     -0.371     -0.527     -0.382      0.982     -0.574
574.4000      -1005.378    -1013.849        8.471   339.6     -0.223      0.413      0.400     -0.331      0.203      0.403
574.6000      -1005.455    -1013.430        7.975   319.7      1.269      1.869      0.540      0.496      0.633     -0.439
574.8000      -1005.853    -1014.326        8.473   339.6      1.001      1.689      0.540     -0.036     -0.128     -0.178
575.0000      -1006.902    -1014.388        7.486   300.1     -0.261     -0.220      0.530     -0.667     -0.556     -0.127
575.2000      -1006.283    -1014.033        7.751   310.7      0.103     -0.025     -0.465      0.669      0.011     -0.348
575.4000      -1005.430    -1013.881        8.450   338.7     -0.338      0.017     -0.064     -0.896     -0.528      0.060
575.6000      -1006.010    -1014.373        8.363   335.2      0.323      0.218      0.417      0.582     -0.088      0.506
575.8000      -1005.679    -1014.291        8.612   345.2      0.101     -0.437      1.450      0.038      0.414     -0.312
576.0000      -1006.634    -1014.817        8.183   328.0     -0.579      0.246      0.360     -0.088      0.130     -0.214
576.2000      -1006.908    -1015.307        8.398   336.7      1.127      0.401      0.969     -0.323      0.479      0.076
576.4000      -1006.610    -1015.451        8.841   354.4     -0.480      0.115     -0.400      0.369      0.091     -0.204
576.6000      -1007.717    -1015.707        7.990   320.3      0.714      1.241      1.283      0.021      0.315      0.835
576.8000      -1006.931    -1015.695        8.764   351.3      0.977      0.659      0.445     -0.246     -0.411     -0.001
577.0000      -1007.471    -1015.692        8.221   329.5      1.186      0.767      0.378      0.359      0.097      0.209
577.2000      -1007.685    -1015.386        7.702   308.7     -0.371      0.755      0.811     -0.025      0.293      0.111
577.4000      -1007.518    -1015.859        8.341   334.3      0.584     -0.324     -0.176      0.431     -0.152     -0.114
577.6000      -1007.718    -1016.271        8.553   342.9      0.180      0.780      0.710     -0.332      0.095     -0.221
577.8000      -1007.693    -1015.474        7.782   311.9      1.060      0.447      0.891     -0.115      0.040      0.142
578.0000      -1007.103    -1015.765        8.662   347.2     -0.045      0.227     -0.249      0.763     -0.295      0.164
578.2000      -1006.610    -1014.974        8.365   335.3      0.107      0.109     -0.661     -0.290     -0.327      0.158
578.4000      -1007.789    -1016.094        8.305   332.9      0.447     -0.189      0.891     -0.475      0.084     -0.184
578.6000      -1007.972    -1016.101        8.129   325.9     -0.424      0.612      0.846     -0.121     -0.741      0.499
578.8000      -1007.942    -1015.982        8.040   322.3     -0.525     -0.087     -0.343      0.416     -0.427     -0.030
579.0000      -1007.850    -1015.981        8.131   325.9      0.459      0.062     -0.230      0.106     -0.182     -0.110
579.2000      -1007.068    -1015.443        8.375   335.7      0.589      0.484     -0.030      0.279     -0.343      0.147
579.4000      -1007.091    -1015.228        8.137   326.2      0.331      0.237      0.422     -0.129     -0.267      0.225
579.6000      -1007.334    -1015.414        8.080   323.9      0.320      1.047      0.414      0.448     -0.283      0.684
579.8000      -1007.072    -1015.226        8.153   326.8      0.515      0.906      0.538      0.155     -0.316     -0.056
580.0000      -1007.121    -1015.088        7.967   319.3      0.102      0.484      0.022      0.132      0.629     -0.316
580.2000      -1007.639    -1015.844        8.205   328.9      0.890      1.113      0.629     -0.108     -0.595      0.247
580.4000      -1007.426    -1015.484        8.058   323.0      1.010      2.410      0.687     -0.118      0.059     -0.536
580.6000      -1007.316    -1015.745        8.428   337.9      1.821     -0.485      0.346      0.014      0.234     -0.429
580.8000      -1007.311    -1015.211        7.900   316.7      1.737      0.649      0.488     -0.164      0.209      0.460
581.0000      -1006.405    -1014.624        8.219   329.5      0.777      0.575     -0.080      0.418      0.428      0.105
581.2000      -1007.292    -1015.091        7.800   312.6     -0.121     -0.389     -0.376     -0.650     -0.185     -0.297
581.4000      -1006.743    -1014.341        7.598   304.6      0.791      0.253     -0.660      0.567     -0.019      0.078
581.6000      -1006.445    -1014.414        7.969   319.4      0.177     -0.076      0.319      0.282     -0.362      0.290
581.8000      -1005.301    -1013.356        8.055   322.9      0.507      0.820      0.265     -0.391     -0.071     -0.272
582.0000      -1006.515    -1014.676        8.161   327.1      0.486     -0.336      0.176     -0.330      0.167     -0.514
582.2000      -1006.074    -1014.396        8.322   333.6      0.107      0.391     -0.208     -0.040     -0.685     -0.198
582.4000      -1005.898    -1013.603        7.705   308.9     -0.283     -0.377      0.278     -0.035     -0.040      0.236
582.6000      -1005.632    -1013.961        8.328   333.8     -0.241      0.180      0.682     -0.441     -0.461     -0.170
582.8000      -1006.429    -1014.653        8.223   329.6     -0.937      0.443     -1.002     -0.038     -0.339      0.428
583.0000      -1006.145    -1014.270        8.125   325.7      0.434      0.205      0.135     -0.167     -0.015     -0.314
583.2000      -1005.928    -1014.153        8.224   329.7      0.807      0.516      0.860     -0.168     -0.263      0.291
583.4000      -1006.110    -1014.334        8.223   329.6     -0.461      0.787      0.695      0.332     -0.262      0.026
583.6000      -1007.325    -1015.859        8.534   342.1      0.155     -0.094     -0.320     -0.678     -0.220      0.375
583.8000      -1006.657    -1014.128        7.471   299.5      0.079      0.726      0.618      0.638     -0.565     -0.138
584.0000      -1005.637    -1014.081        8.444   338.5      0.256      0.212     -0.250      0.040      0.580      0.054
584.2000      -1006.394    -1014.477        8.083   324.0     -0.068      0.225      0.446     -0.575     -0.031     -0.420
584.4000      -1005.882    -1014.317        8.435   338.1      0.324      1.075      0.304      0.309     -0.157     -0.233
584.6000      -1005.318    -1014.039        8.720   349.6      0.502     -0.137      0.809      0.520      0.002      0.223
584.8000      -1005.399    -1013.247        7.848   314.6      1.252      0.714      0.514      0.124     -0.312     -0.019
585.0000      -1006.647    -1013.771        7.123   285.5      0.541      0.181      0.395     -0.625      0.439     -0.036
585.2000      -1007.055    -1014.314        7.259   291.0      0.879      0.980      0.453     -0.217     -0.111      0.539
585.4000      -1007.202    -1014.875        7.674   307.6      0.071      0.490      0.779     -0.688     -0.040      0.206
585.6000      -1005.906    -1013.980        8.074   323.6      1.147      0.611      0.223      0.240      0.162     -0.305
585.8000      -1006.909    -1014.073        7.165   287.2      0.067      0.664      0.103     -0.378     -0.147      0.566
586.0000      -1005.971    -1014.524        8.553   342.8      0.535      0.643      0.355      0.294     -0.358      0.510
586.2000      -1005.308    -1014.168        8.859   355.1      0.127      0.747     -0.382     -0.049      0.068     -0.228
586.4000      -1005.804    -1014.055        8.251   330.7      0.828      0.268      1.033     -0.196      0.297     -0.055
586.6000      -1004.688    -1013.498        8.810   353.1      0.100      0.738      0.363     -0.297     -0.532     -0.052
586.8000      -1004.735    -1014.298        9.563   383.3     -0.001     -0.518      0.110     -0.133     -0.814      0.053
587.0000      -1005.273    -1014.136        8.863   355.3      0.160      1.194      0.480      0.077      0.173     -0.343
587.2000      -1005.745    -1014.309        8.564   343.3      0.334      0.067     -0.361      0.271     -0.282      0.274
587.4000      -1006.052    -1013.968        7.916   317.3      0.375     -0.142      0.535      0.161     -0.310      0.339
587.6000      -1006.065    -1014.273        8.208   329.0      1.125     -0.393      0.554     -0.009      0.081     -0.063
587.8000      -1006.928    -1014.796        7.868   315.4     -0.023      0.265     -0.232      0.355      0.126     -0.800
588.0000      -1006.390    -1014.942        8.552   342.8      1.650      1.494      1.457     -0.108      0.596     -0.030
588.2000      -1006.292    -1014.295        8.002   320.8      0.785      0.663      0.270      0.308     -0.287      0.133
588.4000      -1006.426    -1014.530        8.104   324.9      0.194     -0.841      0.214     -0.108     -0.033      0.172
588.6000      -1006.385    -1014.784        8.399   336.7      1.092     -0.120      0.558      0.474      0.162     -0.651
588.8000      -1005.642    -1013.840        8.198   328.6     -0.231      0.232     -0.141     -0.136      0.252      0.085
589.0000      -1006.004    -1014.141        8.136   326.1      0.340      1.036      0.888      0.176      0.350     -0.270
589.2000      -1005.125    -1013.556        8.431   338.0      0.108      0.331      0.136     -0.468      0.077      0.487
589.4000      -1005.181    -1013.929        8.749   350.7      0.197     -0.081      0.659     -0.009      0.139      0.188
589.6000      -1006.037    -1015.140        9.103   364.9      0.542     -0.056      1.081      0.558      0.011     -0.131
589.8000      -1006.492    -1015.011        8.519   341.5      0.040     -0.060     -0.025      0.353      0.685      0.072
590.0000      -1006.635    -1015.523        8.888   356.3      0.256      0.735      0.191      0.007      0.543     -0.342
590.2000      -1007.295    -1015.794        8.499   340.7     -0.282     -0.044      0.612     -0.084     -0.087      0.394
590.4000      -1007.429    -1015.571        8.142   326.4      0.380      0.457      0.066      0.146      0.569      0.009
590.6000      -1007.840    -1014.872        7.033   281.9      0.527      1.037      0.425      0.073      0.062      0.472
590.8000      -1007.540    -1015.244        7.705   308.8     -0.296      1.104      1.218      0.184     -0.011     -0.137
591.0000      -1007.717    -1016.068        8.351   334.7      0.125      1.154      0.221      0.014     -0.011     -0.356
591.2000      -1007.193    -1014.735        7.542   302.3     -0.474     -0.450     -0.615     -0.017      0.252      0.106
591.4000      -1007.696    -1015.232        7.536   302.1     -0.159     -0.275      0.143     -0.290     -0.223     -0.045
591.6000      -1007.102    -1014.804        7.701   308.7      0.045     -0.276      0.714     -0.081     -0.049     -0.070
591.8000      -1007.271    -1014.707        7.436   298.1     -0.319     -0.450     -0.620      0.636     -0.401      0.275
592.0000      -1006.083    -1014.497        8.414   337.3      0.582      0.184      0.354     -0.058     -0.158      0.093
592.2000      -1006.700    -1014.329        7.629   305.8     -0.191     -0.342      0.097      0.085     -0.227     -0.050
592.4000      -1006.637    -1014.821        8.184   328.0      0.645     -0.308     -0.065     -0.078     -0.301     -0.300
592.6000      -1005.934    -1014.800        8.866   355.4     -0.234      0.100      0.228      0.361     -0.280      1.036
592.8000      -1005.650    -1014.486        8.836   354.2      1.061      1.079     -0.349      0.899      0.216      0.412
593.0000      -1005.237    -1013.796        8.559   343.1     -0.004      0.669      1.426     -0.088      0.380      0.732
593.2000      -1005.844    -1013.964        8.120   325.5     -0.044     -0.495      0.190     -0.299      0.185      1.081
593.4000      -1007.022    -1014.533        7.512   301.1      0.716      0.284      0.759      0.312      0.153      0.398
593.6000      -1006.317    -1015.222        8.904   356.9      1.775      0.286      1.040     -0.053      0.502     -0.088
593.8000      -1006.332    -1014.316        7.984   320.0      0.339     -1.016      0.530      0.123      0.095     -0.405
594.0000      -1006.027    -1013.902        7.875   315.7      0.275      0.154      0.899      0.065     -0.476     -0.205
594.2000      -1006.423    -1014.721        8.299   332.7      1.028      0.457      0.067      0.067      0.349      0.026
594.4000      -1006.779    -1015.820        9.041   362.4      0.379     -0.450      1.033     -0.018      0.299      0.059
594.6000      -1006.430    -1014.665        8.235   330.1     -0.183     -1.176      0.423     -0.557      0.164     -0.275
594.8000      -1006.371    -1014.562        8.191   328.3      0.677      0.232      0.151     -0.104     -0.101      0.156
595.0000      -1006.230    -1014.294        8.064   323.2     -0.046      0.512      0.822     -0.110     -0.510     -0.201
595.2000      -1006.418    -1014.459        8.041   322.3      0.587      0.286      1.206     -0.444      0.052     -0.227
595.4000      -1006.446    -1014.477        8.031   321.9     -0.038      0.689     -0.607     -0.041     -0.596      0.031
595.6000      -1006.331    -1014.374        8.044   322.4      0.213      1.037      0.234      0.347     -0.120     -0.745
595.8000      -1006.803    -1014.546        7.743   310.4      0.747      0.266     -0.171     -0.004     -0.196     -0.177
596.0000      -1006.332    -1014.954        8.622   345.6      0.935      1.795      1.112     -0.072     -0.121     -0.027
596.2000      -1006.408    -1014.308        7.899   316.6      1.280      1.020      1.199      0.164     -0.176     -0.122
596.4000      -1006.547    -1014.578        8.031   321.9     -0.185      0.785      0.106      0.016     -0.469     -0.328
596.6000      -1007.006    -1014.442        7.436   298.1     -0.207     -0.558      0.183     -0.006     -0.040      0.112
596.8000      -1007.307    -1015.678        8.370   335.5     -0.178      0.279      0.289      0.335      0.498     -0.490
597.0000      -1006.725    -1014.378        7.653   306.8      0.338      0.870      0.254      0.381     -0.566      0.083
597.2000      -1006.436    -1014.753        8.317   333.4      0.507      0.771      0.603      0.032      0.548     -0.271
597.4000      -1006.459    -1014.092        7.633   306.0      0.266      0.399      0.529     -0.216     -0.851      0.184
597.6000      -1006.749    -1014.474        7.725   309.7      0.835      0.520      0.393     -0.173     -0.152     -0.176
597.8000      -1006.943    -1014.342        7.398   296.6      0.180     -0.011      0.031     -0.118     -0.006      0.202
598.0000      -1007.133    -1015.605        8.471   339.6      1.250      0.819      0.984     -0.298      0.043     -0.028
598.2000      -1006.592    -1015.143        8.551   342.8      1.290     -0.186      0.783      0.271     -0.240     -0.381
598.4000      -1006.513    -1015.195        8.681   348.0      1.333      0.959      0.949      0.234     -0.263     -0.060
598.6000      -1006.186    -1014.616        8.429   337.9      0.662      0.317      0.007     -0.286      0.031     -0.136
598.8000      -1005.893    -1015.296        9.403   376.9      0.055     -0.138      0.933     -0.679      0.418      0.453
599.0000      -1007.064    -1015.699        8.635   346.1      0.905      0.901      0.593      0.714      0.395     -0.010
599.2000      -1006.343    -1015.085        8.742   350.4      0.881      0.948      1.193     -0.276     -0.243     -0.177
599.4000      -1005.959    -1014.303        8.344   334.5      0.414      0.373      0.574      0.701      0.052     -0.458
599.6000      -1005.567    -1013.903        8.336   334.1      0.643      0.111      0.779      0.481     -0.147     -0.587
599.8000      -1004.678    -1014.260        9.582   384.1      0.230     -0.255      0.386      0.195      0.430      0.338
600.0000      -1005.661    -1013.770        8.110   325.1      0.524      0.145      0.108      0.676      0.514     -0.206
600.2000      -1006.263    -1014.119        7.856   314.9      1.768      1.028      0.958      0.008      0.494     -0.470
600.4000      -1005.237    -1014.003        8.766   351.4     -0.755      0.566      0.551     -0.455      0.054     -0.206
600.6000      -1004.961    -1014.500        9.539   382.4      0.867      0.622      1.130     -0.574      0.005      0.147
600.8000      -1005.668    -1014.152        8.483   340.1      0.737      1.516      0.737     -0.729      0.373      0.374
601.0000      -1006.079    -1014.705        8.626   345.8     -0.003      0.621      0.666     -0.168     -0.862     -0.490
601.2000      -1005.385    -1014.687        9.302   372.9      0.757     -0.054     -0.176     -0.223      0.322     -0.195
601.4000      -1005.450    -1014.175        8.725   349.7      1.255      1.080      0.917     -0.176     -0.030     -0.271
601.6000      -1006.155    -1013.959        7.803   312.8      0.771      0.187      0.260      0.094     -0.072      0.380
601.8000      -1007.141    -1015.096        7.955   318.9      0.027      0.516     -0.516     -0.052      0.061      0.356
602.0000      -1006.244    -1014.606        8.361   335.2      1.145      1.662      1.561      0.604      0.277      0.053
602.2000      -1006.439    -1015.403        8.964   359.3      0.017     -0.662     -0.615     -0.051      0.346      0.300
602.4000      -1007.673    -1015.449        7.776   311.7      1.383     -0.025      0.336      0.339      0.274     -0.010
602.6000      -1007.778    -1015.870        8.092   324.4      1.159      0.403      0.679     -0.017      0.316      0.013
602.8000      -1007.437    -1015.536        8.099   324.6      0.810      0.473      0.748     -0.023      0.006     -0.024
603.0000      -1007.150    -1015.048        7.897   316.6      0.420      1.168     -1.040      0.017      0.088     -0.706
603.2000      -1007.366    -1015.737        8.371   335.6     -0.170      0.265     -0.104      0.377     -0.324     -0.503
603.4000      -1006.586    -1014.974        8.388   336.2      0.856      1.302      0.697     -0.017     -0.375      0.247
603.6000      -1007.443    -1014.815        7.372   295.5      0.557      0.399      1.073     -0.044     -0.055     -0.374
603.8000      -1007.469    -1015.221        7.752   310.7     -0.064      0.535      0.309     -0.150      0.019      0.234
604.0000      -1006.844    -1014.916        8.072   323.6      0.810     -0.160      0.516      0.167     -0.108      0.689
604.2000      -1007.680    -1015.532        7.852   314.7     -0.531      0.288      1.132     -0.070      0.149     -0.393
604.4000      -1007.172    -1015.225        8.053   322.8     -0.006      0.500      0.110      0.425     -0.205     -0.086
604.6000      -1007.613    -1015.346        7.733   310.0      1.213      1.539      0.871      0.145     -0.319      0.104
604.8000      -1007.086    -1014.685        7.599   304.6      0.458      1.253      0.820     -0.068     -0.131      0.020
605.0000      -1006.857    -1014.592        7.735   310.1      1.060      0.979      0.718      0.520      0.229     -0.041
605.2000      -1006.502    -1014.361        7.858   315.0      0.124     -0.111      0.406      0.635     -0.766      0.489
605.4000      -1007.504    -1015.223        7.719   309.4     -0.132     -0.324      0.492      0.229      0.010      0.056
605.6000      -1007.097    -1014.843        7.746   310.5     -0.238      0.028     -0.035      0.563     -0.115     -0.024
605.8000      -1007.082    -1014.880        7.797   312.6      0.073      0.198      0.135      0.267     -0.333      0.151
606.0000      -1007.284    -1015.199        7.915   317.3      0.293     -0.086      0.655     -0.110     -0.458     -0.065
606.2000      -1006.598    -1014.513        7.915   317.3      0.395     -0.932     -0.082      0.232      0.175     -0.181
606.4000      -1005.828    -1013.616        7.788   312.2      0.383     -0.641      0.721      0.127      0.180      0.258
606.6000      -1006.284    -1014.201        7.917   317.3      1.498      0.223      0.705      0.130     -0.391      0.325
606.8000      -1006.776    -1014.521        7.745   310.5      1.479      0.667      0.855     -0.141      0.080     -0.521
607.0000      -1007.140    -1015.399        8.259   331.1      0.499      0.739     -0.225      0.060      0.119      0.026
607.2000      -1007.269    -1015.585        8.316   333.3      1.539      1.106      0.739     -0.354      0.101      0.028
607.4000      -1006.707    -1014.725        8.018   321.4      0.394      0.406      0.307      0.854     -0.226     -0.294
607.6000      -1006.977    -1015.420        8.443   338.4     -0.125      0.806      0.603     -0.076     -0.056      0.257
607.8000      -1007.695    -1014.927        7.232   289.9      0.496      0.429      0.145      0.319      0.014     -0.552
608.0000      -1007.266    -1015.666        8.401   336.7      0.112      0.006     -0.211     -0.491      0.059     -0.322
608.2000      -1006.661    -1015.263        8.602   344.8      0.361      1.400      0.970      0.031      0.343     -0.178
608.4000      -1006.488    -1014.127        7.639   306.2     -0.880     -1.109      0.450      0.224      0.129     -0.269
608.6000      -1006.469    -1014.533        8.064   323.3      0.804     -0.479     -0.018     -0.409      0.075     -0.070
608.8000      -1005.621    -1014.569        8.948   358.7      1.514      1.254      0.986      0.113     -0.107      0.957
609.0000      -1006.348    -1015.104        8.755   351.0      0.016      0.527     -0.210      0.139     -0.238     -0.549
609.2000      -1006.772    -1014.786        8.014   321.2     -0.178      0.811      0.419      0.185      0.209     -0.457
609.4000      -1006.541    -1015.419        8.878   355.9      0.091     -0.012      0.296      0.137      0.527      0.080
609.6000      -1005.642    -1014.397        8.755   351.0     -0.604      0.029      0.537     -0.229     -0.014     -0.278
609.8000      -1006.291    -1015.134        8.843   354.5      0.710      1.338      0.495      0.563      0.062     -0.026
610.0000      -1005.327    -1014.431        9.104   364.9      0.383      0.087     -0.095      0.253     -0.024      0.545
610.2000      -1004.784    -1013.506        8.722   349.6     -0.266      0.184     -0.197     -0.159      0.245      0.050
610.4000      -1005.657    -1014.911        9.254   371.0     -0.402     -0.175      0.238     -0.171     -0.112     -0.298
610.6000      -1005.708    -1015.059        9.351   374.8     -0.442     -0.056     -0.338     -0.184      0.286      0.368
610.8000      -1007.026    -1014.671        7.644   306.4     -0.545     -0.634      0.063     -0.019      0.623      0.406
611.0000      -1006.437    -1014.908        8.471   339.6     -0.156      0.356      1.228     -0.073     -0.391      0.579
611.2000      -1006.974    -1015.232        8.259   331.1      0.822      0.474      1.150      0.562      0.434      0.360
611.4000      -1007.158    -1015.328        8.170   327.5      0.348     -0.204      0.565     -0.544     -0.588     -0.053
611.6000      -1007.761    -1016.233        8.472   339.6      0.201      0.906     -0.077     -0.587     -0.114      0.080
611.8000      -1008.345    -1016.144        7.799   312.6      0.365      0.762      0.577      0.293      0.707     -0.177
612.0000      -1007.636    -1015.825        8.189   328.3      0.505     -0.187      1.249      0.299     -0.072      0.537
612.2000      -1007.499    -1016.303        8.804   352.9     -0.748     -0.334     -0.125     -0.173      0.660      0.374
612.4000      -1007.535    -1016.412        8.876   355.8      0.370      0.468      0.784     -0.075      0.232      0.199
612.6000      -1006.498    -1015.020        8.522   341.6     -0.643      0.230      0.773      0.510     -0.134      0.181
612.8000      -1007.164    -1015.323        8.158   327.0     -0.578      0.200     -0.429      0.573      0.092     -0.456
613.0000      -1007.236    -1015.772        8.536   342.2     -0.012      0.407      0.689      0.336      0.060      0.034
613.2000      -1006.873    -1015.178        8.304   332.9      0.303     -0.524      1.040      0.397     -0.145     -0.169
613.4000      -1007.093    -1015.385        8.292   332.4      0.856      0.259      0.736     -0.121     -0.385      0.157
613.6000      -1006.428    -1015.048        8.619   345.5     -0.688     -0.544      0.368      0.541     -0.642      0.898
613.8000      -1007.009    -1015.429        8.420   337.5     -0.305      0.300      0.804     -0.043      0.188      0.338
614.0000      -1007.116    -1015.549        8.433   338.0      1.250      0.980      0.447      0.051      0.261     -0.353
614.2000      -1005.773    -1014.551        8.778   351.8     -0.493      0.023      0.777     -0.319      0.585      0.404
614.4000      -1005.189    -1013.642        8.454   338.9      0.471     -0.155      0.192      0.158      0.000      0.095
614.6000      -1006.570    -1015.821        9.251   370.8      0.531      0.400      0.057      0.187      0.043      0.154
614.8000      -1006.416    -1014.318        7.902   316.8     -0.272      0.584      0.617      0.118     -0.471     -0.093
615.0000      -1006.448    -1015.087        8.638   346.3      0.723     -0.922      0.398      0.031     -0.304      0.059
615.2000      -1008.012    -1016.081        8.069   323.5      1.235     -0.730      0.799     -0.639     -0.175      0.426
615.4000      -1008.211    -1016.130        7.919   317.4      0.348     -0.102     -0.241      0.226     -0.002     -0.066
615.6000      -1008.661    -1016.653        7.992   320.4      0.886      0.341      0.324      0.081      0.172      0.391
615.8000      -1009.114    -1016.692        7.578   303.8      0.954      0.664      0.918      0.036     -0.108      0.572
616.0000      -1008.642    -1016.640        7.998   320.6      0.102      0.241      0.214     -0.620     -0.138      0.300
616.2000      -1008.200    -1016.858        8.658   347.0      0.399      0.324      0.552      0.004     -0.101     -0.482
616.4000      -1008.720    -1016.452        7.732   309.9      0.409      0.453      0.355      0.413     -0.952      0.368
616.6000      -1007.750    -1016.281        8.531   342.0      0.291      0.757      0.529      0.081      0.395      0.123
616.8000      -1007.959    -1016.199        8.240   330.3     -0.373     -0.464     -0.599      0.315     -0.100     -0.674
617.0000      -1007.673    -1016.260        8.587   344.2      0.162      0.116     -0.561     -0.330     -0.410      0.668
617.2000      -1007.114    -1014.959        7.845   314.5      0.012     -0.007      0.040      0.283      0.553     -0.133
617.4000      -1007.199    -1016.315        9.115   365.4     -0.212      0.159     -0.474      0.421      0.595     -0.135
617.6000      -1007.605    -1015.583        7.978   319.8      0.142      1.171      0.673      0.659      0.318     -0.200
617.8000      -1008.028    -1015.976        7.948   318.6     -0.103     -0.480      0.023      0.207      0.750     -0.402
618.0000      -1009.016    -1016.875        7.858   315.0      0.899      1.014      0.861      0.029     -0.238      0.324
618.2000      -1009.212    -1016.757        7.545   302.4     -0.088     -0.015     -0.153     -0.584     -0.118     -0.025
618.4000      -1008.170    -1015.418        7.248   290.5      0.798      0.031      0.135      0.492     -0.153     -0.121
618.6000      -1008.978    -1017.273        8.295   332.5      0.654     -0.408      0.188     -0.713      0.145      0.099
618.8000      -1007.918    -1016.595        8.676   347.8      0.731      0.405      0.547     -0.225     -0.326     -0.413
619.0000      -1007.695    -1015.925        8.231   329.9      0.601      0.039      0.592      0.026     -0.486      0.456
619.2000      -1007.606    -1016.036        8.430   337.9     -0.348      0.231     -0.761      0.015      0.011      0.161
619.4000      -1008.935    -1016.818        7.883   316.0      0.654      0.037     -0.444      0.797     -0.251      0.600
619.6000      -1008.840    -1016.427        7.586   304.1      0.041     -0.589      0.456     -1.037      0.232     -0.326
619.8000      -1009.088    -1016.805        7.717   309.3      0.779      0.343      0.285     -0.576     -0.302      0.053
620.0000      -1009.183    -1016.321        7.138   286.1      0.277      0.471     -0.341      0.175      0.290     -0.054
620.2000      -1007.960    -1015.881        7.921   317.5     -0.672      0.222     -0.056     -0.177      0.249      0.178
620.4000      -1007.313    -1016.193        8.879   355.9      0.775     -0.011      0.741      0.108      0.156     -0.017
620.6000      -1007.578    -1015.360        7.782   311.9     -0.303      0.225      0.095      0.068      0.135      0.069
620.8000      -1007.942    -1015.653        7.711   309.1      0.436      0.563      0.438     -0.664      0.310      0.562
621.0000      -1007.450    -1015.277        7.827   313.7      1.168      0.398     -0.006      0.312      0.130     -0.022
621.2000      -1007.782    -1015.731        7.949   318.6      0.558     -0.373      0.470      0.323      0.575     -0.501
621.4000      -1007.023    -1015.683        8.660   347.1     -0.271     -0.002     -0.542     -0.045     -0.198      0.338
621.6000      -1008.265    -1015.955        7.691   308.3      0.824      0.063     -0.335      0.306     -0.149      0.545
621.8000      -1007.015    -1016.111        9.096   364.6      0.384     -0.605     -0.197      0.247     -0.228      0.617
622.0000      -1007.932    -1016.099        8.167   327.4     -0.436      0.408      0.113      0.454     -0.042     -0.639
622.2000      -1007.477    -1015.963        8.486   340.2      0.306     -0.883      0.516      0.168      0.718      0.161
622.4000      -1007.795    -1016.139        8.344   334.5     -0.115     -0.042     -0.268     -0.274      0.130      0.111
622.6000      -1008.166    -1016.542        8.376   335.7     -0.244     -0.495      0.174     -0.318      0.744     -0.134
622.8000      -1008.032    -1016.066        8.034   322.0      0.768      0.479      0.627     -0.282     -0.384      0.039
623.0000      -1007.325    -1015.580        8.254   330.9      0.278      0.148     -0.357     -0.348     -0.550      0.063
623.2000      -1007.042    -1015.548        8.507   341.0      0.619      0.048     -0.306     -0.166     -0.163      0.266
623.4000      -1007.261    -1015.882        8.622   345.6      0.615      0.679      0.713      0.124      0.468      0.246
623.6000      -1006.564    -1015.118        8.554   342.9     -0.610     -0.129     -0.426      0.363     -0.077     -0.118
623.8000      -1006.974    -1015.557        8.583   344.0      0.788      1.286      1.813     -0.581     -0.252      0.196
624.0000      -1007.914    -1016.065        8.151   326.7      0.378      0.932      0.106      0.033      0.008     -0.261
624.2000      -1007.731    -1016.204        8.473   339.6      1.197      0.899      0.174     -0.433      0.208      0.625
624.4000      -1008.674    -1016.259        7.585   304.0      0.262     -0.060      0.588     -0.237     -0.198      0.529
624.6000      -1009.416    -1015.928        6.513   261.1      0.795      1.161      0.990      0.199      0.210     -0.036
624.8000      -1008.827    -1016.599        7.772   311.5      1.012      0.501      0.515     -0.134     -0.386      0.051
625.0000      -1008.382    -1015.891        7.509   301.0      0.535      0.235      0.802     -0.150     -0.249      0.224
625.2000      -1006.576    -1015.177        8.601   344.8      0.270      0.514      0.906      0.415     -0.380     -0.047
625.4000      -1007.103    -1014.886        7.784   312.0      0.824      0.677      1.240     -0.186     -0.253     -0.318
625.6000      -1008.252    -1015.866        7.614   305.2      0.865      0.472      0.862     -0.434     -0.393      0.186
625.8000      -1007.928    -1015.290        7.361   295.1      0.173      1.145      1.205      0.124     -0.055     -0.365
626.0000      -1007.794    -1016.413        8.618   345.5      0.437      0.364      0.311      0.308      0.294      0.091
626.2000      -1008.184    -1015.905        7.721   309.5      0.986      0.719      0.235     -0.260     -0.417      0.097
626.4000      -1007.295    -1014.643        7.348   294.5      1.190      0.812      0.904     -0.008     -0.229      0.036
626.6000      -1007.163    -1015.357        8.194   328.5      1.150      0.347      0.385      0.019     -0.235      0.146
626.8000      -1007.641    -1015.621        7.980   319.9      0.302      1.080      0.461      0.475     -0.174     -0.411
627.0000      -1007.989    -1015.574        7.585   304.0      0.505     -0.529      0.116      0.283     -0.219     -0.099
627.2000      -1008.274    -1015.953        7.679   307.8      0.826      0.551      0.456     -0.250     -0.359     -0.188
627.4000      -1007.647    -1015.187        7.541   302.3      1.371      0.968      1.410      0.276     -0.246     -0.444
627.6000      -1007.774    -1016.142        8.368   335.4      1.012      0.468      0.509      0.069     -0.187      0.548
627.8000      -1008.004    -1015.073        7.069   283.4      1.160      1.092      0.554      0.140      0.132      0.761
628.0000      -1007.786    -1015.405        7.618   305.4      0.113      0.384      1.195     -0.584     -0.158      0.338
628.2000      -1007.455    -1015.173        7.718   309.4     -0.147      1.095      0.387     -0.402      0.082      0.101
628.4000      -1007.408    -1015.477        8.070   323.5      0.258      0.697      0.565     -0.119      0.157      0.019
628.6000      -1007.182    -1015.720        8.537   342.2      0.111      0.729     -0.290     -0.519     -0.189     -0.150
628.8000      -1008.277    -1015.449        7.172   287.5      0.633      0.391      1.085      0.133      0.538      0.119
629.0000      -1008.889    -1015.955        7.066   283.2      0.382      0.325      0.088     -0.602      0.505     -0.342
629.2000      -1008.022    -1016.010        7.988   320.2      1.376      1.101      1.434     -0.344      0.351     -0.135
629.4000      -1008.792    -1016.607        7.814   313.2     -0.378      0.691      0.159     -0.027      0.422     -0.108
629.6000      -1008.444    -1016.104        7.659   307.0      1.124      0.855      0.870     -0.534      0.327     -0.230
629.8000      -1007.888    -1015.490        7.602   304.7      0.530      0.251      0.006      0.359      0.704      0.111
630.0000      -1007.719    -1015.141        7.423   297.5      0.315     -0.195      0.321      0.151     -0.447     -0.186
630.2000      -1007.765    -1016.205        8.440   338.3     -0.412     -0.076     -0.016     -0.423      0.503      0.042
630.4000      -1007.647    -1015.576        7.929   317.8     -0.417     -0.471      0.585      0.028     -0.544      0.254
630.6000      -1007.984    -1016.536        8.552   342.8      0.161      0.122      0.541      0.009      0.095      0.022
630.8000      -1008.335    -1015.967        7.632   305.9      0.234      1.229      1.407     -0.351     -0.060      0.206
631.0000      -1008.502    -1016.249        7.746   310.5      0.423     -0.237     -0.434      0.148      0.421     -0.081
631.2000      -1007.904    -1016.101        8.197   328.6      0.429      0.415      0.722     -0.556      0.203     -0.073
631.4000      -1006.396    -1015.575        9.178   367.9     -0.716      0.122     -0.460      0.007      0.042      0.259
631.6000      -1006.564    -1015.191        8.627   345.8      0.217     -0.491      0.314      0.222      0.555     -0.307
631.8000      -1006.679    -1015.590        8.911   357.2      0.198      0.683      0.263     -0.224     -0.241     -0.348
632.0000      -1006.655    -1015.032        8.377   335.8      0.115     -0.601      0.004      0.258      0.311     -0.085
632.2000      -1006.684    -1015.079        8.395   336.5      2.007      0.190      0.724     -0.600      0.568      0.100
632.4000      -1007.869    -1016.359        8.490   340.3      0.214      0.460      0.566      0.991      0.765     -0.090
632.6000      -1007.672    -1015.781        8.110   325.1      0.670      0.547      0.046      0.309      0.078     -0.060
632.8000      -1007.140    -1015.826        8.687   348.2      0.695      0.657      0.221      0.271      0.294     -0.243
633.0000      -1007.875    -1016.340        8.465   339.3      0.319     -0.210      0.786      0.037      0.687      0.320
633.2000      -1006.889    -1015.440        8.551   342.7     -0.148      1.104      0.167      0.122     -0.358      0.071
633.4000      -1006.873    -1015.213        8.340   334.3      0.749      0.536      1.158      0.508     -1.270      0.540
633.6000      -1007.477    -1015.216        7.739   310.2      0.739      0.906      0.067      0.179     -0.188      0.101
633.8000      -1007.423    -1015.368        7.945   318.5      0.107      0.164      0.303      0.275      0.415     -0.253
634.0000      -1007.327    -1015.218        7.891   316.3      0.198      0.205      0.642      0.202      0.220      0.156
634.2000      -1006.606    -1015.671        9.065   363.4     -0.575      0.394      0.881      0.021     -0.018     -0.158
634.4000      -1007.800    -1015.587        7.787   312.1     -0.036     -0.436      0.175     -0.498     -0.139      0.217
634.6000      -1008.601    -1016.716        8.115   325.3     -0.467      0.601     -0.218     -0.110      0.739     -0.342
634.8000      -1008.877    -1017.152        8.275   331.7      0.351     -0.725      0.278     -0.471      0.082     -0.532
635.0000      -1008.700    -1016.993        8.293   332.4      0.477      0.447     -0.055     -0.058     -0.170     -0.044
635.2000      -1008.991    -1016.977        7.986   320.1      0.017      0.639      0.134     -0.274     -0.470     -0.309
635.4000      -1009.304    -1017.022        7.718   309.4      0.936      0.663     -0.228      0.224      0.115      0.313
635.6000      -1009.022    -1016.825        7.803   312.8     -0.131     -0.064      0.270     -0.264      0.218     -0.634
635.8000      -1008.546    -1016.255        7.709   309.0     -0.181     -0.520     -0.014     -0.101      0.049     -0.148
636.0000      -1007.819    -1016.058        8.239   330.3     -0.401      0.138     -1.129     -0.519     -0.267     -0.258
636.2000      -1008.185    -1016.100        7.915   317.3      0.573     -0.292      0.385     -0.259     -0.013     -0.029
636.4000      -1008.188    -1016.064        7.875   315.7     -1.165      0.329     -0.270     -0.045      0.069      0.332
636.6000      -1008.185    -1015.679        7.494   300.4      0.472      1.026      0.342     -0.200     -0.032      0.372
636.8000      -1007.844    -1015.745        7.902   316.7      0.745      0.731      0.234      0.410     -0.294     -0.396
637.0000      -1008.133    -1015.969        7.836   314.1      0.605      0.047      0.045     -0.050      0.147     -0.051
637.2000      -1008.701    -1016.386        7.686   308.1      0.184      0.353     -0.910     -0.488      0.159     -0.004
637.4000      -1008.181    -1016.227        8.047   322.6      0.660      0.578     -0.161      0.418      0.591     -0.111
637.6000      -1008.587    -1016.802        8.215   329.3      0.245     -0.467     -0.252     -0.052     -0.103     -0.138
637.8000      -1009.139    -1016.720        7.581   303.9      0.071      1.242      0.270      0.881      0.386     -0.210
638.0000      -1007.881    -1015.623        7.742   310.3      0.559     -0.093      0.360      0.825     -0.310      0.111
638.2000      -1009.060    -1016.198        7.137   286.1      0.168      0.002      0.473      0.192      0.351     -0.503
638.4000      -1008.982    -1016.135        7.153   286.7      0.401      0.812      0.825     -0.734      0.229      0.063
638.6000      -1008.449    -1015.831        7.382   295.9      1.270      0.882      0.579      0.334     -0.561      0.778
638.8000      -1008.148    -1016.539        8.392   336.4      1.035      0.735      0.085     -0.547      0.512      0.278
639.0000      -1007.893    -1015.916        8.023   321.6      0.681      1.437      0.642     -0.106     -0.099      0.350
639.2000      -1007.418    -1016.105        8.687   348.2     -0.163      0.262      0.011      0.452     -0.318      0.580
639.4000      -1007.551    -1015.869        8.317   333.4      0.567      0.486     -0.105     -0.258      0.446      0.766
639.6000      -1007.169    -1015.307        8.138   326.2     -0.207      0.029     -0.269     -0.492      0.170      0.445
639.8000      -1007.511    -1016.266        8.755   350.9      0.519      0.897      0.254      0.255     -0.221      0.404
640.0000      -1007.094    -1015.368        8.275   331.7      1.377      0.670      0.090     -0.042      0.343     -0.274
640.2000      -1008.226    -1016.202        7.976   319.7      0.351      0.275     -0.407     -0.110     -0.604     -0.133
640.4000      -1008.593    -1016.843        8.250   330.7      0.656      0.779      0.195     -0.078     -0.038      0.032
640.6000      -1008.253    -1016.184        7.930   317.9      0.912      0.101      1.179     -0.020     -0.813      0.161
640.8000      -1007.558    -1015.688        8.130   325.9      0.829     -0.271      0.972     -0.297      0.555      0.305
641.0000      -1006.772    -1015.076        8.304   332.9      1.032      0.319      1.217     -0.038     -0.073     -0.264
641.2000      -1006.751    -1014.777        8.026   321.7     -0.295      0.196      0.204      0.156     -0.362      0.344
641.4000      -1006.964    -1015.712        8.748   350.6      0.751      0.918      0.577      0.657      0.246     -0.297
641.6000      -1007.040    -1016.145        9.105   365.0      0.482      1.010      0.207     -0.219      0.452      0.016
641.8000      -1007.573    -1016.029        8.456   339.0     -0.299     -0.465     -0.380      0.083      0.290      0.170
642.0000      -1006.514    -1016.271        9.757   391.1     -0.101      0.297      0.602      0.107     -0.181     -0.262
642.2000      -1006.741    -1015.031        8.290   332.3     -0.100      1.146     -0.097     -0.225     -0.413     -0.672
642.4000      -1007.268    -1015.647        8.379   335.9      1.583      1.468      1.777      0.132     -0.093      0.341
642.6000      -1008.404    -1016.283        7.879   315.8      0.972      0.083      0.286      0.121     -0.073      0.064
642.8000      -1007.684    -1016.128        8.445   338.5      0.872      0.836      0.911     -0.175      0.119      0.222
643.0000      -1007.111    -1016.296        9.186   368.2      0.090     -0.466     -0.229     -0.085     -0.326      0.828
643.2000      -1007.434    -1015.465        8.032   321.9     -0.077      0.292      0.013      0.390      0.384     -0.384
643.4000      -1007.393    -1015.900        8.507   341.0     -0.712      0.381     -0.656      0.557      0.493     -0.572
643.6000      -1007.073    -1015.602        8.530   341.9     -0.029      0.524     -0.280      0.092      0.423     -0.083
643.8000      -1008.350    -1016.364        8.015   321.3      0.238     -0.012      0.004      0.366      0.426      0.430
644.0000      -1008.486    -1015.939        7.454   298.8      1.350      1.018      0.671     -0.216      0.528      0.013
644.2000      -1008.490    -1016.211        7.721   309.5     -0.479      0.361     -0.292      0.439     -0.062      0.552
644.4000      -1007.892    -1015.572        7.680   307.9      0.707      0.418     -0.087      0.002     -0.234      0.293
644.6000      -1008.929    -1016.022        7.093   284.3     -0.451      0.159      0.267     -0.023      0.139      0.174
644.8000      -1009.186    -1017.070        7.884   316.0     -0.224      0.200      0.668      0.612      0.111      0.342
645.0000      -1008.144    -1016.215        8.071   323.5     -0.490      0.166     -0.330      0.071      0.071     -0.551
645.2000      -1008.536    -1016.429        7.893   316.4      0.922      0.691     -0.353     -0.251      0.304      0.463
645.4000      -1008.464    -1016.752        8.288   332.2      0.243      0.662      0.708      0.105     -0.076      0.169
645.6000      -1007.802    -1015.745        7.943   318.4      0.077      0.250     -0.296      0.348      0.192      0.155
645.8000      -1007.446    -1015.523        8.076   323.7     -0.758     -0.824     -0.401     -0.157      0.321      0.118
646.0000      -1006.127    -1015.330        9.202   368.9     -0.566     -0.154      0.126      0.091      0.142     -0.522
646.2000      -1006.228    -1014.849        8.620   345.5      0.979      0.376      1.740     -0.067      0.496     -0.067
646.4000      -1006.139    -1014.555        8.416   337.4      0.791      0.611      0.666     -0.149      0.727      0.021
646.6000      -1006.432    -1014.770        8.338   334.2      0.758      1.140      1.302      0.135     -0.036     -0.213
646.8000      -1006.730    -1015.351        8.621   345.6      1.048      0.086      0.698     -0.186      0.016      0.169
647.0000      -1005.793    -1014.170        8.377   335.8      0.046      1.111      0.659      0.645      0.644      0.366
647.2000      -1005.785    -1014.451        8.666   347.4     -0.067      0.367     -0.438     -0.072     -0.240      0.100
647.4000      -1006.521    -1014.443        7.921   317.5      0.123      0.449      0.501      0.028      0.290     -0.228
647.6000      -1006.604    -1015.230        8.626   345.8      0.438      1.327     -0.181      0.212     -0.058      0.035
647.8000      -1007.397    -1016.062        8.665   347.3     -0.005      0.162      0.210      0.484      0.223      0.403
648.0000      -1007.499    -1015.855        8.356   334.9     -0.208     -0.250     -0.343     -0.350      0.363      0.116
648.2000      -1006.198    -1014.404        8.207   329.0     -0.132      0.851     -0.855      0.285     -0.413      0.302
648.4000      -1006.507    -1014.603        8.096   324.5      0.996      0.132      0.804     -0.574      0.035     -0.230
648.6000      -1006.225    -1014.793        8.568   343.5      0.811      0.185     -0.076      0.177      0.149      0.173
648.8000      -1005.264    -1013.951        8.687   348.2      0.817      0.507      0.997      0.017     -0.070      0.179
649.0000      -1006.354    -1014.643        8.289   332.3      0.690      0.302      0.655      0.604     -0.322     -0.008
649.2000      -1006.031    -1014.100        8.069   323.4      0.067      0.087     -0.155     -0.010      0.056     -0.227
649.4000      -1006.235    -1014.526        8.290   332.3      0.695      0.219     -0.985      0.421      0.765      0.151
649.6000      -1005.821    -1014.468        8.646   346.6      0.145      0.424      0.524      0.227     -0.136      0.034
649.8000      -1006.403    -1014.599        8.196   328.5      0.389      0.373     -0.189      0.224      0.556     -0.449
650.0000      -1007.370    -1014.891        7.522   301.5     -0.448     -0.094     -0.589      0.025      0.153      0.463
650.2000      -1006.796    -1015.088        8.292   332.4      1.402      0.363      1.033     -0.337      0.148      0.432
650.4000      -1006.257    -1015.456        9.199   368.7      0.391      0.696      0.230     -0.286      0.018     -0.239
650.6000      -1007.352    -1015.089        7.738   310.2      0.624      0.078      1.006     -0.065     -0.223     -0.072
650.8000      -1006.739    -1015.718        8.979   359.9      0.125      0.420      0.673     -0.189      0.046      0.241
651.0000      -1007.212    -1015.568        8.355   334.9      0.681      0.994      0.701      0.074     -0.394      0.159
651.2000      -1007.226    -1015.585        8.359   335.1      1.059      0.302      0.302     -0.117      0.696      0.640
651.4000      -1006.515    -1015.796        9.281   372.0      0.227     -0.159      0.218     -0.103     -0.360     -0.487
651.6000      -1006.304    -1014.668        8.364   335.3      0.590      0.280     -0.291      0.408     -0.040     -0.059
651.8000      -1006.030    -1014.452        8.422   337.6      0.393     -0.281      0.298     -0.069      0.306      0.043
652.0000      -1006.943    -1015.075        8.133   326.0      1.002      0.719      0.220     -0.322      0.840      0.173
652.2000      -1007.704    -1014.929        7.225   289.6      0.213      0.081     -0.290      0.017     -0.161      0.420
652.4000      -1006.094    -1014.426        8.332   334.0      0.743     -0.146     -0.375     -0.324      0.237     -0.019
652.6000      -1006.763    -1015.462        8.699   348.7     -0.403      1.129      0.251      0.303      0.095     -0.175
652.8000      -1006.955    -1014.702        7.747   310.5     -0.704      0.465      0.019      0.162     -0.220      0.296
653.0000      -1006.913    -1014.689        7.776   311.7     -0.454      0.187      0.784     -0.573     -0.480     -0.140
653.2000      -1007.607    -1015.712        8.106   324.9      0.152      1.461      0.254     -0.648      0.974      0.279
653.4000      -1007.598    -1015.237        7.640   306.2      0.571      0.435      0.088     -0.202      0.227      0.272
653.6000      -1007.710    -1015.140        7.430   297.8      0.276     -0.201      0.221     -0.004      0.521     -0.028
653.8000      -1008.488    -1016.400        7.911   317.1     -0.119      0.676      0.168      0.273     -0.194     -0.349
654.0000      -1008.139    -1015.383        7.244   290.4      0.726      0.719      0.888     -0.467     -0.001     -1.091
654.2000      -1007.838    -1015.308        7.470   299.4      0.187      0.134      0.749      0.172      0.400     -0.308
654.4000      -1007.844    -1016.032        8.188   328.2      1.180      0.736      0.673     -0.041     -0.550      0.022
654.6000      -1008.030    -1016.470        8.440   338.3      1.635      0.703      0.768      0.109      0.502      0.423
654.8000      -1007.691    -1015.911        8.220   329.5      0.855      0.154      0.068     -0.345      0.445     -0.291
655.0000      -1007.897    -1015.628        7.731   309.9      0.728      0.903     -0.361      0.075      0.023     -0.080
655.2000      -1007.643    -1015.274        7.631   305.9      0.598      1.044      0.414      0.165      0.417      0.484
655.4000      -1008.292    -1015.978        7.685   308.1      0.061      0.047     -0.531     -0.060     -0.213      0.316
655.6000      -1008.588    -1015.700        7.112   285.1      0.154      0.299      0.128     -0.185      0.361     -0.409
655.8000      -1007.786    -1015.358        7.571   303.5      0.356      0.231      0.269     -0.093      0.074     -0.362
656.0000      -1007.508    -1015.277        7.769   311.4      0.254      0.153      0.061      0.008      0.413     -0.304
656.2000      -1006.316    -1015.078        8.762   351.2     -0.678      0.050      0.255      0.301      0.585      0.295
656.4000      -1006.056    -1014.502        8.446   338.6      0.938     -0.274      1.129      0.011     -0.288      0.445
656.6000      -1006.097    -1015.143        9.046   362.6     -0.942     -0.393      0.137      0.159      0.437      0.306
656.8000      -1006.585    -1014.772        8.187   328.2      0.586      0.056      0.404     -0.157     -0.237     -0.262
657.0000      -1006.808    -1014.382        7.574   303.6      0.611      0.337     -0.543      0.318     -0.137      0.032
657.2000      -1006.601    -1014.130        7.529   301.8      0.358      0.363      0.324     -0.222      0.001      0.147
657.4000      -1007.576    -1014.756        7.180   287.8      0.462     -0.149      1.217      0.036     -0.076     -0.514
657.6000      -1006.900    -1014.630        7.730   309.8      1.294      0.888      1.268     -0.527      0.400     -0.137
657.8000      -1006.371    -1014.810        8.439   338.3      1.266      1.364      1.053     -0.081     -0.222      0.353
658.0000      -1006.064    -1013.976        7.911   317.1      0.480      0.216      1.178     -0.179     -0.012      0.115
658.2000      -1007.007    -1014.978        7.971   319.5     -0.387      0.235      0.179     -0.424     -0.278     -0.179
658.4000      -1005.421    -1013.943        8.522   341.6      1.050     -0.112      0.924     -0.022     -0.128     -0.139
658.6000      -1005.892    -1014.490        8.598   344.6     -0.022     -0.173      1.109      0.386      0.333     -0.152
658.8000      -1005.514    -1014.158        8.643   346.5     -0.158     -0.203      1.262     -0.378      0.348      0.467
659.0000      -1006.530    -1014.179        7.649   306.6     -0.650      0.905      0.744     -0.265      0.245     -0.047
659.2000      -1006.205    -1014.334        8.129   325.9      0.832      0.362      2.159     -0.302      0.277      0.003
659.4000      -1005.989    -1014.462        8.472   339.6     -0.215      1.315      0.504     -0.567     -0.229      0.304
659.6000      -1006.821    -1014.876        8.054   322.9     -0.460      0.880      0.093      0.303      0.223      0.329
659.8000      -1007.222    -1015.072        7.850   314.7      1.021      1.493      0.733     -0.234     -0.142      0.198
660.0000      -1006.954    -1015.414        8.460   339.1      0.801     -0.041     -0.392     -0.006      0.254     -0.190
660.2000      -1007.174    -1016.351        9.177   367.9     -0.058     -0.580      0.926      0.095     -0.223     -0.105
660.4000      -1007.024    -1014.638        7.614   305.2      0.326      0.537      0.539     -0.229      0.224     -0.186
660.6000      -1007.340    -1014.979        7.639   306.2      1.797      0.508      1.047     -0.068     -0.357     -0.395
660.8000      -1006.024    -1015.271        9.247   370.7      0.468      1.321      1.099     -0.116      0.150      0.187
661.0000      -1006.302    -1015.637        9.335   374.2     -0.999     -0.054     -0.133     -0.454      0.232     -0.424
661.2000      -1007.229    -1014.943        7.714   309.2      0.100      0.431      0.632      0.022      0.014     -0.194
661.4000      -1006.397    -1014.851        8.454   338.9      0.271      0.081      0.371      0.486     -0.280      0.399
661.6000      -1007.146    -1015.695        8.549   342.7      0.267      0.432      0.643      0.490      0.398     -0.868
661.8000      -1007.299    -1015.465        8.165   327.3      0.268      0.398      0.606      0.301      0.094     -0.119
662.0000      -1006.627    -1014.826        8.199   328.7      0.183      0.165     -0.020      0.164     -0.164     -0.189
662.2000      -1006.031    -1014.864        8.833   354.1     -0.010      0.543      0.970     -0.045      0.067     -0.028
662.4000      -1006.863    -1013.778        6.915   277.2      1.402      2.163      1.743      0.028     -0.009      0.788
662.6000      -1005.941    -1013.904        7.963   319.2      0.015      0.166     -0.290     -0.555     -0.147      0.015
662.8000      -1005.319    -1014.048        8.729   349.9     -0.456      0.235     -0.794     -0.589      0.533     -0.660
663.0000      -1006.431    -1014.711        8.280   331.9     -0.162      0.201      0.966      0.056     -0.260     -0.103
663.2000      -1006.309    -1014.890        8.581   344.0      0.734      0.900      0.305     -0.295      0.217      0.090
663.4000      -1006.363    -1014.311        7.949   318.6      1.160      0.621     -0.146     -0.013      0.100     -0.213
663.6000      -1006.218    -1014.887        8.669   347.5      0.332      0.135      0.576     -0.070     -0.440      0.144
663.8000      -1006.886    -1014.635        7.749   310.6      0.177      0.615      0.045      0.681      0.015      0.464
664.0000      -1007.523    -1015.093        7.570   303.5      0.326      0.806     -0.130     -0.077      0.083      0.011
664.2000      -1008.122    -1016.294        8.172   327.6      0.551      1.022      0.375     -0.025     -0.224     -0.475
664.4000      -1007.956    -1015.613        7.656   306.9      0.304     -0.508     -0.177      0.296      0.169     -0.056
664.6000      -1007.911    -1016.483        8.572   343.6     -0.035      0.011      0.705     -0.765     -0.434      0.172
664.8000      -1006.755    -1015.248        8.493   340.4     -0.100     -0.043      0.921     -0.030      0.103      0.034
665.0000      -1006.204    -1014.856        8.652   346.8     -0.597      1.309      0.048     -0.156      0.006      0.246
665.2000      -1006.740    -1015.087        8.348   334.6      1.035      1.178      1.089      0.381      0.693     -0.286
665.4000      -1006.785    -1015.004        8.219   329.5      0.036      0.171      0.618     -0.175     -0.649      0.128
665.6000      -1007.246    -1015.122        7.876   315.7      0.221      0.425     -0.044      0.257     -0.133      0.598
665.8000      -1006.845    -1015.520        8.674   347.7     -0.635      0.232     -0.079      0.257      0.353     -0.400
666.0000      -1005.435    -1014.534        9.098   364.7      1.154      0.824      1.023      0.010     -0.635     -0.257
666.2000      -1005.664    -1014.166        8.502   340.8     -0.135      0.155     -0.771     -0.011     -0.357      0.891
666.4000      -1006.098    -1013.533        7.435   298.0      1.892      0.048      1.731     -0.069     -0.396     -0.511
666.6000      -1005.533    -1013.448        7.915   317.3      0.464      0.224      0.195     -0.554      0.021      0.197
666.8000      -1006.437    -1014.560        8.124   325.6      0.417      0.228      0.315     -0.388     -0.451      0.150
667.0000      -1006.714    -1014.638        7.924   317.6      0.335      0.298      0.915     -0.138      0.013      1.226
667.2000      -1006.880    -1015.395        8.515   341.3      1.028      0.430     -0.269     -0.144      0.702     -0.782
667.4000      -1007.932    -1016.171        8.239   330.3      1.507      1.432      0.839      0.270      0.402      0.103
667.6000      -1006.830    -1014.479        7.648   306.6      0.255      0.739      1.507      0.104      0.067     -0.164
667.8000      -1007.377    -1015.510        8.132   326.0      0.831      0.745      0.453     -0.790     -0.497      0.357
668.0000      -1008.057    -1016.007        7.950   318.7     -0.326      0.751     -0.086     -0.204     -0.569     -0.428
668.2000      -1008.367    -1015.912        7.545   302.4      0.362     -0.550     -0.314     -0.356      0.470     -0.165
668.4000      -1007.583    -1015.805        8.222   329.6     -0.344     -0.512     -0.020      0.047      0.419     -0.784
668.6000      -1007.073    -1014.878        7.805   312.8      0.254      0.814     -0.201     -0.035      0.461     -0.643
668.8000      -1007.198    -1015.747        8.549   342.7      0.423      0.380     -0.559     -0.018      0.328     -0.029
669.0000      -1007.230    -1015.610        8.380   335.9      0.255     -0.637      0.037     -0.256     -0.300     -0.039
669.2000      -1006.962    -1015.940        8.978   359.9      1.116      1.130      0.722     -0.112      0.059      0.175
669.4000      -1006.135    -1014.435        8.301   332.7      0.871      0.587      0.916      0.045      0.319      0.744
669.6000      -1006.700    -1015.482        8.782   352.0      0.614     -0.512     -0.009      0.182      0.303      0.069
669.8000      -1005.996    -1014.512        8.516   341.3     -0.230      0.633      0.683     -0.096     -0.350     -0.277
670.0000      -1007.028    -1015.307        8.278   331.8      0.150      0.503     -0.172      0.033      0.285      0.024
670.2000      -1007.025    -1015.498        8.473   339.6      0.513      0.062      1.050      0.576      0.227     -0.184
670.4000      -1006.541    -1015.156        8.615   345.3     -0.027      0.257      0.669      0.244     -0.190      0.525
670.6000      -1007.404    -1016.177        8.773   351.7      0.332      0.617      0.916      0.884      0.071     -0.380
670.8000      -1007.157    -1015.588        8.431   338.0      0.710      0.707      1.056      0.381      0.869      0.257
671.0000      -1007.764    -1014.707        6.943   278.3      1.323     -0.111      1.034     -0.011      0.200     -0.223
671.2000      -1007.473    -1015.089        7.616   305.3     -0.457      0.463      0.721      0.293     -0.603      0.450
671.4000      -1007.145    -1015.035        7.890   316.3      0.368     -0.145      0.326     -0.329     -0.184      0.010
671.6000      -1006.963    -1015.182        8.219   329.5      0.163     -0.347     -0.141     -0.204      0.206      0.158
671.8000      -1005.759    -1015.095        9.335   374.2      0.367     -0.008      0.362     -0.448     -0.264      0.436
672.0000      -1007.075    -1015.305        8.230   329.9      0.191      0.331      0.704      0.046      0.104      0.180
672.2000      -1005.914    -1014.362        8.448   338.6      0.782      0.579      0.238      0.286     -0.014     -0.528
672.4000      -1005.383    -1013.450        8.068   323.4      0.807      0.244      0.540      0.047     -0.332      0.624
672.6000      -1005.880    -1014.272        8.392   336.4      0.448      1.012      0.186     -0.330     -0.610      0.227
672.8000      -1006.601    -1014.943        8.342   334.4      0.426      0.554      0.325      0.716      0.500      0.630
673.0000      -1006.870    -1014.796        7.926   317.7      0.285      0.060     -0.430      0.048      0.115      0.473
673.2000      -1006.841    -1014.724        7.883   316.0      0.644      0.412      0.429      0.355     -0.268     -0.098
673.4000      -1006.930    -1015.606        8.676   347.8      0.094      1.012      0.193      0.143      0.415     -0.619
673.6000      -1005.943    -1013.961        8.018   321.4      0.451      0.156      0.524      0.535      0.282      0.171
673.8000      -1006.356    -1014.527        8.171   327.5     -0.213     -0.766      0.001      0.340     -0.191      0.283
674.0000      -1006.306    -1014.535        8.230   329.9     -0.097      0.686      0.751     -0.499      0.155     -0.136
674.2000      -1006.409    -1015.453        9.044   362.5      0.321     -0.321      0.208      0.209     -0.091      0.061
674.4000      -1006.857    -1015.163        8.306   332.9     -0.153      0.123      0.856     -0.621      0.109      0.022
674.6000      -1007.070    -1015.308        8.238   330.2      0.640      0.304     -0.715     -0.279     -0.052      0.069
674.8000      -1006.319    -1014.793        8.474   339.7     -0.601      0.162     -0.054      0.277     -0.375     -0.023
675.0000      -1006.613    -1014.871        8.258   331.0      0.571      0.383      0.164      0.369      0.187      0.138
675.2000      -1006.671    -1014.731        8.060   323.1      0.014      0.089     -0.180      0.026     -0.251     -0.191
675.4000      -1006.961    -1014.275        7.314   293.2      0.239      0.406      0.676     -0.263      0.016     -0.247
675.6000      -1006.102    -1014.706        8.604   344.9      0.126     -0.254     -0.302      0.130     -0.460     -0.355
675.8000      -1006.452    -1014.992        8.541   342.3      0.193      1.031      1.248     -0.572      0.216      0.586
676.0000      -1007.311    -1015.190        7.879   315.8      1.274      0.859      1.185      0.240     -0.309      0.088
676.2000      -1006.511    -1014.883        8.373   335.6     -0.063      0.130     -0.297      0.078     -0.002      0.011
676.4000      -1005.981    -1014.471        8.490   340.3      0.033      0.430      0.322      0.442      0.462      0.082
676.6000      -1006.608    -1014.703        8.095   324.5      0.518      0.287      0.108     -0.114      0.138     -0.030
676.8000      -1006.514    -1015.271        8.757   351.0      0.781      0.594      0.403     -0.065      0.150     -0.174
677.0000      -1006.231    -1014.565        8.334   334.1     -0.603     -0.548      0.542      0.056      0.153      0.433
677.2000      -1006.814    -1014.798        7.984   320.0      0.640     -0.376     -0.158      0.585     -0.442      0.021
677.4000      -1006.878    -1015.094        8.216   329.3      0.433      0.017      0.546      0.181      0.216     -0.712
677.6000      -1006.864    -1014.481        7.617   305.3      0.189      0.865      0.622     -0.282      0.411      0.411
677.8000      -1006.907    -1014.981        8.075   323.7      0.060     -0.306      0.635      0.191      0.562     -0.274
678.0000      -1006.625    -1014.859        8.234   330.1     -1.172      0.363      0.265      0.271      0.366      0.051
678.2000      -1005.819    -1014.467        8.649   346.7     -1.169      0.255     -0.771      0.085     -0.295      0.547
678.4000      -1007.035    -1013.978        6.944   278.3      1.491      0.572      1.154      0.171     -0.655     -0.410
678.6000      -1006.196    -1014.643        8.447   338.6      0.214     -0.163      0.783     -0.155     -0.203      0.749
678.8000      -1007.124    -1015.179        8.056   322.9      1.618      0.531      0.676      0.244      0.124      0.195
679.0000      -1006.844    -1015.020        8.177   327.8      0.037      0.104      0.718     -0.262     -0.028     -0.029
679.2000      -1006.936    -1015.851        8.915   357.4      1.147      0.449     -0.511     -0.332      0.036     -0.499
679.4000      -1007.155    -1015.544        8.389   336.3      0.398      0.465      0.244     -0.434      0.256      0.882
679.6000      -1007.358    -1015.833        8.475   339.7      0.599      0.989      0.754      0.466     -0.151     -0.214
679.8000      -1007.432    -1015.365        7.933   318.0     -0.138      0.173      1.330      0.307      0.030     -0.203
680.0000      -1007.383    -1015.365        7.981   319.9     -0.006      0.251      0.344     -0.170      0.111      0.533
680.2000      -1006.634    -1014.495        7.862   315.1      0.430     -0.210     -0.336      0.008     -0.373     -0.017
680.4000      -1007.408    -1015.343        7.935   318.1      0.379     -0.421      0.917      0.207      0.361      0.295
680.6000      -1007.890    -1015.962        8.072   323.6      0.525      0.176     -0.575      0.701     -0.127     -0.215
680.8000      -1007.425    -1015.154        7.729   309.8     -0.175      0.247      0.021     -0.305     -0.173      0.076
681.0000      -1006.544    -1015.095        8.551   342.8      0.917     -0.548     -0.338      0.102      0.463      0.544
681.2000      -1006.372    -1015.727        9.355   375.0      0.208      0.753      0.480     -0.114     -0.370      0.444
681.4000      -1006.927    -1015.408        8.481   340.0      0.319      0.241     -0.522      0.036     -0.401      0.538
681.6000      -1006.432    -1014.700        8.269   331.4      0.385      0.346     -0.185     -0.391     -0.354     -0.083
681.8000      -1007.419    -1016.019        8.600   344.7     -0.102      0.362      0.470     -0.547      0.113      0.384
682.0000      -1007.842    -1016.132        8.290   332.3      0.652      0.357     -0.176     -0.087     -0.303     -0.456
682.2000      -1008.781    -1017.013        8.232   330.0      1.273      0.399      1.284     -0.335     -0.797     -0.312
682.4000      -1009.427    -1016.656        7.229   289.8      0.993      0.922      1.068      0.193     -0.666      0.492
682.6000      -1008.835    -1016.268        7.433   298.0      1.340      0.579      1.097     -0.311     -0.377     -0.330
682.8000      -1007.589    -1015.244        7.655   306.8      0.130      0.753     -0.257      0.163     -0.437      0.197
683.0000      -1007.943    -1014.815        6.872   275.4     -0.329      0.709      0.716      0.707      0.025     -0.051
683.2000      -1006.782    -1015.935        9.153   366.9      0.041     -0.252      0.796     -0.123      0.665      0.040
683.4000      -1007.045    -1015.964        8.919   357.5      1.050      0.850      1.255      0.135      0.275     -0.894
683.6000      -1007.510    -1015.568        8.058   323.0      0.041     -0.346     -0.340     -0.190      0.572     -0.449
683.8000      -1007.621    -1015.872        8.250   330.7      0.582      0.589      0.768      0.404     -0.284     -0.211
684.0000      -1007.868    -1016.055        8.187   328.2      0.388     -0.353      0.065      0.469     -0.171     -0.022
684.2000      -1008.616    -1016.659        8.043   322.4     -0.342     -0.831     -0.864      0.017     -0.355     -0.207
684.4000      -1008.028    -1015.477        7.449   298.6      1.390      0.021      0.863      0.142      0.027     -0.178
684.6000      -1007.025    -1015.795        8.770   351.5      0.289      0.111      0.405      0.368      0.123      0.545
684.8000      -1005.785    -1014.918        9.134   366.1      1.940      0.297      0.968     -0.557     -0.039      0.124
685.0000      -1005.469    -1014.579        9.110   365.2     -0.419      1.216      0.596      0.084      0.119     -0.438
685.2000      -1006.350    -1015.137        8.788   352.2      0.586     -0.053     -0.069      0.105      0.453      0.367
685.4000      -1007.008    -1015.354        8.346   334.6      0.453     -0.143      0.491      0.340      0.146      0.248
685.6000      -1007.216    -1016.137        8.921   357.6      0.502      0.807      0.452      0.104      0.400      0.551
685.8000      -1007.409    -1015.737        8.327   333.8     -0.654      0.322      0.374     -0.239      0.175     -0.137
686.0000      -1007.482    -1015.735        8.254   330.8      1.003      0.126      1.128      0.128     -0.158      0.016
686.2000      -1007.387    -1016.276        8.889   356.3      0.188      0.878      1.000     -0.219      0.378     -0.080
686.4000      -1007.436    -1015.640        8.204   328.8      0.798      0.142      1.188     -0.227     -0.302     -0.184
686.6000      -1007.766    -1016.220        8.454   338.9      0.276      0.465      0.616      0.049     -0.548      0.558
686.8000      -1007.636    -1015.794        8.158   327.0      0.739      1.111      0.692     -0.064      0.552      0.447
687.0000      -1007.911    -1016.022        8.111   325.1     -0.182     -0.426      1.213     -0.032      0.182      0.286
687.2000      -1008.152    -1016.135        7.983   320.0      0.712     -0.840     -0.091     -0.320     -0.215     -0.024
687.4000      -1008.001    -1016.554        8.553   342.8     -0.693      0.452     -0.440     -0.464      0.028     -0.149
687.6000      -1007.758    -1016.223        8.465   339.3      1.231      0.111      1.165      0.178     -0.034      0.153
687.8000      -1006.358    -1015.054        8.696   348.6      1.552      0.336      0.692     -0.019      0.131     -0.444
688.0000      -1007.050    -1015.939        8.889   356.3      0.382     -0.375     -0.124     -0.115      0.001      0.306
688.2000      -1006.997    -1015.574        8.578   343.8      0.485      0.419      1.088     -0.340      0.035      0.077
688.4000      -1007.398    -1015.361        7.964   319.2      0.440      0.675      0.346     -0.136      0.115     -0.061
688.6000      -1007.332    -1014.682        7.351   294.7      1.229      0.622      0.696     -0.065      0.292      0.371
688.8000      -1007.488    -1015.443        7.955   318.9     -0.317     -0.678     -0.721     -0.477      0.036     -0.296
689.0000      -1006.682    -1015.280        8.598   344.6      0.371     -0.745      0.921      0.015     -0.022     -0.258
689.2000      -1005.751    -1015.088        9.337   374.3      0.393      0.082     -0.034     -0.168     -0.044      0.465
689.4000      -1005.362    -1015.000        9.638   386.3      0.224     -0.383      0.339     -0.028     -0.320      0.169
689.6000      -1005.997    -1014.782        8.785   352.2     -0.726      0.650      0.048     -0.156     -0.441      0.586
689.8000      -1005.974    -1015.013        9.039   362.3      0.417     -0.506     -0.526     -0.452      0.563     -0.220
690.0000      -1005.897    -1014.492        8.595   344.5      0.451      1.491      0.937     -0.167     -0.548      0.861
690.2000      -1006.039    -1014.569        8.530   341.9      0.494     -0.040      0.711     -0.109     -0.113     -0.444
690.4000      -1006.180    -1014.335        8.156   326.9      0.669      0.868      0.728      0.223      0.355      0.051
690.6000      -1006.775    -1014.869        8.094   324.4      0.193      0.276      0.402     -0.070     -0.350      0.381
690.8000      -1005.826    -1015.086        9.260   371.2      0.925      1.323      0.400      0.076     -0.699     -0.298
691.0000      -1006.709    -1014.892        8.183   328.0     -0.307      0.491     -0.200      0.205      0.166      0.153
691.2000      -1006.397    -1014.924        8.527   341.8      0.502      1.088      0.531      0.489     -0.882      0.445
691.4000      -1006.860    -1015.048        8.188   328.2      0.360     -0.960      0.380     -0.060      0.662      0.184
691.6000      -1007.319    -1014.727        7.408   296.9      0.630      0.862      0.628     -0.308     -0.438     -0.049
691.8000      -1006.400    -1014.863        8.463   339.2      0.499      0.346     -0.200      0.121     -0.100      0.025
692.0000      -1007.268    -1015.672        8.404   336.9     -0.189     -0.617      0.433     -0.023      0.161     -0.619
692.2000      -1007.008    -1016.089        9.081   364.0      0.685      0.629      0.699      0.123     -0.303      0.035
692.4000      -1007.928    -1015.939        8.011   321.1      0.479      0.038      0.158      0.562     -0.063     -0.461
692.6000      -1007.274    -1015.078        7.804   312.8      1.718      1.202      0.418      0.358     -0.045      0.229
692.8000      -1007.305    -1015.129        7.824   313.6      1.050     -0.072      0.054     -0.089      0.350     -0.440
693.0000      -1007.010    -1014.851        7.841   314.3      0.620      0.971      0.944      0.490      0.168     -0.164
693.2000      -1006.742    -1015.156        8.414   337.3     -0.228      0.221     -0.828     -0.467     -0.054      0.263
693.4000      -1007.144    -1014.766        7.622   305.5      0.421      1.062     -0.140      0.264     -0.624      0.149
693.6000      -1006.632    -1015.344        8.712   349.2      0.367      0.035      0.089      0.217     -0.439      0.253
693.8000      -1006.348    -1014.247        7.899   316.6     -0.429      0.691      0.325     -0.212     -0.657     -0.315
694.0000      -1005.583    -1014.174        8.591   344.4      0.714      0.630      0.296      0.264     -0.279      0.062
694.2000      -1006.789    -1015.102        8.313   333.2      1.559      1.539      1.370      0.479      0.207     -0.424
694.4000      -1006.371    -1014.258        7.887   316.1     -0.055      0.063     -0.175      0.117     -0.112      0.166
694.6000      -1006.903    -1014.833        7.930   317.9      1.842      0.746      0.479      0.097      0.321     -0.067
694.8000      -1006.998    -1015.332        8.334   334.1      1.888      1.311      0.053      0.357      0.023     -0.457
695.0000      -1006.619    -1015.561        8.942   358.4     -0.525      0.488      0.754     -0.109      0.134      0.505
695.2000      -1007.015    -1014.776        7.761   311.1     -0.065      0.370     -0.211     -0.340      0.209     -0.085
695.4000      -1007.179    -1015.474        8.295   332.5      0.122      0.751      0.636      0.182     -0.412     -0.442
695.6000      -1006.954    -1015.047        8.092   324.4      0.047      0.627      0.368     -0.187      0.170     -0.065
695.8000      -1007.427    -1015.758        8.330   333.9     -0.304      0.847     -0.344      0.044      0.039     -0.171
696.0000      -1006.783    -1015.331        8.547   342.6      0.243      0.481      0.331      0.660      0.040      0.290
696.2000      -1006.114    -1014.578        8.464   339.3      0.961      0.278      0.264     -0.108      0.493      0.441
696.4000      -1005.647    -1014.421        8.774   351.7     -0.211     -0.487     -0.338      0.035      0.518     -0.047
696.6000      -1006.611    -1015.118        8.507   341.0      0.602      0.362     -0.915     -0.442      0.200      0.227
696.8000      -1006.660    -1014.585        7.925   317.7     -0.508     -0.187      0.100      0.274      0.212     -0.471
697.0000      -1006.709    -1015.190        8.481   340.0     -0.107     -1.240     -0.011      0.343      0.001     -0.547
697.2000      -1007.187    -1014.616        7.429   297.8      0.494      0.249     -0.261     -0.262      0.079      0.018
697.4000      -1006.999    -1015.876        8.877   355.8     -0.596     -0.030     -0.023      0.222     -0.084      0.185
697.6000      -1006.712    -1014.802        8.090   324.3      0.262     -0.171     -0.122      0.379     -0.199     -0.274
697.8000      -1006.815    -1015.517        8.702   348.8     -0.242      0.110      0.490     -0.304      0.094     -0.314
698.0000      -1006.799    -1014.845        8.046   322.5      0.592      0.284      1.219     -0.544      0.359     -0.594
698.2000      -1006.622    -1015.079        8.457   339.0     -0.886     -0.584      0.085      0.225      0.387      0.209
698.4000      -1007.201    -1015.175        7.973   319.6     -0.007     -0.550      0.677     -0.058     -0.067      0.143
698.6000      -1007.240    -1015.779        8.539   342.3      0.762      0.571      0.812      0.238      0.700     -0.017
698.8000      -1007.178    -1015.476        8.298   332.6     -0.123      0.577      0.003     -0.814     -0.467     -0.003
699.0000      -1007.224    -1015.570        8.346   334.6      0.910      0.443      0.049      0.358      0.234      0.680
699.2000      -1008.158    -1016.226        8.068   323.4      0.293      0.010      0.261     -0.137     -0.199     -0.451
699.4000      -1006.943    -1014.979        8.036   322.1     -0.463      0.882      0.018     -0.149      0.032      0.485
699.6000      -1006.824    -1014.776        7.952   318.8      0.958      0.395      0.696      0.383      0.263      0.354
699.8000      -1007.665    -1015.126        7.460   299.0      1.037      0.304      1.554     -0.844     -0.389     -0.207
700.0000      -1007.119    -1015.639        8.520   341.5      0.690      0.000     -0.316     -0.224     -0.044      0.321
700.2000      -1006.571    -1014.974        8.403   336.8      0.255     -0.108     -0.511      0.103     -0.137      0.107
700.4000      -1007.243    -1015.158        7.915   317.3     -0.082     -0.383     -0.219      0.012      0.126      0.054
700.6000      -1007.250    -1015.062        7.812   313.1     -0.655      0.134      0.018      0.084     -0.087      0.357
700.8000      -1007.462    -1016.362        8.901   356.8      1.110     -0.184      1.037      0.038     -0.542      0.026
701.0000      -1007.250    -1015.636        8.386   336.1      0.162      1.244     -0.318      0.227     -0.383      0.120
701.2000      -1006.521    -1015.103        8.582   344.0      0.344      0.976     -0.066     -0.081      0.728     -0.277
701.4000      -1006.761    -1015.227        8.466   339.4      0.531      0.668      1.161      0.034      0.101      0.149
701.6000      -1007.353    -1015.580        8.227   329.8      0.649      0.685      0.227      0.246     -0.798      0.060
701.8000      -1006.967    -1014.468        7.500   300.6      0.880      1.175      0.503     -0.082     -0.293      0.017
702.0000      -1006.665    -1015.463        8.798   352.7      0.490      0.409      0.764      0.098     -0.497     -0.099
702.2000      -1006.587    -1015.005        8.418   337.4      0.767     -0.489      0.239      0.134      0.304      0.578
702.4000      -1006.670    -1014.805        8.135   326.1      0.067     -0.129      0.901     -0.002     -0.699      0.494
702.6000      -1006.871    -1015.122        8.251   330.7      0.465      0.630      0.153     -0.052      0.206     -0.134
702.8000      -1007.477    -1015.899        8.422   337.6      0.059      0.388     -0.384     -0.017     -0.395      0.048
703.0000      -1006.749    -1015.321        8.572   343.6     -0.225     -1.198      0.588     -0.438      0.613      0.227
703.2000      -1007.371    -1015.653        8.282   332.0     -0.147      0.424      0.696      0.230      0.349      0.227
703.4000      -1007.369    -1015.521        8.151   326.7      1.280      0.665      0.512      0.587     -0.055     -0.129
703.6000      -1007.441    -1015.448        8.006   320.9      0.720      0.814      0.328      0.392     -0.016     -0.343
703.8000      -1007.797    -1015.854        8.057   323.0      0.867      0.394      0.969     -0.064     -0.475     -0.212
704.0000      -1008.480    -1016.673        8.193   328.4      0.529      0.876      0.383      0.228     -0.345     -0.357
704.2000      -1008.065    -1016.772        8.706   349.0      0.042     -0.133      0.430      0.384      0.098     -0.411
704.4000      -1007.635    -1015.618        7.983   320.0     -0.236     -0.270     -0.311      0.633     -0.312     -0.716
704.6000      -1006.539    -1015.654        9.114   365.3     -0.013      0.591      0.750     -0.116     -0.304     -0.040
704.8000      -1006.551    -1015.472        8.920   357.6     -0.403     -0.040      0.139      0.445     -0.239     -0.276
705.0000      -1007.190    -1015.451        8.261   331.1      0.928      0.090     -0.512      0.007      0.081      0.081
705.2000      -1006.643    -1015.181        8.539   342.3      0.930      0.266      0.702     -0.718      0.902     -0.095
705.4000      -1006.235    -1014.775        8.540   342.3      0.862     -0.342     -0.394      0.335     -0.239      0.197
705.6000      -1005.747    -1014.481        8.734   350.1      1.073      0.769      0.200     -0.227      0.060     -0.168
705.8000      -1005.736    -1015.455        9.719   389.6      0.246      0.265      0.388     -0.352      0.090     -0.346
706.0000      -1006.428    -1014.907        8.480   339.9      0.745      0.008      0.160     -0.357     -0.057     -0.340
706.2000      -1007.298    -1015.322        8.024   321.6     -0.085     -0.364      0.154      0.174     -0.079      0.229
706.4000      -1006.998    -1015.143        8.145   326.5      0.828      1.001      0.681      0.034      1.097      0.213
706.6000      -1006.819    -1014.708        7.889   316.2      0.073      0.166      0.635      0.036     -0.251     -0.097
706.8000      -1006.762    -1015.158        8.395   336.5      0.769      0.328      0.641      0.164     -0.637      0.017
707.0000      -1007.406    -1016.111        8.705   348.9      0.010      0.368     -0.281     -0.358      0.458      0.292
707.2000      -1007.000    -1015.765        8.765   351.4     -0.068      0.755      0.885      0.063      0.328      0.087
707.4000      -1006.840    -1015.520        8.681   348.0      0.435      0.964      1.025     -0.432      0.106     -0.506
707.6000      -1007.895    -1016.067        8.172   327.6     -0.442      1.095      0.400     -0.556      0.245      0.059
707.8000      -1007.941    -1015.420        7.479   299.8      0.428      0.859      0.289     -0.144     -0.222     -0.453
708.0000      -1007.290    -1015.626        8.336   334.1     -0.326      0.710      0.169     -0.167     -0.043      0.037
708.2000      -1006.912    -1015.150        8.238   330.2      0.074      0.365     -0.845     -0.602     -0.520     -0.025
708.4000      -1007.281    -1015.457        8.176   327.7      0.605      0.931      0.375      0.099      0.335      0.388
708.6000      -1007.245    -1015.724        8.479   339.9      0.002      0.560     -0.280     -0.367      0.548     -0.149
708.8000      -1007.184    -1015.739        8.555   342.9     -0.170      0.510     -0.548     -0.159     -0.193     -0.031
709.0000      -1008.027    -1015.794        7.766   311.3      0.130      0.834      0.071      0.540     -0.053     -0.189
709.2000      -1007.825    -1016.497        8.672   347.6      0.644     -0.980     -0.385      0.199      0.199      0.277
709.4000      -1007.479    -1015.143        7.664   307.2     -0.063     -0.115      0.686      0.437     -0.438      0.405
709.6000      -1008.042    -1016.205        8.163   327.2      1.071      0.071      0.394     -0.165     -0.206      0.178
709.8000      -1008.089    -1016.260        8.171   327.5      1.530      0.479      1.175      0.062     -0.556      0.164
710.0000      -1007.192    -1015.461        8.269   331.5      0.451      0.115     -0.319      0.059     -0.365     -0.213
710.2000      -1007.841    -1016.180        8.338   334.2      0.351     -0.562     -0.250     -0.419      0.342     -0.035
710.4000      -1008.453    -1016.872        8.419   337.5     -0.220     -0.135     -0.615      0.001      0.005      0.071
710.6000      -1007.354    -1015.044        7.690   308.2      0.217     -0.643     -0.515     -0.199     -0.147      0.196
710.8000      -1006.417    -1014.222        7.804   312.8      0.120      1.059     -0.121      0.144     -0.172     -0.011
711.0000      -1007.658    -1015.361        7.703   308.8      0.373      0.317      0.618     -0.199     -0.036     -0.438
711.2000      -1007.897    -1015.467        7.570   303.4      0.066      0.538      1.352      0.129      0.423     -0.274
711.4000      -1007.684    -1016.234        8.550   342.7      0.118      0.427      0.539     -0.430      0.031     -0.408
711.6000      -1008.050    -1015.875        7.825   313.7      0.576      1.180      1.181     -0.360     -0.114     -0.974
711.8000      -1008.816    -1016.608        7.792   312.3      0.336      0.086     -0.034     -0.318     -0.240     -0.473
712.0000      -1008.637    -1016.333        7.697   308.5     -0.535     -0.024     -0.042     -0.296      0.571     -0.579
712.2000      -1008.100    -1016.098        7.998   320.6      0.592      0.516      0.627      0.089     -0.207     -0.538
712.4000      -1009.134    -1016.337        7.203   288.7      0.315      0.667     -0.102     -0.139     -0.216     -0.023
712.6000      -1008.196    -1016.317        8.121   325.5      0.837      0.233     -0.757      0.297      0.202     -0.459
712.8000      -1007.321    -1014.587        7.265   291.2     -0.315     -0.182     -0.713     -0.207      0.156     -0.157
713.0000      -1007.078    -1015.086        8.008   321.0      0.146      0.109      0.755      0.594     -0.779      0.289
713.2000      -1007.176    -1014.851        7.675   307.7      0.557      0.234      0.122     -0.163      0.145     -0.695
713.4000      -1006.947    -1015.979        9.032   362.1      0.439     -0.342     -0.485      0.415      0.367      0.006
713.6000      -1006.811    -1015.417        8.605   344.9     -0.081      0.207      0.199      0.431      0.220     -0.373
713.8000      -1006.738    -1015.839        9.101   364.8      0.041      0.138      0.625      0.069      0.569      0.853
714.0000      -1006.942    -1015.350        8.408   337.0      0.465      0.531     -0.160      0.280     -0.019      0.138
714.2000      -1007.131    -1014.991        7.860   315.1      0.188      0.157     -0.016      0.315     -0.793      0.392
714.4000      -1006.681    -1014.422        7.741   310.3      0.662     -0.542     -0.057     -0.051      0.267      0.133
714.6000      -1006.962    -1015.386        8.423   337.6      0.546      0.890      0.695     -0.010     -0.016     -0.474
714.8000      -1006.699    -1014.248        7.549   302.6      0.179      0.710      0.030     -0.411     -0.159     -0.190
715.0000      -1006.727    -1014.287        7.561   303.1      0.613      0.962      1.096      0.248     -0.354      0.022
715.2000      -1006.855    -1015.300        8.445   338.5     -0.138      0.690      0.527     -0.046     -0.803     -0.085
715.4000      -1007.099    -1015.966        8.867   355.4      0.591      0.769      0.687      0.251     -0.233      0.016
715.6000      -1007.401    -1014.669        7.268   291.3      0.401      0.474      0.312     -0.386      0.154     -0.424
715.8000      -1007.775    -1015.855        8.080   323.9      0.299      0.452     -0.349     -0.021      0.225      0.195
716.0000      -1006.955    -1015.413        8.457   339.0      0.065     -0.049     -0.401     -0.213      0.267     -0.016
716.2000      -1006.776    -1015.341        8.565   343.3     -0.129     -0.333      0.538      0.299      0.072      0.029
716.4000      -1007.149    -1015.327        8.178   327.8      0.856      0.782      0.121      0.141     -0.262      0.496
716.6000      -1006.791    -1015.587        8.796   352.6      0.692     -0.185      1.129     -0.182      0.218      0.517
716.8000      -1006.345    -1015.220        8.876   355.8      0.229      0.079      0.113     -0.071      0.291     -0.100
717.0000      -1006.316    -1014.790        8.474   339.7     -0.025     -0.152      0.514     -0.244     -0.389     -0.081
717.2000      -1006.857    -1015.470        8.614   345.3     -0.386      0.383     -0.009      0.086      0.589      0.261
717.4000      -1007.220    -1015.987        8.767   351.4      0.242      0.510      0.094      0.007      0.113      0.249
717.6000      -1007.300    -1015.088        7.788   312.2      0.942      0.726      1.013      0.624      0.279      0.308
717.8000      -1006.887    -1015.375        8.488   340.2      0.931      0.794      0.815     -0.248      0.098     -0.196
718.0000      -1006.751    -1014.759        8.008   321.0     -0.102     -0.326     -0.887     -0.436     -0.014      0.222
718.2000      -1006.364    -1014.629        8.265   331.3      0.147      0.512     -0.443     -0.861      0.186     -0.396
718.4000      -1006.514    -1014.902        8.388   336.2      0.931     -0.009     -0.331     -0.459     -0.385     -0.070
718.6000      -1007.501    -1015.254        7.754   310.8      0.755      0.084      0.342      0.662      0.002     -0.080
718.8000      -1007.621    -1015.306        7.685   308.0      0.474      0.786      0.850     -0.277     -0.383      0.225
719.0000      -1006.930    -1015.912        8.983   360.1     -0.181      0.236      0.158     -0.093      0.257      0.429
719.2000      -1005.917    -1013.699        7.783   312.0     -0.132      0.383      0.151     -0.022      0.550      0.815
719.4000      -1005.682    -1014.332        8.650   346.7      0.249     -0.754      0.374     -0.163      0.503      0.047
719.6000      -1006.707    -1015.048        8.341   334.3     -0.023     -0.826      0.796      0.027     -0.240      0.103
719.8000      -1007.788    -1015.150        7.362   295.1      0.775      0.461      1.553     -0.136     -0.008      0.248
720.0000      -1007.807    -1015.675        7.868   315.4      1.461      0.962      1.003     -0.527     -0.098     -0.439
720.2000      -1008.065    -1015.870        7.805   312.9      0.744      0.572      1.226     -0.394      0.417     -0.102
720.4000      -1008.280    -1016.429        8.148   326.6      1.265      0.280      1.531     -0.360      0.143      0.135
720.6000      -1008.083    -1015.877        7.795   312.4      0.133     -0.075      0.576     -0.516      0.145     -0.029
720.8000      -1006.850    -1015.185        8.335   334.1      0.608      0.720      0.806     -0.225     -0.320      0.033
721.0000      -1007.282    -1015.136        7.854   314.8     -0.326      0.141      0.676      0.225      1.300      0.187
721.2000      -1006.553    -1015.830        9.277   371.9      0.695      0.375      0.374     -0.340     -0.294      0.009
721.4000      -1005.972    -1015.192        9.220   369.6     -0.250      0.449      0.118     -0.400      0.191     -0.394
721.6000      -1005.821    -1014.968        9.147   366.6     -0.424      1.075      0.055      0.011      0.318      0.064
721.8000      -1006.591    -1014.788        8.197   328.6     -0.518      0.457      0.055     -0.516      0.182     -0.248
722.0000      -1007.016    -1014.449        7.433   298.0     -0.858     -0.205     -0.398      0.116      0.178     -0.848
722.2000      -1005.885    -1014.984        9.099   364.7     -0.825      0.215     -0.441     -0.622      0.006     -0.029
722.4000      -1004.843    -1013.761        8.919   357.5     -0.334      0.881      0.142      0.357     -0.298      0.051
722.6000      -1005.210    -1013.754        8.544   342.5      0.500      0.798     -0.383     -0.215     -0.100     -0.606
722.8000      -1005.045    -1013.772        8.727   349.8      0.200     -0.783      0.051      0.536      0.706     -0.184
723.0000      -1005.857    -1014.244        8.387   336.2      0.606      0.303      0.178     -0.668     -0.195     -0.194
723.2000      -1006.830    -1015.209        8.379   335.9     -0.189      0.411     -0.603     -0.053      0.114      0.046
723.4000      -1007.255    -1014.917        7.662   307.1      0.546      1.448      0.964      0.353      0.023     -0.372
723.6000      -1007.025    -1014.686        7.661   307.1      0.018     -0.040      0.324      0.138     -0.192      0.467
723.8000      -1005.895    -1015.036        9.141   366.4      0.870      0.768      0.586      0.206     -0.347      0.404
724.0000      -1005.570    -1013.789        8.218   329.4      0.637      0.301      0.640     -0.096      0.093      0.676
724.2000      -1004.053    -1013.510        9.456   379.1      0.558      1.161      0.123      0.109      0.469      0.168
724.4000      -1004.748    -1014.037        9.289   372.3      0.234      0.656      0.835      0.419     -0.322      0.588
724.6000      -1004.846    -1013.682        8.836   354.2     -0.251     -0.060      1.581     -0.301      0.206      0.432
724.8000      -1005.836    -1014.138        8.302   332.8      0.433     -0.728      0.746     -0.860     -0.195     -0.293
725.0000      -1006.600    -1014.471        7.871   315.5      0.213      0.206      0.475      0.225      0.233      0.244
725.2000      -1007.219    -1015.243        8.024   321.6      0.256      0.139      0.107     -0.069     -0.137     -0.466
725.4000      -1006.868    -1014.826        7.957   319.0      0.249      0.872      0.825      0.295      0.088     -0.216
725.6000      -1006.714    -1014.201        7.486   300.1      0.407      0.806      0.413      0.080     -0.371     -0.605
725.8000      -1007.435    -1014.880        7.445   298.4      0.373      0.700     -0.154      0.199      0.311      0.030
726.0000      -1007.106    -1015.221        8.114   325.3      0.227      0.377      0.407      0.025      0.280     -0.021
726.2000      -1007.581    -1016.047        8.466   339.4      0.646      0.028      0.078      0.496     -0.237     -0.146
726.4000      -1006.811    -1015.277        8.467   339.4     -0.411      0.388      0.111     -0.375     -0.519     -0.390
726.6000      -1006.946    -1015.201        8.255   330.9      0.556      0.450     -0.196     -0.209      0.085      0.294
726.8000      -1006.964    -1014.635        7.672   307.5     -0.417     -0.334      0.555     -0.089     -0.351     -0.251
727.0000      -1006.969    -1014.513        7.544   302.4      1.097     -0.113      0.103      0.282      0.321      0.210
727.2000      -1006.812    -1014.995        8.183   328.0      0.416      0.887      0.465      0.164     -0.141     -0.304
727.4000      -1006.212    -1014.754        8.542   342.4      0.435     -0.650      0.393      0.045      0.174      0.203
727.6000      -1005.881    -1014.536        8.654   346.9      0.905      0.402      0.976     -0.329      0.385      0.096
727.8000      -1007.658    -1015.939        8.281   331.9      0.745      1.438      0.826     -0.410     -0.513     -0.135
728.0000      -1007.162    -1015.440        8.278   331.8      2.327      1.417      1.317      0.167     -0.182     -0.127
728.2000      -1007.361    -1015.877        8.516   341.3      0.701     -0.140      0.994     -0.291      0.017      0.046
728.4000      -1007.943    -1016.259        8.316   333.3      0.369     -0.360     -0.259      0.110     -0.108     -0.206
728.6000      -1007.834    -1016.493        8.659   347.1     -0.138      0.066      0.174      0.215     -0.315     -0.193
728.8000      -1007.500    -1014.959        7.459   299.0     -0.113      0.583      0.711      0.148      0.230      0.056
729.0000      -1007.224    -1015.636        8.412   337.2     -0.291      0.240      0.715     -0.515      0.451     -0.162
729.2000      -1007.206    -1015.390        8.183   328.0      1.033      0.045      0.534     -0.299     -0.178     -0.520
729.4000      -1007.750    -1016.302        8.552   342.8      0.028      0.599      0.852      0.049      0.282      0.142
729.6000      -1006.804    -1015.360        8.556   343.0     -0.169     -0.526     -0.126     -0.234      0.356      0.021
729.8000      -1006.330    -1015.391        9.061   363.2      0.076     -0.656     -0.011     -0.274     -0.514      0.158
730.0000      -1007.052    -1015.813        8.760   351.1      0.321      0.527     -0.132      0.211     -0.415     -0.008
730.2000      -1007.414    -1016.108        8.694   348.5     -0.247     -0.286      0.411      0.105      0.290      0.124
730.4000      -1007.373    -1015.042        7.669   307.4      0.378     -0.166      1.060      0.217     -0.655      0.363
730.6000      -1006.736    -1014.579        7.843   314.4     -0.178      0.393      0.207      0.014      0.095      0.111
730.8000      -1005.759    -1014.115        8.356   334.9      0.341      0.353     -0.503      0.038     -0.752      0.334
731.0000      -1006.326    -1014.995        8.669   347.5      0.654      0.923     -0.426     -0.021      0.351     -0.096
731.2000      -1006.268    -1015.705        9.437   378.3      0.511      0.688     -0.179      0.145      0.435      0.134
731.4000      -1006.535    -1015.065        8.530   341.9      0.228      0.888     -0.136      0.075     -0.298     -0.157
731.6000      -1006.526    -1014.932        8.406   336.9      0.441     -0.495      0.129     -0.055     -0.276     -0.546
731.8000      -1007.223    -1015.095        7.872   315.6      0.170      0.918      0.135     -0.434     -0.687     -0.002
732.0000      -1007.724    -1016.120        8.396   336.6      0.988     -0.051      1.222     -0.257     -0.500     -0.399
732.2000      -1007.561    -1015.772        8.211   329.2      0.882      0.489      0.608      0.377     -0.343     -0.263
732.4000      -1007.471    -1016.432        8.961   359.2      1.037      0.442     -0.500     -0.208     -0.116      0.064
732.6000      -1008.297    -1015.355        7.059   282.9     -0.051      0.126     -0.256     -0.258     -0.508     -0.707
732.8000      -1008.099    -1016.068        7.969   319.4      1.615      0.985      0.954     -0.436     -0.005      0.503
733.0000      -1007.224    -1015.582        8.357   335.0      1.369      0.368      0.538     -0.003      0.041      0.237
733.2000      -1006.778    -1015.597        8.818   353.5      0.159      0.297     -0.323     -0.161      0.156      0.046
733.4000      -1006.735    -1015.094        8.360   335.1     -0.521      1.332      0.696      0.024      0.003     -0.104
733.6000      -1007.705    -1015.966        8.261   331.1      1.033      0.035     -0.376      0.774     -0.368     -0.185
733.8000      -1008.699    -1016.608        7.909   317.0      0.358      0.703      0.216      0.270      0.071     -0.016
734.0000      -1008.521    -1016.680        8.159   327.0      0.346      0.563     -0.116     -0.603     -0.019      0.043
734.2000      -1008.074    -1016.375        8.301   332.7     -0.734     -0.414     -0.304     -0.019     -0.505     -0.219
734.4000      -1008.070    -1016.500        8.430   337.9      0.652      0.871     -0.616     -0.146      0.078      0.263
734.6000      -1008.480    -1017.279        8.799   352.7      0.685     -0.224     -0.192      0.130      0.423      0.197
734.8000      -1008.655    -1016.454        7.799   312.6      0.740      0.150     -0.211     -0.285      0.089     -0.611
735.0000      -1008.904    -1016.885        7.981   319.9     -0.477      0.243      0.176      0.402      0.197     -0.275
735.2000      -1008.471    -1016.914        8.443   338.4      1.062      0.956      0.414     -0.178      0.333     -0.281
735.4000      -1008.414    -1017.068        8.654   346.9     -0.340      0.427      0.594     -0.520      0.184      0.074
735.6000      -1008.786    -1016.938        8.152   326.8      0.663      1.362      0.646      0.527     -0.028      0.107
735.8000      -1008.852    -1016.497        7.646   306.5      0.129      0.652     -0.215      0.472      0.223      0.043
736.0000      -1008.896    -1017.330        8.433   338.0     -0.639      0.200      0.640     -0.277      0.054     -0.219
736.2000      -1007.807    -1016.507        8.700   348.7      0.609     -0.814     -0.303      0.211     -0.908     -0.013
736.4000      -1008.209    -1016.366        8.157   327.0      1.217      0.578     -0.212     -0.007     -0.244     -0.082
736.6000      -1007.652    -1016.419        8.767   351.4     -0.662     -0.313     -0.691     -0.843     -0.109      0.143
736.8000      -1008.671    -1016.510        7.839   314.2      0.917      0.605      0.700     -0.102      0.008      0.705
737.0000      -1008.901    -1016.583        7.682   307.9      0.519      0.637      0.236      0.113      0.128      0.568
737.2000      -1009.517    -1017.268        7.751   310.7      0.777      1.303      0.503     -0.187     -0.624      0.076
737.4000      -1009.041    -1017.355        8.313   333.2      0.289     -0.548      0.530     -0.166      0.200     -0.400
737.6000      -1008.535    -1016.939        8.404   336.9      0.810      0.364     -0.441      0.330     -0.278      0.110
737.8000      -1008.943    -1016.781        7.838   314.2      0.238      0.033      0.181      0.566     -0.371      0.421
738.0000      -1009.013    -1017.193        8.180   327.9      0.660      0.730      0.069      0.081     -0.486     -0.418
738.2000      -1009.265    -1017.359        8.094   324.4      0.189      0.597      0.813     -0.276      0.070     -0.173
738.4000      -1008.634    -1016.025        7.392   296.3      0.480      0.198      0.344     -0.215      0.210      0.031
738.6000      -1007.806    -1016.029        8.222   329.6      0.198      0.262      0.086      0.221      0.186      0.065
738.8000      -1008.162    -1016.796        8.635   346.1      1.221      1.375      0.547      0.041     -0.115      0.430
739.0000      -1007.629    -1016.609        8.980   360.0     -0.197      0.759     -0.450      0.149     -0.146      0.796
739.2000      -1007.454    -1015.984        8.530   341.9     -0.521     -0.103     -0.834      0.145      0.012      0.322
739.4000      -1006.259    -1015.065        8.806   353.0      0.269     -0.001      1.011     -0.463      0.124     -0.616
739.6000      -1006.908    -1014.874        7.966   319.3      0.150      1.003      0.805      0.280      0.056     -0.229
739.8000      -1006.788    -1015.188        8.400   336.7     -0.305      0.153     -1.063     -0.374      0.312      0.232
740.0000      -1007.129    -1015.575        8.446   338.5     -0.232     -0.049      0.108      0.521      0.396     -0.455
740.2000      -1007.116    -1015.488        8.371   335.6      0.402      1.130      1.405     -0.239      0.047      0.275
740.4000      -1006.957    -1015.502        8.545   342.5      1.065      0.819      0.620      0.243      0.109      0.076
740.6000      -1007.621    -1015.378        7.757   310.9      0.524      0.456      0.469     -0.068     -0.201     -0.336
740.8000      -1007.015    -1015.701        8.686   348.2      1.661     -0.148     -0.268      0.075      0.177      0.312
741.0000      -1006.760    -1015.386        8.627   345.8     -0.064      0.538      0.636      0.191      0.589      0.434
741.2000      -1006.855    -1015.598        8.742   350.4     -0.365      0.416     -0.633     -0.460      0.162      0.316
741.4000      -1006.623    -1014.583        7.960   319.1      0.606     -0.073      0.262      0.249     -0.355      0.387
741.6000      -1006.421    -1014.783        8.362   335.2     -0.741     -0.801     -0.733      0.106     -0.346     -0.039
741.8000      -1006.622    -1014.794        8.172   327.6      0.474      0.677     -0.084      0.014     -0.226     -0.372
742.0000      -1006.869    -1015.618        8.749   350.7      0.959      0.390      0.309      0.108      0.379      0.670
742.2000      -1006.440    -1015.527        9.087   364.2      0.461      0.975      0.956      0.330     -0.052     -0.063
742.4000      -1006.518    -1015.130        8.612   345.2      0.500      0.225      0.876     -0.222     -0.030      0.138
742.6000      -1006.170    -1014.693        8.523   341.7      0.104     -0.080      0.194     -0.219     -0.104      0.028
742.8000      -1006.451    -1015.319        8.868   355.5      0.549     -0.512      0.087      0.134     -0.470     -0.440
743.0000      -1006.813    -1015.039        8.226   329.7     -0.090     -0.420      0.004      0.393      0.050     -0.304
743.2000      -1007.224    -1015.653        8.429   337.9      0.520     -1.255     -0.440     -0.287      0.124      0.585
743.4000      -1006.984    -1015.011        8.027   321.8      0.580     -0.130      0.222      0.421     -0.205      0.693
743.6000      -1006.744    -1014.739        7.995   320.5      0.807      0.552      0.821      0.245      0.457      0.070
743.8000      -1006.473    -1015.584        9.111   365.2     -0.788      0.401     -1.288     -0.029     -0.079      0.700
744.0000      -1005.920    -1014.065        8.145   326.5      0.597      0.452     -0.509     -0.281     -0.146     -0.156
744.2000      -1006.892    -1015.136        8.244   330.5      0.098      0.913     -0.415      0.127      0.185      0.015
744.4000      -1008.153    -1015.980        7.827   313.7      1.429      0.837      1.056      0.436     -0.245     -0.126
744.6000      -1007.808    -1015.986        8.177   327.8      0.351      1.203      0.513     -0.230      0.088      0.016
744.8000      -1007.827    -1015.649        7.823   313.6      0.603     -0.485      0.466     -0.456      0.153     -0.497
745.0000      -1008.014    -1015.487        7.473   299.5      0.328      1.627      0.408     -0.615      0.262      0.011
745.2000      -1008.445    -1016.098        7.653   306.8     -0.265      1.529      0.914      0.484      0.485      0.002
745.4000      -1008.004    -1015.716        7.711   309.1     -0.553     -0.008     -0.102      0.045     -0.155      1.098
745.6000      -1008.385    -1016.253        7.868   315.4     -0.564     -0.277     -0.580     -0.030     -0.072      0.466
745.8000      -1008.328    -1016.313        7.985   320.1     -0.088     -0.014     -0.009      0.624      0.132     -0.043
746.0000      -1007.620    -1016.358        8.738   350.3      0.672      0.440      0.468     -0.241     -0.138     -0.401
746.2000      -1007.239    -1015.179        7.940   318.3      1.547      0.246      0.059     -0.069     -0.124     -0.102
746.4000      -1007.583    -1015.612        8.029   321.8      0.424      0.114      1.793     -0.368      0.148     -0.958
746.6000      -1005.795    -1014.542        8.747   350.6      1.460      0.332      0.929      0.235     -0.152     -0.541
746.8000      -1006.578    -1015.320        8.742   350.4     -0.484      0.355      0.008     -0.737      0.065     -0.361
747.0000      -1007.215    -1016.187        8.972   359.6      0.671      1.237      0.931     -0.280      0.339      0.325
747.2000      -1008.330    -1015.352        7.022   281.5      0.794      1.228      1.032     -0.107      0.199      0.107
747.4000      -1008.411    -1016.262        7.852   314.7     -0.057      0.074      0.190     -0.594     -0.101     -0.368
747.6000      -1007.437    -1015.817        8.380   335.9      1.113      0.625      1.140     -0.253     -0.085     -0.075
747.8000      -1006.552    -1015.628        9.076   363.8      0.272      0.261      0.683     -0.025     -0.255      0.220
748.0000      -1006.871    -1015.010        8.139   326.3      0.894      0.461      0.577     -0.620     -0.000     -0.102
748.2000      -1006.530    -1015.069        8.539   342.3      0.152      0.671      0.801      0.100      0.207      0.509
748.4000      -1007.484    -1016.104        8.620   345.5      0.413      0.062      0.917      0.030     -0.520     -0.330
748.6000      -1006.546    -1014.957        8.410   337.1      0.765      0.162      1.034      0.244      0.707     -0.077
748.8000      -1007.220    -1015.164        7.944   318.4      0.005      0.244      1.220     -0.062     -0.622      0.388
749.0000      -1006.597    -1015.244        8.647   346.6      1.143      0.615      0.349      0.489     -0.026     -0.045
749.2000      -1006.671    -1014.930        8.259   331.1     -0.887      0.603     -0.937      0.182      0.163      0.355
749.4000      -1005.852    -1013.869        8.017   321.4      0.639      0.500     -0.121      0.123      0.321     -0.289
749.6000      -1005.816    -1014.693        8.877   355.8      0.275     -0.171      0.438     -0.709      0.792     -0.023
749.8000      -1006.249    -1015.018        8.769   351.5     -0.236     -0.440      0.477     -0.056     -0.077      0.240
750.0000      -1006.249    -1014.522        8.274   331.6      0.564      1.286      0.502      0.232      0.500     -0.056
750.2000      -1007.636    -1016.078        8.442   338.4      0.996      0.400      0.359      0.257      0.478     -0.614
750.4000      -1007.215    -1015.224        8.009   321.0      0.500      0.192      0.442      0.425     -0.283      0.086
750.6000      -1007.753    -1016.248        8.495   340.5      0.689     -0.086     -0.229      0.216      0.111      0.113
750.8000      -1007.393    -1015.602        8.209   329.0     -0.789      0.591     -0.340      0.059     -0.108     -0.771
751.0000      -1007.728    -1015.354        7.627   305.7     -0.949      1.293      0.549      0.050     -0.416     -0.139
751.2000      -1007.825    -1015.673        7.848   314.6      0.312     -0.142      0.630     -0.251     -0.405     -0.009
751.4000      -1007.400    -1015.771        8.371   335.5      0.062      0.594      0.382     -0.223      0.186     -0.062
751.6000      -1007.432    -1015.413        7.981   319.9      1.345      0.044      0.851     -0.159     -0.309     -0.070
751.8000      -1007.597    -1015.648        8.051   322.7      0.107      0.015      1.016      0.100      0.114     -0.480
752.0000      -1007.713    -1014.664        6.951   278.6     -0.644     -0.776      0.055     -0.162     -0.007     -0.134
752.2000      -1007.150    -1015.253        8.102   324.8      0.328      0.480      1.161      0.225     -0.259      0.190
752.4000      -1006.969    -1015.738        8.769   351.5      0.283      0.337      0.004     -0.003      0.178      0.069
752.6000      -1007.322    -1015.820        8.498   340.6      0.437      0.528      0.591     -0.067     -0.733     -0.075
752.8000      -1006.992    -1015.583        8.591   344.4      0.161     -0.788      0.099     -0.265     -0.251     -0.089
753.0000      -1006.183    -1014.589        8.407   337.0      0.432      0.662      0.722      0.190      0.276     -0.404
753.2000      -1005.788    -1014.103        8.315   333.3      1.122      0.168      0.313      0.574      0.821     -0.372
753.4000      -1006.973    -1015.507        8.535   342.1      0.561      0.855      0.563      0.151      0.447      0.306
753.6000      -1007.651    -1015.350        7.699   308.6      1.285      1.170      1.783      0.162     -0.367     -0.125
753.8000      -1006.520    -1015.116        8.596   344.6      0.769      1.026      0.538      0.252     -0.165      0.206
754.0000      -1006.555    -1014.919        8.363   335.2      0.171      0.300     -0.411     -0.577     -0.109     -0.420
754.2000      -1006.816    -1014.403        7.586   304.1      1.028     -0.699      1.502      0.642      0.009     -0.032
754.4000      -1006.505    -1015.266        8.761   351.2      0.962      0.925      0.347     -0.469     -0.075     -0.647
754.6000      -1007.056    -1015.237        8.181   327.9      0.512      0.939      0.617     -0.294      0.011      0.123
754.8000      -1006.594    -1014.456        7.862   315.1      0.959     -0.016      0.335     -0.139      0.227     -0.093
755.0000      -1006.630    -1014.800        8.169   327.5      0.448      0.154     -0.271     -0.037     -0.209      0.073
755.2000      -1007.054    -1014.730        7.676   307.7      0.493      0.209      1.341      0.036      0.077     -0.278
755.4000      -1006.512    -1014.470        7.959   319.0      1.329     -0.054      0.316      0.437      0.240     -0.147
755.6000      -1006.102    -1014.753        8.652   346.8     -0.567      0.250      0.367      0.245      0.018      0.209
755.8000      -1006.338    -1014.578        8.240   330.3      1.217     -0.728      0.199     -0.033      0.407      0.497
756.0000      -1006.047    -1014.763        8.716   349.4      0.428      0.641      0.996      0.296      0.207     -0.252
756.2000      -1005.653    -1014.527        8.874   355.7      1.679      1.039      1.271      0.324      0.271     -0.188
756.4000      -1005.261    -1014.060        8.798   352.7      0.348      0.382      0.199      0.368      0.113      0.615
756.6000      -1005.968    -1015.176        9.208   369.1      0.186      0.554     -0.239      0.488     -0.319      0.437
756.8000      -1005.969    -1015.507        9.538   382.3      0.124      0.713      0.215     -0.139     -0.081      0.167
757.0000      -1006.392    -1014.711        8.318   333.4     -0.139      1.009     -0.208      0.235      0.030      0.219
757.2000      -1006.511    -1015.030        8.519   341.5     -0.088      0.183     -0.053     -0.331     -0.119      0.196
757.4000      -1006.607    -1015.384        8.777   351.8      0.080     -0.491      0.102     -0.008     -0.143      0.601
757.6000      -1007.245    -1015.412        8.167   327.4      0.373      1.305      0.595     -0.446      0.743     -0.137
757.8000      -1007.326    -1015.156        7.830   313.9      1.599      0.311      0.444     -0.183     -0.138     -0.119
758.0000      -1007.256    -1016.364        9.108   365.1     -0.171      0.226      0.417      0.392      0.180      0.308
758.2000      -1008.122    -1016.656        8.534   342.1     -0.132     -0.253      0.112      0.029      0.308      0.156
758.4000      -1009.366    -1017.043        7.677   307.7      0.784      0.190      0.243      0.731     -0.035     -0.454
758.6000      -1008.950    -1016.629        7.680   307.8     -0.029      0.031     -0.463      0.486     -0.324     -0.687
758.8000      -1008.368    -1016.408        8.040   322.3      0.127     -0.266      0.227      0.118      0.582      0.048
759.0000      -1007.473    -1015.873        8.400   336.7     -0.021     -0.288     -0.397      0.089     -0.448     -0.244
759.2000      -1006.723    -1014.825        8.103   324.8      0.814      0.981      0.382     -0.642      0.116     -0.330
759.4000      -1007.462    -1015.140        7.678   307.8      0.673      0.899      0.919      0.160     -0.221      0.207
759.6000      -1007.386    -1015.894        8.508   341.0     -0.429     -0.245      0.179     -0.016      0.007      0.384
759.8000      -1007.206    -1014.880        7.674   307.6      0.351     -0.746      1.599     -0.473     -0.638     -0.384
760.0000      -1007.280    -1015.686        8.406   337.0      0.089     -0.499     -0.838      0.114      0.190      0.226
760.2000      -1008.058    -1015.689        7.631   305.9      1.589      0.445      0.550     -0.211      0.043     -0.078
760.4000      -1008.655    -1015.994        7.339   294.2      0.812     -0.337     -0.138     -0.292     -0.585     -0.130
760.6000      -1008.090    -1015.882        7.792   312.4      0.353      0.384      0.303      0.233      0.371      0.002
760.8000      -1008.365    -1015.773        7.408   296.9      1.272      0.144     -0.822      0.033     -0.018     -0.010
761.0000      -1007.685    -1015.245        7.560   303.0      0.141      0.766      0.913     -0.028     -0.028     -0.033
761.2000      -1006.284    -1014.296        8.012   321.2      0.273      1.016      1.430      0.322     -0.159      0.071
761.4000      -1006.017    -1014.872        8.855   354.9     -0.005      0.535      0.074     -0.123     -0.101      0.096
761.6000      -1007.194    -1015.390        8.196   328.5     -0.116      0.105      0.717      0.094      0.364      0.071
761.8000      -1006.812    -1015.181        8.370   335.5      0.309      0.142      0.085      0.057     -0.273      0.027
762.0000      -1007.700    -1016.157        8.457   339.0      0.505     -0.985     -0.404     -0.096      0.076      0.316
762.2000      -1007.718    -1015.836        8.118   325.4     -0.895     -0.237      0.445      0.688      0.278      0.661
762.4000      -1008.229    -1016.400        8.171   327.5      0.364     -0.149      0.677     -0.013     -0.422     -0.345
762.6000      -1008.034    -1015.681        7.647   306.5      0.523     -0.649     -0.484     -0.310     -0.609      0.285
762.8000      -1007.983    -1016.215        8.232   330.0      0.010      0.251      0.589     -0.170     -0.303     -0.317
763.0000      -1008.155    -1016.159        8.003   320.8      0.800      0.866      0.898     -0.416      0.130     -0.312
763.2000      -1007.423    -1016.047        8.625   345.7      0.788      0.944      1.068     -0.776      0.171     -0.207
763.4000      -1008.003    -1016.193        8.190   328.3      0.757      0.237     -0.302      0.269      0.879      0.055
763.6000      -1008.533    -1015.980        7.447   298.5      0.630      0.527      0.626      0.148      0.372      0.181
763.8000      -1008.108    -1016.269        8.161   327.1      0.373     -0.508      0.246      0.263      0.339     -0.593
764.0000      -1007.173    -1015.856        8.682   348.0      0.601      0.685      1.663     -0.706      0.341      0.090
764.2000      -1006.462    -1015.240        8.778   351.8      0.092      0.386      0.053     -0.353      0.313      0.191
764.4000      -1006.832    -1015.235        8.403   336.8      0.204     -0.240     -0.404     -0.045     -0.073      0.080
764.6000      -1006.789    -1015.075        8.286   332.1      0.823     -0.205      0.150      0.522      0.253     -0.219
764.8000      -1006.646    -1015.333        8.688   348.2     -0.231     -0.057     -0.884     -0.327      0.625     -0.142
765.0000      -1006.390    -1015.191        8.801   352.8      0.759      0.435      0.960     -0.198      0.011      0.422
765.2000      -1006.077    -1014.879        8.801   352.8     -0.214      0.034      0.103     -0.413      0.041      0.339
765.4000      -1006.829    -1015.224        8.395   336.5      0.330     -0.187     -0.436      0.342     -0.087      0.073
765.6000      -1006.165    -1014.789        8.625   345.7     -0.152      0.729      0.655     -0.225      0.461      0.178
765.8000      -1007.026    -1015.098        8.072   323.6      0.257      0.315      0.042     -0.068      0.288     -0.148
766.0000      -1006.292    -1014.678        8.385   336.1     -0.440     -0.590      0.125      0.379     -0.467     -0.287
766.2000      -1006.697    -1014.977        8.280   331.9      0.398     -0.133      1.117     -0.001      0.046      0.922
766.4000      -1006.719    -1014.995        8.277   331.8      1.462      0.774      1.684      0.460      0.685      0.509
766.6000      -1006.997    -1015.783        8.786   352.2      0.429      0.111     -0.372      0.512      0.129      0.400
766.8000      -1006.986    -1015.569        8.584   344.1      0.479      0.893      0.687      0.003     -0.132     -0.047
767.0000      -1007.272    -1016.031        8.759   351.1      1.013      0.917     -0.195     -0.082     -0.141      0.148
767.2000      -1007.084    -1014.758        7.673   307.6      0.838      1.331     -0.251     -0.402     -0.306      0.461
767.4000      -1006.905    -1015.624        8.719   349.5     -0.340     -0.306      0.481      0.137     -0.083      0.124
767.6000      -1007.868    -1015.497        7.629   305.8      1.064      0.643      0.592      0.318      0.284      0.281
767.8000      -1006.874    -1015.412        8.539   342.3      0.235      0.256      0.231     -0.164     -0.086     -0.610
768.0000      -1006.462    -1014.579        8.117   325.4      1.543      0.285      0.077      0.156     -0.514     -0.441
768.2000      -1005.507    -1014.740        9.233   370.1     -1.337     -0.411      0.235      0.148     -0.397     -0.100
768.4000      -1005.416    -1014.046        8.630   345.9     -0.257     -0.091     -0.536     -0.035     -0.125      0.591
768.6000      -1006.067    -1014.093        8.026   321.7      0.335      0.933      1.095      0.351      0.160     -0.198
768.8000      -1005.436    -1014.216        8.779   351.9     -0.817      0.306      0.343     -0.152     -0.034      0.826
769.0000      -1005.927    -1015.038        9.111   365.2      0.155     -0.419      1.020      0.324     -0.832      0.068
769.2000      -1005.240    -1014.021        8.780   352.0      0.291      0.685      0.565     -0.191      0.408     -0.172
769.4000      -1006.040    -1014.114        8.074   323.6      0.437      0.563      0.381      0.167      0.461      0.252
769.6000      -1006.687    -1014.828        8.141   326.3     -0.571      0.051      0.238      0.509      0.189     -0.137
769.8000      -1006.864    -1014.716        7.851   314.7      0.200      1.141     -0.037      0.146     -0.432     -0.752
770.0000      -1006.269    -1014.720        8.452   338.8     -0.035      0.273     -0.060     -0.339      0.107     -0.184
770.2000      -1007.581    -1015.330        7.750   310.6     -0.256      1.250     -0.009     -0.182      0.175     -0.085
770.4000      -1007.722    -1015.163        7.441   298.3      1.058      0.506      0.698     -0.100      0.283     -0.505
770.6000      -1006.833    -1014.848        8.015   321.3     -0.269     -0.117     -0.575      0.060     -0.686      0.954
770.8000      -1007.108    -1014.417        7.309   293.0     -1.358      0.308     -0.433     -0.226     -0.603      0.218
771.0000      -1006.104    -1014.669        8.565   343.3      0.154     -0.015     -0.223      0.029     -0.105     -0.193
771.2000      -1005.684    -1014.396        8.711   349.2      0.238     -0.169     -0.598     -0.258     -0.252     -0.409
771.4000      -1005.985    -1014.453        8.468   339.4     -0.440      0.151      0.383      0.115      0.086      0.287
771.6000      -1006.543    -1015.015        8.472   339.6     -0.389      0.160     -0.454     -0.488     -0.482     -0.371
771.8000      -1006.525    -1014.818        8.293   332.4     -0.261      0.453     -0.746     -0.309     -0.156     -0.046
772.0000      -1007.027    -1014.773        7.746   310.5     -0.134     -0.445      1.073      0.059      0.070      0.709
772.2000      -1007.343    -1015.557        8.214   329.3      0.078     -0.082     -0.021      0.326      0.191     -0.422
772.4000      -1007.058    -1015.157        8.100   324.7      0.518      0.178     -0.896     -0.007     -0.527     -0.226
772.6000      -1006.624    -1015.132        8.508   341.0     -0.483      0.482     -0.743      0.201      0.590      0.178
772.8000      -1007.498    -1015.291        7.793   312.4     -0.313      0.829      0.664     -0.200      0.070      0.065
773.0000      -1007.373    -1015.727        8.353   334.8     -0.132     -0.107     -1.246      0.321      0.155     -0.170
773.2000      -1007.354    -1014.837        7.482   299.9      0.430     -0.102     -0.809      0.006      0.134      0.146
773.4000      -1007.615    -1015.570        7.955   318.9      0.248      1.000      0.295     -0.431      0.060     -0.520
773.6000      -1006.990    -1015.317        8.327   333.8     -0.505      0.479      1.335      0.280     -0.110     -0.439
773.8000      -1008.094    -1016.475        8.381   336.0     -0.723     -0.504      0.833     -0.085     -0.199      0.082
774.0000      -1007.172    -1015.121        7.949   318.6      0.396      0.174      1.343     -0.037      0.270      0.177
774.2000      -1006.951    -1015.371        8.420   337.5      1.397      0.324      0.997     -0.230      0.555     -0.260
774.4000      -1006.702    -1015.534        8.832   354.0      0.930      0.973      0.101      0.041      0.061     -0.060
774.6000      -1006.821    -1015.488        8.667   347.4     -0.009      0.003      0.032      0.074      0.344     -0.553
774.8000      -1006.812    -1015.091        8.279   331.9     -0.498     -0.117      0.338     -0.301      0.031      0.112
775.0000      -1007.062    -1015.980        8.918   357.5     -1.148     -0.345      0.333      0.864     -0.717     -0.686
775.2000      -1007.478    -1015.923        8.444   338.5      0.512      0.223      1.488      0.188     -0.004     -0.361
775.4000      -1007.616    -1015.546        7.930   317.9      0.049      1.253      0.123      0.149      0.069     -0.163
775.6000      -1007.846    -1016.023        8.177   327.8      0.496      0.949      0.630      0.238      0.354      0.526
775.8000      -1008.155    -1015.881        7.727   309.7      0.493      1.068      0.182      0.019     -0.092     -0.297
776.0000      -1007.840    -1015.749        7.909   317.0     -0.779     -0.696      0.824      0.651      0.272      0.103
776.2000      -1007.331    -1015.460        8.129   325.9      1.047      0.152      0.728      0.204     -0.506      0.047
776.4000      -1008.535    -1015.982        7.446   298.5      0.590      0.981      0.802     -0.143      0.402     -0.225
776.6000      -1009.098    -1016.399        7.302   292.7      0.644      0.727      0.889      0.073      0.294     -0.293
776.8000      -1007.387    -1015.185        7.798   312.6      0.619     -0.033      0.863     -0.038     -0.106      0.356
777.0000      -1007.250    -1015.691        8.441   338.4      0.086      0.054      0.687     -0.193      0.288     -0.103
777.2000      -1007.787    -1015.769        7.981   319.9     -0.821     -0.712     -0.489      0.589     -0.257     -0.529
777.4000      -1008.126    -1015.890        7.764   311.2      0.951      0.606      0.631     -0.011      0.093     -0.043
777.6000      -1007.693    -1015.604        7.911   317.1      0.681     -0.090      1.369      0.384     -0.504     -0.332
777.8000      -1006.912    -1015.605        8.693   348.4      0.146      0.295      0.086      0.692      0.027      0.234
778.0000      -1007.081    -1014.651        7.569   303.4      0.610      1.094      0.458     -0.235     -0.462     -0.458
778.2000      -1007.188    -1014.998        7.810   313.1     -0.108      1.179      0.295     -0.074      0.377     -0.086
778.4000      -1006.327    -1015.002        8.675   347.7      0.841     -0.036      0.119      0.122      0.075      0.527
778.6000      -1006.230    -1014.609        8.379   335.9      0.287     -0.286     -0.331      0.319     -0.143      0.008
778.8000      -1006.989    -1015.206        8.217   329.4      0.713     -0.214      0.117      0.646     -0.111     -0.163
779.0000      -1007.247    -1015.150        7.902   316.8      1.198     -0.813      0.056      0.877      0.355     -0.385
779.2000      -1007.428    -1015.473        8.045   322.5      0.344      0.850     -0.193     -0.632     -0.093     -0.253
779.4000      -1007.378    -1016.132        8.754   350.9      0.680     -0.021     -0.204      0.490      0.193     -0.094
779.6000      -1006.839    -1015.067        8.228   329.8      0.084      0.653     -0.077      0.300     -0.261      0.284
779.8000      -1006.853    -1015.547        8.693   348.5      1.080      0.057      0.045      0.486     -0.236     -0.219
780.0000      -1007.428    -1015.397        7.969   319.4     -0.138     -0.421      0.633     -0.001     -0.608     -0.121
780.2000      -1008.111    -1015.814        7.703   308.8      0.104      0.710      1.009      0.279      0.042     -0.286
780.4000      -1008.077    -1015.919        7.842   314.3      0.920      0.237      0.457      0.059     -0.170     -0.338
780.6000      -1006.388    -1015.025        8.638   346.2     -0.433      0.223     -0.459     -0.280     -0.100      0.166
780.8000      -1006.540    -1014.482        7.941   318.3     -0.655      0.626      0.818     -0.203      0.420     -0.750
781.0000      -1007.660    -1015.620        7.960   319.1     -0.468     -0.415      0.215     -0.319      0.755      0.066
781.2000      -1007.426    -1016.094        8.669   347.5     -0.061      0.073      0.117     -0.168      0.161      0.104
781.4000      -1007.629    -1014.802        7.173   287.5     -0.338     -0.508      0.713      0.067     -0.628     -0.784
781.6000      -1007.949    -1015.668        7.719   309.4      0.857      1.080      0.736      0.169     -0.030     -0.212
781.8000      -1007.049    -1015.229        8.180   327.9     -0.156      0.423      0.520     -0.161      0.292      0.069
782.0000      -1007.108    -1015.438        8.330   333.9      1.009      0.703      0.846     -0.170      0.118     -0.141
782.2000      -1006.269    -1015.145        8.875   355.8      0.357      0.850      0.144     -0.040     -0.094      0.266
782.4000      -1006.535    -1014.842        8.307   333.0     -0.441      0.356      0.597     -0.422     -0.602     -0.506
782.6000      -1006.643    -1015.206        8.564   343.3     -0.242      0.075      0.645      0.431     -0.680     -0.168
782.8000      -1007.236    -1015.577        8.341   334.3      0.173     -0.046      1.163     -0.231     -0.068     -0.595
783.0000      -1007.510    -1015.272        7.762   311.1      0.469      0.494      1.182      0.426     -0.282     -0.339
783.2000      -1007.711    -1016.443        8.732   350.0      0.339     -0.023     -0.177     -0.409      0.073      0.296
783.4000      -1006.348    -1014.347        7.999   320.6      0.565      0.758      0.572     -0.220      0.028     -0.112
783.6000      -1006.770    -1015.523        8.753   350.9     -0.423     -1.322      0.395     -0.514      0.086     -0.249
783.8000      -1006.259    -1015.246        8.987   360.2     -0.435      0.094     -0.502      0.510     -0.154     -0.087
784.0000      -1006.888    -1015.031        8.143   326.4     -0.255      0.448      0.591      0.279      0.018      0.330
784.2000      -1006.487    -1014.402        7.915   317.3      1.095     -0.034      0.682     -0.118      0.202     -0.415
784.4000      -1007.043    -1015.193        8.150   326.7      0.521      1.042      0.041     -0.024      0.083      0.142
784.6000      -1006.939    -1015.484        8.545   342.5      1.733      1.546      0.360      0.750      0.380      0.044
784.8000      -1006.954    -1015.528        8.574   343.7      0.791     -0.535      0.034     -0.076     -0.660      0.160
785.0000      -1007.547    -1015.924        8.377   335.8      0.800      0.146      0.001     -0.088     -0.246     -0.907
785.2000      -1006.848    -1015.419        8.571   343.6      0.519     -0.263     -0.298      0.069      0.723      0.261
785.4000      -1006.626    -1015.179        8.553   342.8      0.118      0.946     -0.494      0.351      0.908     -0.352
785.6000      -1006.421    -1014.820        8.399   336.7     -0.338      0.606     -0.104      0.056     -0.081     -0.145
785.8000      -1006.515    -1015.644        9.129   365.9      0.000      0.549     -0.014      0.136      0.112     -0.111
786.0000      -1007.075    -1015.817        8.743   350.4      0.028      0.802      0.429     -0.102     -0.173     -0.234
786.2000      -1005.799    -1014.802        9.003   360.9      0.483      0.709     -0.174      0.265      0.471     -0.254
786.4000      -1005.879    -1014.430        8.551   342.8      1.588      1.010     -0.040      0.182     -0.555     -0.072
786.6000      -1006.898    -1015.234        8.337   334.2      0.441     -0.036     -0.552     -0.387      0.501     -0.397
786.8000      -1006.977    -1015.524        8.548   342.6      0.272      0.130     -0.174     -0.175      0.076     -0.639
787.0000      -1007.970    -1015.288        7.318   293.3      0.151      0.054      0.014      0.225      0.475      0.332
787.2000      -1006.540    -1014.748        8.208   329.0     -0.080      0.790      0.124      0.342      0.455     -0.483
787.4000      -1005.988    -1014.151        8.163   327.2      0.162      0.061     -0.258      0.040     -0.023     -0.208
787.6000      -1006.693    -1015.020        8.327   333.8      1.192      1.524      1.091      0.229      0.003     -0.266
787.8000      -1006.327    -1014.659        8.332   334.0      0.829      0.949      0.233     -0.080     -0.315      0.090
788.0000      -1005.976    -1014.392        8.416   337.4      1.100      1.112      0.405      0.791     -0.051      0.380
788.2000      -1005.978    -1014.633        8.655   346.9     -0.230      1.738     -0.177      0.273      0.071      0.538
788.4000      -1006.829    -1015.450        8.621   345.6      0.377     -0.006      0.153      0.017      0.241      0.328
788.6000      -1006.453    -1014.536        8.083   324.0     -1.173      0.561     -0.100     -0.062     -0.043     -0.601
788.8000      -1007.535    -1014.989        7.454   298.8      0.012      0.513      0.969     -0.366      0.614      0.104
789.0000      -1007.565    -1016.129        8.564   343.3      0.672      0.558      0.270     -0.527     -0.284     -0.180
789.2000      -1007.766    -1015.194        7.428   297.7      0.441      0.649      1.216     -0.047      0.226     -0.173
789.4000      -1007.088    -1015.526        8.438   338.2     -0.002      0.861      0.361      0.005     -0.133     -0.340
789.6000      -1007.952    -1015.934        7.981   319.9      0.364     -0.004      0.557      0.185      0.191      0.669
789.8000      -1007.945    -1015.652        7.708   309.0     -0.566      0.067     -0.742      0.265     -0.568     -0.771
790.0000      -1007.524    -1015.786        8.261   331.1      0.473      0.397     -0.493     -0.006     -0.159     -0.135
790.2000      -1007.893    -1015.957        8.063   323.2      0.614      0.327      0.621      0.290     -0.061     -0.254
790.4000      -1007.899    -1015.886        7.987   320.2     -0.188      0.195      0.436      0.349     -0.072      0.540
790.6000      -1007.671    -1015.271        7.599   304.6     -0.127      0.174      0.102     -0.412      0.036      0.175
790.8000      -1006.909    -1014.889        7.981   319.9     -0.035      1.214      0.566     -0.261     -0.465      0.710
791.0000      -1006.900    -1015.345        8.445   338.5     -0.636      0.592      0.840     -0.436      0.165      0.606
791.2000      -1007.029    -1015.469        8.440   338.3      0.736      0.737      0.463      0.191     -0.301      0.178
791.4000      -1007.880    -1015.178        7.298   292.5      0.187      0.127      1.304      0.283     -0.561     -0.479
791.6000      -1008.379    -1016.305        7.926   317.7      0.844      0.566      0.139     -0.291     -0.055     -0.149
791.8000      -1007.864    -1015.233        7.369   295.4      1.666      0.589      0.775     -0.375      0.178     -0.013
792.0000      -1008.087    -1015.630        7.544   302.4      0.536      1.104      1.227     -0.221     -0.193     -0.327
792.2000      -1008.318    -1015.927        7.609   305.0      0.181     -0.069      0.667      0.038     -0.042      0.364
792.4000      -1008.480    -1016.003        7.523   301.5      2.330      0.563      0.345      0.224      0.271      0.002
792.6000      -1008.395    -1016.003        7.608   305.0      1.411      0.156      0.665     -0.315      0.171     -0.152
792.8000      -1007.239    -1015.183        7.944   318.4      0.634     -0.067     -0.825     -0.090      0.029     -0.986
793.0000      -1007.926    -1016.692        8.766   351.4     -0.042      0.849      0.551     -0.011      0.178      0.150
793.2000      -1008.452    -1016.614        8.162   327.2     -0.307      0.702      0.643      0.443      0.183      0.705
793.4000      -1009.365    -1016.617        7.253   290.7      1.037      0.798      0.181      0.126      0.240      0.172
793.6000      -1008.299    -1016.331        8.032   322.0      0.340     -0.482      0.022      0.515      0.154      0.163
793.8000      -1007.430    -1015.312        7.882   315.9      0.858      0.852      0.566      0.019     -0.300      0.069
794.0000      -1008.200    -1015.684        7.483   300.0     -0.697     -0.209      0.942      0.333     -0.172      0.745
794.2000      -1008.582    -1016.558        7.976   319.7      0.535      0.057     -0.159      0.305      0.319      0.121
794.4000      -1008.796    -1017.158        8.363   335.2      0.363     -0.046      0.735      0.254      0.238     -0.076
794.6000      -1009.150    -1016.692        7.542   302.3      1.140      1.095      0.476      0.469     -0.005     -0.694
794.8000      -1009.172    -1016.172        7.000   280.6      0.559      0.402      0.858      0.029      0.350      0.063
795.0000      -1008.884    -1016.781        7.898   316.6      0.025      0.794      0.721      0.366     -0.333      0.176
795.2000      -1008.844    -1016.796        7.952   318.8      0.138      0.155      0.460     -0.277     -0.129     -0.229
795.4000      -1009.578    -1016.653        7.075   283.6      0.394      1.096      0.469      0.634     -0.025      0.532
795.6000      -1008.394    -1017.105        8.711   349.2      0.276      0.660      0.113     -0.051      0.338      0.049
795.8000      -1008.407    -1016.856        8.450   338.7      0.128      1.216      1.146     -0.267      0.345      0.101
796.0000      -1008.504    -1016.540        8.036   322.1     -0.406     -0.013     -0.764     -0.633      0.391      0.623
796.2000      -1008.811    -1017.028        8.217   329.4      0.110      0.570      0.073     -0.240      0.539      0.179
796.4000      -1008.360    -1016.279        7.919   317.4      0.528      0.183      0.089      0.308      0.910      0.292
796.6000      -1008.446    -1016.908        8.463   339.2      0.367      0.972      0.724     -0.541      0.026     -0.392
796.8000      -1008.178    -1016.074        7.896   316.5      0.072      0.167      0.832     -0.344      0.025     -0.533
797.0000      -1008.177    -1016.123        7.946   318.5      0.828      0.459      0.369     -0.138     -0.222     -0.676
797.2000      -1008.491    -1016.357        7.866   315.3      0.574      0.699      0.831     -0.206      0.702      0.224
797.4000      -1008.273    -1016.297        8.025   321.7      0.327      0.494      0.007     -0.590      0.063      0.337
797.6000      -1007.509    -1016.877        9.368   375.5      0.324      0.360      0.945      0.361      0.478      0.049
797.8000      -1007.399    -1015.216        7.818   313.4      1.129     -0.505      0.261      0.207     -0.868     -0.471
798.0000      -1007.871    -1015.823        7.952   318.8      0.447      0.096     -0.216      0.701      0.280     -0.089
798.2000      -1007.451    -1016.139        8.689   348.3      0.914     -0.004      1.153     -0.682     -0.345     -0.112
798.4000      -1007.714    -1015.805        8.090   324.3      0.086      0.681      0.454     -0.417      0.383     -0.140
798.6000      -1007.896    -1015.792        7.896   316.5     -0.313      1.043      0.971     -0.015     -0.032     -0.249
798.8000      -1008.365    -1016.596        8.231   329.9      0.179     -0.186      0.416     -0.618     -0.174      0.125
799.0000      -1008.795    -1016.231        7.436   298.1      0.544     -0.052     -0.295     -0.143     -0.230     -0.117
799.2000      -1007.562    -1016.613        9.051   362.8     -0.497      0.124     -0.267      0.111      0.074     -0.136
799.4000      -1008.379    -1016.073        7.694   308.4      0.319      0.080     -0.643      0.043      0.751      0.053
799.6000      -1008.441    -1016.526        8.086   324.1      0.776     -0.293     -0.376     -0.311     -0.486     -0.335
799.8000      -1009.733    -1016.656        6.923   277.5      0.057     -1.345     -0.338      0.516      0.073      0.053
800.0000      -1008.990    -1017.051        8.061   323.1      0.514     -0.695      0.110     -0.149      0.282     -0.312
800.2000      -1008.528    -1016.230        7.703   308.8     -0.236      1.879      0.545      0.107      0.731      0.152
800.4000      -1008.813    -1017.244        8.431   338.0      0.133      0.642      0.540     -0.351      0.025     -0.086
800.6000      -1008.154    -1016.890        8.735   350.2     -0.636      0.549      0.241      0.455     -0.205     -0.020
800.8000      -1008.625    -1016.759        8.134   326.0     -0.232     -0.001      0.550      0.355      1.080     -0.317
801.0000      -1008.193    -1016.229        8.036   322.1     -0.157      1.121      0.870     -0.003      0.356      0.028
801.2000      -1006.605    -1015.334        8.728   349.9      0.513     -0.080      1.386     -0.188      0.320     -0.770
801.4000      -1007.765    -1015.831        8.066   323.3      0.662      0.456     -0.028     -0.257      0.086     -0.170
801.6000      -1007.923    -1016.206        8.283   332.0      0.564     -0.290      0.470     -0.162     -0.153     -0.296
801.8000      -1007.337    -1015.423        8.086   324.1      0.517      0.396      0.694      0.502      0.673     -0.425
802.0000      -1007.660    -1016.364        8.704   348.9     -0.033      0.309     -0.790      0.158      0.229      0.162
802.2000      -1008.912    -1016.572        7.660   307.1     -0.008      0.147      0.436      0.173     -0.164      0.316
802.4000      -1009.179    -1017.471        8.292   332.4      0.499     -0.159      0.919      0.030      0.366     -0.048
802.6000      -1008.699    -1017.171        8.472   339.6      1.234      0.495      0.151      0.347      0.102     -0.212
802.8000      -1008.782    -1016.720        7.938   318.2     -0.016      0.594     -0.057      0.704     -0.097     -0.233
803.0000      -1009.025    -1016.599        7.574   303.6      0.593      0.249      0.115      0.316     -0.391      0.367
803.2000      -1007.967    -1016.680        8.714   349.3     -0.814      0.166      0.749     -0.303      0.156      0.039
803.4000      -1008.395    -1016.757        8.362   335.2      0.230      0.830     -0.632      0.444     -0.110      0.119
803.6000      -1007.972    -1016.766        8.793   352.5      0.198     -0.255     -0.318     -0.366      0.008      0.299
803.8000      -1007.523    -1015.185        7.663   307.2     -0.190      1.031      0.032      0.170      0.163      0.490
804.0000      -1007.704    -1015.911        8.207   329.0     -0.437     -0.060      0.189      0.146      0.652     -0.065
804.2000      -1006.955    -1015.255        8.300   332.7      0.817      1.122     -1.203      0.517      0.471     -0.357
804.4000      -1007.245    -1015.539        8.294   332.5      0.536      0.881      0.345      0.181     -0.586     -0.047
804.6000      -1007.786    -1016.497        8.711   349.2      0.841      0.638      0.029      0.088      0.433     -0.097
804.8000      -1006.559    -1014.982        8.422   337.6     -0.048      0.313      0.264      0.324      0.089      0.464
805.0000      -1007.064    -1015.447        8.383   336.0     -0.286     -0.231     -0.224      0.153      0.092      0.134
805.2000      -1006.705    -1015.217        8.512   341.2     -0.219     -0.994     -0.416      0.552      0.280     -0.036
805.4000      -1007.800    -1016.054        8.254   330.9      0.643      1.029     -0.627      0.178     -0.146      0.185
805.6000      -1008.013    -1016.455        8.442   338.4      0.298      1.355      0.048      0.292     -0.279     -0.365
805.8000      -1007.798    -1016.185        8.387   336.2      1.427      1.432      1.055      0.260     -0.141     -0.237
806.0000      -1008.197    -1016.331        8.135   326.1      0.469      0.940      0.788     -0.258     -0.407     -0.445
806.2000      -1008.477    -1016.626        8.149   326.7     -0.066      0.992     -0.175      0.314     -0.054      0.177
806.4000      -1008.972    -1016.754        7.782   311.9      1.222      0.303      1.731     -0.274      0.079      0.136
806.6000      -1008.069    -1015.848        7.779   311.8     -0.052      0.803      0.723     -0.330     -0.269     -0.729
806.8000      -1008.068    -1015.591        7.523   301.5      0.324      0.452      0.930     -0.071      0.181      0.117
807.0000      -1007.078    -1015.057        7.979   319.8     -0.226     -0.243      1.354     -0.105      0.395     -0.233
807.2000      -1007.167    -1015.474        8.307   333.0      0.439      0.141      0.058     -0.554     -0.473     -0.015
807.4000      -1006.895    -1015.215        8.320   333.5     -0.300      0.842      0.517      0.594     -0.450     -0.818
807.6000      -1007.605    -1016.234        8.629   345.9      0.562      1.311      1.436     -0.300      0.145     -0.223
807.8000      -1007.830    -1016.254        8.424   337.7     -0.296      0.424     -0.641     -0.331     -0.154     -0.184
808.0000      -1006.793    -1014.562        7.769   311.4      0.598     -0.053      0.751      0.574     -0.023      0.208
808.2000      -1006.065    -1015.374        9.308   373.1      1.029      1.026     -0.073      0.352     -0.404     -0.652
808.4000      -1006.240    -1015.409        9.169   367.5      0.723      0.429      1.035      1.074     -0.724      0.003
808.6000      -1006.704    -1015.099        8.395   336.5      0.105      0.963      1.088     -0.011      0.081     -0.074
808.8000      -1005.967    -1014.857        8.890   356.4     -0.057      1.504      0.170      0.214     -0.068      0.217
809.0000      -1006.018    -1014.761        8.743   350.5     -0.092      1.447      0.648     -0.239     -0.196      0.354
809.2000      -1006.345    -1014.179        7.834   314.0      1.166      1.575      1.074      0.037      0.250     -0.127
809.4000      -1006.512    -1015.065        8.553   342.8      0.819      0.572      0.037      0.024     -0.373     -0.539
809.6000      -1006.697    -1014.610        7.913   317.2      0.911      0.204      0.568      0.122     -0.075      0.022
809.8000      -1007.306    -1015.637        8.331   334.0      0.191      0.226      0.101     -0.143      0.271     -0.631
810.0000      -1006.644    -1015.079        8.436   338.1     -1.058      0.071      0.236      0.733      0.107      0.174
810.2000      -1007.585    -1015.918        8.333   334.0     -0.290      0.136      0.285     -0.333     -0.231      0.031
810.4000      -1007.819    -1016.008        8.189   328.2      0.002      0.791      1.026     -0.124      0.251     -0.030
810.6000      -1007.978    -1015.512        7.534   302.0     -0.003      0.588      0.311     -0.237      0.264     -0.797
810.8000      -1007.139    -1015.062        7.923   317.6      0.619     -0.230      0.203      0.140      0.143     -0.130
811.0000      -1006.684    -1015.301        8.617   345.4      1.217     -0.552      1.084     -0.008      0.103      0.121
811.2000      -1007.302    -1015.937        8.635   346.1      0.724      0.654      0.807     -0.292     -0.053     -0.391
811.4000      -1008.401    -1016.047        7.646   306.5      1.090     -0.111      0.988     -0.617     -0.436      0.610
811.6000      -1006.931    -1015.400        8.469   339.5      0.047     -0.125      0.722      0.293      0.360      0.060
811.8000      -1006.941    -1015.175        8.234   330.1      0.328      0.327      0.683      0.679      0.348      0.779
812.0000      -1006.797    -1015.066        8.268   331.4      0.639      0.113      1.083     -0.513      0.112      0.410
812.2000      -1007.181    -1014.860        7.680   307.8     -0.434     -0.038      0.661     -0.274     -0.109     -0.246
812.4000      -1007.750    -1015.532        7.782   311.9      1.580      0.211      0.758     -0.179     -0.399     -0.060
812.6000      -1007.138    -1015.519        8.381   336.0      0.444      0.417      0.875      0.253      0.448     -0.354
812.8000      -1006.195    -1014.959        8.764   351.3     -0.100      0.178      0.007      0.148      0.288     -0.164
813.0000      -1006.169    -1013.802        7.633   306.0      0.549      0.261      0.049     -0.440     -0.280      0.104
813.2000      -1006.088    -1014.453        8.365   335.3      0.974      0.646      0.473      0.107      0.039     -0.018
813.4000      -1007.478    -1014.876        7.398   296.5      0.106      1.177      0.404     -0.142     -0.202      0.185
813.6000      -1006.913    -1014.518        7.605   304.8      0.077      0.513      0.588     -0.219     -0.067     -0.148
813.8000      -1006.669    -1015.062        8.393   336.4      0.205      0.849      0.931      0.082     -0.010      0.165
814.0000      -1006.419    -1014.330        7.911   317.1      0.699      1.280      0.748     -0.021     -0.204     -0.289
814.2000      -1006.624    -1014.549        7.925   317.7      0.515      0.491     -0.122      0.127     -0.655      0.187
814.4000      -1006.142    -1014.418        8.276   331.8     -0.252      0.419      0.207      0.016     -0.301     -0.041
814.6000      -1007.004    -1015.365        8.361   335.2     -0.491      0.076      0.302     -0.263     -0.477      0.094
814.8000      -1006.589    -1015.598        9.009   361.1      0.275      0.661      0.172     -0.437      0.058     -0.771
815.0000      -1006.986    -1014.896        7.911   317.1      0.539     -0.274      0.097     -0.424     -0.302     -0.440
815.2000      -1007.189    -1014.428        7.239   290.2     -0.141     -0.073      0.253     -0.441     -0.137      0.251
815.4000      -1006.849    -1014.691        7.841   314.3     -0.119      0.445      1.471      0.138      0.361      0.095
815.6000      -1006.255    -1014.080        7.825   313.7     -0.262      0.738      0.639     -0.151      0.143     -0.559
815.8000      -1006.541    -1015.222        8.680   348.0      1.091     -0.508      0.218      0.079     -0.714      0.484
816.0000      -1007.035    -1015.570        8.534   342.1      0.533     -0.373     -0.263     -0.152     -0.264     -0.348
816.2000      -1006.911    -1015.276        8.365   335.3      0.435     -0.053     -0.189      0.035      0.451     -0.239
816.4000      -1006.674    -1015.162        8.488   340.2     -0.289      0.981     -0.089     -0.514      0.151      0.185
816.6000      -1008.032    -1015.662        7.630   305.9      0.283      0.449     -0.069      0.159      0.037     -0.451
816.8000      -1007.081    -1015.116        8.034   322.1      0.859      1.330      0.735     -0.128     -0.320     -0.336
817.0000      -1007.218    -1015.388        8.169   327.5     -0.092      0.073      1.250      0.058     -0.559      0.006
817.2000      -1006.706    -1014.279        7.573   303.6      0.546      1.158      0.776     -0.290     -0.175      0.533
817.4000      -1006.663    -1015.159        8.496   340.6      0.192     -0.155      0.293     -0.055      0.202      0.286
817.6000      -1006.106    -1014.641        8.536   342.1     -0.217      1.000      0.394      0.437     -0.079     -0.106
817.8000      -1006.767    -1014.654        7.888   316.2      0.682      0.010      0.483      0.433     -0.542     -0.394
818.0000      -1006.640    -1014.624        7.984   320.0     -0.322     -0.230     -0.451      0.153     -0.390      0.260
818.2000      -1008.128    -1015.761        7.632   305.9      0.562      0.339     -0.371     -0.015      0.044     -0.303
818.4000      -1008.070    -1015.879        7.810   313.0      0.089     -0.258      0.251      0.812     -0.448      0.208
818.6000      -1007.806    -1015.605        7.798   312.6      0.306      0.713     -0.199      0.037     -0.087      0.170
818.8000      -1007.624    -1015.936        8.312   333.2     -0.892      1.009     -0.273     -0.156     -0.184      0.288
819.0000      -1008.651    -1016.405        7.753   310.8      1.176      0.809      0.796      0.027      0.118      0.232
819.2000      -1008.640    -1016.946        8.306   332.9      0.835      0.393      0.228     -0.318      0.081     -0.618
819.4000      -1007.495    -1016.552        9.056   363.0      0.284      1.063      0.860     -0.135     -0.174     -0.296
819.6000      -1007.838    -1016.388        8.551   342.7     -0.552     -0.004     -0.595     -0.389      0.670      0.714
819.8000      -1007.935    -1016.051        8.115   325.3      0.986      0.651      0.024     -0.170     -0.262     -0.575
820.0000      -1007.363    -1015.750        8.387   336.2      0.451      0.232      0.118      0.833     -0.271      0.011
820.2000      -1007.222    -1015.587        8.365   335.3      0.276      0.672     -1.109     -0.407     -0.339      0.367
820.4000      -1007.309    -1015.619        8.310   333.1     -0.003      0.472     -0.176      0.026     -0.267     -0.502
820.6000      -1007.146    -1015.386        8.241   330.3      0.489      1.293     -0.177     -0.139     -0.359      0.156
820.8000      -1006.950    -1015.586        8.636   346.2     -0.416      0.248      0.561      0.293     -0.619     -0.115
821.0000      -1008.109    -1016.202        8.094   324.4      0.668      0.221      0.797      0.554     -0.242     -0.759
821.2000      -1008.119    -1016.041        7.922   317.5     -0.454      0.419      0.690     -0.305      0.000      0.391
821.4000      -1008.190    -1016.779        8.589   344.3      0.370      1.160      0.613     -0.577      0.136     -0.032
821.6000      -1008.931    -1017.058        8.128   325.8      1.397     -0.167      0.705     -0.221     -0.035     -0.355
821.8000      -1009.196    -1017.487        8.292   332.4      0.336      1.278      0.335     -0.207     -0.289     -0.196
822.0000      -1008.517    -1017.378        8.861   355.2      0.589     -0.305     -0.243      0.034     -0.294      0.005
822.2000      -1008.961    -1016.580        7.619   305.4      0.903      0.156     -0.434     -0.437     -0.015      0.350
822.4000      -1007.984    -1016.322        8.338   334.2      0.949     -0.147      1.314     -0.053     -0.596      0.722
822.6000      -1007.171    -1015.082        7.910   317.1      0.423      0.061      0.644      0.037     -0.035      0.586
822.8000      -1006.985    -1015.448        8.463   339.2      0.210      0.576      0.171      0.160     -0.500     -0.151
823.0000      -1007.356    -1015.818        8.462   339.2      0.302      1.076      0.158      0.322      0.058      0.453
823.2000      -1007.092    -1015.293        8.202   328.8      1.215      0.420     -0.028     -0.012     -0.101      0.083
823.4000      -1007.936    -1015.861        7.925   317.7      0.384     -0.494      0.266     -0.018      0.544     -0.234
823.6000      -1007.726    -1016.214        8.487   340.2     -0.579      0.330     -0.420     -0.713     -0.168      0.652
823.8000      -1007.687    -1015.450        7.763   311.2      0.410      1.247      1.000      0.163     -0.006     -0.486
824.0000      -1008.163    -1016.231        8.068   323.4      0.460      0.341      0.322     -0.144     -0.204      0.044
824.2000      -1007.904    -1015.898        7.995   320.5      0.275      1.199      0.882      0.817      0.519      0.012
824.4000      -1008.457    -1015.393        6.936   278.0      0.604      0.809      1.322      0.181      0.570     -0.100
824.6000      -1008.006    -1016.155        8.149   326.7      0.825      0.809      0.354      0.459     -0.016     -0.681
824.8000      -1007.934    -1016.268        8.333   334.0      0.689      0.155      0.042     -0.268     -0.274     -0.345
825.0000      -1006.874    -1015.024        8.150   326.7      0.841      1.349      0.928     -0.471     -0.267     -0.368
825.2000      -1007.435    -1015.885        8.451   338.7      0.298      1.057      0.823      0.205     -0.108     -0.002
825.4000      -1007.288    -1015.220        7.931   317.9     -0.192      1.422      0.627      0.149     -0.146      0.091
825.6000      -1007.091    -1015.482        8.391   336.3     -0.234     -0.947      0.321      0.047      0.217     -0.130
825.8000      -1007.824    -1015.834        8.009   321.1      0.054      1.212      0.936     -0.110      0.507     -0.699
826.0000      -1007.663    -1015.142        7.479   299.8      1.559      0.103      0.156     -0.538     -0.311     -0.086
826.2000      -1007.475    -1015.848        8.374   335.7      0.444      0.694      0.900      0.160      0.330      0.179
826.4000      -1007.530    -1015.441        7.911   317.1      0.766      0.510      0.308     -0.216      0.114      0.084
826.6000      -1007.692    -1015.410        7.718   309.4      0.365      0.523      1.196      0.055      0.155     -0.143
826.8000      -1008.185    -1015.265        7.080   283.8     -0.483      0.615      1.160     -0.063      0.084     -0.352
827.0000      -1008.745    -1017.260        8.515   341.3      0.784     -0.153      0.431     -0.374      0.636      0.282
827.2000      -1008.512    -1015.610        7.098   284.5      0.399      1.598      0.165      0.002     -0.228     -0.342
827.4000      -1007.795    -1015.664        7.868   315.4      1.779      0.854      1.193     -0.222     -0.610     -0.761
827.6000      -1006.394    -1014.755        8.361   335.2     -0.099     -0.450     -0.954      0.107     -0.581      0.080
827.8000      -1006.238    -1015.428        9.190   368.4     -0.062      0.807      0.304      0.627      0.201      0.308
828.0000      -1006.200    -1014.826        8.625   345.7     -0.835      0.309      1.206     -0.124     -0.111      0.029
828.2000      -1005.888    -1014.253        8.364   335.3      0.195      0.191      0.250      1.001      0.087     -0.071
828.4000      -1006.782    -1014.579        7.797   312.5      1.288      1.447      1.533     -0.234      0.064      0.097
828.6000      -1006.884    -1014.948        8.064   323.2     -0.586     -0.668      0.229      0.120     -0.235     -0.226
828.8000      -1006.573    -1014.301        7.727   309.8     -0.165      0.176      0.226     -0.024     -0.361      0.472
829.0000      -1007.268    -1014.945        7.678   307.8      0.330      0.453      0.469     -0.299      0.124     -0.276
829.2000      -1006.433    -1015.088        8.655   346.9      1.370      1.029      0.487     -0.188     -0.185      0.135
829.4000      -1007.849    -1015.228        7.379   295.8      0.786      1.031      0.799      0.179      0.494     -0.384
829.6000      -1006.834    -1015.550        8.716   349.4      0.530      0.957      0.262      0.309     -0.455     -0.561
829.8000      -1006.754    -1015.184        8.430   337.9      0.184      0.271      0.088     -0.782      0.503      0.192
830.0000      -1006.606    -1015.053        8.447   338.6      0.660      0.211      0.785      0.188     -0.025      0.196
830.2000      -1006.834    -1015.210        8.376   335.7      0.785      0.604      0.894     -0.380     -0.233     -0.058
830.4000      -1006.919    -1014.626        7.708   309.0      0.529      0.314      1.174     -0.361     -0.184     -0.547
830.6000      -1007.290    -1015.467        8.177   327.8      0.578     -0.143      0.285      0.135      0.107      0.126
830.8000      -1007.802    -1015.881        8.079   323.8     -1.031     -0.598     -0.092      0.041     -0.210     -0.233
831.0000      -1007.732    -1015.245        7.513   301.2      1.243      0.659      0.166      0.215      0.540      0.110
831.2000      -1007.491    -1015.513        8.022   321.5      0.563      0.494      0.390      0.311     -0.299      0.402
831.4000      -1006.474    -1015.429        8.955   358.9      1.652      0.765     -0.177     -0.184      0.071     -0.174
831.6000      -1006.881    -1015.642        8.761   351.2      0.596      0.206      1.077     -0.216     -0.025     -0.210
831.8000      -1006.818    -1014.978        8.160   327.1      1.275      1.032     -0.467      0.116     -0.048     -0.467
832.0000      -1007.238    -1015.403        8.166   327.3      1.384      0.152      0.979      0.668      0.289      0.180
832.2000      -1007.650    -1015.915        8.265   331.3     -0.458     -0.254      0.056     -0.350     -0.555     -0.338
832.4000      -1008.775    -1016.586        7.811   313.1      0.759      1.085      0.484      0.175      0.210      0.056
832.6000      -1009.111    -1016.831        7.721   309.5      0.173      0.013      0.351     -0.617     -0.552      0.388
832.8000      -1009.399    -1016.578        7.179   287.8      0.293      0.880      1.804     -0.006      0.328     -0.075
833.0000      -1009.254    -1016.629        7.375   295.6     -0.441     -0.106      0.643      0.519     -0.009     -0.238
833.2000      -1008.847    -1017.075        8.228   329.8     -0.138     -0.814      0.850     -0.387     -0.151     -0.141
833.4000      -1008.349    -1016.322        7.973   319.6      0.020     -0.029      1.219      0.186     -0.170      0.310
833.6000      -1008.256    -1016.200        7.944   318.4     -0.346      0.511      0.005      0.079     -0.039      0.061
833.8000      -1008.705    -1016.508        7.802   312.7      0.050     -0.447      0.148      0.123      0.453     -0.136
834.0000      -1007.384    -1015.150        7.766   311.3      0.142      0.088      1.089     -0.007     -0.229      0.392
834.2000      -1006.607    -1015.251        8.644   346.5      0.067     -0.569     -0.766      0.513      0.143      0.081
834.4000      -1006.486    -1014.459        7.973   319.6      0.463      1.421      0.792     -0.390      0.430      0.464
834.6000      -1006.545    -1015.122        8.577   343.8     -0.417      0.894      0.445      0.093      0.134     -0.521
834.8000      -1005.420    -1014.526        9.106   365.0     -0.072      0.278      0.921     -0.665     -0.242      0.063
835.0000      -1006.123    -1014.310        8.187   328.2      0.179     -0.465      1.006     -0.381      0.630      0.141
835.2000      -1006.219    -1014.486        8.268   331.4      0.288      0.223      0.580     -0.370     -0.602     -0.012
835.4000      -1005.771    -1015.013        9.242   370.5      1.759      1.324      2.540     -0.135     -0.075      0.249
835.6000      -1004.782    -1013.469        8.687   348.2      0.279     -0.205      0.040     -0.843      0.525      0.119
835.8000      -1005.579    -1014.455        8.876   355.8      0.033     -0.671     -0.452     -0.584     -0.079      0.051
836.0000      -1006.204    -1015.267        9.063   363.3     -0.841     -0.452     -0.408     -0.180     -0.154     -0.143
836.2000      -1007.063    -1015.823        8.760   351.1      2.005     -0.517     -0.159     -0.041     -0.317      0.440
836.4000      -1006.928    -1015.160        8.232   330.0     -0.938     -0.047      0.528     -0.129     -0.022      0.155
836.6000      -1006.384    -1015.118        8.733   350.1      0.248      0.114      0.595     -0.008      0.071     -0.078
836.8000      -1006.669    -1015.365        8.696   348.6      0.122     -0.671     -0.059      0.471     -0.028      0.272
837.0000      -1007.434    -1015.760        8.326   333.7     -0.224      0.096     -0.601      0.072     -0.623      0.106
837.2000      -1007.726    -1015.422        7.696   308.5     -0.083      0.286      0.382     -0.222     -0.456      0.227
837.4000      -1006.630    -1015.658        9.028   361.9     -0.857     -0.002     -0.498      0.393     -0.238     -0.017
837.6000      -1007.377    -1015.339        7.962   319.1      0.202     -0.587      1.037      0.041      0.198      0.275
837.8000      -1006.502    -1014.884        8.382   336.0      0.293     -0.784     -0.001      0.094     -0.006     -0.014
838.0000      -1006.943    -1015.126        8.182   328.0      0.770      0.166      1.100      0.459     -0.068      0.319
838.2000      -1007.781    -1015.421        7.639   306.2     -0.327      0.053     -0.039      0.051     -0.537      0.258
838.4000      -1008.375    -1016.234        7.859   315.0      1.358      1.148      1.062     -0.126      0.229     -0.132
838.6000      -1007.514    -1016.004        8.490   340.3     -1.134      0.184     -0.654     -0.033     -0.123     -0.013
838.8000      -1006.915    -1015.254        8.338   334.2      0.126     -0.106     -0.236     -0.120      0.106     -0.313
839.0000      -1007.069    -1015.133        8.064   323.2      0.084      0.567     -0.032      0.439     -0.045      0.834
839.2000      -1007.524    -1015.948        8.424   337.7      0.017      0.337      1.048     -0.006     -0.056     -0.081
839.4000      -1006.965    -1016.498        9.533   382.1      0.103     -0.377      0.474     -0.110     -0.172      0.304
839.6000      -1005.654    -1014.040        8.386   336.1      0.050      0.562      0.259      0.615     -0.389     -0.075
839.8000      -1006.928    -1015.558        8.631   346.0      1.054      0.935     -0.351      0.057     -0.197     -0.066
840.0000      -1006.113    -1015.558        9.446   378.6      0.900     -0.279     -0.214      0.013     -0.269     -0.384
840.2000      -1007.181    -1015.527        8.346   334.5      0.360      0.073      0.859      0.904     -0.050      0.847
840.4000      -1006.749    -1014.848        8.099   324.7      0.989      0.155      0.318     -0.070     -0.079     -0.159
840.6000      -1007.249    -1015.061        7.811   313.1      0.420     -0.563      0.201      0.015     -0.390      0.035
840.8000      -1007.080    -1015.347        8.268   331.4      0.608     -0.372     -0.916     -0.640     -0.116     -0.427
841.0000      -1008.377    -1016.394        8.017   321.3      0.758      0.751      0.575     -0.273     -0.010     -0.213
841.2000      -1007.466    -1015.372        7.906   316.9      0.781      1.110      0.940     -0.245     -0.002      0.208
841.4000      -1007.298    -1015.752        8.455   338.9      0.475      0.329      0.427      0.011      0.006     -0.050
841.6000      -1007.179    -1015.296        8.117   325.4     -0.118      0.170     -1.146      0.279     -0.033     -0.094
841.8000      -1007.702    -1016.159        8.457   339.0      0.347     -0.565     -0.172      0.048     -0.470     -0.068
842.0000      -1008.236    -1015.686        7.450   298.6      1.132      1.322     -0.013      0.157     -0.027     -0.074
842.2000      -1008.192    -1015.484        7.292   292.3      1.155      0.098      0.907     -0.180     -0.331      0.263
842.4000      -1007.356    -1015.173        7.816   313.3      0.687      0.734      0.717      0.320      0.202     -0.431
842.6000      -1007.231    -1014.486        7.255   290.8      0.647      0.990      0.876     -0.016     -0.372      0.162
842.8000      -1007.335    -1015.514        8.179   327.9     -0.198      0.362      0.868     -0.144      0.398     -0.056
843.0000      -1006.803    -1015.106        8.303   332.8      0.804      1.062      0.548      0.277      0.713     -1.041
843.2000      -1006.639    -1014.712        8.073   323.6      0.669      0.328      1.000     -0.122      0.007      0.412
843.4000      -1006.229    -1014.170        7.940   318.3      0.691      0.818      0.703     -0.039     -0.287     -0.239
843.6000      -1006.696    -1014.980        8.285   332.1      0.849      0.300      0.740      0.531      0.002     -0.054
843.8000      -1007.214    -1014.860        7.646   306.5     -0.099      0.770      0.678      0.374     -0.119      0.519
844.0000      -1007.255    -1014.865        7.611   305.1      0.907      0.568      0.782      0.495     -0.275      0.087
844.2000      -1007.754    -1015.890        8.136   326.1      0.480      0.452      0.523      0.012      0.269      0.030
844.4000      -1007.314    -1014.497        7.183   287.9      0.512      0.843      0.972     -0.228      0.545     -0.262
844.6000      -1007.346    -1015.376        8.030   321.9      0.635      0.505      0.295     -0.636      0.226      0.322
844.8000      -1006.298    -1014.809        8.511   341.1      0.262      0.003      0.492     -0.225      0.159      0.067
845.0000      -1006.499    -1014.618        8.119   325.5      0.212     -0.555     -0.755     -0.469     -0.089     -0.369
845.2000      -1006.465    -1015.467        9.001   360.8      0.912      0.393      0.615     -0.674     -0.447      0.135
845.4000      -1005.444    -1013.662        8.218   329.4      0.543     -0.064      0.915     -0.220     -0.548     -0.057
845.6000      -1006.023    -1014.605        8.582   344.0      0.268      0.127     -0.200     -0.102      0.629      0.743
845.8000      -1006.776    -1015.454        8.678   347.9      1.264      0.310      0.411     -0.347      0.065     -0.127
846.0000      -1006.195    -1014.360        8.165   327.3      0.094      0.298     -0.337     -0.017     -0.400      0.174
846.2000      -1006.077    -1013.966        7.890   316.3      0.254      0.735      1.271      0.341     -0.382     -0.566
846.4000      -1006.556    -1014.632        8.076   323.7      0.208     -0.104      0.641     -0.225      0.076      0.570
846.6000      -1006.059    -1014.818        8.758   351.1      1.076      0.046      0.707     -0.155     -0.102      0.014
846.8000      -1006.243    -1014.375        8.132   326.0     -0.062      0.640      0.108      0.104      0.230      0.371
847.0000      -1006.199    -1014.112        7.913   317.2      0.704     -0.009     -0.170      0.181      0.559      0.316
847.2000      -1006.695    -1014.579        7.884   316.0      0.873     -0.011     -0.122     -0.306     -0.117     -0.636
847.4000      -1005.914    -1014.417        8.503   340.8      0.762      0.265      0.148      0.159     -0.246      0.369
847.6000      -1007.157    -1015.402        8.245   330.5     -0.046     -0.107      0.010     -0.035     -0.207     -0.358
847.8000      -1007.136    -1015.063        7.927   317.8      0.938      0.301      0.292     -0.153     -0.330      0.300
848.0000      -1007.479    -1015.603        8.124   325.6     -0.996     -0.870     -0.592     -0.317      0.576     -0.355
848.2000      -1007.272    -1014.970        7.697   308.6      0.490     -0.160      0.471     -0.143     -0.394      0.154
848.4000      -1007.479    -1015.368        7.889   316.2      0.538      0.700     -0.064      0.379     -0.154     -0.663
848.6000      -1006.234    -1014.638        8.405   336.9      0.635      0.752      1.025      0.204     -0.370      0.502
848.8000      -1006.263    -1015.236        8.973   359.7     -0.081      0.834      0.734      0.095     -0.067     -0.054
849.0000      -1006.277    -1015.069        8.791   352.4     -0.251      0.388      0.787      0.182     -0.232     -0.206
849.2000      -1006.686    -1014.859        8.173   327.6      0.998      0.947      1.127     -0.308     -0.183     -0.491
849.4000      -1005.957    -1014.080        8.124   325.6      0.610      0.549      0.469      0.037     -0.177      0.236
849.6000      -1004.868    -1013.492        8.624   345.7      0.105     -0.142      0.148      0.319     -0.341      0.491
849.8000      -1005.223    -1014.741        9.518   381.5      0.034      0.583      0.564     -0.356     -0.208     -0.359
850.0000      -1006.044    -1014.262        8.218   329.4      0.899      1.133      1.129      0.006      0.467      0.456
850.2000      -1005.915    -1014.602        8.686   348.2      0.203      0.448      0.834      0.127     -0.447     -0.381
850.4000      -1005.978    -1014.426        8.448   338.6      0.065      0.009      0.509     -0.060     -0.412     -0.411
850.6000      -1005.737    -1014.964        9.227   369.9     -0.159      0.167      0.614      0.192      0.015     -0.029
850.8000      -1005.824    -1014.279        8.454   338.9     -0.259      0.612      0.057      0.358      0.127      0.088
851.0000      -1007.199    -1015.076        7.877   315.7      0.279      0.960      0.023      0.253     -0.341     -0.395
851.2000      -1006.268    -1014.128        7.860   315.1      1.001      0.166     -0.768     -0.319     -0.353      0.600
851.4000      -1006.688    -1014.417        7.729   309.8      1.383      0.400      0.223     -0.826      0.500     -0.131
851.6000      -1006.550    -1014.834        8.284   332.0      1.563      0.485      0.144     -0.250     -0.175      0.298
851.8000      -1005.675    -1014.124        8.449   338.7      0.273      0.532      1.633     -0.198      0.346     -0.785
852.0000      -1005.533    -1015.033        9.500   380.8      0.179      0.343      0.213     -0.325      0.267      0.067
852.2000      -1006.485    -1013.972        7.487   300.1      1.188      0.380      0.880      0.400     -0.541      0.281
852.4000      -1004.712    -1014.216        9.504   381.0      1.581      0.793      0.919      0.194     -0.064     -0.217
852.6000      -1005.910    -1014.758        8.848   354.7     -0.013      0.371      0.668     -0.254     -0.069     -0.207
852.8000      -1004.788    -1013.140        8.352   334.8      0.273      0.235      0.890     -0.063     -0.252     -0.072
853.0000      -1005.648    -1014.321        8.673   347.7      0.721      1.361      0.923      0.271     -0.175      0.011
853.2000      -1005.909    -1013.959        8.050   322.7      1.190      0.781      1.643      0.073     -0.184      0.156
853.4000      -1006.014    -1013.869        7.855   314.9      0.961      0.465      0.516     -0.257      0.350      0.058
853.6000      -1006.077    -1013.658        7.580   303.9     -0.206      1.036     -0.236     -0.522     -0.099      0.258
853.8000      -1006.180    -1014.926        8.746   350.6      1.338      1.023      0.651      0.160     -0.138     -0.638
854.0000      -1005.568    -1014.868        9.300   372.8      0.433      0.083      0.720     -0.239     -0.091     -0.813
854.2000      -1006.141    -1014.381        8.240   330.3      1.186      0.913      0.903     -0.118     -0.100      0.109
854.4000      -1005.998    -1014.390        8.392   336.4     -0.093      0.421      0.991     -0.213      0.180      0.238
854.6000      -1006.543    -1015.057        8.514   341.3      0.744      0.569      0.890     -0.153     -0.476     -0.112
854.8000      -1006.748    -1014.648        7.900   316.7      0.885      1.034      1.396      0.174      0.058     -0.168
855.0000      -1006.804    -1014.377        7.573   303.6      0.450      0.948      0.185     -0.337     -0.452     -0.030
855.2000      -1006.884    -1014.723        7.838   314.2      1.654      0.324      0.678     -0.064     -0.593     -0.051
855.4000      -1006.784    -1014.981        8.197   328.6      0.427      0.543      0.087      0.107      0.519      0.199
855.6000      -1008.068    -1015.714        7.646   306.5     -0.261      1.240     -0.117     -0.004     -0.034      0.105
855.8000      -1006.650    -1015.095        8.445   338.5      0.253     -0.046      1.221      0.461     -0.266      0.031
856.0000      -1006.616    -1014.731        8.114   325.3     -0.406      0.529     -0.726     -0.121      0.322     -0.006
856.2000      -1006.823    -1014.864        8.041   322.3      0.839     -0.739      0.780      0.354      0.438     -0.473
856.4000      -1006.154    -1014.349        8.195   328.5     -0.417     -0.445     -0.664      0.507      0.332      0.278
856.6000      -1006.457    -1014.611        8.153   326.8      0.191      0.846      0.606     -0.821      0.416      0.392
856.8000      -1006.506    -1014.934        8.428   337.8      0.190      0.930      0.474      0.465     -0.051     -0.382
857.0000      -1006.888    -1015.346        8.458   339.0      0.590     -0.254      0.066      0.072     -0.018     -0.050
857.2000      -1006.064    -1014.124        8.060   323.1      0.766      1.074      0.049      0.560      0.139     -0.265
857.4000      -1006.797    -1014.609        7.813   313.2     -0.271      0.552      0.206     -0.200     -0.329      0.284
857.6000      -1006.693    -1014.562        7.869   315.4      0.262      0.606      0.323      0.422     -0.068      0.554
857.8000      -1006.562    -1014.156        7.594   304.4      1.031      0.761      0.912      0.646     -0.101     -0.490
858.0000      -1005.885    -1013.790        7.905   316.9      0.130      1.222      0.510      0.047     -0.398     -0.404
858.2000      -1006.418    -1014.634        8.216   329.3      0.506      0.134     -0.352      0.247      0.575      0.150
858.4000      -1007.741    -1015.304        7.564   303.2      0.592      0.124      0.540     -0.012      0.104     -0.214
858.6000      -1007.533    -1014.974        7.441   298.3     -0.128      1.085      0.300     -0.373     -0.063      0.229
858.8000      -1007.580    -1015.672        8.091   324.3      0.544      0.463      1.381      0.511     -0.517      0.163
859.0000      -1007.480    -1015.250        7.769   311.4      0.963      0.838      0.072      0.899      0.214      0.288
859.2000      -1007.234    -1015.267        8.033   322.0     -0.199      0.078      0.625     -0.355      0.477     -0.251
859.4000      -1006.225    -1014.697        8.472   339.6      0.283      0.775     -0.099     -0.118      0.238      0.078
859.6000      -1006.715    -1014.991        8.275   331.7      0.935      0.403      0.924      0.418      0.400     -0.271
859.8000      -1007.391    -1015.165        7.774   311.6      0.184      0.181      0.371     -0.216     -0.055      0.360
860.0000      -1007.889    -1015.863        7.974   319.6     -0.230      0.474      0.742      0.274     -0.535      0.540
860.2000      -1007.379    -1015.209        7.831   313.9      0.470      0.151     -0.255     -0.288      0.048      0.226
860.4000      -1006.800    -1016.063        9.264   371.3      0.863      0.122      0.970      0.006     -0.685      0.486
860.6000      -1007.130    -1015.048        7.918   317.4      0.401      0.258     -0.426     -0.484     -0.138     -0.154
860.8000      -1007.758    -1016.438        8.679   347.9     -0.559      0.807      0.430      0.259      0.609      0.158
861.0000      -1007.674    -1015.396        7.721   309.5      0.287      0.421      1.299      0.259     -0.579     -0.064
861.2000      -1006.988    -1014.920        7.932   317.9      0.016      1.660      1.487     -0.448      0.430      0.123
861.4000      -1006.509    -1015.189        8.680   347.9      0.528      0.524      0.915     -0.100     -0.005      0.426
861.6000      -1006.156    -1014.493        8.337   334.2      1.150      0.440     -0.207     -0.271      0.291     -0.470
861.8000      -1007.319    -1016.222        8.903   356.9      1.078      0.556      0.435     -0.552     -0.535      0.103
862.0000      -1007.454    -1015.208        7.754   310.8      0.491      0.994      1.134     -0.029      0.145     -0.636
862.2000      -1008.058    -1016.061        8.003   320.8      1.333      0.597      0.620     -0.175      0.216     -0.345
862.4000      -1008.081    -1016.611        8.529   341.9      0.507      0.638     -0.102     -0.012      0.077     -0.775
862.6000      -1007.863    -1015.806        7.943   318.4      1.010      0.391      0.961     -0.205      0.081      0.176
862.8000      -1007.159    -1016.232        9.073   363.7      0.955      0.149      0.213      0.031     -0.590      0.089
863.0000      -1007.241    -1015.708        8.467   339.4      1.230      0.510      1.568     -0.258     -0.028     -0.263
863.2000      -1005.877    -1014.434        8.557   343.0      1.187      1.194      0.011      0.160     -0.235      0.544
863.4000      -1006.170    -1014.860        8.690   348.3      0.248      0.527     -0.182     -0.190     -0.081      0.362
863.6000      -1006.168    -1015.042        8.874   355.7     -0.177      0.554      1.194     -0.642     -0.055      0.184
863.8000      -1006.366    -1015.048        8.682   348.0      0.247      0.256     -0.449     -0.374      0.027     -0.460
864.0000      -1007.506    -1015.575        8.069   323.4     -0.273      1.081     -0.076     -0.078      0.744     -0.119
864.2000      -1005.829    -1014.120        8.291   332.3     -0.714      0.474     -0.562     -0.398     -0.082     -0.136
864.4000      -1006.360    -1015.220        8.860   355.1      0.575      0.810      0.716     -0.459     -0.129     -0.219
864.6000      -1006.522    -1015.479        8.957   359.0      0.862     -0.801     -0.112     -0.586      0.073      0.170
864.8000      -1006.823    -1015.162        8.340   334.3      0.778      0.165      1.032      0.450      0.233     -0.298
865.0000      -1006.505    -1015.077        8.572   343.6      1.142      0.368      0.777     -0.153     -0.477     -0.301
865.2000      -1006.329    -1015.010        8.681   348.0      0.803      0.744      0.072      0.233      0.284     -0.234
865.4000      -1007.052    -1015.454        8.402   336.8      0.317      0.957      1.043      0.077     -0.811     -0.654
865.6000      -1006.938    -1014.793        7.856   314.9      0.583      0.708     -0.010      0.455      0.336      0.129
865.8000      -1007.368    -1015.106        7.738   310.2      1.489      0.557      1.373      0.251      0.572     -0.336
866.0000      -1007.348    -1014.994        7.646   306.5      0.652      1.329      1.372      0.017      0.144     -0.238
866.2000      -1007.792    -1015.841        8.050   322.7      1.191      0.149      0.795     -0.081     -0.390     -0.404
866.4000      -1007.433    -1015.511        8.078   323.8      0.307      0.231      0.450     -0.202      0.390      0.033
866.6000      -1006.522    -1015.158        8.636   346.2      1.333      0.684     -0.219      0.436      0.161      0.076
866.8000      -1007.355    -1015.662        8.307   333.0      1.475     -0.136      0.859     -0.188     -0.169     -0.178
867.0000      -1007.885    -1015.633        7.747   310.6      0.653      0.345      0.538      0.249      0.253      0.339
867.2000      -1007.592    -1015.427        7.835   314.1      0.242      0.209      0.868      0.255     -0.577      1.003
867.4000      -1007.944    -1015.699        7.755   310.8     -0.927     -0.377      0.051      0.134      0.776      0.354
867.6000      -1008.490    -1016.468        7.978   319.8     -0.660     -0.334     -0.005     -0.092     -0.325     -0.332
867.8000      -1008.100    -1015.733        7.633   306.0      0.358      0.913      0.752      0.345      0.290      0.072
868.0000      -1008.276    -1016.505        8.229   329.8      0.184      0.633      0.103      0.675     -0.023     -0.207
868.2000      -1008.362    -1016.296        7.934   318.0      1.198      0.453      1.571     -0.141      0.270      0.088
868.4000      -1008.295    -1016.925        8.630   345.9      0.039     -0.894      0.023      0.043      0.222      0.205
868.6000      -1007.838    -1016.396        8.557   343.0      0.390      0.790      0.217     -0.066      0.105      0.141
868.8000      -1007.028    -1014.761        7.733   310.0      0.149     -0.712      0.342      0.207      0.473      0.427
869.0000      -1007.201    -1014.946        7.745   310.4      1.139      1.534     -0.228     -0.159      0.509      0.084
869.2000      -1007.250    -1014.763        7.513   301.2      0.229      0.329      1.282     -0.121      0.700      0.040
869.4000      -1008.156    -1015.993        7.836   314.1      0.382     -0.147      0.491     -0.205      0.192     -0.235
869.6000      -1007.332    -1015.472        8.140   326.3      0.768      1.511      0.296     -0.432      0.306      0.222
869.8000      -1006.649    -1015.071        8.422   337.6      0.379      0.288      0.623     -0.476      0.222     -0.087
870.0000      -1007.138    -1015.168        8.030   321.9      0.298      0.398      0.490      0.100      0.359     -0.021
870.2000      -1006.787    -1015.032        8.245   330.5      0.297     -0.719      0.312     -0.355     -0.903     -0.236
870.4000      -1007.450    -1014.938        7.488   300.1      0.444      1.527      0.942     -0.392     -0.001      0.170
870.6000      -1007.041    -1015.123        8.083   324.0      1.165     -0.170      0.150     -0.311      0.579     -0.413
870.8000      -1006.840    -1015.160        8.320   333.5      1.470     -0.013      0.569     -0.552      0.132     -0.180
871.0000      -1008.298    -1016.768        8.471   339.5      1.619      0.238      0.439     -0.122      0.170     -0.128
871.2000      -1007.649    -1015.442        7.794   312.4      0.580     -0.405      1.240     -0.298     -0.420     -0.454
871.4000      -1006.750    -1015.634        8.884   356.1      0.474      0.250      1.272      0.172      0.278      0.478
871.6000      -1007.008    -1015.828        8.820   353.5      0.792      0.928      0.381      0.435     -0.172     -0.183
871.8000      -1006.932    -1015.185        8.253   330.8      0.503     -0.204     -0.115      0.358     -0.386     -0.189
872.0000      -1007.227    -1015.682        8.455   338.9      0.638     -0.092     -0.060     -0.015     -0.005     -0.087
872.2000      -1007.817    -1016.175        8.358   335.0      0.124      0.668     -0.098      0.166      0.348      0.411
872.4000      -1007.300    -1015.076        7.776   311.7      1.018      0.564      0.100      0.245     -0.069      0.015
872.6000      -1007.079    -1014.667        7.588   304.2      0.860     -0.850      0.265      0.058     -0.125     -0.221
872.8000      -1005.809    -1014.087        8.278   331.8      0.056     -0.027      0.526     -0.154     -0.047      0.306
873.0000      -1006.134    -1014.660        8.526   341.8     -1.124      0.695     -0.158     -0.510      0.276      0.590
873.2000      -1005.946    -1014.528        8.581   344.0      0.288      0.590     -0.200      0.990     -0.369     -0.041
873.4000      -1006.858    -1015.806        8.949   358.7      0.401      0.271      1.241     -0.245      0.120     -0.180
873.6000      -1007.098    -1015.170        8.072   323.6     -0.236      0.095      0.156      0.171      0.508     -0.384
873.8000      -1007.598    -1015.689        8.091   324.3      0.726      0.139      0.907     -0.019     -0.306      0.640
874.0000      -1007.054    -1015.663        8.609   345.1      0.096      0.310      0.037     -0.067     -0.251      0.039
874.2000      -1007.169    -1015.209        8.040   322.3      0.554      0.039      0.879     -0.114     -0.234     -0.025
874.4000      -1007.285    -1015.767        8.481   340.0      1.533      1.106      0.112      0.120      0.398      0.381
874.6000      -1007.536    -1016.135        8.599   344.7      0.132      0.338      0.776      0.422     -0.536     -0.004
874.8000      -1008.008    -1016.045        8.036   322.1     -0.802     -0.174     -0.656      0.104     -0.118      0.005
875.0000      -1008.064    -1015.880        7.816   313.3     -0.641      0.118      0.276      0.636      0.813     -0.081
875.2000      -1007.723    -1015.123        7.400   296.6      0.374      0.144      0.125      0.253     -0.228     -0.209
875.4000      -1007.436    -1015.209        7.773   311.6     -0.285      0.313      0.801     -0.469      0.568     -0.024
875.6000      -1007.290    -1014.815        7.525   301.6      1.090     -0.904      0.067     -0.502      0.424     -0.093
875.8000      -1007.141    -1015.411        8.271   331.5      0.081      0.129      0.304     -0.115     -0.148     -0.101
876.0000      -1008.210    -1016.193        7.983   320.0      0.453      1.010      1.064     -0.416     -0.249     -0.120
876.2000      -1008.737    -1016.688        7.951   318.7      1.140      0.848      1.064      0.175      0.253      0.006
876.4000      -1008.244    -1015.815        7.571   303.5      0.634      0.800      0.410      0.268      0.288     -0.223
876.6000      -1007.649    -1015.810        8.161   327.1      0.462      0.583     -0.072      0.013     -0.085     -0.675
876.8000      -1008.220    -1016.121        7.901   316.7      1.027      0.593      0.061     -0.665     -0.146      0.629
877.0000      -1008.181    -1015.921        7.740   310.3      0.316      1.163      0.687      0.189      0.118     -0.559
877.2000      -1007.308    -1015.414        8.106   324.9      0.565      0.836      1.229     -0.148     -0.031      0.611
877.4000      -1007.048    -1015.406        8.359   335.1      0.152     -0.179     -0.331     -0.415      0.862      0.250
877.6000      -1006.925    -1015.229        8.304   332.8     -0.371      0.737      0.519     -0.171     -0.525     -0.533
877.8000      -1006.099    -1014.762        8.663   347.2      0.742     -0.276      0.208      0.477     -0.267      0.697
878.0000      -1006.973    -1015.246        8.273   331.6      0.433      0.354     -0.205      0.207     -0.009      0.229
878.2000      -1007.930    -1015.369        7.438   298.2      0.460      0.045      0.087     -0.448      0.095      0.508
878.4000      -1007.744    -1015.848        8.104   324.9     -0.675      0.135      0.210     -0.007      0.259     -0.406
878.6000      -1006.855    -1015.325        8.469   339.5      0.554      0.755      0.731      0.456      0.040      0.479
878.8000      -1007.156    -1015.336        8.180   327.9      0.390     -0.149      0.377      0.189     -0.348     -0.645
879.0000      -1007.270    -1015.389        8.119   325.4      0.207      0.701     -0.325     -0.165      0.507     -0.040
879.2000      -1006.957    -1014.772        7.815   313.2      0.945      1.149      0.376     -0.280     -0.467      0.347
879.4000      -1007.377    -1015.509        8.132   326.0      0.572      0.712      0.445      0.171     -0.458      0.098
879.6000      -1008.830    -1016.830        8.000   320.7      0.104      0.200      0.068     -0.161      0.565     -0.143
879.8000      -1008.397    -1015.533        7.135   286.0      0.140      0.489      0.400      0.455     -0.367      0.539
880.0000      -1008.731    -1016.065        7.334   294.0      1.083      0.564      0.760     -0.576      0.523     -0.027
880.2000      -1008.080    -1015.804        7.724   309.6     -0.051     -0.189      0.534     -0.210      0.263      0.334
880.4000      -1007.977    -1015.487        7.510   301.0      1.106      0.073     -0.245     -0.119      0.075     -0.561
880.6000      -1007.368    -1016.016        8.648   346.7     -0.422      0.964      0.202     -0.382      0.545     -0.067
880.8000      -1007.609    -1015.438        7.830   313.9      0.640      0.226      0.033      0.532      0.736      0.305
881.0000      -1007.682    -1015.954        8.272   331.6     -0.347      0.623     -0.061     -0.195     -0.256      0.315
881.2000      -1007.356    -1015.362        8.005   320.9     -0.644      1.246     -0.076     -0.237      0.182      0.318
881.4000      -1008.422    -1015.872        7.450   298.6      0.298      0.224      0.318      0.014      0.582      0.093
881.6000      -1008.004    -1015.776        7.771   311.5      0.964      0.901      0.148     -0.356     -0.025     -0.285
881.8000      -1007.607    -1015.760        8.153   326.8     -0.464      0.614      0.938     -0.470      0.432     -0.255
882.0000      -1007.692    -1015.593        7.901   316.7      0.467     -0.264      0.032     -0.050      0.043      0.215
882.2000      -1007.772    -1015.460        7.688   308.2      1.309      0.704      0.047      0.066      0.394      0.512
882.4000      -1007.338    -1014.904        7.565   303.3     -1.403     -0.326      0.350     -0.278      0.510     -0.461
882.6000      -1006.964    -1014.882        7.917   317.4      1.432      1.062      0.926     -0.230      0.028     -0.092
882.8000      -1006.500    -1015.419        8.919   357.5      0.756      0.433      0.040     -0.114     -0.212     -0.105
883.0000      -1007.349    -1015.633        8.284   332.1      0.281      0.317      0.857      0.111     -0.733      0.627
883.2000      -1008.408    -1016.441        8.033   322.0      0.182      0.165     -0.603     -0.266     -0.264      0.253
883.4000      -1007.089    -1015.083        7.994   320.4      0.226      0.874      1.176     -0.171     -0.712      0.292
883.6000      -1006.662    -1014.771        8.109   325.0      1.587      0.639      1.212     -0.488     -0.340     -0.234
883.8000      -1006.877    -1014.915        8.038   322.2      0.317      0.682      0.797      0.134     -0.516      0.592
884.0000      -1007.401    -1014.534        7.134   286.0      0.817      0.830      1.239      0.007     -0.315     -0.192
884.2000      -1005.720    -1014.687        8.967   359.4      1.243      0.295      1.218     -0.426      0.147     -0.039
884.4000      -1006.077    -1014.956        8.879   355.9      1.219      1.495     -0.003      0.076      0.033     -0.790
884.6000      -1005.926    -1014.135        8.209   329.0      1.201      2.111      1.268      0.020     -0.239      0.171
884.8000      -1006.217    -1014.671        8.454   338.9     -0.146      0.018      0.551     -0.066      0.085     -0.040
885.0000      -1005.943    -1015.247        9.303   372.9     -0.376      0.999      0.585      0.446     -0.418     -0.593
885.2000      -1006.060    -1014.275        8.216   329.3     -0.235     -0.065      0.256      0.023      0.390      0.037
885.4000      -1006.204    -1014.685        8.481   340.0     -0.344     -0.729     -0.557      0.231     -0.600      0.031
885.6000      -1006.464    -1014.511        8.047   322.6      1.491      1.630      0.927      0.282     -0.061      0.337
885.8000      -1006.716    -1014.474        7.759   311.0      1.086      1.110      1.184      0.127      0.079     -0.538
886.0000      -1006.845    -1014.771        7.927   317.7      0.481      0.472     -0.055      0.574      0.360     -0.123
886.2000      -1007.251    -1015.179        7.928   317.8      0.527      0.247     -0.774     -0.204     -0.261      0.067
886.4000      -1007.762    -1016.100        8.338   334.2     -0.483      0.062      1.364     -0.391     -0.421      0.324
886.6000      -1007.459    -1015.075        7.616   305.3      0.822      0.242      1.896     -0.252      0.227      0.373
886.8000      -1006.629    -1014.912        8.284   332.0      0.556     -0.562      0.813      0.557     -0.135      0.194
887.0000      -1006.269    -1014.704        8.435   338.1      1.024      1.368      0.655     -0.260      0.246     -0.077
887.2000      -1005.468    -1014.258        8.790   352.3      0.803      0.697      0.884     -0.455     -0.065      0.310
887.4000      -1005.827    -1013.931        8.104   324.8      0.198      1.026      0.873      0.175      0.570     -0.139
887.6000      -1006.777    -1015.015        8.238   330.2      0.671      0.361      0.386     -0.859     -0.159     -0.215
887.8000      -1007.948    -1015.836        7.888   316.2     -0.045     -0.043     -0.050      0.019      0.243     -0.016
888.0000      -1006.732    -1014.894        8.162   327.2      0.399      0.845      0.776      0.419     -0.244     -0.010
888.2000      -1006.650    -1015.363        8.713   349.3      0.381     -0.586     -0.910     -0.111      0.135      0.042
888.4000      -1007.603    -1015.451        7.849   314.6      0.543     -0.125     -0.159      0.054      0.201      0.115
888.6000      -1007.275    -1015.040        7.764   311.2     -0.423      0.086      0.598     -0.340      0.248      0.115
888.8000      -1005.698    -1014.239        8.541   342.4      0.674      1.247      1.238      0.299      0.150     -0.028
889.0000      -1005.752    -1014.012        8.260   331.1     -0.287      0.406     -0.208      0.359      0.153     -0.607
889.2000      -1006.277    -1014.191        7.914   317.2      0.849      0.115      0.033      0.038      0.999      0.598
889.4000      -1006.321    -1015.146        8.824   353.7      0.670      0.803     -0.335     -0.382     -0.027     -0.211
889.6000      -1007.436    -1015.950        8.515   341.3      0.960      0.841      0.099      0.260      0.429     -0.348
889.8000      -1006.526    -1015.138        8.612   345.2     -0.491      0.460      0.745      0.271     -0.272      0.291
890.0000      -1006.797    -1015.303        8.506   341.0     -0.183      1.416      0.683      0.025      0.252      0.202
890.2000      -1006.927    -1015.005        8.078   323.8      0.531      0.792     -0.367      0.112     -0.266      0.330
890.4000      -1007.083    -1015.585        8.502   340.8      1.128      0.368      0.540      0.290      0.129     -0.084
890.6000      -1008.497    -1015.337        6.839   274.2      0.773      0.564      0.126      0.315     -0.008      0.275
890.8000      -1008.080    -1015.531        7.450   298.6      0.672      0.523     -0.619     -0.070      0.036      0.329
891.0000      -1007.061    -1016.039        8.978   359.9      1.178      0.093      0.071     -0.052     -0.214     -0.111
891.2000      -1007.590    -1015.830        8.240   330.3      0.124      1.286      1.002     -0.771      0.092     -0.214
891.4000      -1007.155    -1015.586        8.431   337.9      0.069      0.073      1.208      0.064     -0.532     -0.170
891.6000      -1007.530    -1015.496        7.965   319.3      0.214      0.562      1.236     -0.005     -0.008      0.219
891.8000      -1007.437    -1015.775        8.339   334.2      0.757      0.156      0.445      0.435      0.612     -0.165
892.0000      -1006.790    -1015.120        8.331   333.9     -0.327      0.037      0.045      0.018      0.106      0.107
892.2000      -1006.964    -1014.925        7.961   319.1      0.088      0.758      0.435      0.184      0.354      0.290
892.4000      -1007.284    -1014.965        7.681   307.9      0.095      0.818      0.236     -0.422     -0.279     -0.214
892.6000      -1007.125    -1015.389        8.264   331.3     -0.069      0.214      0.464      0.038      0.311     -0.275
892.8000      -1006.887    -1015.188        8.300   332.7      1.020      0.799     -0.025      0.397      0.583      0.581
893.0000      -1005.867    -1015.191        9.324   373.8      0.216      0.161      0.469     -0.623      0.395     -0.176
893.2000      -1006.784    -1015.358        8.574   343.7      0.956      0.391      1.079      0.187     -0.037      0.005
893.4000      -1006.269    -1013.945        7.676   307.7     -0.560      0.439      0.213      0.155     -0.710      0.369
893.6000      -1005.559    -1014.379        8.819   353.5      0.782      1.032      0.621     -0.146      0.061      0.374
893.8000      -1005.338    -1014.178        8.840   354.3      0.503      1.434      0.269      0.253      0.493      0.528
894.0000      -1005.510    -1014.108        8.598   344.6      0.782      0.559      0.889      0.439      0.388      0.123
894.2000      -1006.668    -1014.281        7.612   305.1      0.607      0.438      1.562     -0.085      0.471      0.168
894.4000      -1006.035    -1015.097        9.063   363.3      0.456      0.556      1.053      0.093      0.067      0.301
894.6000      -1006.782    -1014.329        7.547   302.5      0.619      0.034      0.194     -0.164      0.051      1.020
894.8000      -1007.079    -1015.369        8.290   332.3      1.173     -0.254      0.989     -0.014      0.164      0.074
895.0000      -1006.976    -1015.304        8.329   333.9      0.843      0.344      1.063     -0.014      0.301      0.144
895.2000      -1006.361    -1013.872        7.511   301.1      1.174      0.702      0.306      0.142     -0.276      0.206
895.4000      -1006.422    -1015.334        8.911   357.2      0.996      1.403      0.831      0.032      0.369      0.206
895.6000      -1006.415    -1015.021        8.605   344.9      0.757      0.165     -0.181     -0.257      0.458      0.437
895.8000      -1006.540    -1014.930        8.390   336.3      0.169      0.345     -0.154      0.135     -0.023      0.541
896.0000      -1006.581    -1015.249        8.668   347.5      0.270      1.151      1.513      0.341     -0.472      0.269
896.2000      -1007.080    -1015.019        7.940   318.3      0.647      0.748      1.286     -0.124      0.606      0.217
896.4000      -1006.830    -1015.586        8.756   351.0      0.129     -0.393      0.461      0.276     -0.248     -0.458
896.6000      -1006.782    -1014.448        7.666   307.3      0.384      0.801      0.732      0.180     -0.109      0.054
896.8000      -1005.544    -1013.430        7.886   316.1      0.860     -0.463     -0.392     -0.024     -0.217      0.593
897.0000      -1006.907    -1015.768        8.861   355.2      0.472      0.727      0.473     -0.595      0.235     -0.064
897.2000      -1007.699    -1016.044        8.345   334.5      0.833      0.438      0.686     -0.026      0.301     -0.765
897.4000      -1006.716    -1014.744        8.028   321.8      0.351     -0.257      0.160     -0.313      1.041     -0.013
897.6000      -1007.146    -1015.158        8.012   321.1      0.516      0.982      0.638     -0.230      0.141     -0.396
897.8000      -1006.210    -1014.313        8.103   324.8     -0.491      0.254     -0.822      0.226      0.056      0.157
898.0000      -1005.980    -1014.397        8.417   337.4      0.651      0.001      0.220     -0.509     -0.245     -0.075
898.2000      -1006.020    -1014.635        8.614   345.3      0.176     -0.271      0.025     -0.163     -0.404     -0.210
898.4000      -1005.350    -1013.826        8.476   339.8     -0.066     -1.581     -0.505      0.573     -0.481      0.269
898.6000      -1005.234    -1014.231        8.998   360.7      0.832      0.641      0.473     -0.165      0.378      0.110
898.8000      -1006.219    -1015.072        8.853   354.9      0.426      0.435      0.050      0.131      0.211     -0.059
899.0000      -1006.853    -1015.290        8.437   338.2      0.351      0.685      0.953     -0.262      0.945      0.043
899.2000      -1006.774    -1014.714        7.940   318.3      0.535      0.588      0.218      0.368     -0.343     -0.695
899.4000      -1006.724    -1014.423        7.699   308.6     -0.262      0.604     -0.114      0.298     -0.170     -0.085
899.6000      -1006.840    -1015.367        8.526   341.8      0.411      0.686      0.871      0.104     -0.124      0.441
899.8000      -1007.056    -1015.852        8.796   352.6      1.083      0.242      0.246      0.243      0.039      0.535
900.0000      -1007.138    -1015.144        8.006   320.9     -0.967      0.039     -0.051      0.191     -0.251     -0.003
900.2000      -1007.670    -1014.973        7.303   292.8      0.139      0.514     -0.370      0.039      0.168     -0.138
900.4000      -1008.237    -1015.798        7.562   303.1     -0.073      0.702      0.460     -0.031     -0.314      0.242
900.6000      -1007.348    -1015.089        7.742   310.3     -0.116      0.130      1.003      0.110     -0.121     -0.150
900.8000      -1006.932    -1015.091        8.159   327.0      1.275     -0.182      0.088     -0.342      0.139      0.285
901.0000      -1007.005    -1015.918        8.913   357.3      0.510      0.265      0.480     -0.497      0.451      0.397
901.2000      -1007.439    -1015.162        7.723   309.6      0.448      0.783      0.412      0.070     -0.679      0.007
901.4000      -1008.163    -1015.790        7.627   305.7     -0.069      1.076      0.273      0.044     -0.559      0.164
901.6000      -1007.719    -1015.120        7.402   296.7      0.733      0.225     -0.980     -0.357      0.482      0.237
901.8000      -1007.272    -1014.925        7.652   306.7     -0.421     -0.486     -0.143     -0.873     -0.200      0.343
902.0000      -1006.673    -1015.097        8.425   337.7      0.887      0.302      0.806     -0.164     -0.165     -0.073
902.2000      -1005.857    -1014.589        8.732   350.0      0.170      1.246      0.280     -0.246     -0.229     -0.253
902.4000      -1006.374    -1015.616        9.241   370.4      0.704      0.954     -0.013     -0.627      0.384      0.073
902.6000      -1006.905    -1015.662        8.756   351.0      1.885      1.178      0.103     -0.095     -0.603     -0.274
902.8000      -1007.089    -1015.534        8.445   338.5      0.886     -0.012      0.338      0.036      0.756      0.567
903.0000      -1006.705    -1015.053        8.348   334.6      0.831      0.785      0.386      0.148      0.085     -0.795
903.2000      -1006.837    -1014.861        8.024   321.6      0.497      0.755     -0.049      0.087     -0.105     -0.883
903.4000      -1006.976    -1015.805        8.829   353.9      0.899     -0.460     -0.131      0.039     -0.253      0.260
903.6000      -1006.498    -1015.257        8.759   351.1      0.084      0.911     -0.129     -0.295     -0.540      0.133
903.8000      -1007.960    -1015.703        7.744   310.4      0.913      2.046      1.253     -0.151      0.219     -0.425
904.0000      -1007.396    -1015.247        7.852   314.7      0.326      0.439      0.468      0.338     -0.294     -0.263
904.2000      -1007.339    -1015.059        7.720   309.5      0.469      0.345     -0.038     -0.529      0.246     -0.029
904.4000      -1006.640    -1015.466        8.826   353.8      0.607      0.067      0.427     -0.052     -0.147     -0.186
904.6000      -1006.032    -1014.398        8.366   335.3     -0.394     -0.334      0.029     -0.657     -0.062      0.503
904.8000      -1005.379    -1014.502        9.122   365.7     -0.420      0.071      0.518      1.086     -0.450     -0.399
905.0000      -1005.533    -1014.027        8.494   340.5      0.714      0.737      0.230     -0.298     -0.143     -0.059
905.2000      -1005.376    -1014.119        8.743   350.4     -0.391      0.354      0.858      0.091     -0.422      0.725
905.4000      -1004.959    -1014.213        9.253   370.9      0.090      1.135      0.165     -0.247     -0.415     -0.344
905.6000      -1004.807    -1013.276        8.469   339.5     -0.072      0.653      0.821     -0.061     -0.188      0.005
905.8000      -1006.076    -1014.705        8.629   345.9      0.324      0.658      1.003      0.443      0.122      0.275
906.0000      -1005.385    -1014.007        8.621   345.6      1.784      0.476      0.075      0.138      0.080     -0.194
906.2000      -1005.678    -1014.250        8.573   343.6      1.263      1.217      0.635     -0.148     -0.212     -0.041
906.4000      -1006.100    -1014.589        8.489   340.3     -0.310      0.838      0.432      0.598      0.555      0.442
906.6000      -1005.998    -1014.234        8.236   330.1      0.296      0.455      0.196      0.514     -0.393     -0.681
906.8000      -1006.356    -1014.194        7.838   314.2      0.922      0.485      0.390      0.297     -0.003      0.132
907.0000      -1006.805    -1015.169        8.364   335.3     -0.019     -0.149      0.388      0.611     -0.056      0.055
907.2000      -1007.128    -1015.461        8.334   334.1      0.391     -0.820     -0.097      0.263     -0.535     -0.014
907.4000      -1007.676    -1015.101        7.425   297.6      0.518      0.254      0.688     -0.432      0.003     -0.350
907.6000      -1007.717    -1015.321        7.604   304.8      0.377     -0.422      0.649      0.325     -0.121     -0.001
907.8000      -1007.345    -1015.745        8.400   336.7      0.955      0.426      1.407     -0.611      0.069      0.093
908.0000      -1006.941    -1014.578        7.636   306.1      0.282      0.723     -0.201     -0.040     -0.169      0.155
908.2000      -1006.704    -1015.215        8.511   341.2      1.211      0.162      0.434     -0.232      0.095     -0.232
908.4000      -1007.389    -1014.830        7.441   298.3     -1.624     -0.419      0.255     -0.387     -0.428      0.150
908.6000      -1007.502    -1016.006        8.504   340.9      1.493     -0.393      0.927     -0.573      0.494     -0.167
908.8000      -1007.791    -1015.396        7.605   304.9      0.020      0.813      0.620     -0.106     -0.192     -0.632
909.0000      -1007.857    -1016.222        8.365   335.3      1.078     -0.643      1.117      0.362     -0.925      0.036
909.2000      -1008.167    -1015.880        7.713   309.2     -0.685      0.402      0.444     -0.265      0.037      0.201
909.4000      -1007.069    -1014.951        7.882   315.9      0.532      0.057     -0.230      0.008     -0.094      0.161
909.6000      -1007.980    -1016.376        8.396   336.6     -0.120     -0.626      0.722     -0.376     -0.220     -0.174
909.8000      -1007.318    -1015.651        8.333   334.0      0.215      0.313      0.872     -0.041     -0.010     -0.552
910.0000      -1007.660    -1015.178        7.518   301.4      1.024     -0.697      0.793     -0.102     -0.172     -0.315
910.2000      -1007.905    -1015.320        7.415   297.2      0.569      0.490      0.863     -0.547      0.245      0.089
910.4000      -1007.625    -1015.588        7.963   319.2     -0.261      0.690     -0.237     -0.177     -0.270     -0.124
910.6000      -1007.214    -1015.183        7.969   319.5     -0.477      0.792      0.552      0.020     -0.065     -0.361
910.8000      -1007.104    -1015.412        8.308   333.0      0.288      0.629     -0.445      0.103     -0.421     -0.045
911.0000      -1006.840    -1015.231        8.392   336.4      1.144     -0.052     -0.183      0.131      0.382     -0.013
911.2000      -1006.462    -1014.036        7.574   303.6      0.566     -0.642      0.633     -0.212      0.169      0.263
911.4000      -1007.444    -1015.081        7.637   306.1      0.746      0.608      0.157     -0.422     -0.142     -0.254
911.6000      -1005.978    -1014.515        8.537   342.2      0.428      0.169      0.143      0.098      0.104     -0.158
911.8000      -1006.475    -1015.003        8.528   341.9      0.610      1.025     -0.311      0.226     -0.538     -0.026
912.0000      -1005.828    -1014.273        8.445   338.5     -0.549     -0.317     -0.329     -0.696      0.355     -0.385
912.2000      -1006.482    -1014.407        7.925   317.7      0.620      1.736      0.794     -0.078     -0.828     -0.049
912.4000      -1005.818    -1014.715        8.897   356.6      0.188     -0.002     -0.216     -0.811     -0.094      0.332
912.6000      -1006.323    -1014.972        8.649   346.7     -0.186     -0.013      0.160     -0.202     -0.195      0.026
912.8000      -1006.728    -1015.174        8.446   338.6      0.915      0.829      0.082      0.072     -0.229      0.330
913.0000      -1007.587    -1015.432        7.845   314.5      0.810      0.267      0.449     -0.071      0.060      0.107
913.2000      -1007.087    -1015.385        8.298   332.6     -0.158      0.612      0.931     -0.265      0.544     -0.304
913.4000      -1006.971    -1015.587        8.616   345.4      0.228     -0.472      0.157     -0.065     -0.332     -0.209
913.6000      -1007.298    -1015.478        8.180   327.9      1.093     -0.076      1.059     -0.239     -0.218     -0.229
913.8000      -1007.061    -1014.814        7.752   310.8      0.984      0.853      0.617      0.307      0.089      0.035
914.0000      -1007.393    -1015.593        8.200   328.7      0.557     -0.148      0.839      0.029     -0.126     -0.100
914.2000      -1007.402    -1014.743        7.341   294.3     -0.355      0.410      0.853     -0.220      0.070      0.170
914.4000      -1007.702    -1015.124        7.423   297.5      1.062      0.879      1.350      0.088      0.494      0.313
914.6000      -1007.357    -1015.435        8.078   323.8     -0.093      0.005      0.535      0.143      0.144     -0.004
914.8000      -1006.345    -1014.643        8.298   332.6      0.378      0.932      0.302      0.531      0.005      0.868
915.0000      -1006.564    -1014.967        8.403   336.8      0.506     -0.146      0.097     -0.477      0.227     -0.236
915.2000      -1006.137    -1013.837        7.700   308.7      0.308      0.884     -0.144     -0.253      0.444     -0.330
915.4000      -1006.251    -1015.078        8.827   353.8      0.884     -0.537      0.476      0.020      0.224     -0.010
915.6000      -1005.985    -1013.952        7.967   319.4      0.862      1.224      0.871     -0.026      0.242     -0.560
915.8000      -1006.452    -1015.630        9.178   367.9      0.834      0.516      0.796     -0.422     -0.181     -0.142
916.0000      -1006.554    -1014.962        8.409   337.1      0.039      0.528     -0.365     -0.083     -0.094      0.123
916.2000      -1006.446    -1014.408        7.962   319.2      1.251      1.586     -0.065     -0.380     -0.394     -0.459
916.4000      -1006.551    -1015.084        8.533   342.0      0.961      0.632      0.082      0.486     -0.241      0.023
916.6000      -1007.106    -1015.930        8.824   353.7      0.674      0.203      1.237     -0.342      0.478      0.211
916.8000      -1007.192    -1015.353        8.161   327.1     -1.014     -0.298     -0.217     -0.423      0.279     -0.073
917.0000      -1007.130    -1015.667        8.538   342.2     -0.117      0.035      0.674      0.164      0.627     -0.260
917.2000      -1005.786    -1014.251        8.465   339.3      0.762      0.418      0.302      0.739      0.300     -0.041
917.4000      -1006.370    -1014.764        8.394   336.5      0.633      0.064     -0.357      0.009     -0.039      0.403
917.6000      -1006.314    -1015.256        8.942   358.4      0.476     -0.151      0.099     -0.082      0.362     -0.238
917.8000      -1005.964    -1015.303        9.339   374.4      0.875      0.134      1.101     -0.547      0.116      0.105
918.0000      -1007.677    -1015.593        7.916   317.3      0.751      0.675      1.152     -0.001     -0.105      0.176
918.2000      -1007.737    -1015.507        7.770   311.4      0.850      0.222      0.580      0.736     -0.097      0.317
918.4000      -1007.247    -1016.046        8.799   352.7      0.930      0.168      0.771     -0.202     -0.576     -0.160
918.6000      -1007.546    -1015.607        8.061   323.1      0.881      0.756      0.712      0.193     -0.449      0.268
918.8000      -1006.437    -1015.120        8.683   348.0      0.862      0.525      0.812      0.006      0.155     -0.015
919.0000      -1006.429    -1014.862        8.433   338.0      0.619      0.658      1.277      0.153     -0.130     -0.438
919.2000      -1006.296    -1014.610        8.314   333.3      0.451      0.554      0.628      0.002      0.091     -0.155
919.4000      -1006.178    -1014.566        8.388   336.2     -0.220     -0.411     -0.046     -0.409      0.314     -0.345
919.6000      -1005.277    -1014.147        8.870   355.6      0.980      0.102      1.061     -0.136      0.858      0.540
919.8000      -1006.621    -1013.914        7.293   292.3      0.147      0.299     -0.049      0.210      0.052      0.835
920.0000      -1006.685    -1015.180        8.495   340.5      0.830      0.589      0.943      0.107     -0.034      0.038
920.2000      -1007.147    -1015.579        8.432   338.0      0.809      0.701      0.446      0.005      0.193     -0.218
920.4000      -1007.009    -1015.613        8.604   344.9      1.134      0.732      0.571      0.066      0.063      0.568
920.6000      -1006.431    -1014.895        8.464   339.3      0.701     -0.006      0.108      0.476      0.410     -0.227
920.8000      -1006.151    -1014.717        8.567   343.4     -0.355      0.788      0.027      0.392     -0.005     -0.010
921.0000      -1006.736    -1015.386        8.650   346.7      0.900      0.952      0.657      0.618      0.316     -0.076
921.2000      -1006.684    -1015.694        9.010   361.2      0.607     -0.014      0.699      0.039      0.052     -0.038
921.4000      -1007.285    -1015.445        8.161   327.1      0.731      0.378      0.377     -0.256      0.548      0.124
921.6000      -1007.207    -1015.279        8.072   323.6      0.501     -0.029     -0.082     -0.264     -0.365     -0.115
921.8000      -1006.942    -1015.662        8.720   349.5      0.827      0.694      0.200      0.058     -0.228      0.358
922.0000      -1006.482    -1014.827        8.344   334.5      0.281      0.799     -0.138      0.783      0.308      0.058
922.2000      -1007.888    -1016.089        8.201   328.8      1.342      1.415      0.762      0.172     -0.053     -0.005
922.4000      -1008.960    -1016.410        7.450   298.6     -0.208      0.116      0.592      0.342     -0.322     -0.025
922.6000      -1008.316    -1016.348        8.032   322.0     -0.116     -0.838     -0.045     -0.560      0.268      0.053
922.8000      -1008.496    -1016.843        8.347   334.6      0.082     -0.747     -0.352     -0.539     -0.064     -0.347
923.0000      -1008.690    -1016.277        7.587   304.1      0.258      0.864     -0.235     -0.525     -0.180     -0.494
923.2000      -1008.946    -1016.772        7.826   313.7     -0.285      0.048     -0.398     -0.131     -0.077     -0.155
923.4000      -1009.061    -1016.574        7.513   301.2      0.857      0.548      1.366     -0.200     -0.137      0.548
923.6000      -1009.366    -1016.737        7.371   295.5      0.882      0.674      0.166     -0.132     -0.050     -0.137
923.8000      -1007.913    -1015.415        7.502   300.7     -0.524     -0.227      0.280     -0.131      0.106      0.407
924.0000      -1008.326    -1015.773        7.446   298.5      0.628      1.565      0.625     -0.522      0.333      0.458
924.2000      -1007.953    -1016.404        8.451   338.8      0.137      0.660     -0.035     -0.059     -0.100     -0.308
924.4000      -1008.095    -1016.068        7.973   319.6      0.190      0.246      0.334     -0.363     -0.190      0.510
924.6000      -1007.172    -1015.614        8.442   338.4     -0.012      0.738      0.486     -0.165      0.137      0.555
924.8000      -1007.100    -1016.996        9.896   396.7     -0.298     -0.503      0.151     -0.089     -0.286     -0.375
925.0000      -1007.357    -1016.384        9.027   361.9      1.160      0.146      1.325     -0.122      0.186     -0.293
925.2000      -1007.066    -1015.340        8.274   331.7     -0.047      0.056     -0.065      0.188      0.069      0.050
925.4000      -1008.749    -1017.023        8.275   331.7      0.398      1.053      0.377     -0.264      0.006      0.872
925.6000      -1008.383    -1016.164        7.780   311.9      0.228      0.348     -0.666      0.138      0.382      0.471
925.8000      -1007.783    -1015.692        7.909   317.0      1.075      0.887     -0.064      0.006     -0.140     -0.639
926.0000      -1007.785    -1015.253        7.467   299.3      0.211     -0.841      0.664     -0.131     -0.008      0.001
926.2000      -1008.668    -1016.422        7.753   310.8      0.639      1.966      0.478      0.195      0.003     -0.226
926.4000      -1008.251    -1015.540        7.290   292.2      0.596      0.883      0.701     -0.177      0.174      0.513
926.6000      -1008.461    -1016.164        7.703   308.8      0.566      1.599      1.101      0.452      0.206     -0.437
926.8000      -1007.971    -1015.554        7.583   303.9      1.089      0.116      0.977     -0.686     -0.620      0.066
927.0000      -1007.223    -1015.701        8.478   339.8     -0.384      0.911     -0.249     -0.075     -0.136     -0.244
927.2000      -1007.726    -1015.800        8.073   323.6      1.086      0.552      0.527     -0.098     -0.303      0.219
927.4000      -1007.778    -1016.467        8.689   348.3      0.265      1.134      0.511      0.222     -0.241      0.291
927.6000      -1007.914    -1016.028        8.115   325.3      0.535     -0.218      1.291      0.242     -0.015      0.394
927.8000      -1008.036    -1015.943        7.907   317.0     -0.285      0.081      0.191     -0.258      0.587     -0.075
928.0000      -1008.461    -1016.081        7.619   305.4     -0.206      0.417      0.175     -0.591      0.055      0.065
928.2000      -1008.790    -1017.174        8.384   336.1     -0.236     -0.301      0.110     -0.006      0.175     -0.038
928.4000      -1008.451    -1016.201        7.751   310.7      0.927      0.673     -0.257     -0.295     -0.180      0.209
928.6000      -1008.206    -1015.487        7.280   291.8      0.533      1.273     -0.020     -0.345      0.146     -0.206
928.8000      -1007.945    -1016.418        8.473   339.6     -0.252      0.345      0.020     -0.388     -0.083      0.680
929.0000      -1008.071    -1015.877        7.806   312.9      0.735      0.056      0.578     -0.632     -0.205      0.089
929.2000      -1006.780    -1014.486        7.706   308.9      0.767      1.332     -0.105      0.283      0.353     -0.245
929.4000      -1007.005    -1014.941        7.936   318.1      1.448      1.068     -0.118      0.284      0.036     -0.402
929.6000      -1007.677    -1015.225        7.549   302.6      0.417      0.409      0.568      0.224      0.507     -0.362
929.8000      -1007.884    -1015.706        7.822   313.5      1.165      0.942      1.496      0.192      0.413     -0.296
930.0000      -1006.848    -1014.645        7.797   312.5      0.090      0.164      0.118     -0.038     -0.329      0.059
930.2000      -1007.145    -1014.782        7.637   306.1      0.269     -0.194      0.133     -0.567      0.172      0.500
930.4000      -1006.241    -1014.357        8.116   325.3      1.984      0.744      0.451     -0.031      0.348     -0.351
930.6000      -1006.741    -1014.569        7.829   313.8      1.590      0.788      0.160     -0.247      0.021     -0.023
930.8000      -1005.832    -1015.030        9.197   368.7      0.705      0.535      0.405     -0.415     -0.113     -0.364
931.0000      -1006.181    -1014.513        8.331   334.0     -0.028      1.516      0.519      0.559     -0.122      0.438
931.2000      -1006.284    -1015.128        8.844   354.5     -0.334      0.058      0.580     -0.374      0.553     -0.274
931.4000      -1006.680    -1015.331        8.651   346.8      0.241      0.759      0.059     -0.222      0.153      0.432
931.6000      -1007.674    -1015.953        8.280   331.9      1.383      0.905      0.546     -0.028     -0.372     -0.150
931.8000      -1007.600    -1015.806        8.206   328.9     -0.398      0.801      0.649      0.085     -0.015     -0.558
932.0000      -1007.168    -1015.325        8.157   327.0     -0.304      0.404      0.910      0.007     -0.135     -0.533
932.2000      -1007.376    -1015.825        8.449   338.7      0.390      0.429      0.691     -0.646      0.441     -0.326
932.4000      -1008.210    -1016.431        8.221   329.5      0.155      0.341      0.729      0.323     -0.229     -0.431
932.6000      -1008.943    -1016.476        7.534   302.0      0.127      1.100      0.285     -0.119      0.317     -0.461
932.8000      -1007.214    -1014.711        7.497   300.5      0.083      0.823      0.798     -0.169     -0.164     -0.093
933.0000      -1007.544    -1015.715        8.171   327.5     -0.351      0.216      0.151     -0.203     -0.230      0.555
933.2000      -1007.614    -1015.260        7.646   306.5      0.116      0.480      1.299     -0.171      0.208      0.125
933.4000      -1006.562    -1015.173        8.611   345.2     -0.368      0.363      0.640      0.089      0.350     -0.002
933.6000      -1006.150    -1015.527        9.377   375.9      1.241      0.949      0.529     -0.053     -0.257      0.185
933.8000      -1006.122    -1014.405        8.283   332.0      0.253      0.286      0.568     -0.330     -0.066      0.027
934.0000      -1005.839    -1015.037        9.198   368.7     -0.468     -0.012      1.764      0.092     -0.087      0.225
934.2000      -1006.464    -1015.871        9.407   377.1      0.677      0.808      0.214      0.275     -0.223     -0.246
934.4000      -1006.922    -1014.927        8.005   320.9      0.361     -0.083      0.356     -0.116     -0.202     -0.550
934.6000      -1007.439    -1015.224        7.785   312.1      0.055     -1.399      0.024     -0.125     -0.380     -0.812
934.8000      -1007.764    -1016.436        8.672   347.6      1.819      0.764      1.000     -0.056      0.311     -0.332
935.0000      -1008.488    -1017.244        8.757   351.0      0.071      0.828      0.612     -0.059     -0.080     -0.617
935.2000      -1007.960    -1015.764        7.803   312.8      0.495      0.224      0.403      0.192      0.141     -0.397
935.4000      -1007.906    -1015.969        8.063   323.2      0.411      0.945     -0.144     -0.499      0.180      0.050
935.6000      -1007.291    -1015.691        8.401   336.7      0.287      0.119      0.340      0.381     -0.576      0.065
935.8000      -1007.680    -1016.298        8.618   345.5     -0.135      0.474      0.673     -0.266      0.337      0.235
936.0000      -1006.472    -1014.669        8.197   328.6      0.878     -0.157     -0.511     -0.166     -0.207     -0.223
936.2000      -1006.915    -1015.400        8.485   340.1      0.252      0.365      0.678     -0.173     -0.240      0.435
936.4000      -1007.568    -1015.570        8.002   320.7      0.806      0.961      0.523     -0.162     -0.256     -0.561
936.6000      -1007.152    -1015.413        8.262   331.2     -0.548      0.424      0.527      0.444     -0.452      0.198
936.8000      -1007.822    -1015.921        8.099   324.7     -0.090     -0.320      0.438     -0.009      0.089      0.002
937.0000      -1008.745    -1016.070        7.324   293.6     -0.069      0.863      0.700     -0.392      0.554      0.162
937.2000      -1008.871    -1016.112        7.241   290.3      0.147      0.815      0.141     -0.199     -0.008      0.269
937.4000      -1008.168    -1016.055        7.888   316.2      0.470      0.849      1.002      0.054      0.175      0.321
937.6000      -1007.798    -1015.861        8.063   323.2     -0.556     -0.206      0.079     -0.247      0.156      0.283
937.8000      -1007.300    -1015.934        8.634   346.1      0.211      0.910      0.454     -0.109     -0.107      0.072
938.0000      -1006.602    -1014.789        8.187   328.2     -0.406     -0.583     -0.262      0.220      0.035      0.364
938.2000      -1006.121    -1014.889        8.767   351.4     -0.348      0.807      1.268     -0.342      0.763     -0.545
938.4000      -1006.359    -1014.750        8.391   336.3      0.203      0.417      0.123     -0.022      0.345      0.417
938.6000      -1006.414    -1015.483        9.069   363.5     -0.156      0.620      0.606      0.394     -0.026      0.013
938.8000      -1006.813    -1014.693        7.880   315.9      0.495      0.206      0.907     -0.336      0.747     -0.140
939.0000      -1006.626    -1015.170        8.544   342.5     -0.437      0.151     -0.248     -0.201      0.321      0.255
939.2000      -1006.453    -1015.550        9.097   364.6      0.593      0.091      0.408      0.079     -0.021      0.217
939.4000      -1007.069    -1015.643        8.574   343.7     -0.261      0.655      1.491      0.131      0.197      0.330
939.6000      -1006.892    -1015.135        8.243   330.4      0.776      1.578     -0.285     -0.734     -0.150      0.378
939.8000      -1006.676    -1014.881        8.205   328.9      0.176      1.150      1.311      0.170     -0.194     -0.935
940.0000      -1008.144    -1016.539        8.395   336.5      0.290     -0.004      0.376      0.155     -0.228     -0.322
940.2000      -1008.589    -1016.336        7.747   310.5      0.496      0.337      0.697     -0.195      0.025      0.016
940.4000      -1008.068    -1015.815        7.748   310.6      0.083      0.635     -0.153     -0.224      0.568      0.151
940.6000      -1007.963    -1016.245        8.282   332.0      1.138      1.036      0.505      0.276      0.447     -0.157
940.8000      -1009.602    -1017.432        7.830   313.9      0.708     -0.034     -0.439     -0.145     -0.168      0.365
941.0000      -1008.903    -1016.730        7.827   313.7      0.126      0.491     -0.238     -0.066     -0.111      0.116
941.2000      -1008.264    -1016.039        7.775   311.7      1.039      1.013      0.820      0.080      0.454      0.552
941.4000      -1007.450    -1015.645        8.195   328.5      0.445      1.218      0.651     -0.287      0.062     -0.003
941.6000      -1008.340    -1016.035        7.696   308.5      0.297     -0.142      0.936     -0.032      0.341     -0.496
941.8000      -1008.516    -1016.707        8.191   328.3      0.591     -0.033      0.020      0.146     -0.067      0.507
942.0000      -1009.343    -1016.766        7.422   297.5      0.611      1.109     -0.176     -0.610      0.147     -0.024
942.2000      -1008.944    -1016.499        7.555   302.8      0.474      0.499     -0.380      0.028     -0.006     -0.098
942.4000      -1008.016    -1016.317        8.301   332.7      0.030     -0.216      0.531      0.073      0.053      0.275
942.6000      -1009.827    -1016.857        7.030   281.8      0.419      0.445      0.789     -0.269     -0.231      0.513
942.8000      -1009.208    -1016.983        7.774   311.6      1.636      1.415      1.108     -0.528      0.558     -0.119
943.0000      -1008.821    -1016.724        7.902   316.8      1.242      0.568     -0.296     -0.213     -0.022     -0.146
943.2000      -1007.781    -1016.483        8.701   348.8      0.590     -0.015      0.042     -0.532     -0.487      0.100
943.4000      -1007.809    -1016.029        8.219   329.5      0.301     -0.625     -0.037     -0.168      0.148     -0.429
943.6000      -1007.488    -1015.828        8.340   334.3      0.604     -0.314     -0.200     -0.296      0.379      0.219
943.8000      -1006.642    -1015.798        9.156   367.0     -0.093     -0.227      0.558     -0.087      0.057      0.131
944.0000      -1006.902    -1015.635        8.733   350.1      0.733     -0.528      0.167     -0.454      0.333      0.488
944.2000      -1007.646    -1015.715        8.069   323.4     -0.144     -0.556      1.295      0.263      0.581     -0.082
944.4000      -1008.640    -1016.387        7.747   310.5      0.136      0.558      0.520     -0.115     -0.060      0.295
944.6000      -1008.705    -1016.842        8.137   326.2     -0.200      0.033     -0.459     -0.294      0.280      0.340
944.8000      -1008.300    -1016.282        7.982   319.9     -0.331     -0.062     -0.043      0.389      0.258      0.220
945.0000      -1007.568    -1015.275        7.707   308.9      0.670      1.064      0.024      0.294     -0.060      0.139
945.2000      -1007.094    -1015.152        8.058   323.0      0.623      0.681     -0.036      0.050     -0.526     -0.171
945.4000      -1007.798    -1014.996        7.198   288.5      0.519      0.277      0.067     -0.115      0.136      0.070
945.6000      -1006.609    -1015.276        8.668   347.4      0.956      0.249      0.474     -0.199     -0.050      0.101
945.8000      -1006.523    -1014.871        8.348   334.6      0.635      0.326      0.665     -0.534     -0.125     -0.029
946.0000      -1006.694    -1016.326        9.631   386.1      1.553      0.494     -0.415      0.004      0.305     -0.045
946.2000      -1006.542    -1014.809        8.266   331.4      0.032      0.537     -0.607      0.589      0.198     -0.083
946.4000      -1006.734    -1014.965        8.231   329.9      0.603      0.802      0.378      0.124      0.107     -0.402
946.6000      -1007.474    -1015.446        7.972   319.6      0.472     -0.761      0.335     -0.515      0.176      0.239
946.8000      -1008.026    -1015.763        7.736   310.1     -1.077      0.617      0.391     -0.249      0.312     -0.096
947.0000      -1008.368    -1016.120        7.751   310.7      0.086     -0.050      0.805      0.320     -0.033      0.655
947.2000      -1008.321    -1015.864        7.542   302.3      0.546      1.099      0.320     -0.078     -0.343      0.354
947.4000      -1008.125    -1015.494        7.369   295.4      1.086     -0.083      0.418     -0.184     -0.330     -0.014
947.6000      -1008.210    -1014.943        6.734   269.9     -0.681      0.199      0.405      0.327      0.234     -0.608
947.8000      -1008.564    -1016.043        7.479   299.8     -0.220      0.181     -0.161     -0.175     -0.271     -0.103
948.0000      -1008.597    -1016.411        7.814   313.2      1.567      0.098      0.372      0.369     -0.451      0.236
948.2000      -1007.673    -1015.907        8.234   330.0      0.617      0.604      0.004      0.593     -0.217      0.240
948.4000      -1007.958    -1015.803        7.845   314.4     -0.262     -0.520      0.255      0.277      0.113      0.564
948.6000      -1007.411    -1015.885        8.474   339.7      0.043     -0.254     -0.919     -0.020     -0.386      0.108
948.8000      -1007.132    -1014.967        7.834   314.0      0.260     -0.166      0.727      0.349     -0.192      0.415
949.0000      -1007.148    -1015.024        7.877   315.7      1.497      0.546      0.057     -0.196     -0.343      0.327
949.2000      -1006.485    -1014.952        8.467   339.4     -0.390     -1.121     -0.142     -0.288      0.109     -0.341
949.4000      -1007.670    -1015.756        8.086   324.1      0.725     -0.156     -0.474     -0.086     -0.136     -0.144
949.6000      -1007.441    -1015.959        8.518   341.4      1.494      0.241     -0.505      0.165      0.560      0.105
949.8000      -1008.104    -1015.912        7.808   313.0      1.098      1.174      0.236      0.160      0.666      0.218
950.0000      -1007.823    -1015.610        7.788   312.2      0.768     -0.193      0.803     -0.469      0.172     -0.155
950.2000      -1007.123    -1015.420        8.296   332.5      0.243      0.081      0.374     -0.136      0.032     -0.110
950.4000      -1006.569    -1015.047        8.478   339.8     -0.937     -0.679     -0.691      0.160     -0.678     -0.016
950.6000      -1006.179    -1014.412        8.234   330.0      0.562      1.414      0.833     -0.080     -0.071     -0.309
950.8000      -1007.747    -1015.911        8.165   327.3      0.759      0.403      0.516     -0.093     -0.621     -0.151
951.0000      -1007.198    -1015.050        7.852   314.7      1.040      0.871      0.861     -0.301     -0.361     -0.100
951.2000      -1007.119    -1014.792        7.673   307.6      0.496      0.014      0.459      0.159      0.432     -0.365
951.4000      -1007.384    -1014.898        7.515   301.2      0.489      0.376      1.631     -0.313      0.097      0.464
951.6000      -1007.259    -1015.364        8.105   324.9      1.167      0.835      1.274      0.031      0.027     -0.107
951.8000      -1005.979    -1014.578        8.599   344.7     -0.185      0.477      0.212      0.031     -0.256     -0.098
952.0000      -1004.808    -1013.544        8.737   350.2      0.328      0.174      0.122     -0.147     -0.602     -0.273
952.2000      -1005.895    -1013.965        8.070   323.5     -0.243     -0.023      0.199     -0.012      0.515     -0.130
952.4000      -1006.175    -1014.107        7.932   317.9     -0.082      0.335      0.488     -0.343      0.313      0.190
952.6000      -1006.018    -1014.385        8.367   335.4      0.441      0.550      0.835      0.256     -0.305     -0.033
952.8000      -1005.756    -1014.350        8.595   344.5      1.101      0.670      0.862      0.154      0.132     -0.141
953.0000      -1006.850    -1014.872        8.021   321.5      0.577      0.076      0.584      0.270      0.268      0.176
953.2000      -1005.574    -1014.099        8.525   341.7      0.105      0.552      0.829     -0.244      0.169      0.230
953.4000      -1004.544    -1013.269        8.725   349.7      0.641      0.401      0.092     -0.148     -0.050      0.245
953.6000      -1005.606    -1014.153        8.547   342.6      0.047      0.151      0.298      0.210      0.571      0.118
953.8000      -1005.841    -1015.147        9.306   373.0     -0.326      0.997     -0.593     -0.181     -0.003     -0.053
954.0000      -1005.673    -1014.324        8.652   346.8     -0.265      0.748      0.526     -0.117      0.480      0.363
954.2000      -1006.109    -1014.850        8.741   350.4      0.916      0.710     -0.176     -0.118     -0.486      0.142
954.4000      -1006.198    -1015.032        8.834   354.1      0.119      0.874      0.668     -0.063     -0.149     -0.084
954.6000      -1006.148    -1015.189        9.042   362.4      0.264      0.490     -0.238      0.351      0.107      0.118
954.8000      -1006.125    -1014.047        7.923   317.6      0.663      1.303      1.398     -0.090      0.004     -0.065
955.0000      -1006.816    -1014.724        7.908   317.0      0.941      0.473      0.719     -0.320      0.513      0.351
955.2000      -1006.318    -1014.945        8.627   345.8      0.338      0.707      0.940     -0.143      0.338     -0.325
955.4000      -1005.444    -1014.340        8.896   356.6      0.696      0.737      0.296      0.848      0.063      0.369
955.6000      -1006.595    -1015.648        9.054   362.9      0.856     -0.897     -0.237     -0.041      0.380     -0.403
955.8000      -1007.534    -1015.242        7.708   309.0      0.659     -0.659      0.120      0.303     -0.035      0.450
956.0000      -1007.064    -1014.990        7.926   317.7     -0.198      0.431     -0.377     -0.055     -0.132      0.199
956.2000      -1006.339    -1014.376        8.037   322.2      0.761      1.087      0.469     -0.118     -0.135      0.358
956.4000      -1006.100    -1014.669        8.568   343.5      0.209      0.354      0.344     -0.326     -0.409      0.104
956.6000      -1007.073    -1015.201        8.128   325.8      1.051      0.617     -0.407      0.159     -0.161      0.188
956.8000      -1007.270    -1015.742        8.472   339.6      0.598      1.193     -0.585      0.196      0.517     -0.026
957.0000      -1006.974    -1015.559        8.585   344.1     -0.036      0.181      0.556     -0.248      0.240     -0.307
957.2000      -1006.948    -1016.124        9.176   367.8     -0.897     -1.041     -0.302      0.269      0.181     -0.416
957.4000      -1007.446    -1015.704        8.258   331.0      0.508      0.069     -0.437     -0.009     -0.185     -0.378
957.6000      -1007.786    -1016.380        8.594   344.5      1.199      0.273     -0.166      0.182     -0.068     -0.341
957.8000      -1008.369    -1015.367        6.998   280.5     -0.129      0.808     -1.579     -0.180     -0.210     -0.350
958.0000      -1007.159    -1015.753        8.595   344.5     -0.438     -0.884     -1.228     -0.201     -0.265     -0.116
958.2000      -1007.613    -1016.180        8.568   343.4      0.025      0.753      0.869     -0.123     -0.105     -0.412
958.4000      -1006.650    -1015.403        8.752   350.8      0.969      0.447      0.302      0.339     -0.038      0.282
958.6000      -1007.247    -1015.526        8.280   331.9      0.926      0.248      0.895      0.530      0.039      0.437
958.8000      -1008.405    -1016.146        7.741   310.3     -0.056      0.078      0.311     -0.092     -0.342      0.133
959.0000      -1008.225    -1015.986        7.761   311.1     -0.049      0.865     -0.073      0.147      0.872      0.459
959.2000      -1008.551    -1016.332        7.781   311.9      0.016      0.264      0.160     -0.155      0.139      0.164
959.4000      -1008.293    -1016.296        8.003   320.8      0.342      0.659      0.344     -0.293     -0.120      0.334
959.6000      -1008.048    -1015.765        7.717   309.3      0.033      1.097     -0.174      0.046      0.414      0.570
959.8000      -1008.647    -1016.128        7.481   299.9      0.212      1.186      0.550      0.374     -0.086      0.086
960.0000      -1007.771    -1015.786        8.015   321.3      0.664      0.230      0.824     -0.001      0.373      0.441
960.2000      -1008.020    -1015.688        7.668   307.4      0.566     -0.024      0.354     -0.028      0.072      0.007
960.4000      -1007.315    -1014.912        7.596   304.5      1.107      0.038     -0.147     -0.255      0.066      0.108
960.6000      -1007.943    -1015.115        7.173   287.5      0.644      0.683      0.248     -0.211      0.273      0.533
960.8000      -1007.100    -1015.770        8.669   347.5     -0.089      0.605     -0.239     -0.282      0.430      0.345
961.0000      -1007.519    -1015.234        7.715   309.2      0.030      0.698     -0.615      0.212      0.186     -0.266
961.2000      -1006.211    -1014.979        8.767   351.4      0.901      0.158      1.655      0.222     -0.106     -0.512
961.4000      -1006.114    -1014.263        8.149   326.7      1.078      0.012      0.427     -0.096     -0.542      0.404
961.6000      -1005.709    -1013.641        7.931   317.9      0.261      0.266      0.080     -0.206     -0.486     -0.098
961.8000      -1006.518    -1014.519        8.002   320.7      0.184     -0.191      0.078      0.148      0.372     -0.416
962.0000      -1005.617    -1014.538        8.920   357.6      1.006      0.453      0.801     -0.706      0.495      0.114
962.2000      -1005.004    -1014.377        9.373   375.7      0.177      1.164      0.074     -0.699     -0.095      0.180
962.4000      -1005.339    -1014.500        9.161   367.2      1.426      0.933      1.597     -0.035      0.257      0.498
962.6000      -1006.363    -1015.253        8.890   356.3     -0.350     -0.318     -0.630     -0.105      0.186      0.375
962.8000      -1006.659    -1014.593        7.934   318.0     -0.646     -0.083      0.135      0.576     -0.069     -0.197
963.0000      -1006.217    -1014.838        8.621   345.6      0.853      1.023      0.025     -0.139     -0.481     -0.166
963.2000      -1006.517    -1014.831        8.315   333.3      0.299      1.091      0.810      0.207      0.344     -0.298
963.4000      -1006.419    -1013.938        7.519   301.4     -0.154     -0.048      0.819     -0.891     -0.157     -0.056
963.6000      -1006.511    -1015.030        8.519   341.5      0.022     -0.979      0.556      0.390     -0.089      0.189
963.8000      -1006.671    -1014.769        8.098   324.6      0.319     -0.084     -0.277      0.046      0.234      0.153
964.0000      -1007.036    -1015.543        8.507   341.0     -0.316      0.297      0.514     -0.196     -0.233      0.481
964.2000      -1006.582    -1014.692        8.110   325.1     -0.440     -0.056      0.546      0.109      0.330      0.022
964.4000      -1006.665    -1014.189        7.524   301.6      0.458     -0.558      0.648      0.224      0.310      0.379
964.6000      -1007.207    -1015.323        8.116   325.3      0.151      0.263      0.719     -0.311      0.222      0.280
964.8000      -1007.290    -1015.677        8.387   336.2     -0.279      0.703     -0.588     -0.395     -0.630     -0.337
965.0000      -1007.285    -1015.349        8.064   323.2     -0.711      0.316     -0.261      0.219     -0.036      0.221
965.2000      -1007.490    -1014.982        7.492   300.3      0.038      0.828      1.139     -0.400     -0.044     -0.043
965.4000      -1006.737    -1014.607        7.869   315.4      0.130      0.184      0.259     -0.154      0.502      0.297
965.6000      -1006.851    -1014.590        7.739   310.2     -0.268      0.542      1.205     -0.133      0.415     -0.346
965.8000      -1005.961    -1014.954        8.993   360.5     -0.090     -0.508      0.689     -0.342     -0.164     -0.041
966.0000      -1006.406    -1015.029        8.623   345.7      0.432      1.081     -0.096      0.041      0.293      0.311
966.2000      -1006.531    -1014.951        8.420   337.5      0.340      0.233      0.395     -0.186     -0.107      0.023
966.4000      -1006.353    -1015.174        8.821   353.6      0.777      0.853      0.678      0.387     -0.193      0.377
966.6000      -1006.921    -1015.798        8.877   355.8      0.660      0.676      1.033     -0.212     -0.032     -0.329
966.8000      -1007.300    -1015.270        7.970   319.5      0.676     -0.202      1.214      0.083      0.008      0.189
967.0000      -1006.598    -1014.902        8.304   332.9      1.283      0.487      0.219     -0.602     -0.569      0.104
967.2000      -1007.017    -1014.986        7.969   319.4      0.464      0.363     -0.061     -0.014      0.031      0.527
967.4000      -1007.409    -1015.607        8.198   328.6      0.583      0.219      0.204      0.655      0.239     -0.252
967.6000      -1007.163    -1015.529        8.367   335.4      0.765     -0.636      0.091      0.473      0.331      0.184
967.8000      -1006.846    -1015.556        8.709   349.1     -0.265     -0.718     -0.564     -0.247     -0.005      0.472
968.0000      -1007.177    -1015.326        8.148   326.6      0.922      1.200      0.987     -0.147     -0.551      0.152
968.2000      -1007.171    -1015.647        8.476   339.8      0.189     -0.138     -1.670     -0.021     -0.306     -0.270
968.4000      -1006.698    -1015.023        8.325   333.7      0.177     -0.141     -0.576      0.171     -0.052      0.328
968.6000      -1007.532    -1015.639        8.107   325.0      0.945     -0.394      1.058     -0.611     -0.442     -0.401
968.8000      -1007.237    -1015.354        8.117   325.4      0.022     -0.562      0.354      0.397      0.394     -0.276
969.0000      -1007.619    -1016.503        8.884   356.1     -0.368     -0.952     -0.073      0.294     -0.092      0.046
969.2000      -1007.853    -1016.237        8.384   336.1     -0.676      0.411      1.010      0.157      0.388     -0.164
969.4000      -1007.778    -1016.989        9.212   369.2      0.516     -0.114      0.226     -0.338      0.601      0.768
969.6000      -1008.000    -1016.036        8.036   322.1      0.276      0.946      1.044      0.192     -0.002     -0.433
969.8000      -1007.505    -1016.317        8.812   353.2      0.217      0.730     -0.177     -0.116     -0.366     -0.304
970.0000      -1007.192    -1014.985        7.792   312.4      0.855     -0.515      2.054     -0.465     -0.423      0.443
970.2000      -1007.547    -1015.834        8.287   332.2      0.311      1.098      0.790      0.497     -0.175     -0.051
970.4000      -1008.035    -1015.793        7.758   311.0     -0.136      0.453      1.405      0.790     -0.466     -0.153
970.6000      -1008.560    -1016.780        8.220   329.5      0.087     -0.060     -0.288     -0.006      0.193     -0.047
970.8000      -1006.758    -1015.342        8.584   344.1      0.473     -0.037     -0.197     -0.679     -0.160      0.197
971.0000      -1006.842    -1015.297        8.455   338.9     -0.746     -1.483      0.684      0.121      0.537     -0.224
971.2000      -1007.448    -1015.407        7.959   319.0      0.478     -0.559      0.077     -0.148      0.016     -0.264
971.4000      -1007.223    -1016.249        9.026   361.8      0.804      1.255      0.902     -0.598     -0.037     -0.029
971.6000      -1007.230    -1016.202        8.972   359.6      0.154      0.868     -0.692     -0.039      0.048     -0.082
971.8000      -1007.285    -1016.209        8.924   357.7      0.081      0.316      0.788     -0.191     -0.010      0.326
972.0000      -1007.463    -1015.629        8.166   327.3      1.138      1.853      0.118      0.304      0.220      0.474
972.2000      -1007.871    -1015.860        7.989   320.2      0.243     -0.695      0.113     -0.237     -0.167      0.151
972.4000      -1008.009    -1016.210        8.200   328.7      0.555      0.774      0.781     -0.077      0.334     -0.105
972.6000      -1007.627    -1015.882        8.256   330.9      0.515      1.060      0.064     -0.020     -0.132     -0.535
972.8000      -1008.649    -1016.210        7.561   303.1      0.611      0.764     -0.090     -0.693     -0.507     -0.170
973.0000      -1007.949    -1016.454        8.505   340.9      0.512      0.966      0.021      0.410      0.216      0.101
973.2000      -1007.743    -1016.105        8.363   335.2      0.609      0.164      0.192      0.331      0.586     -0.213
973.4000      -1008.654    -1016.435        7.781   311.9     -0.197      0.804      0.641     -0.085      0.005     -0.456
973.6000      -1008.183    -1016.457        8.274   331.7     -0.289     -0.168      0.093      0.177     -0.070      0.478
973.8000      -1008.411    -1016.536        8.125   325.7      0.667      0.283      0.604      0.304      0.441      0.047
974.0000      -1009.524    -1017.562        8.037   322.2     -0.073      0.053     -0.432      0.096      0.110      0.090
974.2000      -1008.899    -1017.393        8.494   340.5     -0.352      0.666      0.320     -0.696      0.788      0.551
974.4000      -1008.183    -1015.800        7.617   305.3      0.373      0.425     -0.495      0.017      0.294      0.189
974.6000      -1008.423    -1016.274        7.850   314.7      1.173      0.465      0.466      0.159     -0.027     -0.443
974.8000      -1008.195    -1016.478        8.282   332.0      0.193      1.077      0.190      0.083     -0.372      0.141
975.0000      -1008.144    -1016.471        8.326   333.8      0.904      0.487      0.159     -0.052     -0.006     -0.019
975.2000      -1007.969    -1015.795        7.826   313.7      0.723      0.730      0.455      0.336     -0.292     -0.310
975.4000      -1007.764    -1016.433        8.669   347.5      0.067     -0.544      1.021      0.126      0.160     -0.857
975.6000      -1007.483    -1015.500        8.017   321.4     -0.552      0.097      0.541      0.290     -0.192      0.168
975.8000      -1007.153    -1015.596        8.443   338.4      0.174      0.242     -0.389     -0.343      0.064      0.191
976.0000      -1007.286    -1015.651        8.365   335.3      0.931      1.580      0.486      0.435      0.281      0.114
976.2000      -1007.572    -1016.254        8.683   348.0      0.947      1.320      0.178      0.552     -0.111      0.363
976.4000      -1007.286    -1016.160        8.874   355.7      0.074      0.432      0.835      0.711     -0.003      0.106
976.6000      -1007.979    -1016.204        8.225   329.7     -0.405      0.314      0.489     -0.156      0.136      0.424
976.8000      -1007.828    -1015.687        7.859   315.0     -0.749     -0.119      0.755      0.521      0.139     -0.178
977.0000      -1007.590    -1015.593        8.003   320.8      0.858      0.605      1.158     -0.132     -0.459      0.331
977.2000      -1007.364    -1015.469        8.105   324.9      0.560      0.327      0.891     -0.388     -0.338     -0.223
977.4000      -1007.329    -1015.621        8.292   332.4      0.618      0.192      0.620     -0.038     -0.139      0.425
977.6000      -1008.774    -1016.218        7.444   298.4     -0.297      0.035      0.487     -0.085      0.091     -0.208
977.8000      -1008.525    -1015.892        7.367   295.3      0.087      1.274      0.794      0.104     -0.273     -0.369
978.0000      -1007.995    -1015.892        7.897   316.5      0.532      0.275      0.372      0.437     -0.178      0.079
978.2000      -1008.050    -1016.454        8.404   336.9      0.455      0.360     -0.220      0.171      0.512      0.265
978.4000      -1007.498    -1015.259        7.761   311.1      0.425      0.289      0.847     -0.182      0.147     -0.286
978.6000      -1006.660    -1015.173        8.513   341.3      0.496     -0.739      0.509      0.623     -0.360     -0.276
978.8000      -1006.525    -1015.196        8.671   347.6      0.491      1.554      0.209     -0.534      0.298     -0.286
979.0000      -1008.495    -1015.479        6.985   280.0      0.096     -0.029      1.512     -0.063      0.029     -0.122
979.2000      -1008.183    -1016.389        8.206   328.9      0.443      0.706     -0.849      0.009      0.000      0.136
979.4000      -1007.606    -1015.551        7.945   318.5      0.234      0.579      0.070      0.923     -0.035     -0.027
979.6000      -1007.057    -1015.389        8.332   334.0      0.554      0.503      0.506      0.154     -0.152      0.006
979.8000      -1007.745    -1016.451        8.706   349.0      1.202      0.304      0.978     -0.237     -0.090      0.331
980.0000      -1008.323    -1015.933        7.610   305.0      0.333      1.071      0.319      0.208     -0.694      0.402
980.2000      -1006.737    -1015.471        8.734   350.1      0.388      0.559     -0.189     -0.088      0.373     -0.044
980.4000      -1006.685    -1014.941        8.256   330.9     -0.362      0.755      0.511      0.023     -0.080      0.657
980.6000      -1006.397    -1015.280        8.883   356.1     -0.703      0.347     -0.254      0.299     -0.461      0.300
980.8000      -1006.181    -1015.088        8.906   357.0     -0.494      0.674      1.432     -0.134      0.093     -0.069
981.0000      -1006.678    -1014.646        7.968   319.4     -0.424      0.256     -1.305      0.156      0.060     -0.374
981.2000      -1006.189    -1014.991        8.802   352.8      0.702      0.377      0.526      0.060      0.667     -0.276
981.4000      -1006.720    -1014.927        8.207   329.0     -0.867     -0.619      0.604     -0.178     -0.336     -0.143
981.6000      -1006.473    -1014.450        7.977   319.8      0.839      1.000      0.665      0.559      0.163      0.913
981.8000      -1006.867    -1014.884        8.017   321.4     -0.003      0.146     -0.257     -0.368     -0.143      0.149
982.0000      -1006.764    -1015.018        8.254   330.9     -0.057      0.684     -0.456      0.090     -0.407     -0.070
982.2000      -1006.759    -1015.061        8.302   332.8      0.365      0.359     -0.384     -0.092     -0.183     -0.243
982.4000      -1006.256    -1014.143        7.887   316.1      0.960     -0.605      0.713     -0.465     -0.317      0.585
982.6000      -1005.325    -1013.891        8.566   343.4      0.595      0.254      1.449      0.268      0.432     -0.024
982.8000      -1005.608    -1014.388        8.780   351.9     -0.090      0.436     -0.778      0.187      0.986     -0.074
983.0000      -1006.386    -1014.067        7.681   307.9     -0.206     -0.155      0.259     -0.324     -0.242     -0.024
983.2000      -1006.728    -1014.871        8.143   326.4     -0.200      0.472      0.563     -0.270     -0.088     -0.308
983.4000      -1006.592    -1014.880        8.288   332.2      0.035      1.333     -0.184     -0.830     -0.052      0.257
983.6000      -1006.552    -1015.501        8.948   358.7      1.083     -0.121     -0.216      0.908     -0.035      0.343
983.8000      -1006.432    -1014.782        8.350   334.7     -0.807      0.514      0.039     -0.615      0.187      0.715
984.0000      -1007.937    -1015.297        7.360   295.0     -0.292     -0.307      0.108      0.096     -0.540     -0.596
984.2000      -1006.865    -1015.413        8.548   342.7     -0.187      0.069     -0.098     -0.163      0.217      0.163
984.4000      -1007.333    -1016.015        8.682   348.0      0.594      1.262      1.168      0.411     -0.107      0.034
984.6000      -1007.444    -1015.947        8.503   340.8     -0.497      1.022      0.118      0.191      0.188     -0.267
984.8000      -1007.877    -1016.027        8.150   326.7     -0.369     -0.988     -0.940      0.236      0.129      0.128
985.0000      -1007.585    -1015.570        7.985   320.1      0.360      0.684      0.598      0.143     -0.273      0.363
985.2000      -1006.825    -1014.888        8.064   323.2     -0.210      0.907      0.066     -0.116      0.043     -0.012
985.4000      -1005.985    -1014.985        9.000   360.8     -0.366     -0.886     -0.465      0.296     -0.193      0.262
985.6000      -1007.263    -1014.858        7.595   304.4      0.473     -0.165      0.517      0.192      0.531     -0.566
985.8000      -1007.375    -1015.285        7.911   317.1     -0.929      0.205     -0.130     -0.157      0.563     -0.311
986.0000      -1006.763    -1015.289        8.526   341.8      0.669      1.365     -0.607      0.094     -0.273     -0.052
986.2000      -1007.001    -1014.977        7.975   319.7      0.996     -0.315     -1.010     -0.214      0.229     -0.066
986.4000      -1006.691    -1014.878        8.187   328.2      1.171      0.112      0.165     -0.119     -0.221      0.051
986.6000      -1005.931    -1014.174        8.243   330.4      0.170      1.486      0.464     -0.089      0.134      0.096
986.8000      -1006.732    -1014.424        7.691   308.3      1.041      0.413      0.309      0.130     -0.331     -0.334
987.0000      -1007.815    -1015.423        7.608   305.0      0.519      0.274      0.112     -0.275      0.326     -0.275
987.2000      -1007.508    -1015.124        7.616   305.3      0.119      0.179      0.121     -0.406     -0.173     -0.122
987.4000      -1007.700    -1014.882        7.182   287.9     -0.050      0.635     -0.096     -0.144     -0.139     -0.173
987.6000      -1007.977    -1015.361        7.384   296.0      0.312     -0.282      0.541      0.089     -0.411     -0.275
987.8000      -1007.559    -1015.215        7.656   306.9      0.876     -0.038      0.646     -0.174     -0.110     -0.308
988.0000      -1007.256    -1015.269        8.013   321.2      0.527     -0.285      0.501      0.462     -0.149      0.576
988.2000      -1006.880    -1015.520        8.639   346.3      0.628      0.097      0.103     -0.243     -0.149     -0.455
988.4000      -1007.824    -1015.829        8.005   320.9     -0.307     -0.214      0.824     -0.302      0.092     -0.339
988.6000      -1008.265    -1015.768        7.504   300.8      0.380     -0.074      0.858     -0.411     -0.202     -0.220
988.8000      -1008.884    -1016.877        7.993   320.4      0.147      0.458      0.670     -0.107     -0.608     -0.154
989.0000      -1008.499    -1016.019        7.520   301.4      1.123      0.827      0.238      0.010      0.134      0.282
989.2000      -1008.182    -1016.647        8.464   339.3      0.290      0.349      0.447     -0.125     -0.726     -0.478
989.4000      -1007.991    -1015.917        7.926   317.7     -0.100      0.525      0.446     -0.579     -0.234      0.319
989.6000      -1008.118    -1015.280        7.162   287.1      0.375      0.099      0.885      0.446      0.641      0.149
989.8000      -1008.057    -1015.891        7.834   314.0      0.641      0.985     -0.569      0.356     -0.040      0.824
990.0000      -1007.232    -1014.962        7.730   309.8      0.562      0.348      0.412     -0.123     -0.817     -0.363
990.2000      -1007.295    -1015.884        8.589   344.3      0.413      1.170      1.010      0.178      0.139     -0.557
990.4000      -1008.036    -1015.289        7.252   290.7      1.308      0.421      0.440     -0.215      0.302      0.051
990.6000      -1007.787    -1014.985        7.199   288.6      0.766     -0.012     -0.455      0.076     -0.543      0.118
990.8000      -1007.799    -1015.708        7.908   317.0      0.337      0.129      0.613      0.050     -0.193      0.368
991.0000      -1007.566    -1015.740        8.174   327.7      0.263     -0.594     -0.590      0.587     -0.094     -0.384
991.2000      -1007.505    -1015.300        7.794   312.4      0.736     -0.268      0.263     -0.277     -0.211      0.103
991.4000      -1006.850    -1015.225        8.375   335.7      0.504     -0.711      0.274      0.186      0.331     -0.255
991.6000      -1007.628    -1015.776        8.148   326.6      0.218      0.592      0.301     -0.050      0.927     -0.331
991.8000      -1007.492    -1015.379        7.887   316.2      0.637      0.513      0.804     -0.324     -0.171      0.107
992.0000      -1007.917    -1015.338        7.421   297.5     -0.535      1.144      0.355     -0.046      0.199     -0.426
992.2000      -1007.354    -1014.978        7.624   305.6      0.923      0.573      0.581     -0.293     -0.189      0.575
992.4000      -1007.140    -1015.316        8.177   327.8      0.000      1.392      0.939      0.787      0.141      0.185
992.6000      -1007.285    -1014.925        7.640   306.2      0.825      0.911     -0.105     -0.027     -0.247     -0.213
992.8000      -1008.164    -1015.596        7.432   297.9      0.802      1.029      1.627      0.591     -0.487     -0.339
993.0000      -1008.283    -1016.123        7.840   314.3      1.098     -0.319     -0.109     -0.481     -0.450      0.020
993.2000      -1008.267    -1015.371        7.104   284.8      0.718      0.172      0.323      0.084     -0.325     -0.025
993.4000      -1006.752    -1015.124        8.372   335.6      0.282     -0.241      0.283     -0.302     -0.093      0.533
993.6000      -1007.409    -1014.713        7.304   292.8      0.198      0.271      1.103      0.391     -0.215     -0.040
993.8000      -1007.033    -1014.098        7.065   283.2      0.881     -0.127     -0.252      0.614     -0.562      0.268
994.0000      -1007.110    -1015.044        7.934   318.0      0.661      0.092      0.095      0.169      0.397     -0.169
994.2000      -1006.854    -1014.954        8.100   324.7      0.500     -0.179      0.372     -0.106     -0.502     -0.188
994.4000      -1006.904    -1014.514        7.610   305.0     -1.167     -0.513      0.636      1.111      0.667      0.543
994.6000      -1007.169    -1014.808        7.639   306.2      0.369      0.050      0.343     -0.149     -0.912      0.431
994.8000      -1007.517    -1015.462        7.946   318.5      0.698      1.070      0.573     -0.661      0.034      0.090
995.0000      -1007.019    -1015.027        8.008   321.0      0.339      0.683     -0.282      0.172      0.970      0.327
995.2000      -1006.614    -1014.795        8.181   327.9      0.876      0.361      0.569     -0.015      0.233      0.158
995.4000      -1006.138    -1013.541        7.403   296.8      0.693      0.565     -0.541      0.277     -0.454      0.033
995.6000      -1005.883    -1014.360        8.477   339.8     -0.450      0.241     -0.267      0.027     -0.631      0.245
995.8000      -1006.671    -1014.904        8.233   330.0     -0.124      0.529      0.648     -0.142     -0.718      0.280
996.0000      -1006.442    -1014.795        8.353   334.8      1.032      0.626      0.464      0.558      0.063      0.024
996.2000      -1006.097    -1014.583        8.486   340.2      0.447      0.761      0.729     -0.038     -0.296      0.274
996.4000      -1005.707    -1014.694        8.988   360.3      0.862      0.885      0.599      0.504      0.285     -0.129
996.6000      -1005.793    -1014.191        8.398   336.6      0.721      0.678      0.768      0.781     -0.769     -0.017
996.8000      -1005.863    -1014.550        8.688   348.2      1.544      0.348      0.664     -0.322      0.290     -0.357
997.0000      -1006.859    -1015.553        8.694   348.5      0.369      0.449      0.404     -0.142      0.083      0.339
997.2000      -1007.003    -1015.030        8.027   321.8      0.674     -0.385      0.858     -0.138      0.131     -0.333
997.4000      -1007.789    -1016.246        8.457   339.0      0.527     -0.307      0.298     -0.034     -0.271      0.163
997.6000      -1006.704    -1015.207        8.503   340.8     -0.229     -0.912     -0.129     -0.470      0.154      0.649
997.8000      -1006.875    -1015.183        8.308   333.0      0.947      1.019      1.235     -0.068      0.224     -0.565
998.0000      -1006.015    -1014.175        8.160   327.1      0.708     -0.053      0.628      0.080     -0.301      0.080
998.2000      -1006.829    -1014.749        7.920   317.5      1.196      0.482      0.287     -0.367      0.144      0.038
998.4000      -1006.503    -1015.265        8.763   351.3      0.027      0.093     -0.100     -0.560      0.020     -0.220
998.6000      -1006.088    -1014.408        8.320   333.5      0.464      0.246      0.825     -0.064      0.431     -0.313
998.8000      -1006.792    -1015.342        8.550   342.7     -0.001     -0.306      0.775      0.188     -0.189     -0.042
999.0000      -1008.762    -1016.268        7.506   300.9      0.319      0.446     -0.143     -0.136      0.382     -0.147
999.2000      -1008.713    -1015.975        7.262   291.1     -0.090     -0.128     -0.163      0.282     -0.095     -0.307
999.4000      -1008.456    -1016.482        8.026   321.7     -0.033     -0.107      0.122      0.144      0.053     -0.099
999.6000      -1009.028    -1016.260        7.231   289.9      0.404      0.312      1.276      0.437      0.511      0.285
999.8000      -1008.288    -1016.324        8.036   322.1      0.932      0.286      0.031     -0.157     -0.402      0.274
1000.0000     -1006.707    -1015.014        8.307   333.0      1.009      0.634      0.354      0.832     -0.179      0.659
