Time[ps]      Etot[eV]     Epot[eV]     Ekin[eV]    T[K]      ---------------------- stress [GPa] -----------------------
0.0000        -3902.322    -3929.521       27.198   344.9      3.950      3.757      3.258      0.143     -0.247     -0.288
0.2500        -3908.397    -3936.811       28.413   360.4     -0.997     -0.392     -0.883     -0.382      0.201     -0.040
0.5000        -3914.465    -3942.363       27.898   353.8      1.660      1.573      1.419     -0.100      0.135     -0.156
0.7500        -3915.734    -3944.299       28.565   362.3      0.615      0.698      0.772     -0.210     -0.269     -0.219
1.0000        -3916.838    -3945.692       28.855   366.0      0.572      0.352     -0.157      0.169     -0.110     -0.085
1.2500        -3919.348    -3948.961       29.613   375.6      1.415      1.228      1.118     -0.107     -0.183     -0.034
1.5000        -3920.882    -3948.477       27.595   350.0      0.148      0.497     -0.752     -0.097     -0.012     -0.103
1.7500        -3922.272    -3950.361       28.089   356.2      1.264      0.558      1.068      0.173     -0.178     -0.188
2.0000        -3921.078    -3950.254       29.176   370.0      1.061      1.015      0.254      0.210     -0.068     -0.033
2.2500        -3922.834    -3949.553       26.718   338.9      0.659      0.853     -0.028      0.071     -0.104      0.226
2.5000        -3925.642    -3951.749       26.107   331.1      0.978      1.039      0.939     -0.285     -0.106     -0.107
2.7500        -3927.173    -3952.409       25.236   320.1      0.431      0.617     -0.097      0.149     -0.090      0.323
3.0000        -3926.435    -3952.063       25.628   325.0      1.316      0.599      0.541      0.093      0.123     -0.030
3.2500        -3927.104    -3952.361       25.257   320.3      0.759      0.728      0.298      0.179     -0.057     -0.103
3.5000        -3927.725    -3952.507       24.782   314.3      0.638      0.340     -0.054      0.345     -0.064     -0.183
3.7500        -3928.426    -3953.854       25.427   322.5      0.935      0.927      0.227      0.013      0.270     -0.025
4.0000        -3927.630    -3954.601       26.971   342.1      0.791      0.800      0.116      0.085      0.109      0.003
4.2500        -3928.493    -3954.237       25.744   326.5      0.682      0.927      0.387      0.134     -0.422     -0.118
4.5000        -3928.915    -3954.046       25.131   318.7      0.720      1.035      0.469     -0.195     -0.143     -0.026
4.7500        -3928.231    -3954.648       26.417   335.0      0.459      0.137     -0.562     -0.112     -0.405      0.265
5.0000        -3928.944    -3954.019       25.075   318.0      0.845      1.631      0.521     -0.016     -0.141      0.096
5.2500        -3927.323    -3954.471       27.148   344.3      0.404      0.196     -0.352      0.322      0.195      0.008
5.5000        -3926.522    -3953.826       27.304   346.3      0.590      0.636      0.040     -0.103     -0.065     -0.146
5.7500        -3926.201    -3953.183       26.983   342.2      1.085      0.664     -0.010      0.197     -0.104     -0.142
6.0000        -3926.783    -3953.410       26.627   337.7      0.954      0.670      0.453      0.223     -0.025      0.317
6.2500        -3924.852    -3952.352       27.500   348.8      0.701      0.268      0.240     -0.322      0.214     -0.089
6.5000        -3924.586    -3951.921       27.334   346.7      0.202      1.171      0.758     -0.152      0.160      0.187
6.7500        -3923.960    -3952.191       28.231   358.0      1.004      0.962      0.770     -0.320      0.137      0.399
7.0000        -3927.937    -3954.548       26.611   337.5      0.884      0.321      0.422     -0.086      0.014      0.076
7.2500        -3928.172    -3954.525       26.353   334.2      0.695      0.467      0.244      0.156     -0.043     -0.173
7.5000        -3928.180    -3955.682       27.502   348.8      1.047      1.214      0.726     -0.061     -0.131     -0.145
7.7500        -3929.496    -3954.495       25.000   317.1      0.338      0.557     -0.131     -0.177      0.671      0.021
8.0000        -3928.472    -3954.621       26.148   331.6      0.633      1.014     -0.118      0.030      0.232      0.184
8.2500        -3928.668    -3954.743       26.075   330.7      0.702      0.617      0.183     -0.205      0.287     -0.072
8.5000        -3927.390    -3953.690       26.300   333.6      0.696     -0.150     -0.394     -0.021     -0.231     -0.127
8.7500        -3929.973    -3954.905       24.931   316.2      0.493      0.833      0.559      0.130     -0.070     -0.068
9.0000        -3930.520    -3955.413       24.893   315.7      0.455      0.458      0.269      0.162      0.278      0.139
9.2500        -3930.445    -3955.510       25.065   317.9      0.710      0.821      0.401     -0.014      0.134      0.083
9.5000        -3930.532    -3955.648       25.116   318.5      1.386      0.893      0.434      0.104     -0.142      0.233
9.7500        -3931.881    -3957.679       25.797   327.2      0.485      0.683      0.103      0.054     -0.187      0.130
10.0000       -3932.665    -3956.913       24.247   307.5      1.280      1.012      0.728     -0.257      0.213     -0.179
10.2500       -3932.110    -3957.895       25.785   327.0      0.567      0.675      0.539      0.230      0.073     -0.232
10.5000       -3929.538    -3954.825       25.286   320.7      0.712      0.642      0.417      0.237      0.135     -0.157
10.7500       -3930.832    -3956.386       25.554   324.1      0.789      0.972      0.818      0.013     -0.123     -0.117
11.0000       -3930.145    -3954.906       24.761   314.0      0.749      0.607      0.300     -0.257     -0.256      0.191
11.2500       -3930.199    -3955.786       25.587   324.5      1.435      0.676     -0.101     -0.059     -0.322     -0.031
11.5000       -3929.060    -3954.552       25.492   323.3      0.323      1.163      0.103      0.368      0.528      0.133
11.7500       -3929.518    -3955.851       26.333   334.0      0.973      0.673      0.275      0.255      0.205     -0.108
12.0000       -3929.761    -3955.445       25.684   325.7      0.965      1.082      0.642      0.210     -0.064      0.212
12.2500       -3929.281    -3955.002       25.721   326.2      0.708      0.395      0.415      0.048     -0.450      0.194
12.5000       -3927.189    -3954.216       27.027   342.8      0.736      0.458      0.161     -0.055     -0.246      0.046
12.7500       -3927.718    -3954.638       26.920   341.4      0.843      0.891      0.058      0.037      0.220     -0.071
13.0000       -3927.428    -3953.958       26.530   336.5      0.603      0.588      0.508     -0.150      0.115      0.258
13.2500       -3925.238    -3952.727       27.489   348.6      1.235      1.090      0.624      0.179      0.214     -0.049
13.5000       -3924.806    -3953.699       28.893   366.4      1.179      0.975      0.231     -0.040     -0.288     -0.068
13.7500       -3927.316    -3954.052       26.735   339.1      1.201      0.716      0.433      0.116     -0.199      0.148
14.0000       -3926.909    -3952.128       25.219   319.8      0.924      1.115      0.559     -0.058      0.045      0.171
14.2500       -3927.786    -3954.147       26.361   334.3      0.922      0.641      0.350     -0.072     -0.011      0.046
14.5000       -3927.258    -3953.184       25.926   328.8      0.400      0.650     -0.001     -0.289      0.033      0.007
14.7500       -3925.544    -3951.680       26.136   331.5      0.550      0.978      0.148     -0.249     -0.077      0.139
15.0000       -3925.993    -3953.528       27.534   349.2      0.738      0.744      0.158     -0.047     -0.276     -0.204
15.2500       -3926.972    -3954.330       27.358   347.0      0.813      0.557     -0.272      0.124     -0.054     -0.221
15.5000       -3928.644    -3954.263       25.619   324.9      0.857      0.861      0.259      0.186     -0.055     -0.145
15.7500       -3928.665    -3954.650       25.984   329.5      0.876      1.101      0.892      0.096      0.171     -0.202
16.0000       -3930.537    -3955.209       24.672   312.9      0.396      0.615     -0.216      0.004     -0.083     -0.134
16.2500       -3930.709    -3956.944       26.235   332.7      0.359      1.138     -0.136     -0.087     -0.060      0.031
16.5000       -3930.701    -3955.441       24.741   313.8      0.653      0.715      0.421      0.070     -0.245      0.104
16.7500       -3927.827    -3954.257       26.430   335.2      0.550      0.351      0.504     -0.108     -0.079     -0.033
17.0000       -3929.796    -3957.398       27.603   350.1      0.794      0.894      0.307     -0.020     -0.189     -0.022
17.2500       -3928.690    -3954.745       26.055   330.4      0.996      1.055      0.199     -0.318     -0.238     -0.033
17.5000       -3931.967    -3955.765       23.798   301.8      0.663      0.664     -0.190     -0.072     -0.250     -0.100
17.7500       -3931.054    -3956.623       25.570   324.3      1.298      0.671      0.454     -0.144      0.034     -0.137
18.0000       -3931.095    -3957.861       26.767   339.5      0.719      0.882     -0.478      0.018     -0.197     -0.155
18.2500       -3930.768    -3956.137       25.369   321.7      0.598      0.551     -0.333     -0.077     -0.168     -0.299
18.5000       -3930.056    -3955.638       25.582   324.4      0.638      0.304     -0.049     -0.054     -0.085      0.146
18.7500       -3930.104    -3956.943       26.839   340.4      0.589      0.424      0.492      0.053     -0.255      0.103
19.0000       -3931.232    -3955.642       24.409   309.6      1.031      1.619      1.111      0.185     -0.151      0.060
19.2500       -3931.453    -3957.498       26.045   330.3      0.459      0.506     -0.310      0.320     -0.273      0.090
19.5000       -3929.438    -3955.074       25.637   325.1      0.387      0.456      0.333      0.612     -0.310     -0.185
19.7500       -3929.676    -3955.526       25.850   327.8      0.669      0.499     -0.028      0.107     -0.197      0.007
20.0000       -3929.192    -3956.338       27.145   344.3      0.630      0.895      0.065      0.245     -0.072      0.094
20.2500       -3928.783    -3956.216       27.433   347.9      0.542      0.366      0.370     -0.234      0.156      0.409
20.5000       -3930.557    -3956.189       25.632   325.1      0.530      0.487     -0.139     -0.175     -0.110      0.011
20.7500       -3930.597    -3956.811       26.213   332.4      0.884      0.786     -0.012     -0.003     -0.060     -0.202
21.0000       -3928.905    -3954.588       25.683   325.7      0.664      0.206      0.213      0.082     -0.299      0.204
21.2500       -3930.278    -3956.666       26.388   334.7      0.486      0.871      0.135      0.355      0.097      0.010
21.5000       -3927.514    -3955.263       27.749   351.9     -0.114     -0.000      0.152      0.016     -0.053      0.109
21.7500       -3928.802    -3954.531       25.729   326.3      0.710      0.432     -0.121     -0.013      0.264      0.129
22.0000       -3927.478    -3954.811       27.333   346.7      0.436      0.702     -0.114      0.002     -0.013     -0.097
22.2500       -3928.885    -3954.360       25.476   323.1      0.581      1.157      0.378      0.113      0.198     -0.133
22.5000       -3927.742    -3954.861       27.119   343.9      1.063      0.955      0.886     -0.215      0.101     -0.159
22.7500       -3927.014    -3952.904       25.890   328.4      0.412     -0.078      0.147     -0.206     -0.128      0.010
23.0000       -3928.640    -3955.759       27.119   343.9      0.230      0.587      0.168     -0.051     -0.224      0.137
23.2500       -3928.821    -3954.848       26.027   330.1      0.898      0.840      0.676     -0.127      0.036      0.276
23.5000       -3928.673    -3954.611       25.938   329.0      0.888      0.387      0.069     -0.050      0.072      0.056
23.7500       -3929.446    -3955.458       26.013   329.9      0.863      1.018     -0.107      0.065     -0.104      0.237
24.0000       -3930.639    -3955.551       24.912   315.9      0.736      1.120      0.032     -0.032      0.021     -0.280
24.2500       -3931.983    -3956.500       24.517   310.9      0.415      0.378      0.479     -0.096     -0.252      0.134
24.5000       -3931.489    -3957.964       26.475   335.8      0.740      0.661      0.979     -0.148     -0.139      0.228
24.7500       -3931.856    -3957.605       25.749   326.6      0.822      0.457      0.183      0.309      0.305     -0.119
25.0000       -3931.720    -3957.563       25.844   327.8      0.651      0.769      0.713      0.177      0.126     -0.072
25.2500       -3930.471    -3956.410       25.939   329.0      0.205      0.667     -0.287      0.142     -0.159      0.321
25.5000       -3929.835    -3956.147       26.313   333.7      0.528      1.088     -0.054      0.179     -0.033     -0.024
25.7500       -3929.465    -3955.346       25.881   328.2      0.992      1.160      0.331     -0.348      0.145      0.077
26.0000       -3929.917    -3956.032       26.114   331.2      0.711      0.560      0.053     -0.196      0.098      0.089
26.2500       -3928.517    -3955.108       26.591   337.2      0.807      1.521      0.461      0.191     -0.162      0.136
26.5000       -3929.929    -3956.425       26.496   336.0      1.051      0.887      0.325      0.334     -0.217     -0.037
26.7500       -3932.188    -3956.999       24.811   314.7      0.954      0.739     -0.545      0.069      0.074      0.079
27.0000       -3932.327    -3957.307       24.981   316.8      0.532      1.167      0.496     -0.228     -0.324     -0.099
27.2500       -3929.824    -3955.178       25.354   321.6      1.026      1.775      0.616     -0.213     -0.122     -0.079
27.5000       -3929.119    -3954.578       25.459   322.9      0.588      0.819      0.473     -0.148     -0.217     -0.144
27.7500       -3928.327    -3954.900       26.573   337.0      0.833      0.881      0.389     -0.052     -0.098      0.216
28.0000       -3929.817    -3955.194       25.377   321.8      0.870      0.712      0.568      0.301     -0.313      0.060
28.2500       -3928.600    -3956.601       28.001   355.1      1.140      0.699      0.257      0.077     -0.279     -0.049
28.5000       -3929.191    -3954.671       25.480   323.2      0.956      0.653     -0.182      0.013      0.123      0.057
28.7500       -3930.299    -3957.345       27.046   343.0      1.068      0.990      0.224     -0.206      0.137     -0.163
29.0000       -3929.800    -3956.861       27.061   343.2      0.775      0.837      0.110      0.013      0.167      0.171
29.2500       -3933.018    -3957.795       24.777   314.2      1.168      0.545     -0.010     -0.086     -0.274      0.051
29.5000       -3930.439    -3957.010       26.572   337.0      1.100      0.802      0.349      0.055     -0.420      0.060
29.7500       -3931.101    -3956.022       24.921   316.1      0.584      0.110      0.283      0.074     -0.116     -0.259
30.0000       -3931.671    -3957.268       25.597   324.6      0.637      0.903      0.443     -0.153      0.170      0.207
30.2500       -3932.821    -3957.885       25.064   317.9      0.393      1.133      0.372     -0.070      0.032     -0.042
30.5000       -3931.737    -3956.816       25.079   318.1      0.872      0.109      0.235     -0.024     -0.255     -0.200
30.7500       -3931.068    -3956.532       25.464   322.9      0.338      0.642      0.516      0.043     -0.410     -0.233
31.0000       -3931.137    -3956.137       25.000   317.1      0.470      1.130      1.033      0.087      0.363      0.001
31.2500       -3931.462    -3957.805       26.343   334.1      0.068      0.546     -0.020      0.134      0.294      0.001
31.5000       -3930.866    -3957.343       26.477   335.8      0.995      0.414      0.264      0.062      0.356      0.075
31.7500       -3931.604    -3956.405       24.801   314.5      0.714      0.842     -0.062      0.047      0.041     -0.102
32.0000       -3931.550    -3957.685       26.135   331.5      0.753      0.615      0.571      0.030     -0.054     -0.023
32.2500       -3931.310    -3957.738       26.427   335.2      0.853      0.638      0.053     -0.067     -0.030     -0.097
32.5000       -3931.545    -3957.655       26.110   331.1      0.669      0.850      0.392      0.077     -0.467     -0.199
32.7500       -3932.298    -3956.868       24.570   311.6      0.428      0.896      0.184     -0.233      0.237      0.131
33.0000       -3932.072    -3958.010       25.938   329.0      0.848      0.925      0.295      0.114      0.005     -0.102
33.2500       -3928.673    -3955.195       26.522   336.4      0.444      0.788      0.032     -0.018      0.230      0.002
33.5000       -3930.925    -3956.770       25.844   327.8      0.693      1.087     -0.117     -0.209     -0.151     -0.123
33.7500       -3930.731    -3955.842       25.111   318.5      0.941      0.846      0.281     -0.147     -0.344     -0.028
34.0000       -3930.517    -3956.071       25.554   324.1      0.435      0.573     -0.244      0.033     -0.185     -0.001
34.2500       -3931.803    -3956.750       24.947   316.4      0.874      0.473      0.392      0.070      0.002      0.028
34.5000       -3931.145    -3956.101       24.956   316.5      0.727      0.912      0.155     -0.203     -0.219     -0.022
34.7500       -3929.097    -3955.556       26.459   335.6      0.144      0.630      0.299     -0.358     -0.361     -0.186
35.0000       -3928.155    -3955.545       27.390   347.4      0.685      0.537      0.251      0.033     -0.172     -0.080
35.2500       -3927.775    -3953.706       25.930   328.9      0.588      0.622     -0.152      0.086      0.057     -0.345
35.5000       -3929.188    -3955.247       26.059   330.5      0.736      0.626      0.640      0.178     -0.293     -0.114
35.7500       -3928.348    -3955.360       27.012   342.6      0.889      0.249      0.210     -0.139     -0.327     -0.181
36.0000       -3928.328    -3954.455       26.126   331.3      0.918      1.119      0.313     -0.183     -0.080      0.131
36.2500       -3927.614    -3955.088       27.473   348.4      0.326      0.635     -0.053     -0.035     -0.128      0.284
36.5000       -3929.435    -3955.911       26.476   335.8      0.677      0.456      0.888      0.254     -0.067     -0.035
36.7500       -3929.922    -3956.207       26.285   333.4      0.590      1.376     -0.282      0.049     -0.012      0.101
37.0000       -3932.400    -3956.477       24.077   305.4      1.017      0.452     -0.447     -0.066      0.181     -0.012
37.2500       -3932.216    -3956.733       24.517   310.9      1.220      0.739      0.751     -0.020      0.460      0.077
37.5000       -3931.018    -3956.175       25.158   319.1      0.335      1.369      0.257      0.095      0.125      0.055
37.7500       -3931.043    -3957.096       26.053   330.4      0.399      1.074      0.315      0.231     -0.132      0.403
38.0000       -3931.569    -3956.478       24.909   315.9      1.153      0.655      0.696     -0.103     -0.163      0.321
38.2500       -3929.373    -3955.897       26.525   336.4      0.713      0.841      0.020     -0.167     -0.017      0.198
38.5000       -3930.292    -3957.141       26.849   340.5      0.883      1.145      0.410      0.228      0.480     -0.033
38.7500       -3928.847    -3955.711       26.864   340.7      0.784      0.619     -0.375      0.232      0.187     -0.265
39.0000       -3929.157    -3956.066       26.910   341.3      1.042      0.856      0.476      0.019     -0.093      0.102
39.2500       -3928.607    -3954.366       25.758   326.7      1.305      0.332     -0.181     -0.062     -0.173      0.161
39.5000       -3930.611    -3956.749       26.138   331.5      1.080      1.110      0.060      0.136     -0.084     -0.239
39.7500       -3930.320    -3956.620       26.300   333.5      1.067      0.748      0.120     -0.165      0.071      0.176
40.0000       -3930.201    -3955.374       25.173   319.3      0.369      0.572     -0.349     -0.061     -0.304      0.203
40.2500       -3930.522    -3955.473       24.951   316.4      0.704      1.073      0.666      0.007     -0.304     -0.268
40.5000       -3929.391    -3956.290       26.899   341.2      0.224      0.248      0.022      0.066     -0.316     -0.098
40.7500       -3929.757    -3955.462       25.705   326.0      0.701      0.802      0.066     -0.095     -0.125     -0.051
41.0000       -3929.308    -3954.833       25.525   323.7      0.715      0.260      0.192      0.274      0.009     -0.127
41.2500       -3929.151    -3954.928       25.778   326.9      0.858      0.513     -0.298     -0.163      0.201      0.015
41.5000       -3930.128    -3955.653       25.525   323.7      0.662      0.964      0.596      0.171      0.044      0.210
41.7500       -3930.333    -3956.947       26.614   337.5      0.615      0.436      0.199      0.025      0.251      0.071
42.0000       -3929.142    -3954.999       25.857   327.9      1.407      0.885      0.380      0.163     -0.027     -0.132
42.2500       -3930.105    -3956.464       26.360   334.3      0.580      0.547      0.407      0.435     -0.295     -0.042
42.5000       -3930.250    -3955.726       25.476   323.1      0.542      0.665     -0.539     -0.183      0.161      0.257
42.7500       -3929.295    -3956.749       27.454   348.2      0.598      0.960      0.365      0.053      0.090      0.005
43.0000       -3930.213    -3957.029       26.815   340.1      0.532      0.173     -0.175     -0.191      0.009      0.155
43.2500       -3930.534    -3956.533       25.999   329.7      0.871      0.674      1.072     -0.010      0.007     -0.149
43.5000       -3929.136    -3955.985       26.849   340.5      0.623      0.640      0.140      0.176      0.209     -0.109
43.7500       -3930.467    -3956.210       25.744   326.5      0.647      0.980      0.374      0.235      0.132     -0.291
44.0000       -3928.895    -3955.250       26.355   334.2      1.026      0.757      0.865      0.049      0.015     -0.124
44.2500       -3929.056    -3955.662       26.606   337.4      0.542      0.509      0.044     -0.076     -0.087      0.192
44.5000       -3931.329    -3956.201       24.872   315.4      0.605      0.835      0.755     -0.180     -0.259     -0.232
44.7500       -3931.501    -3957.136       25.636   325.1      1.204      0.558      0.505     -0.225      0.094      0.069
45.0000       -3930.418    -3957.164       26.746   339.2      1.288      1.046      0.141     -0.021     -0.324     -0.155
45.2500       -3931.561    -3957.823       26.261   333.1      0.701      1.292      0.873     -0.112     -0.033      0.056
45.5000       -3932.134    -3956.407       24.273   307.8      1.056      0.687      1.115      0.218     -0.095      0.116
45.7500       -3931.175    -3957.594       26.419   335.1      0.709      0.410     -0.054      0.062     -0.017      0.229
46.0000       -3930.013    -3955.841       25.828   327.6      0.528      1.047      0.370      0.092     -0.015      0.229
46.2500       -3931.266    -3956.977       25.711   326.1      0.672      0.503      0.383     -0.217     -0.124     -0.054
46.5000       -3932.501    -3957.887       25.386   322.0      1.537      1.093      1.326      0.506     -0.092     -0.095
46.7500       -3931.835    -3958.395       26.560   336.8      0.679      0.500     -0.260     -0.138     -0.094      0.071
47.0000       -3931.698    -3958.222       26.524   336.4      0.862      0.766     -0.188      0.029      0.009      0.140
47.2500       -3930.695    -3956.663       25.967   329.3      0.884      0.952      0.545      0.170     -0.174      0.021
47.5000       -3929.974    -3957.130       27.156   344.4      0.307      0.133     -0.388     -0.166      0.062      0.109
47.7500       -3930.478    -3956.461       25.983   329.5      0.635      0.878      0.704      0.076      0.011      0.036
48.0000       -3930.770    -3956.642       25.872   328.1      0.128      0.773     -0.377     -0.101      0.247      0.024
48.2500       -3931.166    -3957.061       25.894   328.4      1.020      0.818      0.360      0.110     -0.043      0.050
48.5000       -3929.396    -3955.770       26.374   334.5      1.060      1.197      0.954      0.120     -0.108     -0.100
48.7500       -3929.827    -3956.437       26.609   337.5      1.123      0.322      0.139     -0.303     -0.185      0.074
49.0000       -3930.202    -3955.972       25.770   326.8      0.859      0.807      0.532      0.193      0.182     -0.141
49.2500       -3930.870    -3955.596       24.726   313.6      0.731      0.411     -0.190      0.160      0.093      0.062
49.5000       -3931.476    -3956.817       25.341   321.4      0.819      0.496      0.447      0.189     -0.080     -0.120
49.7500       -3931.362    -3956.073       24.711   313.4      0.741      0.610      0.253     -0.064     -0.293      0.196
50.0000       -3931.608    -3956.471       24.862   315.3      0.199      0.553     -0.411     -0.288      0.118      0.166
50.2500       -3930.426    -3955.447       25.021   317.3      1.522      1.061      1.092     -0.135      0.077     -0.098
50.5000       -3929.662    -3955.458       25.796   327.2      0.922      1.229      0.279      0.108      0.146      0.012
50.7500       -3928.885    -3954.802       25.918   328.7      0.247      0.617     -0.068      0.272      0.196      0.184
51.0000       -3927.822    -3955.975       28.153   357.0      0.912      0.856     -0.013      0.045     -0.030     -0.187
51.2500       -3929.796    -3955.614       25.818   327.4      0.714      0.910      0.185      0.014      0.358      0.014
51.5000       -3930.827    -3956.017       25.190   319.5      0.566      0.739      0.216     -0.011      0.434      0.139
51.7500       -3929.903    -3955.188       25.286   320.7      0.357      0.566     -0.533     -0.081      0.282      0.018
52.0000       -3930.819    -3956.319       25.500   323.4      0.913      0.891     -0.318      0.005      0.302     -0.099
52.2500       -3930.634    -3956.669       26.035   330.2      1.088      0.953      0.483     -0.067      0.144      0.228
52.5000       -3929.749    -3955.133       25.384   321.9      0.498      0.697     -0.056     -0.046     -0.251     -0.329
52.7500       -3927.592    -3954.746       27.153   344.4      1.003      1.195      1.009     -0.009      0.043     -0.135
53.0000       -3928.589    -3954.432       25.843   327.8      0.384      0.097     -0.034      0.027      0.208     -0.156
53.2500       -3930.336    -3956.336       26.000   329.7      0.958      0.797      0.599     -0.084     -0.044      0.210
53.5000       -3929.074    -3954.584       25.510   323.5      0.398      0.584      0.063      0.134      0.124     -0.030
53.7500       -3928.261    -3955.138       26.877   340.9      0.599      0.727     -0.538     -0.140      0.207      0.048
54.0000       -3927.693    -3956.148       28.455   360.9      0.948      1.199      0.005     -0.078     -0.104     -0.096
54.2500       -3928.988    -3955.686       26.698   338.6      0.859      0.785      0.335     -0.032     -0.130      0.008
54.5000       -3930.234    -3956.259       26.026   330.1      0.583      1.242      0.926      0.007      0.179     -0.138
54.7500       -3928.559    -3955.078       26.518   336.3      1.009      0.890      0.474      0.088      0.112      0.226
55.0000       -3928.109    -3954.355       26.246   332.9      0.879      1.606      0.638      0.022      0.170      0.208
55.2500       -3928.083    -3956.252       28.169   357.2      0.648      1.102      0.462     -0.144      0.138      0.319
55.5000       -3927.991    -3954.510       26.519   336.3      1.092      0.614     -0.258      0.360      0.231     -0.029
55.7500       -3929.479    -3956.468       26.990   342.3      1.341      1.133      0.510     -0.061      0.101     -0.048
56.0000       -3931.608    -3956.326       24.718   313.5      0.544      0.925      0.050      0.015     -0.097     -0.147
56.2500       -3928.082    -3954.923       26.841   340.4      1.009      0.657      0.310     -0.112      0.113     -0.174
56.5000       -3929.409    -3956.209       26.800   339.9      0.493      0.650      0.131     -0.250      0.159      0.012
56.7500       -3929.888    -3955.528       25.640   325.2      0.699      0.967      0.219      0.156     -0.199     -0.281
57.0000       -3930.146    -3957.200       27.054   343.1      0.529      1.136     -0.307      0.161      0.331      0.162
57.2500       -3929.604    -3956.181       26.577   337.1      0.636      1.067      0.133      0.084      0.472      0.093
57.5000       -3931.559    -3955.790       24.231   307.3      0.780      1.137     -0.341      0.068      0.181     -0.048
57.7500       -3930.916    -3957.104       26.188   332.1      0.193      1.240     -0.109     -0.028      0.020      0.196
58.0000       -3932.278    -3957.020       24.742   313.8      0.883      0.991      0.490     -0.240     -0.339      0.290
58.2500       -3929.990    -3956.156       26.166   331.8      0.796      0.953      0.582     -0.034     -0.113      0.011
58.5000       -3928.689    -3955.080       26.391   334.7      0.587      1.439      0.220     -0.178      0.415      0.311
58.7500       -3927.837    -3955.160       27.323   346.5      0.495      1.057      0.519      0.557      0.298     -0.308
59.0000       -3928.185    -3955.083       26.897   341.1      0.747      1.299      0.084     -0.038      0.029     -0.122
59.2500       -3928.091    -3954.264       26.173   331.9      0.336      0.376     -0.191     -0.220     -0.075     -0.004
59.5000       -3928.252    -3953.448       25.196   319.5      0.276      1.170      0.687     -0.168     -0.130      0.100
59.7500       -3929.210    -3955.945       26.735   339.1      0.702      0.701     -0.229      0.059     -0.325     -0.041
60.0000       -3931.665    -3956.306       24.641   312.5      1.067      0.802      0.196     -0.059     -0.266     -0.025
60.2500       -3931.276    -3956.552       25.276   320.6      0.806      1.054      0.520      0.376     -0.057      0.076
60.5000       -3929.849    -3956.633       26.783   339.7      0.841      0.783      0.034     -0.046     -0.158     -0.008
60.7500       -3930.449    -3956.575       26.126   331.3      0.788      0.579      0.204     -0.131      0.058      0.093
61.0000       -3931.040    -3956.923       25.883   328.3      0.967      0.882      0.068      0.025      0.203      0.104
61.2500       -3932.799    -3957.001       24.202   306.9      0.788      0.805      0.649     -0.282     -0.116     -0.012
61.5000       -3934.093    -3956.760       22.667   287.5      0.143      0.022     -0.055     -0.311     -0.033     -0.260
61.7500       -3932.766    -3957.212       24.446   310.0      0.983      0.788      0.124      0.058     -0.221      0.172
62.0000       -3931.823    -3955.863       24.040   304.9      0.871      0.973      0.302      0.028     -0.157      0.098
62.2500       -3931.006    -3956.129       25.123   318.6      0.918      0.930     -0.122     -0.137     -0.134     -0.008
62.5000       -3930.443    -3955.920       25.477   323.1      1.169      0.995      0.239     -0.279      0.173      0.013
62.7500       -3931.283    -3956.925       25.642   325.2      0.849      1.321      0.426     -0.067      0.080     -0.105
63.0000       -3931.690    -3956.909       25.219   319.8      0.336      0.609      0.029      0.006     -0.144      0.138
63.2500       -3931.391    -3957.111       25.720   326.2      0.526      0.675     -0.057      0.235     -0.380     -0.139
63.5000       -3930.806    -3956.762       25.956   329.2      0.480      0.813      0.432      0.054     -0.214     -0.208
63.7500       -3929.188    -3954.910       25.722   326.2      0.614      0.296      0.303      0.042     -0.011     -0.245
64.0000       -3929.276    -3954.685       25.409   322.2      1.370      0.761      0.209     -0.129      0.009      0.118
64.2500       -3929.944    -3954.586       24.643   312.5      0.599      1.104     -0.108     -0.039     -0.257     -0.120
64.5000       -3930.942    -3956.712       25.770   326.8      0.518      0.917     -0.012      0.285     -0.064     -0.060
64.7500       -3930.064    -3954.886       24.822   314.8      0.682      0.549     -0.123      0.289      0.106     -0.054
65.0000       -3930.058    -3955.545       25.487   323.2      0.558      0.869     -0.287     -0.323      0.139     -0.149
65.2500       -3929.701    -3955.161       25.459   322.9      0.881      1.476      0.356     -0.079      0.208      0.222
65.5000       -3930.383    -3956.391       26.008   329.8      0.415      0.801     -0.242      0.323     -0.193     -0.127
65.7500       -3930.417    -3955.067       24.650   312.6      0.506      0.689     -0.015     -0.228     -0.244     -0.078
66.0000       -3931.902    -3956.913       25.011   317.2      0.103      0.498     -0.183      0.172      0.210      0.005
66.2500       -3930.155    -3956.387       26.232   332.7      1.279      1.124      0.474      0.024     -0.153      0.061
66.5000       -3929.224    -3955.041       25.817   327.4      1.347      0.573      0.020      0.223      0.180      0.169
66.7500       -3928.926    -3955.812       26.886   341.0      0.713      0.858      0.469     -0.058     -0.208      0.134
67.0000       -3926.394    -3954.908       28.513   361.6      0.600      0.666      0.246     -0.013      0.086      0.062
67.2500       -3927.749    -3955.110       27.361   347.0      0.435      0.557     -0.210     -0.033     -0.043     -0.012
67.5000       -3927.802    -3955.284       27.483   348.6      0.666      0.833      0.328     -0.151     -0.174      0.346
67.7500       -3928.613    -3954.512       25.899   328.5      1.088      1.311     -0.185      0.084      0.278      0.002
68.0000       -3928.952    -3956.360       27.408   347.6      1.260      1.096      0.791      0.075      0.021      0.080
68.2500       -3928.673    -3955.000       26.326   333.9      0.560      0.802      0.374      0.076     -0.104      0.135
68.5000       -3930.140    -3956.302       26.162   331.8      0.518      1.104      0.474     -0.172     -0.207     -0.023
68.7500       -3930.117    -3956.321       26.205   332.3      0.909      0.958      0.539      0.123     -0.158     -0.073
69.0000       -3930.830    -3958.455       27.624   350.3      0.886      1.374      0.567     -0.135      0.134      0.048
69.2500       -3930.568    -3956.323       25.756   326.6      0.670      0.831      0.028      0.051      0.062      0.158
69.5000       -3928.769    -3954.445       25.676   325.6     -0.400      0.889      0.215     -0.035     -0.098      0.129
69.7500       -3928.840    -3955.596       26.756   339.3      1.099      0.913      0.801      0.105      0.261     -0.062
70.0000       -3927.943    -3954.469       26.526   336.4      0.901      0.500      0.047     -0.120      0.238     -0.057
70.2500       -3927.308    -3953.419       26.111   331.2      0.696      0.749     -0.059     -0.225      0.215      0.030
70.5000       -3929.119    -3955.104       25.986   329.6      0.750      1.019      0.222      0.101      0.021      0.182
70.7500       -3927.807    -3954.688       26.882   340.9      1.191      0.732      0.369      0.077      0.087      0.073
71.0000       -3930.773    -3956.059       25.287   320.7      0.750      0.948      0.887      0.097     -0.259     -0.115
71.2500       -3931.092    -3957.740       26.648   338.0      0.229      0.527      0.204     -0.128     -0.299     -0.105
71.5000       -3929.429    -3955.001       25.572   324.3      0.781      0.751     -0.020     -0.440      0.330      0.144
71.7500       -3929.803    -3955.479       25.676   325.6      0.738      0.697      0.129     -0.073      0.522     -0.159
72.0000       -3929.557    -3954.315       24.759   314.0      0.917      0.746      0.402      0.513      0.382      0.115
72.2500       -3930.435    -3957.549       27.114   343.9      0.708      0.591      0.104      0.208     -0.073      0.177
72.5000       -3930.721    -3956.578       25.857   327.9      0.796      0.961      0.191     -0.076     -0.100      0.025
72.7500       -3931.689    -3956.215       24.527   311.1      0.536      1.127      0.656     -0.424     -0.180     -0.164
73.0000       -3931.008    -3956.978       25.969   329.4      0.893      1.028      0.645     -0.192      0.006      0.114
73.2500       -3929.858    -3957.183       27.325   346.5      0.208      0.200     -0.013     -0.053      0.584     -0.170
73.5000       -3931.249    -3956.104       24.854   315.2      0.757      0.643      0.011      0.151      0.342     -0.144
73.7500       -3931.237    -3956.196       24.959   316.5      1.047      0.599      0.140      0.043     -0.074     -0.139
74.0000       -3931.062    -3956.545       25.484   323.2      0.514      0.688      0.266     -0.183     -0.016     -0.011
74.2500       -3930.528    -3956.436       25.907   328.6      1.004      0.748      0.638     -0.094     -0.008      0.034
74.5000       -3929.673    -3955.378       25.706   326.0      0.788      0.138      0.273     -0.088      0.078     -0.073
74.7500       -3929.901    -3956.272       26.372   334.5      0.681      1.388      0.340     -0.053      0.120     -0.050
75.0000       -3930.832    -3956.857       26.025   330.1      0.289      0.908     -0.055      0.123     -0.041      0.007
75.2500       -3930.937    -3957.562       26.625   337.7      0.512      1.012      0.131     -0.030     -0.139     -0.052
75.5000       -3932.042    -3958.106       26.065   330.6      0.741      0.108     -0.041     -0.056      0.135     -0.037
75.7500       -3931.917    -3958.193       26.276   333.2      0.985      0.823     -0.268     -0.247     -0.109      0.061
76.0000       -3932.717    -3958.597       25.879   328.2      0.688      0.997      0.305     -0.337      0.010      0.272
76.2500       -3932.336    -3957.773       25.437   322.6      0.804      0.613     -0.307     -0.158      0.051     -0.144
76.5000       -3930.738    -3956.161       25.423   322.4      0.465      0.725      0.370      0.154      0.256      0.059
76.7500       -3930.099    -3956.596       26.497   336.1      0.954      0.860     -0.195      0.096      0.079      0.032
77.0000       -3929.740    -3955.284       25.544   324.0      0.718      1.017      0.630      0.163     -0.019      0.095
77.2500       -3930.637    -3958.199       27.562   349.6      1.028      1.552      0.186     -0.257     -0.068      0.001
77.5000       -3929.961    -3956.622       26.661   338.1      0.808      0.669      0.810      0.081     -0.282     -0.019
77.7500       -3930.831    -3956.923       26.092   330.9      1.175      0.766      0.551      0.420     -0.165     -0.070
78.0000       -3931.907    -3957.302       25.395   322.1      0.632      0.717     -0.595      0.188      0.039      0.049
78.2500       -3931.446    -3956.134       24.687   313.1      0.421      0.755      0.172      0.196      0.111      0.143
78.5000       -3930.414    -3955.655       25.241   320.1      0.479      0.434     -0.172     -0.291      0.062      0.123
78.7500       -3929.229    -3955.336       26.107   331.1      0.447      0.553      0.372     -0.276     -0.153     -0.303
79.0000       -3930.067    -3956.432       26.366   334.4      0.319      0.408     -0.292     -0.079      0.063      0.050
79.2500       -3930.349    -3956.055       25.706   326.0      0.377      0.320      0.375      0.210      0.063      0.206
79.5000       -3930.817    -3957.447       26.629   337.7      1.140      0.575      0.530      0.156     -0.057      0.018
79.7500       -3930.833    -3956.900       26.067   330.6      0.265     -0.054      0.094      0.127     -0.405      0.108
80.0000       -3930.405    -3957.742       27.336   346.7      0.909      0.656      0.258     -0.246     -0.207     -0.063
80.2500       -3929.680    -3955.651       25.971   329.4      0.660      0.882      0.171     -0.387     -0.051     -0.270
80.5000       -3929.661    -3955.622       25.961   329.3      0.526      1.219      0.061     -0.197      0.009      0.168
80.7500       -3930.151    -3956.741       26.590   337.2      1.017      0.339      0.927     -0.127      0.239     -0.083
81.0000       -3928.035    -3954.111       26.077   330.7      0.543      0.614     -0.074      0.145     -0.400      0.028
81.2500       -3928.466    -3956.118       27.652   350.7      1.239      1.011      0.654      0.171     -0.178     -0.081
81.5000       -3929.382    -3955.326       25.944   329.0      1.293      0.839      0.971      0.209     -0.041      0.064
81.7500       -3930.046    -3955.678       25.631   325.1     -0.321     -0.059      0.085      0.020     -0.210     -0.156
82.0000       -3929.138    -3955.649       26.510   336.2      1.216      0.628      0.895     -0.050      0.218      0.075
82.2500       -3932.219    -3957.409       25.190   319.5      0.042      0.949      0.229     -0.138      0.187     -0.117
82.5000       -3931.071    -3957.170       26.099   331.0      0.525      0.525      0.859     -0.333      0.023     -0.193
82.7500       -3929.494    -3956.168       26.674   338.3      0.165      0.038      0.099     -0.157     -0.309      0.139
83.0000       -3929.789    -3956.207       26.418   335.0      0.657      0.345      0.259      0.057     -0.416     -0.057
83.2500       -3930.289    -3956.986       26.696   338.6      0.851      0.952      0.656      0.273      0.371     -0.173
83.5000       -3930.595    -3956.812       26.217   332.5      1.157      0.976     -0.027     -0.012      0.311     -0.017
83.7500       -3931.222    -3955.492       24.271   307.8      1.012      0.352      0.334      0.090      0.146     -0.131
84.0000       -3929.994    -3957.438       27.444   348.1      0.329      0.260     -0.106     -0.044     -0.246     -0.074
84.2500       -3931.243    -3957.692       26.449   335.4      1.214      1.022      0.098     -0.195     -0.090      0.162
84.5000       -3930.142    -3955.185       25.043   317.6      0.686      0.715      0.716     -0.258     -0.111      0.077
84.7500       -3929.585    -3957.587       28.001   355.1      0.580      0.716      0.297      0.028     -0.019      0.187
85.0000       -3931.085    -3957.241       26.156   331.7      0.234      0.544      0.194      0.178      0.016     -0.039
85.2500       -3929.024    -3955.094       26.070   330.6      1.032      0.809      0.794     -0.020     -0.042      0.168
85.5000       -3930.067    -3956.180       26.114   331.2      0.880      0.244      0.571     -0.130     -0.067     -0.067
85.7500       -3930.977    -3956.132       25.155   319.0      0.600      1.237      0.760     -0.331     -0.075      0.226
86.0000       -3929.348    -3956.613       27.265   345.8      0.471      0.765      0.370      0.274     -0.032      0.016
86.2500       -3930.838    -3956.107       25.269   320.5      0.700      0.890      0.804      0.267     -0.130     -0.170
86.5000       -3929.170    -3955.709       26.539   336.6      0.906      1.037      0.242      0.407      0.148     -0.059
86.7500       -3929.300    -3956.649       27.349   346.9      0.335      0.627     -0.176      0.028      0.094     -0.115
87.0000       -3930.049    -3954.915       24.866   315.4      1.074      1.431      0.679     -0.156      0.041     -0.109
87.2500       -3929.509    -3956.455       26.945   341.7      0.552      0.952      0.598     -0.056     -0.261     -0.095
87.5000       -3929.296    -3954.325       25.029   317.4      0.811      0.543      0.423     -0.114     -0.056     -0.025
87.7500       -3929.618    -3955.574       25.956   329.2      0.857      0.314      0.219     -0.120     -0.201     -0.137
88.0000       -3928.020    -3955.304       27.284   346.0      1.394      0.721      0.328      0.188      0.199      0.132
88.2500       -3928.081    -3954.757       26.676   338.3      0.601      1.026      0.276     -0.286     -0.223     -0.185
88.5000       -3930.099    -3955.408       25.308   321.0      0.529      0.827      0.009     -0.052      0.224     -0.134
88.7500       -3930.966    -3955.401       24.435   309.9      0.912      1.097      0.092      0.002      0.025      0.095
89.0000       -3929.674    -3954.827       25.153   319.0      0.821      1.294      0.767     -0.225     -0.020      0.141
89.2500       -3930.529    -3955.377       24.848   315.1      0.704      1.640      0.488     -0.103      0.055     -0.128
89.5000       -3929.674    -3955.527       25.853   327.9      0.570      1.029      0.016      0.321     -0.256     -0.504
89.7500       -3928.281    -3954.158       25.877   328.2      1.124      0.851      0.100     -0.050      0.171     -0.494
90.0000       -3928.972    -3956.031       27.059   343.2      0.451      0.382      0.027      0.164     -0.176     -0.212
90.2500       -3928.450    -3955.927       27.477   348.5      0.734      0.250     -0.009     -0.179      0.072     -0.055
90.5000       -3927.710    -3954.572       26.862   340.7      1.053      1.195      0.340     -0.120      0.148     -0.028
90.7500       -3927.834    -3953.830       25.996   329.7      0.344      0.316      0.160      0.015      0.065     -0.230
91.0000       -3927.176    -3954.384       27.208   345.1      0.769      0.870      0.783     -0.067     -0.172     -0.054
91.2500       -3927.720    -3953.258       25.539   323.9      0.287      0.955     -0.178     -0.006      0.048     -0.130
91.5000       -3926.702    -3954.164       27.462   348.3      0.791      0.925      0.269     -0.139     -0.084     -0.231
91.7500       -3927.697    -3953.376       25.679   325.7      0.826      0.440      0.486     -0.187      0.096     -0.132
92.0000       -3928.503    -3955.640       27.137   344.2      0.747      1.135      0.279     -0.010      0.148     -0.427
92.2500       -3928.101    -3955.048       26.947   341.8      0.953      0.080      0.316     -0.011      0.062      0.000
92.5000       -3928.666    -3955.808       27.142   344.2      1.289      0.931      0.072      0.086     -0.047     -0.109
92.7500       -3929.478    -3956.956       27.477   348.5      0.714      0.690     -0.080      0.055      0.006      0.135
93.0000       -3929.642    -3955.268       25.626   325.0      0.732      0.877      0.195      0.232      0.067      0.260
93.2500       -3929.162    -3954.435       25.273   320.5      0.816      0.856      0.441     -0.192      0.247      0.275
93.5000       -3930.811    -3956.196       25.385   322.0      0.745      0.593      0.184     -0.076     -0.454      0.028
93.7500       -3930.309    -3955.968       25.659   325.4      1.196      0.737      0.286      0.128     -0.390     -0.219
94.0000       -3929.166    -3954.955       25.789   327.1      0.477      0.791      0.446      0.156     -0.152     -0.213
94.2500       -3931.241    -3956.476       25.235   320.0      0.521      0.913      0.333      0.015      0.029     -0.172
94.5000       -3932.210    -3956.864       24.654   312.7      0.752      1.204      0.643      0.028      0.230      0.015
94.7500       -3929.769    -3955.404       25.635   325.1      0.508      0.508      0.452     -0.053      0.089      0.041
95.0000       -3930.537    -3956.640       26.104   331.1      0.943      0.840      0.960     -0.225      0.162     -0.035
95.2500       -3930.158    -3955.906       25.748   326.5      0.157      0.838      0.215      0.222     -0.490      0.088
95.5000       -3927.642    -3954.134       26.492   336.0      1.432      1.015      0.910     -0.257      0.052      0.205
95.7500       -3925.024    -3953.584       28.560   362.2      0.222      0.682      0.141     -0.101      0.036      0.234
96.0000       -3926.304    -3954.188       27.884   353.6      0.351      0.681      0.215     -0.023      0.062     -0.155
96.2500       -3927.965    -3955.310       27.345   346.8      0.812      0.689      0.220     -0.165     -0.190      0.086
96.5000       -3929.196    -3955.656       26.460   335.6      0.708      0.474      0.277     -0.212      0.070     -0.043
96.7500       -3928.186    -3955.007       26.821   340.2      0.456      1.033     -0.220      0.191      0.001      0.451
97.0000       -3929.150    -3955.908       26.758   339.4      0.563      0.573      0.640      0.157      0.084     -0.085
97.2500       -3928.838    -3956.179       27.341   346.8      0.567      0.733     -0.059      0.005      0.050     -0.202
97.5000       -3930.480    -3956.902       26.422   335.1      0.686      0.930      0.229     -0.290      0.020     -0.225
97.7500       -3931.913    -3956.747       24.834   315.0      0.736      0.914      0.489      0.052      0.245     -0.040
98.0000       -3932.624    -3957.536       24.913   316.0      0.712      0.579      0.013      0.154     -0.238     -0.099
98.2500       -3931.044    -3956.988       25.944   329.0      0.709      0.038      0.016     -0.390     -0.055     -0.018
98.5000       -3929.321    -3955.708       26.387   334.7      0.447      0.414      0.050      0.171      0.025      0.022
98.7500       -3930.435    -3954.873       24.438   309.9      0.821      0.725      0.288     -0.131      0.194      0.094
99.0000       -3929.927    -3956.006       26.079   330.7      0.720      0.304     -0.034     -0.088      0.049      0.049
99.2500       -3929.673    -3955.433       25.760   326.7      0.661      0.356     -0.065      0.200     -0.136      0.092
99.5000       -3927.681    -3954.375       26.694   338.5      0.619      0.442      0.696      0.122     -0.093     -0.129
99.7500       -3929.390    -3955.034       25.644   325.2      0.976      0.515      0.742      0.019      0.029      0.057
100.0000      -3930.664    -3956.468       25.804   327.3      0.921      0.391      0.210     -0.047     -0.243     -0.092
100.2500      -3929.245    -3955.974       26.728   339.0      0.536      0.764     -0.008     -0.075     -0.318     -0.203
100.5000      -3930.028    -3955.909       25.882   328.2      0.601      0.087     -0.765     -0.039     -0.024      0.226
100.7500      -3930.126    -3956.907       26.782   339.7      1.018      0.576     -0.313     -0.043      0.010      0.080
101.0000      -3930.003    -3955.817       25.814   327.4      0.603      0.968     -0.182      0.122     -0.308     -0.131
101.2500      -3930.716    -3956.896       26.180   332.0      1.016      0.962      0.220      0.010     -0.080      0.134
101.5000      -3929.779    -3956.229       26.450   335.4      0.525      0.698      0.803      0.126      0.313     -0.105
101.7500      -3931.161    -3956.303       25.142   318.9      0.316      0.436      0.071      0.317     -0.124     -0.204
102.0000      -3928.999    -3954.775       25.776   326.9      0.820      0.930      0.474     -0.167     -0.250     -0.148
102.2500      -3930.205    -3956.002       25.797   327.2      0.940      0.388      0.105      0.218     -0.329     -0.040
102.5000      -3930.068    -3955.594       25.526   323.7      0.750      0.899      0.192     -0.157     -0.085      0.005
102.7500      -3931.443    -3956.496       25.054   317.7      0.370      0.471     -0.269     -0.072      0.015     -0.281
103.0000      -3932.472    -3958.412       25.940   329.0      0.400      0.427     -0.290      0.061     -0.190      0.052
103.2500      -3931.017    -3956.622       25.606   324.7      0.918      0.994      0.135     -0.363     -0.331     -0.017
103.5000      -3931.188    -3958.161       26.972   342.1      0.254      0.353      0.365     -0.108     -0.217     -0.258
103.7500      -3930.848    -3955.174       24.326   308.5      0.510      0.644      0.216      0.054     -0.120     -0.003
104.0000      -3930.133    -3955.335       25.203   319.6      0.609      0.846      0.356     -0.010      0.149     -0.304
104.2500      -3930.835    -3956.825       25.990   329.6      0.893      0.981      0.367     -0.047      0.064     -0.246
104.5000      -3930.256    -3955.960       25.704   326.0      0.563      0.652     -0.296     -0.181      0.207      0.080
104.7500      -3929.718    -3956.322       26.604   337.4      0.905      0.836      0.128     -0.259     -0.007      0.159
105.0000      -3926.303    -3954.602       28.298   358.9      1.047      1.012      0.781      0.381     -0.283      0.194
105.2500      -3928.496    -3956.146       27.650   350.7      0.945     -0.012      0.277      0.071     -0.054     -0.148
105.5000      -3930.464    -3957.289       26.825   340.2      0.463      0.475     -0.271     -0.105     -0.109     -0.165
105.7500      -3931.582    -3956.643       25.061   317.8      0.642      1.157      0.059      0.341      0.233      0.016
106.0000      -3930.724    -3956.781       26.056   330.5      1.150      0.765     -0.589      0.165      0.120     -0.097
106.2500      -3930.241    -3957.220       26.978   342.2      1.212      1.112      0.324      0.047      0.046      0.253
106.5000      -3931.880    -3956.586       24.706   313.3      0.603      0.426     -0.015      0.321      0.101     -0.108
106.7500      -3930.900    -3957.209       26.309   333.7      0.778      0.533     -0.497     -0.049      0.035      0.180
107.0000      -3929.631    -3955.620       25.988   329.6      0.761      0.797      0.296     -0.315      0.077     -0.150
107.2500      -3930.855    -3956.765       25.910   328.6      0.976      0.801     -0.136      0.046      0.089     -0.034
107.5000      -3930.706    -3957.107       26.401   334.8      0.311      0.867     -0.128     -0.435     -0.003     -0.079
107.7500      -3929.874    -3956.504       26.630   337.7      0.709      1.019      0.071     -0.223     -0.277     -0.042
108.0000      -3929.901    -3955.880       25.979   329.5      0.236      0.709     -0.560      0.289     -0.213      0.263
108.2500      -3931.120    -3956.592       25.472   323.1      0.729      0.806      0.176      0.076      0.032      0.030
108.5000      -3931.095    -3957.059       25.964   329.3      0.806      0.978     -0.131      0.007     -0.056     -0.034
108.7500      -3932.451    -3957.653       25.201   319.6      0.605      0.613      0.470     -0.052     -0.272     -0.170
109.0000      -3932.291    -3958.013       25.721   326.2      0.396      0.455     -0.434     -0.219     -0.247      0.006
109.2500      -3930.906    -3957.520       26.614   337.5      0.813      0.521      0.070      0.324     -0.014      0.152
109.5000      -3931.734    -3957.804       26.070   330.6      1.238      1.014      0.946      0.048      0.310      0.123
109.7500      -3930.947    -3956.864       25.917   328.7      0.422      0.500      0.277      0.175      0.033      0.163
110.0000      -3929.964    -3956.450       26.486   335.9      0.710      0.850      0.184      0.278      0.165     -0.124
110.2500      -3930.069    -3955.823       25.754   326.6      0.557      0.675      0.314     -0.174     -0.302     -0.132
110.5000      -3930.144    -3956.142       25.997   329.7      1.178      0.370      1.049      0.024      0.031      0.022
110.7500      -3928.275    -3956.048       27.773   352.2      0.832      0.434     -0.111      0.115      0.052     -0.160
111.0000      -3930.009    -3955.748       25.739   326.4      0.046      0.339      0.217     -0.487     -0.018      0.206
111.2500      -3929.408    -3954.346       24.938   316.3      1.297      1.082      0.967     -0.118      0.033     -0.346
111.5000      -3929.859    -3955.890       26.032   330.1     -0.037      0.973      0.044      0.162     -0.202      0.148
111.7500      -3930.379    -3956.025       25.646   325.3      1.286      1.083      0.660      0.328      0.017     -0.291
112.0000      -3933.230    -3957.382       24.151   306.3      0.768      0.787      0.217      0.204      0.039      0.107
112.2500      -3930.940    -3956.671       25.731   326.3      0.628      0.988      0.037     -0.028      0.194     -0.039
112.5000      -3929.808    -3956.718       26.910   341.3      0.528      1.042      0.510      0.099     -0.267     -0.066
112.7500      -3930.811    -3956.484       25.673   325.6      1.356      0.825      0.398      0.239     -0.203     -0.042
113.0000      -3932.761    -3957.346       24.585   311.8      1.148      1.434      0.198      0.047      0.058     -0.198
113.2500      -3931.548    -3956.683       25.135   318.8      0.616      0.658     -0.273      0.215      0.213      0.044
113.5000      -3933.060    -3957.537       24.477   310.4      0.934      0.635     -0.301     -0.031     -0.516      0.049
113.7500      -3932.515    -3957.275       24.760   314.0      1.245      1.142      0.472      0.112     -0.176     -0.031
114.0000      -3931.519    -3958.555       27.036   342.9      0.585      0.797      0.214     -0.002      0.151     -0.037
114.2500      -3930.997    -3957.245       26.249   332.9      0.694      0.961      0.593      0.153     -0.240     -0.052
114.5000      -3930.071    -3956.778       26.707   338.7      0.964      0.997      0.218      0.249      0.230      0.069
114.7500      -3929.598    -3955.087       25.489   323.3      0.478      0.374     -0.086      0.142      0.109     -0.078
115.0000      -3930.492    -3955.418       24.926   316.1      0.935      1.131      0.309      0.190      0.183      0.051
115.2500      -3930.540    -3956.128       25.589   324.5      0.880      0.522      0.302     -0.213      0.263     -0.100
115.5000      -3931.939    -3956.524       24.585   311.8      0.634      0.238      0.380      0.182      0.155      0.078
115.7500      -3931.450    -3955.841       24.391   309.3      0.799      0.667      0.588      0.027     -0.004     -0.103
116.0000      -3930.187    -3956.883       26.696   338.6      0.481      0.911      0.084     -0.207     -0.135     -0.250
116.2500      -3930.971    -3956.212       25.241   320.1      0.949      0.398      0.204     -0.022      0.106      0.105
116.5000      -3932.188    -3957.704       25.516   323.6      0.714      0.542      0.530     -0.165     -0.034     -0.092
116.7500      -3933.244    -3959.042       25.798   327.2      0.031      0.207     -0.090      0.128      0.183     -0.014
117.0000      -3933.398    -3958.204       24.806   314.6      0.982      0.645      1.102      0.239     -0.019      0.040
117.2500      -3932.912    -3957.908       24.996   317.0      1.183      0.757      0.222      0.229     -0.014     -0.047
117.5000      -3932.568    -3958.670       26.102   331.0      0.653      0.077     -0.190      0.160     -0.253      0.035
117.7500      -3932.074    -3956.853       24.779   314.3      0.433      0.794      0.235     -0.228     -0.400      0.098
118.0000      -3931.424    -3958.011       26.587   337.2      0.684      0.575      0.068     -0.099      0.151     -0.089
118.2500      -3932.153    -3957.048       24.894   315.7      0.360      0.872      0.397      0.018      0.133     -0.023
118.5000      -3931.626    -3958.172       26.546   336.7      1.197      0.878      0.625      0.400      0.135      0.078
118.7500      -3932.060    -3957.075       25.015   317.3      1.211      0.964      0.706      0.224     -0.092     -0.076
119.0000      -3931.849    -3956.917       25.068   317.9      0.726      0.832      0.225     -0.178      0.036     -0.268
119.2500      -3933.175    -3957.694       24.519   311.0      1.135      0.645      0.333     -0.373      0.140     -0.248
119.5000      -3929.346    -3955.736       26.390   334.7      0.548      0.906      0.778     -0.111      0.263      0.343
119.7500      -3928.602    -3955.328       26.725   338.9      1.090      0.695      0.473      0.116      0.326      0.063
120.0000      -3929.778    -3957.257       27.480   348.5      1.145      0.603      0.299     -0.061     -0.007     -0.181
120.2500      -3929.505    -3956.128       26.624   337.7      0.657      1.006      0.283      0.252     -0.117     -0.135
120.5000      -3930.344    -3955.660       25.315   321.1      0.656      0.889      0.478      0.107     -0.360     -0.087
120.7500      -3930.501    -3955.761       25.260   320.4      1.116      1.698      0.715      0.168      0.199     -0.194
121.0000      -3930.357    -3956.292       25.935   328.9      0.525      0.677     -0.105      0.072      0.451      0.143
121.2500      -3929.778    -3955.403       25.625   325.0      1.058      0.857      0.486      0.223      0.257     -0.018
121.5000      -3931.603    -3957.444       25.840   327.7      0.668      0.823      0.379     -0.183      0.028      0.194
121.7500      -3931.537    -3956.909       25.371   321.8      0.605      0.628     -0.181     -0.355     -0.463      0.459
122.0000      -3930.351    -3955.850       25.499   323.4      0.502      1.143      0.899     -0.320     -0.421     -0.051
122.2500      -3929.213    -3955.583       26.370   334.4      0.822      1.147      0.489     -0.115      0.094     -0.037
122.5000      -3930.216    -3956.416       26.199   332.3      0.733      1.179      0.687     -0.090      0.270      0.109
122.7500      -3929.972    -3956.389       26.417   335.0      0.348      0.815      0.431      0.038     -0.040     -0.072
123.0000      -3929.262    -3956.615       27.353   346.9      0.775      0.313     -0.022     -0.243      0.012     -0.264
123.2500      -3930.084    -3956.424       26.340   334.1      0.425      0.828      0.057     -0.037     -0.124     -0.147
123.5000      -3929.755    -3955.375       25.620   324.9      0.670      0.264      0.300     -0.061     -0.049     -0.032
123.7500      -3930.072    -3956.819       26.747   339.2      0.711      1.163      0.208     -0.081      0.157     -0.039
124.0000      -3929.874    -3956.560       26.686   338.4      0.238      0.781     -0.185     -0.035      0.107     -0.006
124.2500      -3930.895    -3955.566       24.671   312.9      0.295      0.973     -0.126      0.070     -0.154      0.007
124.5000      -3929.678    -3955.633       25.955   329.2      0.857      1.061      0.507     -0.025      0.314      0.018
124.7500      -3930.405    -3955.595       25.189   319.5      0.622      0.652      0.159      0.119     -0.065     -0.055
125.0000      -3930.235    -3956.070       25.834   327.6      1.076      1.039      0.811      0.172     -0.153      0.067
125.2500      -3929.212    -3955.856       26.644   337.9      0.340      1.257     -0.217     -0.138     -0.101     -0.091
125.5000      -3931.190    -3956.281       25.091   318.2      0.818      0.707      0.582     -0.037     -0.383     -0.138
125.7500      -3932.607    -3957.515       24.909   315.9      0.950      1.287      0.680      0.045     -0.220     -0.109
126.0000      -3932.501    -3957.429       24.929   316.2      0.275      0.308      0.076     -0.103      0.065     -0.185
126.2500      -3932.739    -3956.493       23.754   301.3      1.010      1.256      0.911     -0.159     -0.304      0.008
126.5000      -3930.747    -3956.548       25.801   327.2      0.043      0.627     -0.019     -0.036     -0.005      0.024
126.7500      -3930.674    -3956.277       25.603   324.7      0.792      1.459      0.222     -0.018     -0.024     -0.034
127.0000      -3930.345    -3956.155       25.811   327.3      0.789      0.028      0.421      0.381     -0.071      0.059
127.2500      -3930.401    -3956.863       26.462   335.6      0.346      1.627      0.338      0.199      0.125      0.241
127.5000      -3929.162    -3955.955       26.793   339.8      1.023      0.463      0.191      0.174      0.119     -0.389
127.7500      -3930.129    -3957.546       27.417   347.7      0.350     -0.023     -0.159      0.149     -0.177     -0.257
128.0000      -3929.904    -3956.128       26.224   332.6      0.465      1.231      0.087     -0.122     -0.123      0.097
128.2500      -3930.989    -3956.654       25.665   325.5      0.684      1.141      0.371     -0.356     -0.283     -0.090
128.5000      -3931.698    -3956.601       24.903   315.8      0.084      0.890      0.275      0.321     -0.264      0.075
128.7500      -3930.981    -3956.220       25.239   320.1      0.273      0.362      0.203      0.347     -0.132      0.054
129.0000      -3931.805    -3955.877       24.072   305.3      0.400      0.621      0.726      0.189      0.284     -0.025
129.2500      -3930.368    -3957.256       26.888   341.0      0.038      0.730      0.036      0.150      0.151     -0.061
129.5000      -3928.792    -3954.948       26.156   331.7      0.286      0.589      0.490      0.226     -0.245     -0.042
129.7500      -3928.517    -3954.763       26.246   332.9      1.192      0.910      0.141      0.169     -0.296      0.087
130.0000      -3929.953    -3955.927       25.974   329.4      0.266      0.670     -0.127     -0.102      0.158      0.008
130.2500      -3930.329    -3955.237       24.908   315.9      0.995      0.791      0.409     -0.031     -0.025     -0.052
130.5000      -3928.250    -3955.361       27.111   343.8      0.674      0.609      0.070      0.132      0.311     -0.031
130.7500      -3932.127    -3957.640       25.513   323.6      0.437      1.400     -0.167      0.030     -0.083      0.135
131.0000      -3931.408    -3957.146       25.738   326.4      0.206      1.301      0.689      0.367     -0.126      0.086
131.2500      -3929.439    -3955.632       26.193   332.2      0.747      0.197     -0.678     -0.010     -0.244      0.088
131.5000      -3929.730    -3956.410       26.680   338.4      1.346      1.081      0.616      0.099      0.163     -0.093
131.7500      -3930.190    -3955.194       25.005   317.1      0.993      0.918      0.366      0.002      0.127     -0.227
132.0000      -3929.414    -3955.771       26.356   334.3      0.933      0.793      0.295     -0.075     -0.267      0.090
132.2500      -3930.518    -3956.760       26.242   332.8      0.917      0.753      0.602      0.252      0.059      0.068
132.5000      -3930.183    -3956.732       26.550   336.7      0.652      0.562     -0.104     -0.144      0.153      0.001
132.7500      -3928.978    -3956.122       27.144   344.3      0.865      0.971      0.700     -0.112      0.005      0.165
133.0000      -3928.442    -3953.620       25.178   319.3      0.442      0.933      0.707      0.327     -0.063     -0.058
133.2500      -3929.191    -3956.175       26.984   342.2      0.805      0.678     -0.020      0.070     -0.285     -0.126
133.5000      -3929.431    -3955.418       25.987   329.6      0.822      0.478      0.504     -0.029     -0.404      0.161
133.7500      -3927.545    -3954.610       27.066   343.3      0.351      0.855      0.199      0.178     -0.139      0.052
134.0000      -3929.037    -3953.010       23.973   304.0      0.584      0.938     -0.136      0.093      0.262      0.147
134.2500      -3929.006    -3954.448       25.441   322.7      0.631      0.830      0.173     -0.479      0.624      0.302
134.5000      -3929.481    -3954.531       25.050   317.7      0.494      0.824      0.305      0.110      0.159      0.001
134.7500      -3930.402    -3956.704       26.302   333.6      0.134      0.389     -0.435      0.059     -0.159     -0.052
135.0000      -3931.054    -3955.612       24.558   311.5      0.678      0.926      0.264      0.061     -0.118     -0.108
135.2500      -3930.939    -3955.504       24.565   311.5      0.461      0.919     -0.127     -0.003     -0.191     -0.374
135.5000      -3930.077    -3957.187       27.111   343.8      1.103      0.827      0.635      0.183      0.168      0.217
135.7500      -3930.112    -3955.095       24.983   316.9      0.410      0.476      0.053      0.090      0.395      0.124
136.0000      -3929.594    -3956.007       26.413   335.0      0.991      0.717      0.295      0.052      0.025     -0.142
136.2500      -3928.493    -3954.314       25.821   327.5      0.936      1.006      0.388      0.154     -0.041      0.124
136.5000      -3928.303    -3954.307       26.004   329.8      0.466      0.933     -0.171     -0.089      0.070      0.203
136.7500      -3927.726    -3954.156       26.430   335.2      0.632      1.054      0.446      0.435      0.071     -0.220
137.0000      -3930.500    -3956.268       25.768   326.8      0.784      0.761      1.030      0.488      0.012     -0.299
137.2500      -3930.026    -3955.454       25.428   322.5      1.003      1.224      0.538     -0.004     -0.276     -0.140
137.5000      -3928.472    -3953.930       25.458   322.9      0.820      0.874      0.691      0.070     -0.126      0.123
137.7500      -3929.610    -3955.038       25.428   322.5      0.876      0.787      0.154      0.097      0.025     -0.034
138.0000      -3928.043    -3953.515       25.472   323.1      1.485      0.651     -0.207     -0.159     -0.035     -0.016
138.2500      -3928.873    -3954.540       25.666   325.5      1.114      0.730      0.352     -0.202      0.278      0.107
138.5000      -3928.683    -3955.727       27.044   343.0      0.367      0.463     -0.262      0.264      0.142     -0.058
138.7500      -3929.595    -3956.762       27.167   344.5      0.986      0.936      0.691      0.084      0.325      0.260
139.0000      -3927.537    -3954.907       27.370   347.1      0.876      1.176      0.506      0.111      0.313     -0.091
139.2500      -3929.919    -3955.379       25.459   322.9      0.487      0.674      0.525     -0.299     -0.095     -0.113
139.5000      -3930.655    -3956.859       26.204   332.3      0.624      0.601      0.380     -0.063      0.180      0.221
139.7500      -3929.972    -3956.123       26.151   331.7      0.788      1.046      0.341     -0.135     -0.073     -0.060
140.0000      -3931.404    -3957.267       25.862   328.0      0.729      0.886      0.303      0.234      0.144      0.211
140.2500      -3932.441    -3957.735       25.295   320.8      0.409      0.250     -0.082      0.103      0.173      0.138
140.5000      -3931.182    -3956.721       25.539   323.9      0.796      0.737     -0.127     -0.039     -0.064     -0.190
140.7500      -3931.738    -3956.563       24.825   314.8      1.345      0.906      1.009      0.018     -0.097     -0.046
141.0000      -3931.521    -3957.986       26.466   335.7      0.216      0.356      0.129      0.193      0.005      0.007
141.2500      -3931.242    -3958.364       27.122   344.0      1.026      0.438      0.321      0.193      0.201     -0.011
141.5000      -3931.354    -3957.007       25.653   325.3      0.840      0.660     -0.075      0.037      0.092     -0.063
141.7500      -3931.453    -3957.449       25.996   329.7      0.438      0.002     -0.170      0.181     -0.293     -0.066
142.0000      -3932.292    -3958.856       26.563   336.9      0.916      0.938      0.981      0.163     -0.362     -0.041
142.2500      -3932.147    -3957.580       25.433   322.6      0.346      0.742      0.117     -0.453     -0.004      0.050
142.5000      -3931.245    -3956.333       25.088   318.2      0.496      1.087      0.243     -0.390      0.214     -0.016
142.7500      -3930.691    -3957.624       26.932   341.6      0.369      0.487     -0.587      0.081      0.378     -0.105
143.0000      -3930.643    -3956.453       25.811   327.3      0.080      0.953     -0.012      0.365      0.397     -0.012
143.2500      -3930.144    -3956.582       26.438   335.3      0.567      1.058      0.712      0.032     -0.166     -0.062
143.5000      -3931.473    -3957.219       25.746   326.5      0.787      1.180      0.647      0.279     -0.014     -0.143
143.7500      -3932.440    -3957.289       24.849   315.1      0.921      1.277      0.466     -0.003     -0.048     -0.034
144.0000      -3930.533    -3956.509       25.976   329.4      0.499      0.624      0.069      0.297      0.223      0.265
144.2500      -3930.300    -3956.169       25.869   328.1      1.098      1.313      0.409     -0.017      0.161      0.156
144.5000      -3929.897    -3955.662       25.765   326.8      0.792      1.062      0.585      0.219     -0.177      0.124
144.7500      -3928.992    -3955.006       26.014   329.9      0.638      0.808     -0.229      0.122      0.008     -0.023
145.0000      -3928.977    -3955.689       26.712   338.8      0.815      0.815      0.096      0.067      0.202     -0.247
145.2500      -3929.922    -3956.229       26.307   333.6      0.934      0.689      0.738     -0.139      0.016      0.144
145.5000      -3928.788    -3955.225       26.437   335.3      0.979      0.774      0.174     -0.144      0.035     -0.095
145.7500      -3928.526    -3954.641       26.114   331.2      0.242      0.745      0.390     -0.080     -0.129      0.048
146.0000      -3928.794    -3956.787       27.992   355.0      0.898      0.440      0.180      0.074     -0.113     -0.050
146.2500      -3929.888    -3955.919       26.031   330.1      1.012      1.271     -0.116     -0.110     -0.012     -0.052
146.5000      -3929.605    -3955.217       25.612   324.8      0.936      0.464     -0.064     -0.050      0.133      0.085
146.7500      -3928.505    -3954.800       26.296   333.5      0.514      0.948      0.302     -0.103      0.230      0.252
147.0000      -3928.889    -3956.067       27.178   344.7      0.598      0.568      0.076     -0.183      0.434      0.022
147.2500      -3929.044    -3955.419       26.375   334.5      0.433      1.188      0.326     -0.119     -0.042      0.205
147.5000      -3929.055    -3955.707       26.652   338.0      0.312      1.073      0.066     -0.434     -0.347     -0.064
147.7500      -3928.810    -3954.736       25.926   328.8      0.431      0.914      0.375     -0.083     -0.290      0.013
148.0000      -3929.960    -3956.202       26.242   332.8      0.360      0.897      0.591     -0.047     -0.256     -0.049
148.2500      -3929.996    -3955.325       25.329   321.2      0.117      0.299      0.400     -0.165     -0.106      0.098
148.5000      -3929.803    -3956.024       26.222   332.6      0.624      0.488      0.725      0.041      0.420     -0.010
148.7500      -3928.656    -3955.750       27.094   343.6      0.550      0.950      0.514     -0.214      0.515      0.054
149.0000      -3928.748    -3954.518       25.769   326.8      0.416      0.893      0.082     -0.453      0.223     -0.026
149.2500      -3931.323    -3956.596       25.273   320.5      0.790      0.705      0.265     -0.029      0.229     -0.085
149.5000      -3930.680    -3956.301       25.621   324.9      0.252      0.621      0.392      0.110     -0.138     -0.197
149.7500      -3930.733    -3956.719       25.987   329.6      0.201      0.574     -0.106      0.191     -0.093     -0.379
150.0000      -3930.642    -3956.741       26.099   331.0      0.643      1.349      0.563      0.029     -0.081      0.022
150.2500      -3930.642    -3956.241       25.599   324.7      0.797      0.662      0.650      0.119     -0.619     -0.109
150.5000      -3929.402    -3956.438       27.037   342.9      0.573      0.581      0.157     -0.000     -0.143     -0.179
150.7500      -3929.886    -3956.439       26.553   336.8      0.489      0.510      0.261      0.116     -0.123     -0.072
151.0000      -3930.881    -3956.648       25.767   326.8      1.015      1.133      0.161      0.627     -0.079     -0.199
151.2500      -3930.557    -3955.710       25.153   319.0      1.007      1.123      0.171      0.113     -0.254      0.005
151.5000      -3929.412    -3955.568       26.157   331.7      0.380      0.972      0.596      0.005      0.111     -0.168
151.7500      -3929.572    -3955.859       26.287   333.4      1.007      0.901      0.305     -0.140      0.005     -0.027
152.0000      -3928.919    -3956.189       27.270   345.9      0.639      0.797      0.252     -0.555     -0.069     -0.157
152.2500      -3927.999    -3955.385       27.386   347.3      1.558      1.592      0.810     -0.180     -0.186     -0.149
152.5000      -3927.943    -3955.000       27.058   343.2      0.963      0.943      0.319     -0.062     -0.172      0.048
152.7500      -3927.977    -3954.564       26.587   337.2      0.595      1.234      0.253      0.359      0.082      0.368
153.0000      -3928.646    -3954.730       26.084   330.8      0.668      1.070      0.237      0.093      0.620      0.059
153.2500      -3929.220    -3955.792       26.571   337.0      0.637      0.425      0.224     -0.158      0.296      0.357
153.5000      -3930.598    -3956.365       25.767   326.8      1.098      0.359      0.165      0.072      0.137     -0.208
153.7500      -3930.481    -3957.536       27.055   343.1      0.291      0.917      0.001     -0.037      0.099      0.008
154.0000      -3931.444    -3956.797       25.354   321.5      0.528      1.384     -0.549     -0.025     -0.050     -0.083
154.2500      -3931.615    -3957.750       26.134   331.4      1.214      0.867      0.152      0.063     -0.172      0.156
154.5000      -3933.302    -3958.413       25.111   318.5      0.756      0.732     -0.449      0.288      0.143      0.388
154.7500      -3932.128    -3957.611       25.482   323.2      0.560      0.665     -0.075      0.400      0.178      0.023
155.0000      -3931.117    -3957.635       26.518   336.3      0.891      0.880      0.152      0.371      0.086     -0.065
155.2500      -3931.054    -3957.083       26.030   330.1      0.644      0.898      0.179      0.157     -0.095      0.076
155.5000      -3929.168    -3956.355       27.187   344.8      0.748      1.261      0.006      0.110      0.097      0.003
155.7500      -3932.274    -3957.196       24.921   316.1      0.688      0.393      0.201     -0.109      0.165     -0.078
156.0000      -3931.352    -3957.091       25.740   326.4      0.118      0.698     -0.081     -0.099     -0.245      0.167
156.2500      -3933.406    -3958.446       25.040   317.6      0.615      0.458      0.069     -0.157     -0.020     -0.126
156.5000      -3931.224    -3958.213       26.989   342.3      0.254      0.725     -0.269     -0.349      0.087      0.036
156.7500      -3931.532    -3957.189       25.657   325.4      0.756      0.713      0.063     -0.126      0.229      0.282
157.0000      -3931.644    -3956.662       25.018   317.3      1.105      0.992      0.810      0.061      0.232     -0.008
157.2500      -3931.347    -3955.786       24.438   309.9      1.067      0.959      0.149      0.124      0.035      0.127
157.5000      -3930.080    -3956.471       26.391   334.7      0.645      0.918      0.515      0.118      0.187      0.151
157.7500      -3929.516    -3956.126       26.610   337.5      1.170      0.904     -0.207      0.307      0.001      0.024
158.0000      -3930.987    -3955.907       24.920   316.1      0.838      1.041      0.153     -0.134     -0.095      0.021
158.2500      -3930.501    -3956.981       26.480   335.8      0.464      0.642      0.428      0.118     -0.067     -0.181
158.5000      -3930.451    -3956.674       26.223   332.6      0.529      0.806      0.380     -0.017     -0.068     -0.001
158.7500      -3932.360    -3958.716       26.356   334.3      0.876      1.408      0.424      0.004     -0.092     -0.123
159.0000      -3932.570    -3958.690       26.120   331.3      1.358      0.799      0.480     -0.068     -0.015     -0.070
159.2500      -3932.461    -3957.315       24.854   315.2      0.372      0.418     -0.061      0.058     -0.332     -0.112
159.5000      -3932.553    -3957.721       25.168   319.2      0.245      0.153      0.010      0.052      0.180     -0.051
159.7500      -3932.194    -3957.629       25.435   322.6      0.764      0.226      0.514     -0.261     -0.083     -0.190
160.0000      -3930.946    -3955.926       24.980   316.8      0.726      0.531      0.169      0.062      0.093      0.111
160.2500      -3929.992    -3955.320       25.329   321.2      0.283      0.701     -0.371     -0.122      0.072      0.039
160.5000      -3929.112    -3956.412       27.300   346.2      0.642      0.375      0.545     -0.132     -0.179      0.166
160.7500      -3928.294    -3955.837       27.544   349.3      0.881      0.612     -0.198     -0.103      0.039      0.231
161.0000      -3928.430    -3954.484       26.054   330.4      1.195      0.525      0.391      0.060      0.233     -0.104
161.2500      -3930.793    -3956.518       25.724   326.2      0.916      1.101      0.471     -0.237     -0.148     -0.175
161.5000      -3933.095    -3958.227       25.132   318.7      1.042      0.761      0.468     -0.401     -0.167     -0.058
161.7500      -3930.314    -3956.367       26.052   330.4      0.481      0.611      0.479      0.072     -0.150      0.087
162.0000      -3928.735    -3954.854       26.119   331.3      0.222      0.330     -0.254      0.257     -0.174      0.041
162.2500      -3929.961    -3954.970       25.008   317.2      1.208      0.731      0.105      0.048      0.367     -0.073
162.5000      -3931.694    -3957.728       26.033   330.2      0.768      0.358      0.112      0.030     -0.012     -0.122
162.7500      -3930.520    -3957.243       26.723   338.9      0.611      0.841      0.432     -0.011     -0.169     -0.079
163.0000      -3929.612    -3955.129       25.517   323.6      0.640      0.960     -0.201      0.173     -0.305      0.157
163.2500      -3930.873    -3955.338       24.464   310.3      0.820      0.852     -0.190     -0.098      0.081     -0.307
163.5000      -3929.688    -3956.091       26.403   334.9      1.072      1.075     -0.082      0.412      0.235     -0.023
163.7500      -3931.113    -3956.437       25.323   321.2     -0.019      0.899     -0.337      0.010      0.157      0.273
164.0000      -3929.847    -3957.394       27.546   349.4      1.023      1.086      1.036      0.192     -0.147      0.212
164.2500      -3932.064    -3956.403       24.339   308.7      0.945      0.811      0.483      0.094     -0.171     -0.119
164.5000      -3930.800    -3956.198       25.399   322.1      0.303      0.661     -0.046     -0.428      0.056      0.101
164.7500      -3928.641    -3954.856       26.215   332.5      0.939      0.844      0.737     -0.078      0.265     -0.235
165.0000      -3931.101    -3955.665       24.563   311.5      0.707      0.840      0.375      0.075      0.442     -0.207
165.2500      -3929.671    -3955.290       25.618   324.9      0.716      0.693      0.416     -0.043      0.161     -0.164
165.5000      -3931.109    -3956.520       25.411   322.3      0.662      1.196     -0.013     -0.022     -0.041     -0.099
165.7500      -3929.971    -3956.501       26.529   336.5      1.315      0.873      0.525     -0.226     -0.223     -0.191
166.0000      -3930.248    -3955.122       24.874   315.5      0.466      0.722      0.064      0.027     -0.366     -0.376
166.2500      -3930.530    -3957.019       26.489   335.9      0.594      0.706     -0.115      0.177      0.187     -0.180
166.5000      -3930.346    -3956.144       25.797   327.2      1.055      0.303      0.312      0.337     -0.044      0.090
166.7500      -3930.464    -3955.878       25.415   322.3      0.650      0.939      0.539      0.136      0.122      0.092
167.0000      -3931.259    -3957.067       25.808   327.3      0.728      1.232      0.430     -0.265      0.351     -0.231
167.2500      -3931.812    -3957.663       25.851   327.9      1.037      0.827      0.080     -0.167     -0.077      0.034
167.5000      -3931.637    -3957.896       26.258   333.0      1.445      0.904      0.425     -0.132     -0.146      0.162
167.7500      -3930.824    -3956.224       25.400   322.1      0.720      0.788     -0.255      0.076     -0.066      0.068
168.0000      -3931.352    -3957.292       25.940   329.0      0.938      1.148      0.898     -0.102     -0.011      0.098
168.2500      -3929.876    -3955.516       25.639   325.2      1.046      0.740      0.270      0.243     -0.101     -0.115
168.5000      -3932.366    -3957.244       24.878   315.5      1.231      0.581      0.317      0.113      0.043     -0.062
168.7500      -3931.313    -3955.950       24.636   312.5      1.022      0.747      0.485      0.099      0.107     -0.096
169.0000      -3932.727    -3957.885       25.159   319.1      0.775      0.967      0.132     -0.070      0.383     -0.242
169.2500      -3932.673    -3958.502       25.830   327.6      0.660      1.335      0.860     -0.052      0.215      0.009
169.5000      -3931.952    -3958.407       26.455   335.5      1.392      1.014      1.146     -0.132     -0.018      0.016
169.7500      -3932.525    -3957.406       24.881   315.6      0.393      0.656      0.334     -0.002      0.238     -0.181
170.0000      -3930.182    -3957.460       27.278   346.0      0.601      0.746     -0.180     -0.449     -0.204     -0.217
170.2500      -3932.622    -3958.147       25.526   323.7      1.223      1.041      0.825     -0.223      0.202     -0.110
170.5000      -3933.262    -3958.650       25.388   322.0      0.628      0.926      0.186      0.074     -0.100     -0.383
170.7500      -3932.717    -3958.479       25.762   326.7      0.380      0.711      0.159      0.302     -0.183      0.103
171.0000      -3931.769    -3957.352       25.583   324.5      0.901      0.405      0.031      0.148      0.040     -0.116
171.2500      -3932.243    -3958.285       26.042   330.3      0.194      0.154     -0.297      0.128     -0.123     -0.034
171.5000      -3932.241    -3957.913       25.672   325.6      0.782      0.947     -0.082      0.185      0.304      0.233
171.7500      -3931.452    -3957.264       25.813   327.4      0.816      0.512     -0.056     -0.341      0.257     -0.171
172.0000      -3932.688    -3957.326       24.638   312.5      0.389      0.022      0.194      0.031      0.112      0.017
172.2500      -3933.660    -3957.215       23.555   298.7      1.151      0.812      0.045      0.139     -0.067      0.077
172.5000      -3933.567    -3958.700       25.132   318.7      0.406      0.923      0.309     -0.056     -0.295     -0.246
172.7500      -3932.238    -3958.254       26.016   329.9     -0.013      0.200     -0.041      0.021      0.078     -0.080
173.0000      -3931.547    -3957.941       26.394   334.7      0.885      0.412      0.069      0.039      0.166      0.012
173.2500      -3932.827    -3957.330       24.503   310.8     -0.046      0.697      0.070     -0.142      0.148     -0.053
173.5000      -3931.064    -3956.565       25.501   323.4      0.751      0.790      0.082     -0.019     -0.083      0.320
173.7500      -3931.635    -3957.845       26.210   332.4      0.625      0.628      0.285      0.007      0.048      0.001
174.0000      -3931.973    -3957.584       25.611   324.8      1.001      0.867      0.207      0.147      0.156     -0.234
174.2500      -3931.187    -3957.063       25.876   328.2      0.886      0.404      0.045     -0.043      0.110     -0.139
174.5000      -3931.288    -3956.647       25.360   321.6      0.801      0.775      0.150      0.022      0.271     -0.229
174.7500      -3930.674    -3956.267       25.593   324.6      0.729      0.487     -0.092     -0.028      0.011      0.274
175.0000      -3930.948    -3958.044       27.096   343.7      0.149      0.786     -0.184     -0.287     -0.037     -0.130
175.2500      -3931.191    -3957.907       26.716   338.8      0.519      0.988      0.656      0.079     -0.187      0.110
175.5000      -3932.676    -3957.156       24.479   310.5      0.575      0.849      0.572     -0.093      0.225      0.166
175.7500      -3931.422    -3957.123       25.702   326.0      0.445      0.703     -0.149      0.208     -0.251      0.038
176.0000      -3931.308    -3956.265       24.957   316.5      0.505     -0.082     -0.006      0.102     -0.193     -0.003
176.2500      -3931.332    -3957.511       26.179   332.0      1.157      0.938     -0.081     -0.184     -0.171     -0.315
176.5000      -3931.063    -3956.635       25.571   324.3      0.962      1.070      0.935     -0.399      0.315      0.248
176.7500      -3931.289    -3957.717       26.427   335.2      0.045      0.757      0.099     -0.363      0.191     -0.055
177.0000      -3930.504    -3955.559       25.056   317.8      0.577      0.593     -0.062     -0.101     -0.157     -0.023
177.2500      -3931.901    -3957.190       25.289   320.7      0.957      1.267      0.985     -0.348      0.076      0.282
177.5000      -3930.177    -3956.376       26.199   332.3      0.798      0.589     -0.287     -0.118      0.475      0.073
177.7500      -3927.888    -3955.441       27.553   349.4      0.757      1.104      0.300      0.129      0.002      0.074
178.0000      -3929.504    -3956.066       26.561   336.9      0.773      0.892     -0.313      0.015      0.008      0.098
178.2500      -3931.308    -3957.537       26.229   332.7      1.162      0.812      0.034     -0.048     -0.060      0.120
178.5000      -3929.199    -3954.840       25.641   325.2      0.718      0.917      0.417      0.147     -0.272      0.092
178.7500      -3927.999    -3953.666       25.666   325.5      0.815      0.883      0.281     -0.048     -0.347     -0.075
179.0000      -3930.288    -3956.955       26.667   338.2      1.261      1.265      0.695      0.079     -0.640     -0.055
179.2500      -3929.740    -3955.104       25.365   321.7      0.707      0.968      0.267      0.050      0.150     -0.182
179.5000      -3929.344    -3956.191       26.847   340.5      0.786      1.171      0.292      0.570      0.552     -0.206
179.7500      -3930.374    -3955.808       25.434   322.6      0.642      0.701     -0.041      0.103     -0.054     -0.154
180.0000      -3929.867    -3955.176       25.308   321.0      1.015      0.680      0.797     -0.025      0.119      0.039
180.2500      -3929.450    -3956.746       27.295   346.2      0.476      0.995      0.406     -0.177      0.428      0.145
180.5000      -3928.741    -3956.027       27.286   346.1      0.938      0.737      0.523     -0.172     -0.110     -0.105
180.7500      -3928.889    -3954.285       25.396   322.1      0.732      1.430      0.615     -0.043     -0.200     -0.162
181.0000      -3928.070    -3954.990       26.920   341.4      0.645      0.879      0.730      0.119     -0.401     -0.190
181.2500      -3928.598    -3955.320       26.722   338.9      0.785      0.963     -0.117     -0.146     -0.496     -0.342
181.5000      -3929.564    -3955.648       26.084   330.8      0.564      0.949      0.115     -0.034     -0.340     -0.154
181.7500      -3929.847    -3955.732       25.885   328.3      0.814      0.857      0.132      0.019      0.098     -0.051
182.0000      -3931.126    -3956.049       24.923   316.1      1.099      0.710      0.439     -0.279      0.075     -0.015
182.2500      -3930.288    -3955.447       25.159   319.1      1.365      1.058      0.586     -0.052     -0.172     -0.010
182.5000      -3929.790    -3956.315       26.525   336.4      0.882      0.693      0.058      0.172     -0.175      0.075
182.7500      -3929.084    -3955.849       26.765   339.4      1.267      0.731      0.563      0.351     -0.368     -0.231
183.0000      -3930.847    -3956.561       25.714   326.1      0.864      1.032      0.300     -0.042     -0.113      0.249
183.2500      -3930.204    -3954.783       24.579   311.7      0.403      0.954     -0.088     -0.107      0.019      0.047
183.5000      -3928.911    -3956.525       27.614   350.2      0.925      0.797      0.359     -0.191      0.206      0.105
183.7500      -3929.385    -3955.330       25.944   329.0      0.527      0.753      0.476     -0.065     -0.132      0.056
184.0000      -3928.108    -3954.861       26.753   339.3      1.000      1.125      0.539      0.027     -0.137      0.082
184.2500      -3927.763    -3955.121       27.358   347.0      0.547      0.854      0.365      0.290     -0.185     -0.015
184.5000      -3927.409    -3953.780       26.370   334.4      0.362      0.330      0.470      0.121     -0.186      0.078
184.7500      -3926.890    -3953.910       27.020   342.7      0.404      0.477     -0.362     -0.172      0.080      0.046
185.0000      -3928.297    -3955.222       26.925   341.5      1.001      0.888      0.216     -0.130      0.154     -0.220
185.2500      -3930.335    -3955.789       25.454   322.8      1.133      0.816      0.044      0.087     -0.099      0.153
185.5000      -3929.184    -3956.471       27.287   346.1      0.673      0.641      0.070     -0.048      0.431     -0.053
185.7500      -3930.472    -3956.509       26.037   330.2      0.787      0.826      0.435      0.113      0.425     -0.034
186.0000      -3928.576    -3955.143       26.567   336.9      0.033      0.500      0.303     -0.034     -0.146     -0.009
186.2500      -3928.313    -3954.447       26.134   331.4      0.690      0.598      0.317     -0.264      0.148      0.111
186.5000      -3929.513    -3954.780       25.267   320.4      0.424      1.192      0.325      0.002     -0.030      0.063
186.7500      -3929.842    -3955.305       25.463   322.9      0.665      0.693      0.650      0.493      0.068     -0.018
187.0000      -3929.697    -3956.552       26.854   340.6      0.640      1.109      0.276      0.313      0.402     -0.024
187.2500      -3929.236    -3956.367       27.132   344.1      0.633      0.610     -0.072     -0.133      0.120     -0.145
187.5000      -3929.906    -3955.012       25.105   318.4      0.604      1.022      0.161     -0.156      0.296      0.101
187.7500      -3929.284    -3956.131       26.847   340.5      1.325      1.314      0.792     -0.020     -0.008      0.001
188.0000      -3929.990    -3955.154       25.164   319.1      0.454      0.638      0.207     -0.155      0.046      0.022
188.2500      -3930.343    -3957.058       26.715   338.8      0.430      0.944      0.585     -0.000     -0.503      0.005
188.5000      -3930.251    -3957.712       27.461   348.3      1.417      0.500      0.314     -0.286     -0.215     -0.161
188.7500      -3932.283    -3958.228       25.945   329.0      0.237      0.817     -0.114     -0.247      0.150      0.185
189.0000      -3931.760    -3958.002       26.242   332.8      1.153      0.915      0.566     -0.345     -0.157      0.004
189.2500      -3931.973    -3958.245       26.272   333.2      0.853      0.176     -0.325      0.200     -0.095     -0.074
189.5000      -3931.149    -3957.038       25.889   328.3      1.070      1.033      0.499      0.022     -0.184     -0.088
189.7500      -3931.123    -3956.394       25.271   320.5      0.643      0.676      0.070     -0.037      0.118     -0.196
190.0000      -3932.183    -3957.096       24.913   316.0      0.837      1.053      0.006     -0.121      0.032      0.066
190.2500      -3931.182    -3956.250       25.068   317.9      1.177      0.647      1.093      0.244     -0.078     -0.122
190.5000      -3931.713    -3959.099       27.386   347.3      0.292      0.654     -0.468      0.136     -0.321      0.092
190.7500      -3931.438    -3957.358       25.920   328.7      0.607      0.691     -0.153      0.141      0.255      0.123
191.0000      -3931.461    -3958.063       26.602   337.4      0.904      0.801     -0.021     -0.363     -0.046     -0.129
191.2500      -3933.523    -3959.573       26.050   330.4      0.622      0.329      0.005      0.245     -0.020     -0.152
191.5000      -3933.554    -3958.412       24.858   315.3      0.788      0.949      0.225     -0.156     -0.158      0.021
191.7500      -3933.213    -3957.811       24.598   312.0      0.510      0.554      0.366     -0.031     -0.173      0.100
192.0000      -3932.671    -3958.195       25.524   323.7      0.910      0.897      0.556     -0.121     -0.405      0.374
192.2500      -3932.488    -3956.607       24.119   305.9      0.096      0.818      0.447     -0.047     -0.154     -0.066
192.5000      -3931.712    -3956.350       24.638   312.5      0.648      1.053      0.312     -0.175      0.188      0.164
192.7500      -3929.915    -3956.636       26.721   338.9      0.877      0.718     -0.003      0.284     -0.103     -0.115
193.0000      -3930.932    -3957.720       26.788   339.7      1.061      0.815      0.117     -0.180     -0.205      0.099
193.2500      -3931.288    -3956.286       24.998   317.0      0.449      0.813      0.239     -0.076     -0.644     -0.162
193.5000      -3931.886    -3956.295       24.409   309.6      0.882      0.603     -0.038      0.017     -0.261      0.148
193.7500      -3931.265    -3957.510       26.245   332.9      0.528      0.843      0.573      0.036      0.058     -0.344
194.0000      -3932.066    -3957.006       24.940   316.3      0.346      0.683      0.398     -0.026      0.219      0.004
194.2500      -3932.123    -3957.554       25.430   322.5      0.598      0.551      0.235      0.216      0.284      0.372
194.5000      -3932.037    -3957.349       25.312   321.0      0.653      0.447      1.046      0.100      0.401      0.096
194.7500      -3932.899    -3957.574       24.675   312.9      0.771      0.786      0.355     -0.384     -0.072     -0.050
195.0000      -3931.770    -3957.074       25.304   320.9      1.055      0.808      0.694     -0.196      0.316     -0.102
195.2500      -3930.858    -3957.216       26.358   334.3      0.587      0.463      0.667     -0.256     -0.081     -0.114
195.5000      -3929.539    -3955.565       26.026   330.1      1.282      0.953     -0.033      0.175      0.073     -0.307
195.7500      -3929.581    -3956.769       27.188   344.8      1.189      1.040      0.240      0.015      0.152      0.069
196.0000      -3931.203    -3957.488       26.285   333.4      1.317      0.673      0.719      0.379      0.029     -0.280
196.2500      -3932.575    -3957.890       25.315   321.1      0.524      0.636      0.637      0.032     -0.159      0.071
196.5000      -3932.072    -3956.495       24.423   309.7      0.680      0.781     -0.054      0.003      0.219     -0.133
196.7500      -3931.203    -3955.910       24.707   313.3      1.076      1.059      1.049     -0.324     -0.050     -0.101
197.0000      -3931.807    -3956.403       24.596   311.9      0.919      0.762      0.194     -0.061     -0.319      0.201
197.2500      -3931.272    -3957.024       25.752   326.6      0.631      0.835     -0.442      0.003      0.045     -0.045
197.5000      -3930.947    -3956.576       25.629   325.0      0.930      0.891      0.354      0.182     -0.121     -0.132
197.7500      -3928.852    -3955.403       26.551   336.7      0.323      1.122     -0.216      0.004     -0.266     -0.103
198.0000      -3929.645    -3956.908       27.264   345.8      1.178      0.977      0.273      0.097     -0.184      0.206
198.2500      -3932.384    -3956.755       24.371   309.1      0.686      0.875      0.579      0.120      0.049      0.007
198.5000      -3932.461    -3958.066       25.605   324.7      0.940      0.596     -0.239      0.106     -0.059      0.007
198.7500      -3929.811    -3956.272       26.461   335.6      0.914      0.863      0.070      0.305     -0.005     -0.166
199.0000      -3931.512    -3957.667       26.155   331.7      0.652      1.098     -0.216      0.053     -0.044      0.120
199.2500      -3932.517    -3958.645       26.128   331.4      0.757      0.915      0.388      0.146      0.008      0.200
199.5000      -3930.105    -3955.392       25.287   320.7      0.780      1.102      0.523      0.069      0.430      0.120
199.7500      -3929.547    -3956.737       27.190   344.8      0.875      0.931     -0.118      0.293     -0.101      0.072
200.0000      -3929.675    -3956.696       27.021   342.7      0.562     -0.198      0.028      0.026     -0.126      0.160
200.2500      -3928.752    -3956.322       27.570   349.7      1.096      0.488      0.218      0.049      0.043      0.095
200.5000      -3929.696    -3957.363       27.668   350.9     -0.096      0.379     -0.914     -0.417     -0.108      0.197
200.7500      -3932.031    -3958.999       26.968   342.0      1.015      1.013      0.032     -0.108      0.046      0.160
201.0000      -3930.099    -3957.723       27.624   350.3      0.647      0.669      0.290      0.174      0.221      0.058
201.2500      -3929.648    -3955.723       26.076   330.7      0.416      0.189      0.183      0.124      0.584      0.041
201.5000      -3929.305    -3956.378       27.073   343.4      1.028      0.854      0.431      0.046      0.040      0.246
201.7500      -3929.056    -3956.511       27.454   348.2      0.658      0.759     -0.676      0.288     -0.179     -0.291
202.0000      -3930.265    -3957.576       27.311   346.4      0.965      0.716      0.290      0.189     -0.322      0.108
202.2500      -3930.496    -3958.558       28.061   355.9      0.515      0.976     -0.165     -0.107     -0.138      0.220
202.5000      -3929.610    -3956.698       27.088   343.5      0.575      0.542      0.296      0.133      0.423      0.273
202.7500      -3930.353    -3956.668       26.316   333.8      0.954      0.662      0.868     -0.151      0.232     -0.169
203.0000      -3929.519    -3956.043       26.525   336.4      0.424      0.815     -0.284     -0.208      0.167      0.126
203.2500      -3930.642    -3956.351       25.709   326.1      1.005      1.049      0.518      0.104     -0.210     -0.096
203.5000      -3929.824    -3956.651       26.827   340.2      0.600      0.180     -0.085      0.293     -0.109     -0.213
203.7500      -3929.809    -3957.151       27.342   346.8      0.695      0.638      0.302      0.213     -0.373     -0.203
204.0000      -3929.627    -3955.497       25.870   328.1      0.665      0.524      0.571     -0.093     -0.076     -0.172
204.2500      -3930.926    -3956.605       25.679   325.7      0.838      0.405      0.309     -0.215     -0.085     -0.000
204.5000      -3929.195    -3956.232       27.037   342.9      0.210      0.659     -0.189     -0.283     -0.303      0.204
204.7500      -3931.007    -3956.222       25.215   319.8      1.203      1.047      0.654     -0.275      0.094     -0.319
205.0000      -3929.646    -3955.531       25.885   328.3      0.640      0.133     -0.454     -0.438      0.099      0.000
205.2500      -3929.476    -3956.522       27.046   343.0      0.563      0.625      0.993     -0.048      0.023      0.130
205.5000      -3928.158    -3954.823       26.665   338.2      0.413      0.575     -0.314      0.056     -0.304      0.420
205.7500      -3929.423    -3956.018       26.595   337.3      0.635      0.657      0.469     -0.167     -0.227     -0.034
206.0000      -3930.978    -3956.731       25.753   326.6      0.853      0.419      0.536     -0.084      0.019     -0.016
206.2500      -3929.568    -3955.534       25.966   329.3      1.093      0.751     -0.416      0.265     -0.193      0.150
206.5000      -3931.006    -3957.392       26.386   334.6      0.922      1.130      0.314     -0.014      0.022     -0.037
206.7500      -3930.059    -3956.246       26.186   332.1      0.926      0.505     -0.020     -0.294     -0.055      0.160
207.0000      -3930.559    -3956.748       26.189   332.1      0.663      0.742      0.480     -0.345     -0.191      0.211
207.2500      -3930.105    -3956.970       26.865   340.7      0.436      0.317      0.577     -0.070      0.090     -0.081
207.5000      -3929.892    -3956.255       26.363   334.4      0.356      0.688      0.185     -0.001      0.125     -0.005
207.7500      -3929.615    -3955.869       26.254   333.0      0.297      0.825      0.038     -0.151      0.583     -0.190
208.0000      -3932.141    -3958.214       26.073   330.7      0.319      0.699      0.170     -0.211      0.133     -0.136
208.2500      -3931.530    -3957.187       25.658   325.4      0.389      0.020      0.142     -0.171     -0.037     -0.062
208.5000      -3930.574    -3956.792       26.218   332.5      0.436      0.356     -0.010     -0.189     -0.094      0.093
208.7500      -3930.749    -3957.547       26.798   339.9      0.354      1.006      0.241     -0.144      0.279     -0.290
209.0000      -3931.544    -3956.752       25.208   319.7      1.051      0.234      0.441      0.267     -0.084      0.000
209.2500      -3932.468    -3956.242       23.774   301.5      0.421      0.658      0.508      0.397     -0.007     -0.061
209.5000      -3931.383    -3957.631       26.248   332.9      0.466      0.213     -0.722      0.224      0.134     -0.029
209.7500      -3931.227    -3957.218       25.991   329.6      0.236      0.567     -0.012     -0.097      0.201     -0.135
210.0000      -3931.596    -3956.395       24.799   314.5      0.423      0.784      0.466     -0.128     -0.040     -0.177
210.2500      -3932.429    -3957.948       25.519   323.6     -0.132      0.808     -0.069      0.365     -0.064      0.104
210.5000      -3931.687    -3957.144       25.457   322.9      0.526     -0.061     -0.117      0.082      0.023     -0.122
210.7500      -3932.048    -3958.387       26.339   334.0      0.553      0.335      0.194     -0.028     -0.364      0.020
211.0000      -3931.265    -3957.729       26.465   335.6      0.470      0.970      0.171     -0.030     -0.337      0.113
211.2500      -3931.885    -3958.154       26.270   333.2      0.477      1.060      0.084      0.091     -0.067     -0.010
211.5000      -3928.098    -3956.098       27.999   355.1      0.494      0.391      0.257     -0.067      0.109      0.009
211.7500      -3929.343    -3956.052       26.709   338.7      0.594      0.658      0.489      0.302      0.021      0.077
212.0000      -3931.144    -3956.488       25.343   321.4      1.223      0.482      0.457     -0.032     -0.152      0.088
212.2500      -3930.698    -3955.342       24.644   312.5      0.534      0.514     -0.001     -0.090      0.180      0.009
212.5000      -3929.638    -3955.929       26.291   333.4      0.251      0.781      0.317      0.163      0.415      0.041
212.7500      -3929.771    -3956.773       27.002   342.4      0.540      0.762      0.310      0.170     -0.052      0.032
213.0000      -3929.647    -3955.697       26.050   330.4      0.712      0.481      0.398      0.070     -0.406      0.222
213.2500      -3930.549    -3956.620       26.071   330.6      0.623      0.769      0.244     -0.156     -0.268     -0.064
213.5000      -3931.010    -3956.574       25.564   324.2      0.904      0.608      0.311     -0.520     -0.149      0.040
213.7500      -3930.427    -3955.857       25.430   322.5      1.055      0.751      0.091     -0.013      0.126     -0.017
214.0000      -3929.925    -3956.334       26.410   334.9      0.878      1.330      0.439      0.086      0.023     -0.018
214.2500      -3931.301    -3957.522       26.221   332.5      0.680      1.086      0.336      0.319     -0.157      0.130
214.5000      -3929.349    -3956.448       27.099   343.7      0.860      0.677      0.402      0.134     -0.119     -0.101
214.7500      -3929.960    -3956.666       26.706   338.7      0.643      0.898      0.173     -0.179     -0.067      0.050
215.0000      -3928.777    -3955.474       26.697   338.6      0.918      0.536      0.113      0.094      0.027     -0.026
215.2500      -3930.228    -3957.254       27.026   342.8      0.366      0.481     -0.087     -0.052     -0.030      0.027
215.5000      -3929.001    -3956.359       27.358   347.0      0.655      0.841      0.363     -0.038     -0.189     -0.110
215.7500      -3928.698    -3955.266       26.568   337.0      0.872      0.867     -0.027      0.261      0.011     -0.004
216.0000      -3928.968    -3954.889       25.921   328.7      0.792      1.261      0.127      0.075     -0.097      0.142
216.2500      -3930.124    -3953.972       23.848   302.4      0.660      0.736      0.302     -0.059     -0.172     -0.112
216.5000      -3928.495    -3955.845       27.350   346.9      0.850      1.100      0.509      0.147      0.179      0.017
216.7500      -3930.554    -3956.512       25.958   329.2      1.229      0.485      0.496      0.373      0.099     -0.131
217.0000      -3929.288    -3955.176       25.888   328.3      1.060      0.960      0.400      0.080     -0.052      0.230
217.2500      -3929.790    -3955.932       26.142   331.5      0.069      0.439     -0.321     -0.177      0.222      0.180
217.5000      -3930.499    -3956.924       26.426   335.1      0.770      0.322      0.033     -0.239      0.122      0.177
217.7500      -3928.927    -3954.125       25.199   319.6      0.654      0.890      0.553     -0.011      0.069     -0.144
218.0000      -3928.410    -3956.312       27.902   353.9      0.943      0.589      0.442     -0.095      0.264      0.112
218.2500      -3928.638    -3954.675       26.037   330.2      1.601      0.765      0.402      0.113     -0.166     -0.035
218.5000      -3929.476    -3956.199       26.722   338.9      0.747      0.663      0.488      0.032      0.229     -0.243
218.7500      -3932.195    -3957.293       25.098   318.3      0.840      0.313      0.093      0.004      0.025     -0.010
219.0000      -3932.301    -3957.758       25.457   322.9      0.574      0.940     -0.153     -0.162      0.293      0.160
219.2500      -3931.380    -3956.994       25.614   324.8      0.813      0.483      0.361     -0.204      0.418      0.295
219.5000      -3930.246    -3956.150       25.904   328.5      0.452      0.573      0.750     -0.267      0.160     -0.097
219.7500      -3930.466    -3956.302       25.836   327.7      1.114      0.500      0.263      0.050     -0.188      0.089
220.0000      -3931.119    -3956.505       25.386   322.0      0.674      0.425     -0.356     -0.084     -0.156     -0.136
220.2500      -3931.989    -3957.530       25.542   323.9      0.384      0.957      0.358      0.060     -0.015     -0.010
220.5000      -3930.413    -3955.967       25.554   324.1      0.847      0.713      0.432     -0.395      0.284     -0.055
220.7500      -3928.018    -3954.927       26.909   341.3      0.900      1.045      0.216     -0.058      0.330      0.077
221.0000      -3930.435    -3957.113       26.678   338.3      0.968      0.928      0.471     -0.240      0.155      0.101
221.2500      -3931.841    -3956.918       25.077   318.0      0.436      0.961      0.440      0.128      0.212     -0.092
221.5000      -3932.507    -3957.144       24.637   312.5      0.158      0.581      0.349      0.150      0.045      0.045
221.7500      -3931.782    -3956.238       24.456   310.2      0.940      0.312      0.383     -0.002     -0.163      0.275
222.0000      -3929.867    -3954.613       24.746   313.8      0.574      0.640     -0.468     -0.088     -0.226      0.093
222.2500      -3928.763    -3955.163       26.400   334.8      1.087      1.124      0.725      0.029     -0.133     -0.087
222.5000      -3927.720    -3955.858       28.138   356.9      0.678      0.305     -0.110     -0.050      0.380      0.051
222.7500      -3929.847    -3956.026       26.179   332.0      0.750      0.861      0.389      0.142      0.272      0.131
223.0000      -3928.940    -3954.802       25.862   328.0      0.932      0.835      0.512     -0.265     -0.020     -0.147
223.2500      -3929.557    -3955.587       26.030   330.1      0.338      0.685     -0.414     -0.055     -0.130      0.059
223.5000      -3929.058    -3954.461       25.404   322.2      0.719      1.041      0.231     -0.146     -0.146     -0.047
223.7500      -3929.417    -3954.972       25.555   324.1      0.778      1.063      0.052     -0.087      0.017      0.041
224.0000      -3928.549    -3954.874       26.325   333.9      0.954      0.788      0.054     -0.076      0.095      0.126
224.2500      -3928.782    -3954.190       25.408   322.2      0.882      0.942      0.504     -0.139     -0.513     -0.008
224.5000      -3929.878    -3954.705       24.826   314.9      0.929      0.839      0.896     -0.268     -0.107     -0.284
224.7500      -3929.019    -3955.761       26.742   339.2      0.996      0.881      0.600      0.013      0.128      0.039
225.0000      -3927.157    -3953.327       26.169   331.9      0.811      0.880      0.454     -0.180      0.192      0.119
225.2500      -3926.248    -3953.399       27.152   344.4      1.194      1.486      0.114      0.047      0.290      0.058
225.5000      -3926.156    -3953.274       27.118   343.9      1.300      0.956      0.408     -0.072      0.171      0.340
225.7500      -3926.895    -3953.957       27.062   343.2      0.465      1.163      0.158      0.158     -0.049     -0.347
226.0000      -3929.827    -3955.715       25.888   328.3      0.707      0.526      0.411     -0.032      0.129      0.292
226.2500      -3930.397    -3955.435       25.038   317.5      1.348      1.882      0.420      0.037     -0.196     -0.107
226.5000      -3930.649    -3956.649       26.000   329.7      1.008      1.282      0.526     -0.001     -0.014      0.044
226.7500      -3931.082    -3956.629       25.547   324.0      0.950      1.033      0.374     -0.415      0.091      0.270
227.0000      -3930.406    -3955.737       25.331   321.3      1.052      0.384      0.339     -0.220     -0.236     -0.092
227.2500      -3930.779    -3956.417       25.639   325.2      0.299      1.122      0.213     -0.090     -0.124     -0.088
227.5000      -3930.516    -3956.794       26.278   333.3      0.620      1.129      0.105     -0.291     -0.061      0.273
227.7500      -3929.589    -3955.622       26.034   330.2      0.741      0.888      0.520      0.075     -0.010     -0.019
228.0000      -3929.430    -3955.998       26.568   337.0      0.817      0.901      0.931      0.078     -0.278     -0.206
228.2500      -3929.817    -3955.783       25.966   329.3      0.870      1.265      0.051     -0.011     -0.138     -0.057
228.5000      -3928.660    -3956.583       27.923   354.1      0.520      0.803      0.077      0.101     -0.397     -0.070
228.7500      -3927.735    -3955.522       27.788   352.4      0.734      1.120     -0.001      0.183     -0.357      0.247
229.0000      -3928.814    -3955.383       26.569   337.0      0.841      0.648      0.198     -0.134      0.059      0.312
229.2500      -3928.876    -3955.596       26.720   338.9      0.416      1.468      0.100      0.046     -0.161      0.131
229.5000      -3927.739    -3955.513       27.774   352.2      0.228      0.750      0.132     -0.116     -0.285      0.016
229.7500      -3930.332    -3957.426       27.094   343.6      0.207      0.732     -0.078     -0.319     -0.341      0.031
230.0000      -3929.865    -3955.986       26.122   331.3      0.611      1.047      0.518     -0.048      0.296      0.071
230.2500      -3928.029    -3954.730       26.701   338.6      0.583      0.865      0.447     -0.196      0.096      0.045
230.5000      -3927.251    -3954.736       27.485   348.6      0.653      0.846      0.755     -0.062      0.432     -0.007
230.7500      -3928.970    -3955.054       26.084   330.8      1.224      1.544      0.427     -0.317      0.229      0.105
231.0000      -3929.109    -3956.300       27.191   344.9      1.078      1.112      0.783     -0.213      0.024     -0.083
231.2500      -3931.383    -3957.203       25.819   327.5      1.047      1.296      0.132     -0.135      0.228      0.095
231.5000      -3930.070    -3955.799       25.729   326.3      0.628      0.722      0.172     -0.059      0.285      0.120
231.7500      -3930.803    -3956.439       25.637   325.1      0.462      1.111      0.399     -0.010      0.073      0.199
232.0000      -3928.396    -3954.888       26.492   336.0      0.709      0.383     -0.004      0.048     -0.102     -0.160
232.2500      -3928.913    -3956.132       27.219   345.2      0.725      0.935      0.106      0.024     -0.026     -0.140
232.5000      -3930.341    -3955.090       24.749   313.9      0.737      0.881      0.230     -0.112     -0.009     -0.038
232.7500      -3930.841    -3955.292       24.451   310.1      0.540      0.734     -0.055      0.074      0.037      0.151
233.0000      -3928.568    -3954.439       25.871   328.1      1.013      0.912      0.543      0.119      0.248      0.145
233.2500      -3927.642    -3953.630       25.988   329.6      0.841      1.391      0.386      0.038     -0.050      0.125
233.5000      -3929.412    -3956.573       27.161   344.5      0.625      0.581     -0.185     -0.119     -0.163     -0.129
233.7500      -3931.110    -3955.320       24.210   307.0      0.969      0.932      0.285     -0.011     -0.209      0.208
234.0000      -3930.353    -3956.227       25.874   328.1      1.029      0.163      0.490      0.149     -0.215      0.056
234.2500      -3929.922    -3956.900       26.978   342.1      0.786      0.945      0.196      0.254      0.126      0.061
234.5000      -3929.513    -3955.876       26.364   334.4      0.786      0.574      0.191      0.409      0.495      0.038
234.7500      -3925.861    -3953.756       27.895   353.8      0.930      0.397      0.391     -0.014      0.229      0.049
235.0000      -3926.328    -3953.901       27.573   349.7      0.669      1.203      0.201     -0.180      0.313      0.161
235.2500      -3927.783    -3954.590       26.807   340.0      0.146      0.575      0.391     -0.238     -0.130     -0.001
235.5000      -3926.510    -3952.898       26.388   334.7      1.211      0.721      0.629     -0.158      0.071      0.068
235.7500      -3927.795    -3954.455       26.659   338.1      0.291      0.537      0.009      0.263      0.098     -0.138
236.0000      -3928.006    -3955.476       27.470   348.4      0.393      0.575     -0.123     -0.036     -0.095     -0.250
236.2500      -3930.538    -3956.638       26.100   331.0      0.953      0.943      0.480     -0.020     -0.184     -0.103
236.5000      -3929.026    -3955.219       26.193   332.2      1.115      1.306      0.415     -0.035     -0.158     -0.600
236.7500      -3929.075    -3955.408       26.333   334.0      1.044      1.079      0.224     -0.022     -0.040      0.019
237.0000      -3929.708    -3955.528       25.820   327.5      0.784      0.936      0.443     -0.327     -0.056     -0.290
237.2500      -3930.041    -3955.441       25.400   322.1      0.469      0.306     -0.031     -0.012      0.071      0.161
237.5000      -3929.790    -3956.874       27.084   343.5      0.509      0.612      0.569     -0.084      0.206      0.295
237.7500      -3929.905    -3955.954       26.048   330.4      0.987      1.013      0.295     -0.090      0.047     -0.015
238.0000      -3930.008    -3955.141       25.133   318.7      0.485      0.988      0.377     -0.061     -0.075      0.001
238.2500      -3930.368    -3955.623       25.255   320.3      0.419      0.512     -0.114     -0.094      0.218     -0.256
238.5000      -3929.315    -3956.686       27.371   347.1      0.414      0.441     -0.503     -0.025      0.454      0.162
238.7500      -3927.876    -3956.123       28.247   358.2      0.958      0.663     -0.013     -0.078      0.566     -0.259
239.0000      -3931.661    -3957.268       25.607   324.8      0.901      1.113      0.372     -0.049      0.052      0.134
239.2500      -3932.519    -3957.646       25.128   318.7      0.501      0.656     -0.158     -0.093      0.100     -0.036
239.5000      -3931.818    -3955.686       23.868   302.7      0.635      1.054      0.025      0.246      0.181      0.049
239.7500      -3930.603    -3955.224       24.622   312.3      1.076      0.654     -0.220      0.023     -0.327     -0.130
240.0000      -3930.604    -3955.906       25.302   320.9      0.291     -0.040     -0.392     -0.285      0.248      0.032
240.2500      -3929.282    -3955.041       25.759   326.7      0.720      1.159      0.278     -0.086      0.144     -0.081
240.5000      -3928.660    -3954.129       25.469   323.0      0.790      0.422      0.240     -0.036     -0.162     -0.141
240.7500      -3928.477    -3955.050       26.573   337.0      0.676      0.489      0.408      0.315     -0.029      0.075
241.0000      -3928.358    -3955.368       27.009   342.5      0.090      0.714      0.135     -0.144     -0.145     -0.032
241.2500      -3928.524    -3954.429       25.906   328.5      0.893      0.869      0.513      0.308      0.079      0.008
241.5000      -3929.934    -3955.782       25.848   327.8      1.396      0.315      0.174      0.215      0.281      0.164
241.7500      -3927.918    -3955.394       27.476   348.5      0.615      0.431     -0.196      0.219     -0.009      0.111
242.0000      -3928.497    -3954.422       25.925   328.8      0.714      1.403      0.244      0.138     -0.323      0.185
242.2500      -3928.826    -3955.074       26.247   332.9      0.777      0.200     -0.121      0.062     -0.259      0.112
242.5000      -3929.654    -3954.946       25.292   320.8      0.732      0.643     -0.298     -0.293     -0.093     -0.098
242.7500      -3928.949    -3954.516       25.567   324.3      0.762      0.921      0.317      0.134      0.269      0.193
243.0000      -3930.079    -3956.216       26.137   331.5      1.034      0.404     -0.169      0.125      0.334     -0.019
243.2500      -3930.920    -3956.674       25.754   326.6      0.983      0.438      0.174      0.022      0.307     -0.163
243.5000      -3930.094    -3957.444       27.351   346.9      1.333      0.786      0.257     -0.421     -0.009      0.060
243.7500      -3929.497    -3954.299       24.802   314.6      0.334      0.510     -0.142     -0.284     -0.106      0.115
244.0000      -3929.190    -3954.965       25.775   326.9      0.358      1.232      0.244      0.009     -0.132      0.181
244.2500      -3929.794    -3954.792       24.997   317.0      0.378      1.028      0.277      0.080     -0.203     -0.210
244.5000      -3929.085    -3955.190       26.105   331.1      0.943      1.054     -0.213      0.125      0.193     -0.107
244.7500      -3929.971    -3955.260       25.289   320.7      1.179      1.013      0.577      0.148      0.028      0.226
245.0000      -3930.290    -3955.022       24.731   313.7      0.193      0.638      0.402      0.110      0.029     -0.323
245.2500      -3929.191    -3954.846       25.655   325.4      0.730      0.613      0.172     -0.016     -0.022      0.189
245.5000      -3928.759    -3954.015       25.256   320.3      0.280      0.649     -0.355     -0.342     -0.077     -0.039
245.7500      -3929.003    -3954.667       25.664   325.5      1.390      1.120      0.876     -0.136     -0.151     -0.100
246.0000      -3927.984    -3953.861       25.877   328.2      0.513      0.353      0.160     -0.017     -0.031      0.161
246.2500      -3930.353    -3955.582       25.228   320.0      0.640      0.818      0.108      0.086     -0.409      0.044
246.5000      -3928.851    -3954.320       25.469   323.0      1.029      0.707      0.445      0.045      0.022      0.068
246.7500      -3928.772    -3954.728       25.955   329.2      0.540      0.953     -0.091     -0.268      0.165     -0.113
247.0000      -3929.973    -3956.524       26.551   336.7      0.257      0.879      0.253     -0.255     -0.076      0.132
247.2500      -3929.443    -3954.585       25.142   318.9      0.135      0.486      0.062      0.216      0.219      0.045
247.5000      -3928.730    -3955.447       26.717   338.8      0.776      0.833      0.276     -0.219     -0.181     -0.082
247.7500      -3928.828    -3955.966       27.138   344.2      0.066      0.368     -0.345     -0.061     -0.362      0.314
248.0000      -3930.347    -3955.419       25.072   318.0      0.842      0.622      0.215      0.131      0.357      0.033
248.2500      -3929.638    -3953.853       24.214   307.1      0.386      0.932      0.903     -0.368      0.092      0.047
248.5000      -3930.278    -3955.243       24.965   316.6      0.464      1.032      0.149     -0.052      0.225      0.011
248.7500      -3928.960    -3955.921       26.961   341.9      0.339      0.220     -0.502     -0.125      0.101      0.151
249.0000      -3927.890    -3953.838       25.948   329.1      1.170      1.004      0.807      0.506     -0.024      0.048
249.2500      -3931.212    -3956.267       25.054   317.8      0.554      0.619      0.163     -0.003      0.176     -0.160
249.5000      -3929.036    -3954.707       25.670   325.6      0.580      0.597      0.068      0.283     -0.003     -0.038
249.7500      -3927.135    -3953.379       26.244   332.8      0.835      0.785      0.375     -0.048      0.368     -0.054
250.0000      -3928.512    -3956.002       27.490   348.6      0.614      0.556      0.043      0.104     -0.028      0.001
250.2500      -3930.549    -3956.788       26.239   332.8      0.809      0.717     -0.030      0.109     -0.055     -0.029
250.5000      -3929.206    -3956.019       26.813   340.1      1.002      0.584     -0.163      0.102      0.186      0.014
250.7500      -3928.229    -3954.910       26.681   338.4      0.892      0.552      0.065     -0.078      0.326     -0.091
251.0000      -3930.072    -3955.371       25.299   320.9      0.788      0.793      0.234     -0.198     -0.118     -0.101
251.2500      -3928.974    -3955.996       27.022   342.7      0.074     -0.035     -0.165     -0.150      0.100      0.207
251.5000      -3930.239    -3955.363       25.124   318.6      0.744      1.538      0.049      0.209     -0.153      0.238
251.7500      -3930.934    -3956.005       25.071   318.0      0.920      0.730      0.266     -0.061     -0.243     -0.090
252.0000      -3932.959    -3957.969       25.010   317.2      0.709      0.815      0.445     -0.293      0.023      0.153
252.2500      -3931.638    -3958.051       26.413   335.0      0.324      0.938     -0.181     -0.148      0.156      0.065
252.5000      -3930.653    -3957.141       26.488   335.9      0.885      1.338      0.014     -0.063      0.206      0.195
252.7500      -3931.373    -3957.766       26.392   334.7      1.356      0.692      0.229     -0.052     -0.102     -0.214
253.0000      -3930.717    -3956.143       25.426   322.5      1.379      0.317      0.395      0.170     -0.384     -0.162
253.2500      -3930.266    -3958.204       27.938   354.3      0.985      0.998      0.831      0.008      0.027      0.245
253.5000      -3930.419    -3957.025       26.606   337.4      0.431      0.771      0.135     -0.073      0.134      0.161
253.7500      -3931.031    -3957.295       26.264   333.1      0.620      0.816      0.455      0.211     -0.102     -0.242
254.0000      -3930.621    -3957.267       26.646   337.9      0.180      0.479      0.156     -0.042      0.175     -0.246
254.2500      -3931.684    -3958.571       26.887   341.0      0.618      0.645     -0.090      0.103     -0.157      0.237
254.5000      -3932.468    -3957.302       24.834   315.0      1.028      0.704      0.757      0.012     -0.060      0.077
254.7500      -3930.662    -3956.485       25.823   327.5     -0.219      0.752      0.010     -0.314      0.136      0.025
255.0000      -3931.127    -3956.699       25.572   324.3      1.105      0.987      0.414     -0.279     -0.039     -0.179
255.2500      -3931.533    -3958.583       27.050   343.1      1.093      0.995      0.710      0.109      0.256     -0.385
255.5000      -3930.417    -3957.896       27.479   348.5      0.295      1.052      0.544     -0.014     -0.092      0.154
255.7500      -3928.715    -3955.520       26.804   339.9      1.061      1.113      1.052      0.036     -0.344     -0.074
256.0000      -3929.139    -3955.623       26.484   335.9      1.056      0.804      0.865      0.185     -0.381      0.062
256.2500      -3930.465    -3957.271       26.806   340.0      0.659      1.054      0.296     -0.178     -0.132      0.093
256.5000      -3929.575    -3956.421       26.846   340.5      0.380      0.357      0.471      0.012      0.075     -0.104
256.7500      -3930.986    -3956.320       25.334   321.3      0.676      0.962      0.500     -0.210      0.225      0.009
257.0000      -3930.206    -3956.005       25.799   327.2      0.677      1.095      0.880     -0.084      0.048     -0.118
257.2500      -3929.639    -3957.025       27.386   347.3      0.417      0.459      0.306     -0.170      0.077      0.327
257.5000      -3929.914    -3956.671       26.758   339.4      0.738      0.593      0.499     -0.109     -0.171     -0.216
257.7500      -3932.167    -3958.627       26.460   335.6      0.671      0.651      0.328     -0.128     -0.135      0.142
258.0000      -3931.446    -3957.918       26.472   335.7      0.763      0.872      0.307      0.139      0.040     -0.128
258.2500      -3932.297    -3959.069       26.772   339.5      0.935      0.956      0.236     -0.298      0.077      0.176
258.5000      -3933.087    -3959.024       25.937   328.9      0.801      0.703      0.593     -0.419     -0.080     -0.270
258.7500      -3934.410    -3957.820       23.410   296.9      1.080      0.632      0.384     -0.060     -0.236     -0.289
259.0000      -3933.310    -3957.941       24.631   312.4      0.273      0.339     -0.160     -0.276     -0.187      0.106
259.2500      -3933.622    -3960.025       26.403   334.9      0.961      1.147      0.812     -0.289      0.052     -0.042
259.5000      -3932.708    -3960.425       27.717   351.5      0.343      0.513     -0.097      0.317      0.033     -0.260
259.7500      -3935.793    -3960.078       24.285   308.0      0.427      0.840      0.620     -0.103      0.071     -0.176
260.0000      -3935.195    -3959.014       23.820   302.1      0.696      0.846      0.909     -0.527      0.252      0.043
260.2500      -3935.115    -3958.748       23.633   299.7      0.785      0.544      0.433     -0.063      0.053     -0.259
260.5000      -3932.604    -3957.387       24.784   314.3      0.564      1.378      0.456      0.139     -0.070      0.169
260.7500      -3932.594    -3958.019       25.425   322.5      0.588      0.623      0.557     -0.019     -0.286      0.020
261.0000      -3930.510    -3958.038       27.528   349.1      0.410      0.660     -0.257      0.041     -0.061     -0.269
261.2500      -3931.443    -3957.024       25.581   324.4      0.689      0.400      0.715     -0.178      0.050     -0.092
261.5000      -3931.524    -3958.375       26.851   340.5      1.049      0.816      0.388      0.177     -0.143     -0.026
261.7500      -3932.687    -3957.744       25.057   317.8      0.730      1.227      0.868      0.031     -0.251     -0.053
262.0000      -3933.052    -3957.931       24.879   315.5      0.897      0.920      0.475      0.101      0.222     -0.227
262.2500      -3931.728    -3957.131       25.403   322.2      0.512      0.602      0.717     -0.056      0.293     -0.203
262.5000      -3931.132    -3955.774       24.642   312.5      0.771      0.689     -0.177     -0.006      0.497     -0.276
262.7500      -3931.313    -3958.390       27.077   343.4      0.762      0.988      0.845     -0.402      0.051      0.051
263.0000      -3930.904    -3957.162       26.258   333.0      1.086      1.146      0.940      0.005     -0.303      0.025
263.2500      -3931.765    -3956.465       24.700   313.3      0.813      0.774      0.161      0.248     -0.025     -0.023
263.5000      -3931.967    -3957.333       25.366   321.7      0.720      1.077      0.523      0.118      0.293     -0.269
263.7500      -3932.056    -3958.263       26.207   332.4      0.758      1.163      0.168     -0.061     -0.110     -0.186
264.0000      -3931.385    -3957.766       26.381   334.6      1.211      1.010      0.413      0.259     -0.215     -0.147
264.2500      -3932.409    -3957.098       24.689   313.1      0.791      0.630      0.110      0.235      0.015      0.152
264.5000      -3932.474    -3957.142       24.667   312.8      0.925      0.610      0.179     -0.103      0.124     -0.196
264.7500      -3932.808    -3958.471       25.662   325.5      0.809      0.663     -0.081     -0.174      0.329     -0.168
265.0000      -3933.999    -3958.569       24.570   311.6      0.248      0.998      0.003      0.138      0.122     -0.056
265.2500      -3931.266    -3957.500       26.233   332.7      0.901      0.899      0.594      0.160     -0.375      0.084
265.5000      -3931.117    -3956.667       25.550   324.0      0.665      0.654      0.576      0.010     -0.147      0.101
265.7500      -3928.897    -3955.804       26.907   341.2      0.574      0.945      0.692     -0.097      0.125     -0.235
266.0000      -3929.762    -3956.512       26.750   339.3      0.608      1.198      0.629     -0.313      0.291      0.188
266.2500      -3929.883    -3956.254       26.371   334.5      0.938      1.329      0.970     -0.077      0.074      0.141
266.5000      -3931.775    -3957.057       25.282   320.6      0.800      1.257      0.276     -0.010      0.102      0.232
266.7500      -3931.080    -3955.450       24.370   309.1      0.730      0.705      0.750      0.003      0.158     -0.170
267.0000      -3931.273    -3957.018       25.745   326.5      0.866      1.114      0.376     -0.179      0.066     -0.162
267.2500      -3931.266    -3957.546       26.280   333.3      0.870      0.693      0.488      0.105      0.316     -0.257
267.5000      -3931.209    -3957.650       26.441   335.3      0.680      0.751      0.647      0.116      0.064      0.062
267.7500      -3932.100    -3956.512       24.412   309.6      0.828      1.022      0.571      0.093      0.132      0.293
268.0000      -3931.130    -3956.762       25.632   325.1      1.083      1.020      0.407      0.086     -0.347      0.030
268.2500      -3932.374    -3958.065       25.692   325.8      1.309      1.244      0.585      0.172     -0.086      0.005
268.5000      -3931.598    -3956.968       25.370   321.8      0.936      1.326      0.286     -0.331      0.280     -0.138
268.7500      -3929.347    -3955.469       26.122   331.3      0.296      0.973      0.447     -0.104      0.232      0.315
269.0000      -3929.170    -3956.455       27.285   346.0      0.668      0.852      0.959     -0.068     -0.022      0.153
269.2500      -3930.372    -3955.129       24.757   314.0      0.613      0.920     -0.523      0.335      0.119     -0.015
269.5000      -3929.828    -3955.434       25.606   324.7      0.182      0.533     -0.202      0.047     -0.090     -0.106
269.7500      -3932.592    -3958.366       25.774   326.9      0.449      0.733      0.655      0.131     -0.170     -0.211
270.0000      -3929.985    -3955.671       25.686   325.8      0.615      0.421     -0.076      0.205     -0.317      0.036
270.2500      -3932.378    -3957.930       25.552   324.1      0.510      0.728      0.557     -0.070     -0.351      0.060
270.5000      -3933.855    -3958.156       24.301   308.2      0.223      0.409      0.049      0.002     -0.272     -0.212
270.7500      -3931.190    -3956.943       25.754   326.6      0.888      1.029      0.404     -0.076      0.001     -0.070
271.0000      -3930.176    -3957.588       27.412   347.7      0.760      0.485      0.097      0.029      0.224      0.408
271.2500      -3931.120    -3956.624       25.503   323.4      1.204      0.828      0.154      0.202      0.517     -0.033
271.5000      -3930.438    -3955.479       25.042   317.6      0.950      1.264      0.494      0.175     -0.113      0.251
271.7500      -3931.255    -3956.771       25.516   323.6      0.617      0.550      0.075      0.109     -0.484      0.077
272.0000      -3929.589    -3955.624       26.035   330.2      0.541      0.743     -0.155     -0.002      0.157      0.015
272.2500      -3930.093    -3956.431       26.338   334.0      0.688      0.838      0.245      0.024      0.220      0.087
272.5000      -3930.230    -3956.896       26.666   338.2      0.695      0.643      0.344      0.049      0.098     -0.312
272.7500      -3929.233    -3955.011       25.778   326.9      0.135      1.170      0.205     -0.135     -0.184     -0.070
273.0000      -3932.086    -3956.192       24.106   305.7      0.576      0.727      0.243      0.196     -0.276      0.224
273.2500      -3930.622    -3955.975       25.353   321.5      0.955      0.555      0.161     -0.398     -0.163      0.016
273.5000      -3930.849    -3955.658       24.809   314.6      0.478      1.081      0.417      0.050     -0.298      0.030
273.7500      -3929.468    -3955.948       26.480   335.8      0.467      0.530      0.360     -0.151     -0.128     -0.040
274.0000      -3928.204    -3954.733       26.529   336.5      0.664      0.713      0.264      0.169      0.132      0.023
274.2500      -3929.355    -3956.735       27.381   347.3      0.550      0.881      0.448      0.255      0.209     -0.011
274.5000      -3929.143    -3953.631       24.488   310.6      0.529      0.692      0.491      0.087     -0.095     -0.000
274.7500      -3928.569    -3956.007       27.438   348.0      0.271      0.706      0.402     -0.310      0.015      0.181
275.0000      -3929.982    -3956.507       26.525   336.4      0.657      0.597      0.253     -0.401     -0.249     -0.054
275.2500      -3929.886    -3955.496       25.611   324.8      0.317      0.665     -0.261      0.100     -0.741     -0.030
275.5000      -3929.712    -3956.708       26.996   342.4      0.405      1.166     -0.384      0.185     -0.389     -0.317
275.7500      -3930.685    -3955.192       24.508   310.8      0.462      0.772     -0.275      0.212     -0.220     -0.024
276.0000      -3929.714    -3956.534       26.820   340.1      0.874      1.167      0.653      0.205     -0.047      0.093
276.2500      -3928.465    -3955.634       27.170   344.6      0.642      0.889      0.280      0.036     -0.119     -0.135
276.5000      -3930.397    -3956.370       25.972   329.4      0.228      0.703      0.220     -0.275     -0.107      0.030
276.7500      -3929.236    -3955.687       26.452   335.5      0.863      1.375      0.319     -0.071     -0.065      0.007
277.0000      -3931.278    -3956.743       25.464   323.0      0.599      0.695      0.421      0.233      0.374     -0.121
277.2500      -3929.238    -3955.265       26.027   330.1      0.769      0.963      0.314      0.342      0.247     -0.146
277.5000      -3930.420    -3957.165       26.744   339.2      0.647      0.668      0.401      0.215      0.127     -0.138
277.7500      -3929.716    -3956.167       26.452   335.5      0.938      1.290      0.681     -0.132     -0.112      0.134
278.0000      -3929.611    -3955.917       26.306   333.6      0.771      1.122      0.665     -0.117      0.269      0.072
278.2500      -3930.219    -3957.027       26.808   340.0      0.691      0.558      0.114     -0.000      0.175     -0.023
278.5000      -3931.944    -3958.304       26.360   334.3      0.742      1.277     -0.058     -0.020      0.173      0.017
278.7500      -3930.063    -3955.850       25.787   327.0      1.387      0.914      0.319      0.340      0.164      0.100
279.0000      -3930.597    -3955.199       24.602   312.0      1.067      1.179      0.265     -0.044      0.252      0.160
279.2500      -3928.854    -3955.853       26.998   342.4      1.041      1.331      0.922      0.093      0.241     -0.030
279.5000      -3929.277    -3957.349       28.072   356.0      0.494      1.108      0.199     -0.072     -0.029      0.211
279.7500      -3929.521    -3955.666       26.145   331.6      1.028      0.705      0.205     -0.127     -0.048     -0.003
280.0000      -3928.719    -3956.428       27.709   351.4      0.788      1.231      0.891     -0.032     -0.061      0.025
280.2500      -3929.083    -3956.342       27.260   345.7      0.510      0.767      0.014      0.166      0.130      0.031
280.5000      -3928.667    -3956.917       28.251   358.3      0.858      1.145      0.581      0.082     -0.043     -0.076
280.7500      -3930.256    -3957.486       27.230   345.3      0.689      0.988      0.415      0.042      0.010      0.095
281.0000      -3930.033    -3955.444       25.412   322.3      0.953      1.200      0.145     -0.437      0.220      0.097
281.2500      -3930.004    -3957.710       27.706   351.4      0.987      0.710      0.035     -0.104     -0.228     -0.105
281.5000      -3931.829    -3957.907       26.078   330.7      0.832      1.457     -0.021      0.013     -0.067      0.174
281.7500      -3931.090    -3956.972       25.882   328.2      1.082      1.342      0.501      0.408      0.063     -0.216
282.0000      -3931.824    -3958.014       26.190   332.2      1.001      0.524      0.200      0.404      0.277     -0.104
282.2500      -3930.369    -3956.956       26.587   337.2      0.440      0.354      0.951     -0.282      0.581     -0.116
282.5000      -3931.273    -3957.269       25.996   329.7      0.925      1.069      0.758     -0.140     -0.015      0.015
282.7500      -3931.807    -3957.193       25.386   322.0      0.984      0.776      0.054      0.093     -0.197      0.044
283.0000      -3932.702    -3957.684       24.982   316.8      0.967      1.023      0.269      0.059     -0.284     -0.082
283.2500      -3931.710    -3956.606       24.896   315.7      0.608      0.472     -0.056      0.043     -0.099     -0.183
283.5000      -3932.106    -3957.075       24.969   316.7      0.460      0.257      0.353      0.030      0.246     -0.388
283.7500      -3931.087    -3955.520       24.433   309.9      0.801      1.446      0.600      0.128     -0.061     -0.101
284.0000      -3932.047    -3957.391       25.344   321.4      0.270      0.925     -0.316     -0.264      0.032      0.166
284.2500      -3931.190    -3957.344       26.154   331.7      0.835      0.824      0.739     -0.014      0.107      0.118
284.5000      -3931.063    -3956.499       25.436   322.6      0.611      0.882     -0.266      0.007      0.234     -0.107
284.7500      -3929.831    -3956.308       26.477   335.8      0.711      0.573      0.327      0.152      0.144     -0.386
285.0000      -3928.214    -3956.144       27.930   354.2      0.725      0.961      0.278     -0.089     -0.028     -0.081
285.2500      -3928.706    -3956.371       27.665   350.9      0.983      0.681      0.429      0.184      0.050     -0.001
285.5000      -3928.167    -3955.053       26.886   341.0      0.918      1.201     -0.017     -0.300     -0.001     -0.023
285.7500      -3929.476    -3955.425       25.948   329.1      0.617      1.062      0.340     -0.106     -0.006     -0.058
286.0000      -3931.066    -3957.680       26.615   337.5      1.437      1.159      0.531     -0.252     -0.104     -0.134
286.2500      -3931.604    -3956.919       25.315   321.1      1.005      1.330      0.627     -0.198     -0.058      0.243
286.5000      -3931.307    -3955.999       24.691   313.1      0.921      0.828      0.584     -0.026     -0.443     -0.140
286.7500      -3929.638    -3954.547       24.910   315.9      1.450      0.996      1.015     -0.144      0.025     -0.032
287.0000      -3931.538    -3956.305       24.767   314.1      0.706      0.679      0.137     -0.010      0.164     -0.136
287.2500      -3930.130    -3955.318       25.188   319.5      0.570      0.649      0.289     -0.059      0.127      0.025
287.5000      -3928.154    -3955.181       27.027   342.8      0.928      0.525      0.460     -0.074      0.020     -0.307
287.7500      -3928.773    -3955.686       26.913   341.3      0.658      0.986      0.306      0.042     -0.001      0.302
288.0000      -3928.972    -3956.375       27.404   347.5      0.754      1.087      0.695     -0.032      0.040     -0.045
288.2500      -3929.948    -3955.386       25.438   322.6      0.805      1.505      0.435      0.023     -0.351      0.199
288.5000      -3931.123    -3955.917       24.794   314.5      0.698      0.273     -0.026      0.041     -0.108     -0.233
288.7500      -3929.784    -3956.109       26.325   333.9      0.961      1.279     -0.228     -0.257      0.042      0.026
289.0000      -3930.842    -3957.203       26.360   334.3      0.620      0.452     -0.184      0.192      0.231     -0.063
289.2500      -3931.265    -3956.706       25.441   322.7      1.236      0.629      0.253      0.425     -0.406      0.196
289.5000      -3931.048    -3955.769       24.720   313.5      0.579      0.827      0.713      0.435     -0.190     -0.208
289.7500      -3929.888    -3956.138       26.250   332.9      0.443      0.863     -0.115      0.514      0.058      0.118
290.0000      -3927.546    -3953.913       26.367   334.4      0.109      0.961     -0.051     -0.134      0.431     -0.050
290.2500      -3927.021    -3954.801       27.780   352.3      1.323      1.081      0.892      0.143     -0.322      0.253
290.5000      -3930.175    -3955.271       25.096   318.3      0.257      1.257     -0.044      0.196     -0.087     -0.047
290.7500      -3929.812    -3955.203       25.390   322.0      1.260      0.620      0.244      0.381     -0.200     -0.016
291.0000      -3929.728    -3955.948       26.220   332.5      0.981      0.908      0.575      0.114      0.205      0.050
291.2500      -3930.345    -3955.528       25.183   319.4      1.102      0.798      0.579     -0.042     -0.086     -0.311
291.5000      -3929.980    -3956.570       26.590   337.2      0.947      0.582      0.554     -0.396      0.304      0.055
291.7500      -3929.946    -3955.774       25.829   327.6      0.621      0.778      0.007      0.066      0.002      0.048
292.0000      -3929.587    -3956.530       26.943   341.7      1.224      1.009      0.582     -0.048     -0.342     -0.057
292.2500      -3929.580    -3957.407       27.827   352.9      0.841      0.745      0.557     -0.027     -0.039     -0.016
292.5000      -3930.516    -3956.287       25.771   326.8      0.391      1.319      0.682      0.118      0.117     -0.031
292.7500      -3931.005    -3956.252       25.247   320.2      0.936      0.477      0.199     -0.055      0.455      0.189
293.0000      -3928.996    -3955.815       26.820   340.1     -0.088      0.703     -0.471     -0.011      0.121      0.089
293.2500      -3928.660    -3954.750       26.091   330.9      0.413      0.465     -0.782     -0.164     -0.334     -0.082
293.5000      -3928.299    -3955.403       27.104   343.7      0.806      0.736      0.385      0.083     -0.513      0.205
293.7500      -3929.525    -3955.778       26.254   333.0      0.430      1.233     -0.517     -0.139     -0.291     -0.126
294.0000      -3929.364    -3956.229       26.864   340.7      0.990      0.814      0.294     -0.225      0.048      0.102
294.2500      -3931.094    -3956.768       25.673   325.6      0.792      1.042     -0.291     -0.144      0.010      0.001
294.5000      -3929.988    -3956.326       26.338   334.0      0.087      1.138     -0.401     -0.002     -0.225      0.013
294.7500      -3928.505    -3954.934       26.429   335.2      1.132      1.239      0.637     -0.206     -0.076      0.095
295.0000      -3929.939    -3957.150       27.211   345.1      0.452      0.879      0.471      0.146     -0.084      0.055
295.2500      -3931.103    -3956.538       25.435   322.6      0.068      0.636      0.428     -0.039      0.030     -0.204
295.5000      -3931.728    -3956.555       24.827   314.9      1.091      1.429      0.937     -0.368      0.087     -0.027
295.7500      -3930.754    -3955.793       25.039   317.6      0.507      1.016      0.757     -0.261      0.339      0.156
296.0000      -3930.550    -3956.994       26.444   335.4      0.422      0.788      0.049     -0.206      0.331     -0.084
296.2500      -3931.016    -3956.519       25.502   323.4      1.052      1.138      0.661     -0.367      0.186      0.234
296.5000      -3931.694    -3957.245       25.551   324.0      0.739      0.596      0.095     -0.061     -0.361     -0.080
296.7500      -3931.622    -3957.232       25.610   324.8      0.510      0.781      0.588      0.022     -0.185     -0.065
297.0000      -3930.940    -3956.752       25.812   327.4      0.914      0.976     -0.159     -0.133      0.125     -0.203
297.2500      -3931.097    -3956.992       25.895   328.4      0.587      0.774     -0.081     -0.342      0.002     -0.099
297.5000      -3930.364    -3956.823       26.459   335.6      0.985      0.782      0.484     -0.257     -0.119      0.175
297.7500      -3930.489    -3956.646       26.157   331.7      0.390      0.130     -0.208     -0.195      0.141     -0.257
298.0000      -3928.470    -3956.712       28.242   358.2      1.124      0.546      0.466      0.246     -0.203     -0.115
298.2500      -3928.035    -3953.951       25.916   328.7      0.382      1.035     -0.060     -0.015      0.073     -0.029
298.5000      -3930.482    -3956.120       25.638   325.2      0.812      0.991      0.518      0.154      0.540     -0.114
298.7500      -3931.620    -3956.319       24.699   313.2      0.791      0.780      0.204     -0.182      0.249     -0.241
299.0000      -3930.364    -3956.611       26.248   332.9     -0.068      0.661     -0.187     -0.183      0.065      0.032
299.2500      -3929.837    -3957.085       27.248   345.6      0.964      0.580      0.327      0.249     -0.303     -0.074
299.5000      -3930.328    -3955.295       24.966   316.6      0.720      0.869     -0.164      0.108     -0.147     -0.100
299.7500      -3931.498    -3957.358       25.860   328.0      1.031      0.243     -0.111      0.270     -0.116      0.141
300.0000      -3932.168    -3956.827       24.659   312.7      0.878      0.998      0.033      0.233     -0.318      0.118
300.2500      -3930.845    -3956.915       26.070   330.6      0.928      0.766     -0.084     -0.127     -0.050      0.167
300.5000      -3932.148    -3957.340       25.192   319.5      0.572      0.542      0.309     -0.038     -0.079     -0.104
300.7500      -3930.229    -3957.337       27.108   343.8      0.691      0.765      0.668      0.215      0.326      0.109
301.0000      -3930.666    -3955.651       24.985   316.9      0.615      0.737      0.567     -0.267      0.202      0.235
301.2500      -3931.552    -3957.406       25.854   327.9      1.032      0.998      0.899      0.217     -0.048     -0.012
301.5000      -3931.249    -3956.731       25.482   323.2      0.167      0.952      0.200      0.018     -0.021      0.049
301.7500      -3931.015    -3956.407       25.392   322.0      0.293      0.578      0.404     -0.118     -0.149     -0.158
302.0000      -3931.779    -3955.707       23.928   303.5      0.362      0.909      0.207      0.047      0.141     -0.082
302.2500      -3930.331    -3955.140       24.808   314.6      0.805      1.219      0.650      0.109     -0.119      0.127
302.5000      -3929.603    -3955.878       26.276   333.2      0.545      0.853     -0.186      0.100      0.005      0.161
302.7500      -3933.027    -3956.928       23.901   303.1      0.466      0.617     -0.085     -0.193      0.137      0.202
303.0000      -3931.860    -3956.778       24.918   316.0      0.824      0.846     -0.317     -0.283     -0.045      0.247
303.2500      -3932.353    -3958.079       25.726   326.3      0.888      0.551      0.226     -0.074     -0.012      0.170
303.5000      -3929.390    -3955.705       26.315   333.7      0.436      0.758      0.336     -0.351     -0.134     -0.111
303.7500      -3931.154    -3955.849       24.695   313.2      0.649      0.661     -0.240     -0.343      0.149     -0.030
304.0000      -3931.643    -3957.482       25.839   327.7      0.984      0.987      0.950     -0.108      0.285     -0.019
304.2500      -3931.481    -3956.833       25.352   321.5      0.465      0.910     -0.232      0.033     -0.239      0.039
304.5000      -3930.626    -3956.767       26.142   331.5      0.346      0.892      0.006      0.139      0.212     -0.059
304.7500      -3931.353    -3956.779       25.426   322.5      0.292      0.361     -0.283      0.057      0.106     -0.152
305.0000      -3930.115    -3956.757       26.642   337.9      0.812      0.991      0.902     -0.047     -0.144     -0.011
305.2500      -3928.769    -3955.662       26.893   341.1      0.808      0.384      0.015     -0.328      0.068      0.101
305.5000      -3928.784    -3955.928       27.144   344.3      0.422      0.665     -0.001     -0.065     -0.130      0.083
305.7500      -3929.407    -3956.600       27.193   344.9      1.048      0.935      0.364     -0.034     -0.028     -0.203
306.0000      -3929.018    -3955.783       26.765   339.4      0.989      1.496      0.240     -0.054     -0.124     -0.202
306.2500      -3930.539    -3956.309       25.770   326.8      1.118      0.653      0.070      0.247      0.203     -0.274
306.5000      -3930.691    -3956.021       25.330   321.2      0.348      1.056     -0.258     -0.079      0.423     -0.023
306.7500      -3929.873    -3956.858       26.985   342.2      0.371      0.894      0.643     -0.290      0.089     -0.053
307.0000      -3930.043    -3956.500       26.456   335.5      0.711      0.871      0.344     -0.024     -0.269     -0.112
307.2500      -3929.437    -3956.516       27.078   343.4      0.448      0.402      0.108      0.200     -0.418     -0.108
307.5000      -3931.064    -3956.763       25.699   325.9      0.079      0.893      0.303      0.410     -0.376     -0.041
307.7500      -3928.710    -3955.469       26.759   339.4      0.418      0.904      0.160      0.285     -0.088      0.343
308.0000      -3929.784    -3956.144       26.360   334.3      0.730      0.812      0.078      0.313     -0.047     -0.141
308.2500      -3928.168    -3956.379       28.211   357.8      0.419      0.486      0.075     -0.252      0.195     -0.234
308.5000      -3928.157    -3955.287       27.131   344.1      0.451      0.825     -0.166      0.098      0.009     -0.117
308.7500      -3930.222    -3957.269       27.047   343.0      0.349      0.675     -0.239      0.207      0.171      0.255
309.0000      -3930.227    -3956.577       26.350   334.2      0.945      0.471     -0.205      0.359      0.278      0.345
309.2500      -3931.064    -3957.312       26.248   332.9      0.637      0.957     -0.264      0.301      0.069     -0.033
309.5000      -3930.972    -3957.404       26.432   335.2      0.444      0.538      0.088      0.063     -0.162      0.134
309.7500      -3932.296    -3958.277       25.981   329.5      0.457      0.688      0.641     -0.116     -0.143     -0.017
310.0000      -3934.373    -3958.701       24.328   308.5      0.867      0.564      0.243      0.097      0.252     -0.207
310.2500      -3933.547    -3958.197       24.650   312.6      0.817      1.289     -0.035      0.234      0.024      0.061
310.5000      -3936.121    -3960.697       24.577   311.7      0.249      0.706      0.183      0.151      0.347      0.004
310.7500      -3933.746    -3959.665       25.919   328.7      0.923      0.672     -0.142     -0.150      0.037     -0.054
311.0000      -3932.058    -3959.155       27.097   343.7      0.917      1.035      0.490     -0.017      0.080      0.155
311.2500      -3931.533    -3956.741       25.208   319.7      0.792      1.107      0.077      0.124      0.031     -0.163
311.5000      -3931.644    -3957.651       26.007   329.8      1.301      1.277      0.533      0.118      0.059      0.103
311.7500      -3929.942    -3956.286       26.343   334.1      0.577      0.757      0.557      0.234     -0.123     -0.192
312.0000      -3930.698    -3958.347       27.649   350.7      0.564      0.854     -0.007     -0.052     -0.385     -0.263
312.2500      -3930.772    -3957.603       26.831   340.3      0.831      1.165      0.836      0.087     -0.278     -0.084
312.5000      -3929.997    -3956.126       26.129   331.4      1.142      1.204      0.973      0.058     -0.186      0.143
312.7500      -3931.630    -3957.878       26.248   332.9      0.393      0.864      0.094      0.009     -0.258      0.127
313.0000      -3931.596    -3957.337       25.741   326.5      0.930      0.731      0.455      0.110      0.012      0.153
313.2500      -3932.882    -3958.665       25.783   327.0      0.585      0.803      0.494      0.028     -0.121      0.095
313.5000      -3931.251    -3957.512       26.260   333.0      0.915      0.974      0.183      0.254      0.153      0.048
313.7500      -3929.884    -3955.755       25.870   328.1      0.489      0.701      0.107      0.141      0.052     -0.005
314.0000      -3928.981    -3955.340       26.359   334.3      0.725      0.896      0.289      0.173      0.107      0.002
314.2500      -3928.408    -3955.630       27.223   345.3      1.012      1.199      0.666      0.281     -0.090      0.194
314.5000      -3928.568    -3956.250       27.682   351.1      0.610      0.577     -0.702      0.264     -0.155     -0.019
314.7500      -3928.077    -3955.639       27.561   349.5      0.890      1.101      0.451     -0.061     -0.052      0.272
315.0000      -3930.089    -3955.775       25.686   325.8      0.422      0.717      0.292      0.247      0.191      0.189
315.2500      -3929.188    -3956.780       27.592   349.9      1.028      1.336      0.653      0.175     -0.198     -0.012
315.5000      -3929.843    -3956.466       26.623   337.7      0.647      0.791      0.925      0.094     -0.045      0.112
315.7500      -3928.554    -3955.552       26.998   342.4      0.628      0.446     -0.446      0.400      0.047     -0.155
316.0000      -3930.179    -3956.761       26.581   337.1      0.694      1.006      0.429     -0.075      0.083      0.024
316.2500      -3931.749    -3957.609       25.860   328.0      1.052      1.169      0.111     -0.011      0.209     -0.020
316.5000      -3930.833    -3957.701       26.868   340.8      0.986      0.378     -0.137     -0.056     -0.054     -0.042
316.7500      -3930.160    -3957.305       27.145   344.3      0.709      1.130      0.551     -0.041     -0.059      0.134
317.0000      -3930.845    -3958.023       27.177   344.7      0.884      0.970     -0.059      0.134     -0.133      0.200
317.2500      -3931.820    -3957.081       25.261   320.4      0.747      0.975     -0.165     -0.136     -0.113     -0.143
317.5000      -3932.113    -3957.479       25.366   321.7      0.715      0.519      0.334     -0.081      0.106      0.030
317.7500      -3930.470    -3957.352       26.881   340.9      0.708      1.310      0.598     -0.224      0.065     -0.142
318.0000      -3929.805    -3956.125       26.321   333.8      0.618      0.714      0.247      0.093      0.044     -0.016
318.2500      -3929.564    -3956.215       26.650   338.0      0.862      0.642      0.031     -0.119      0.142     -0.042
318.5000      -3931.534    -3957.111       25.577   324.4      0.606      0.951      0.321      0.008     -0.126      0.106
318.7500      -3931.022    -3957.000       25.978   329.5      0.900      0.980      0.334      0.079     -0.061     -0.082
319.0000      -3931.506    -3957.388       25.883   328.3      0.542      0.809     -0.084      0.012     -0.461      0.127
319.2500      -3931.537    -3958.046       26.508   336.2      0.875      0.664      0.537     -0.038     -0.425     -0.008
319.5000      -3932.257    -3957.308       25.051   317.7      0.822      1.289      1.050     -0.035     -0.088      0.094
319.7500      -3931.213    -3956.394       25.181   319.4      0.557      0.974      0.697      0.036      0.298      0.099
320.0000      -3930.664    -3956.392       25.728   326.3      0.588      0.707     -0.215      0.067     -0.233     -0.221
320.2500      -3933.123    -3958.312       25.190   319.5      0.592      0.781      0.189      0.085     -0.181      0.121
320.5000      -3932.646    -3957.697       25.052   317.7      0.895      0.903      0.450     -0.093     -0.184     -0.230
320.7500      -3932.196    -3958.288       26.092   330.9      1.609      1.025      0.562      0.038     -0.216     -0.043
321.0000      -3931.047    -3956.492       25.445   322.7      1.050      0.921      0.267      0.229      0.141     -0.285
321.2500      -3931.447    -3958.521       27.074   343.4      1.179      1.291      0.503     -0.310      0.176     -0.168
321.5000      -3931.158    -3957.550       26.392   334.7      0.950      1.165     -0.024     -0.026      0.339     -0.046
321.7500      -3930.309    -3956.660       26.351   334.2      0.914      0.967      0.792      0.194      0.246     -0.139
322.0000      -3930.616    -3957.168       26.552   336.8      0.724      1.032      0.759      0.169     -0.073      0.270
322.2500      -3930.557    -3958.136       27.579   349.8      0.658      0.890      0.215     -0.013      0.003     -0.049
322.5000      -3929.038    -3957.056       28.018   355.3      1.373      1.230      0.959     -0.082     -0.346      0.213
322.7500      -3929.285    -3956.305       27.020   342.7      1.118      0.315      0.563     -0.439      0.073      0.065
323.0000      -3929.583    -3957.644       28.062   355.9      0.688      0.936     -0.086      0.024      0.038      0.060
323.2500      -3931.085    -3958.362       27.277   345.9      0.933      1.036      0.559      0.109      0.310     -0.251
323.5000      -3932.241    -3958.294       26.054   330.4      0.605      0.709      0.110      0.140      0.101     -0.111
323.7500      -3932.105    -3958.080       25.975   329.4      0.549      0.752      0.293      0.279      0.303     -0.240
324.0000      -3933.356    -3958.266       24.910   315.9      0.361      0.857      0.415      0.103      0.095      0.085
324.2500      -3934.347    -3958.770       24.422   309.7      1.060      1.353      0.765     -0.408      0.152      0.021
324.5000      -3931.612    -3956.896       25.285   320.7      0.364      0.259     -0.021     -0.207     -0.112      0.010
324.7500      -3929.699    -3956.333       26.634   337.8      1.057      0.786      0.665     -0.149     -0.175     -0.168
325.0000      -3930.595    -3957.637       27.042   343.0      0.293      0.915      0.388      0.147      0.283     -0.185
325.2500      -3931.322    -3957.243       25.921   328.7      0.300      0.313     -0.210      0.242      0.528     -0.010
325.5000      -3931.446    -3956.689       25.244   320.2      1.246      1.030      1.153     -0.436      0.158     -0.020
325.7500      -3931.650    -3956.831       25.181   319.4      0.472      0.413      0.072     -0.089      0.322      0.042
326.0000      -3931.738    -3957.568       25.830   327.6      0.658      1.245      0.064     -0.200      0.153     -0.157
326.2500      -3931.023    -3956.750       25.727   326.3      1.116      1.130      0.133      0.067      0.453      0.055
326.5000      -3930.258    -3955.941       25.683   325.7      0.751      1.381      0.087      0.357      0.326     -0.097
326.7500      -3930.296    -3956.176       25.880   328.2      1.012      0.846      0.776     -0.120      0.113      0.035
327.0000      -3929.633    -3956.956       27.323   346.5      0.629      1.117      0.354     -0.064     -0.208      0.055
327.2500      -3930.683    -3956.705       26.021   330.0      0.517      0.814      0.554     -0.153     -0.430     -0.235
327.5000      -3931.280    -3957.306       26.026   330.1      0.728      1.079      0.603      0.131     -0.067     -0.141
327.7500      -3930.403    -3956.957       26.554   336.8      0.912      0.865      0.008      0.074      0.215     -0.366
328.0000      -3929.695    -3955.592       25.897   328.4      0.369      1.291      0.222      0.045      0.371     -0.081
328.2500      -3931.143    -3956.427       25.284   320.7      0.644      1.025      0.465     -0.001     -0.124     -0.040
328.5000      -3930.744    -3957.334       26.590   337.2      1.316      0.759      0.347     -0.291     -0.241     -0.241
328.7500      -3930.978    -3955.827       24.849   315.1      0.921      0.456      0.088     -0.103      0.072     -0.327
329.0000      -3931.553    -3957.817       26.265   333.1      0.195      0.713      0.093      0.070      0.095     -0.020
329.2500      -3930.306    -3956.957       26.651   338.0      0.077      0.606     -0.285     -0.093      0.233     -0.013
329.5000      -3930.877    -3957.046       26.169   331.9      0.617      1.263      0.431      0.195     -0.070     -0.073
329.7500      -3930.873    -3956.265       25.392   322.0      0.816      0.463      0.128     -0.340     -0.512      0.137
330.0000      -3932.181    -3957.866       25.684   325.7      0.631      1.018     -0.244     -0.071     -0.511      0.131
330.2500      -3931.170    -3957.339       26.169   331.9      0.562      0.743      0.528     -0.108     -0.022     -0.274
330.5000      -3930.412    -3955.466       25.054   317.7      0.442      0.562     -0.473      0.041      0.033      0.341
330.7500      -3929.918    -3955.683       25.765   326.8      0.642      1.209      0.381      0.358     -0.143      0.091
331.0000      -3928.794    -3956.819       28.025   355.4      0.577      1.147      0.433      0.116     -0.278     -0.147
331.2500      -3929.005    -3955.477       26.472   335.7      0.777      0.698      0.508      0.010      0.062     -0.005
331.5000      -3928.518    -3955.388       26.870   340.8      0.426      0.666      0.211     -0.261     -0.162     -0.027
331.7500      -3929.422    -3956.568       27.146   344.3      0.468      0.855     -0.154     -0.328     -0.032     -0.182
332.0000      -3929.336    -3955.290       25.954   329.2      0.982      1.278      0.381     -0.086      0.168      0.279
332.2500      -3929.706    -3956.343       26.637   337.8      0.411      0.471     -0.127      0.078     -0.127     -0.051
332.5000      -3928.909    -3955.121       26.213   332.4      0.653      0.692      0.335     -0.014      0.167     -0.064
332.7500      -3929.295    -3955.225       25.929   328.8      0.570      1.051      0.555      0.122      0.182      0.253
333.0000      -3931.187    -3957.025       25.838   327.7      0.723      1.190      0.772     -0.046      0.075     -0.157
333.2500      -3930.886    -3956.253       25.368   321.7      1.015      1.016      0.176      0.330      0.064      0.083
333.5000      -3931.392    -3957.061       25.669   325.6      0.320      0.496      0.182      0.283     -0.270     -0.205
333.7500      -3930.029    -3955.409       25.381   321.9      1.331      0.584      0.374      0.444     -0.249      0.046
334.0000      -3930.873    -3956.642       25.769   326.8      0.482      0.701      0.113     -0.249     -0.110      0.099
334.2500      -3929.987    -3955.887       25.901   328.5      0.873      0.964      0.463      0.139     -0.097     -0.328
334.5000      -3927.555    -3954.770       27.215   345.2      0.375      0.672      0.349      0.060      0.090     -0.082
334.7500      -3927.385    -3954.111       26.726   339.0      0.794      0.772      0.164     -0.144      0.136      0.301
335.0000      -3930.810    -3957.942       27.132   344.1      0.887      0.445      0.231     -0.168     -0.154      0.139
335.2500      -3930.109    -3957.242       27.133   344.1      1.195      1.163      0.727     -0.428     -0.035      0.094
335.5000      -3930.815    -3955.722       24.907   315.9      0.625      1.123      0.412     -0.217     -0.232      0.446
335.7500      -3929.290    -3956.106       26.816   340.1      1.061      0.676      0.714      0.034      0.261      0.110
336.0000      -3931.056    -3956.904       25.848   327.8      0.518      1.171      0.794      0.134      0.154      0.093
336.2500      -3930.519    -3955.517       24.997   317.0      0.842      0.879      0.402     -0.100      0.057     -0.036
336.5000      -3930.614    -3957.193       26.578   337.1      0.609      0.913      0.464      0.072      0.039      0.079
336.7500      -3930.764    -3956.271       25.507   323.5      0.314      0.961      0.201     -0.184      0.040     -0.075
337.0000      -3928.747    -3955.502       26.755   339.3      0.747      0.427      0.201      0.098      0.025     -0.023
337.2500      -3928.819    -3954.634       25.815   327.4      0.658      1.361      0.215      0.174     -0.080      0.010
337.5000      -3929.777    -3956.330       26.553   336.8      0.814      0.505      0.230     -0.039      0.098     -0.132
337.7500      -3931.178    -3956.734       25.556   324.1      0.607      0.751      0.386     -0.153      0.375      0.043
338.0000      -3930.558    -3956.266       25.708   326.0     -0.136      0.620      0.200      0.116     -0.004      0.008
338.2500      -3929.890    -3956.313       26.423   335.1      0.635      0.952      0.436      0.073     -0.502     -0.068
338.5000      -3929.439    -3956.052       26.612   337.5      0.798      0.673      0.840     -0.064     -0.245     -0.200
338.7500      -3930.215    -3956.797       26.582   337.1      0.869      1.014      0.253      0.037     -0.106     -0.120
339.0000      -3930.700    -3955.763       25.062   317.9      0.281      0.791      0.429     -0.118     -0.019      0.191
339.2500      -3929.213    -3955.801       26.587   337.2      0.833      1.031      0.156      0.001      0.104     -0.097
339.5000      -3928.812    -3955.842       27.029   342.8      0.477      0.900      0.472      0.149      0.196     -0.047
339.7500      -3928.846    -3955.732       26.886   341.0      1.108      0.715      0.653      0.293     -0.022      0.176
340.0000      -3927.273    -3954.007       26.734   339.1      0.411      1.082      0.170     -0.173     -0.072     -0.059
340.2500      -3927.970    -3955.064       27.094   343.6      0.345      0.549      0.225     -0.223     -0.081      0.033
340.5000      -3928.120    -3954.303       26.183   332.1      0.655      0.758     -0.473      0.178     -0.046     -0.146
340.7500      -3927.549    -3953.888       26.339   334.0      0.737      0.507     -0.271      0.235     -0.550      0.090
341.0000      -3926.769    -3953.504       26.735   339.1      0.693      0.392      0.304      0.191     -0.256      0.030
341.2500      -3927.895    -3954.973       27.078   343.4      0.771      1.134     -0.032      0.189      0.078      0.011
341.5000      -3930.020    -3956.490       26.470   335.7      0.695      0.632     -0.056     -0.179      0.310      0.039
341.7500      -3928.942    -3955.182       26.240   332.8      0.640      0.458     -0.340     -0.125      0.291      0.012
342.0000      -3928.747    -3954.976       26.229   332.7      0.227      0.615     -0.026      0.136      0.433      0.181
342.2500      -3931.394    -3957.164       25.769   326.8      0.239      0.823      0.150      0.281      0.030     -0.072
342.5000      -3932.120    -3957.112       24.992   317.0      0.545      0.685      0.205      0.267      0.267      0.201
342.7500      -3929.628    -3956.371       26.743   339.2      0.613      0.669      0.497      0.073      0.055     -0.006
343.0000      -3929.963    -3954.975       25.012   317.2      0.647      0.834     -0.518     -0.094      0.296      0.185
343.2500      -3931.062    -3957.555       26.492   336.0      0.395      0.651     -0.508     -0.305      0.131     -0.088
343.5000      -3931.086    -3957.620       26.535   336.5      0.930      0.758      0.403     -0.085      0.153     -0.262
343.7500      -3932.672    -3957.848       25.176   319.3      0.375      0.520     -0.563      0.103     -0.243     -0.231
344.0000      -3932.297    -3956.450       24.154   306.3      0.600      0.958      0.087      0.123      0.035     -0.203
344.2500      -3931.304    -3957.213       25.909   328.6      0.056      0.025     -0.518      0.134      0.179      0.184
344.5000      -3930.714    -3956.037       25.323   321.2      1.136      0.528      0.437      0.073     -0.040      0.071
344.7500      -3930.565    -3955.918       25.353   321.5      0.379      0.611     -0.221      0.276     -0.130      0.180
345.0000      -3932.367    -3957.856       25.490   323.3      0.760      0.363      0.673     -0.327      0.051      0.028
345.2500      -3928.089    -3955.283       27.194   344.9      0.503      0.969     -0.155      0.085      0.305      0.102
345.5000      -3929.879    -3956.182       26.303   333.6      0.597      0.307     -0.123     -0.143      0.235      0.046
345.7500      -3930.953    -3957.840       26.888   341.0      0.288      0.845      0.225     -0.238      0.130      0.116
346.0000      -3930.332    -3955.563       25.231   320.0      0.603      0.747     -0.138      0.090     -0.160      0.035
346.2500      -3930.680    -3957.161       26.481   335.8      0.370      0.876      0.180     -0.298      0.040     -0.046
346.5000      -3931.834    -3955.983       24.149   306.3      0.720      1.022      0.191      0.080      0.193      0.128
346.7500      -3930.909    -3956.077       25.168   319.2      0.980      0.808      0.720      0.030      0.139     -0.095
347.0000      -3929.826    -3955.534       25.708   326.0      0.316      0.796     -0.449      0.020      0.201     -0.200
347.2500      -3928.562    -3955.370       26.808   340.0      0.447      1.003      0.081      0.024      0.319     -0.225
347.5000      -3928.610    -3954.677       26.067   330.6      0.960      0.890      0.521     -0.236     -0.308     -0.073
347.7500      -3929.787    -3955.163       25.376   321.8      0.637      0.629      0.399      0.231      0.133     -0.057
348.0000      -3930.754    -3955.464       24.710   313.4      0.743      1.359     -0.015      0.127      0.288     -0.183
348.2500      -3930.663    -3955.504       24.841   315.0      0.443      0.797     -0.223      0.299      0.359      0.095
348.5000      -3928.681    -3954.860       26.179   332.0      0.955      0.288     -0.325     -0.078     -0.140      0.063
348.7500      -3929.067    -3955.253       26.186   332.1      0.988      1.173     -0.293     -0.014     -0.200      0.088
349.0000      -3929.258    -3955.348       26.089   330.9      0.451      0.628     -0.447      0.232     -0.153      0.238
349.2500      -3929.294    -3955.926       26.632   337.8      0.500      0.662      0.445      0.126     -0.082      0.078
349.5000      -3928.045    -3954.919       26.874   340.8      0.314      0.565     -0.015     -0.291      0.037     -0.263
349.7500      -3928.126    -3956.418       28.292   358.8      0.571      0.649      0.650     -0.439      0.319      0.037
350.0000      -3929.485    -3956.203       26.718   338.8      0.293      1.051      0.289     -0.181      0.406     -0.152
350.2500      -3930.680    -3956.831       26.151   331.7      0.535      0.379     -0.244     -0.181     -0.046     -0.091
350.5000      -3929.288    -3956.047       26.759   339.4      0.509      0.914     -0.180      0.188     -0.244     -0.293
350.7500      -3929.540    -3955.688       26.147   331.6      1.045      1.198      0.037      0.135     -0.016     -0.158
351.0000      -3931.209    -3956.352       25.143   318.9      1.026      1.350      0.332      0.116     -0.149     -0.060
351.2500      -3929.096    -3955.549       26.453   335.5      0.279      0.655     -0.049     -0.065     -0.202     -0.169
351.5000      -3927.991    -3956.488       28.498   361.4      0.226      0.701      0.084     -0.450     -0.380     -0.248
351.7500      -3929.514    -3955.762       26.247   332.9      0.695      0.926      0.279      0.106     -0.381      0.099
352.0000      -3928.959    -3955.864       26.905   341.2      0.631      1.149      0.063      0.140      0.161      0.094
352.2500      -3928.969    -3954.919       25.950   329.1      0.389      0.410      0.229     -0.042     -0.124     -0.177
352.5000      -3929.836    -3955.251       25.416   322.3      1.367      0.896     -0.020     -0.342     -0.174     -0.197
352.7500      -3930.935    -3956.184       25.248   320.2      0.068      0.608     -0.277     -0.201     -0.159      0.041
353.0000      -3933.062    -3959.592       26.530   336.5      0.637      1.003      0.743     -0.118      0.251     -0.264
353.2500      -3933.030    -3958.660       25.630   325.1      0.690      0.938      0.190     -0.205      0.001     -0.037
353.5000      -3930.224    -3956.449       26.225   332.6      0.367      0.538     -0.298      0.341     -0.174     -0.191
353.7500      -3931.553    -3956.856       25.304   320.9      0.368      0.634      0.370      0.078     -0.009     -0.056
354.0000      -3930.761    -3958.937       28.176   357.3      0.659      0.215     -0.185      0.396     -0.403      0.220
354.2500      -3930.712    -3956.819       26.106   331.1      0.627      0.824      0.588      0.061     -0.298      0.210
354.5000      -3931.224    -3957.425       26.201   332.3      0.169      0.511     -0.226     -0.176      0.262      0.055
354.7500      -3931.364    -3957.068       25.703   326.0      1.014      0.752      0.380     -0.002     -0.030     -0.066
355.0000      -3931.551    -3957.529       25.978   329.5      0.461      0.844      0.052      0.079     -0.186     -0.066
355.2500      -3932.242    -3957.811       25.568   324.3      0.695      0.725      0.865      0.089     -0.233      0.035
355.5000      -3932.932    -3957.337       24.406   309.5      0.747      0.774     -0.249     -0.137     -0.167      0.170
355.7500      -3930.993    -3957.060       26.067   330.6      0.196      0.828     -0.211     -0.161     -0.041      0.232
356.0000      -3931.690    -3958.263       26.574   337.0      1.104      0.860      0.236      0.018      0.149     -0.147
356.2500      -3933.505    -3958.512       25.007   317.1      0.801      0.448      0.148     -0.249     -0.104      0.174
356.5000      -3929.812    -3954.858       25.046   317.6      0.463      1.032     -0.029      0.189     -0.128      0.165
356.7500      -3930.359    -3956.249       25.890   328.4      0.530      0.739      0.286      0.297     -0.224      0.129
357.0000      -3931.626    -3957.606       25.980   329.5      0.416      0.748      0.404     -0.069     -0.397     -0.045
357.2500      -3929.876    -3956.212       26.336   334.0      1.089      1.078      0.357      0.053     -0.389     -0.100
357.5000      -3929.985    -3956.120       26.135   331.5     -0.002      0.821     -0.428      0.110      0.023      0.100
357.7500      -3928.480    -3956.508       28.028   355.5      0.595      0.866      0.905      0.184     -0.116     -0.338
358.0000      -3928.538    -3956.389       27.851   353.2      0.535      0.835      0.500      0.284      0.370     -0.121
358.2500      -3931.393    -3957.772       26.379   334.6      0.539      0.753     -0.229      0.178      0.238      0.093
358.5000      -3930.863    -3957.869       27.006   342.5      0.736      1.171      0.222      0.286      0.161     -0.033
358.7500      -3930.215    -3956.958       26.743   339.2      0.918      0.867      0.756     -0.369      0.125     -0.071
359.0000      -3931.054    -3956.289       25.235   320.0      0.782      0.865      0.266      0.258      0.154      0.044
359.2500      -3930.985    -3957.750       26.766   339.5      0.623      0.863      0.520     -0.065     -0.080      0.015
359.5000      -3930.802    -3956.711       25.910   328.6      0.921      0.864      0.082      0.062     -0.015     -0.264
359.7500      -3930.341    -3956.016       25.674   325.6      0.630      0.960     -0.066     -0.170     -0.295     -0.018
360.0000      -3929.534    -3956.293       26.760   339.4      1.115      0.709      0.303     -0.190     -0.110     -0.164
360.2500      -3929.415    -3955.576       26.161   331.8      0.582      0.713      0.732     -0.563     -0.003      0.026
360.5000      -3930.310    -3957.154       26.844   340.5      0.916      0.831      0.879     -0.227     -0.368     -0.313
360.7500      -3929.379    -3956.797       27.418   347.7      0.059      0.799      0.026      0.313     -0.058     -0.205
361.0000      -3929.869    -3955.380       25.511   323.5      0.538      1.238      0.049      0.335     -0.292      0.270
361.2500      -3929.106    -3955.443       26.337   334.0      0.608      0.940      0.495     -0.173     -0.165     -0.049
361.5000      -3930.378    -3956.646       26.268   333.1      0.518      0.911      0.478     -0.131      0.281     -0.105
361.7500      -3929.254    -3954.913       25.659   325.4      0.842      0.813      0.384      0.021      0.195     -0.431
362.0000      -3929.725    -3955.574       25.850   327.8      0.898      1.495      0.456      0.062      0.150      0.101
362.2500      -3932.131    -3957.250       25.119   318.6      1.001      1.389     -0.074      0.349     -0.065     -0.037
362.5000      -3931.014    -3956.700       25.686   325.8      1.257      0.854      0.520      0.093     -0.192     -0.199
362.7500      -3929.451    -3956.629       27.179   344.7      0.154      0.411      0.695      0.108     -0.226      0.041
363.0000      -3931.434    -3956.697       25.263   320.4      0.598      0.447      0.011      0.109     -0.065     -0.309
363.2500      -3929.844    -3956.010       26.166   331.9      0.715      0.797      0.814      0.157      0.065     -0.006
363.5000      -3929.308    -3955.607       26.299   333.5      1.165      1.006      0.199     -0.032     -0.130     -0.176
363.7500      -3928.996    -3956.081       27.085   343.5      0.764      0.510      0.157      0.201     -0.025     -0.051
364.0000      -3929.620    -3956.480       26.859   340.6      0.899      0.574      0.075     -0.236     -0.021      0.197
364.2500      -3929.247    -3956.002       26.755   339.3      0.310      0.807      0.141      0.023      0.117     -0.335
364.5000      -3928.692    -3956.272       27.580   349.8      0.709      0.455      0.646     -0.156     -0.252      0.169
364.7500      -3929.761    -3955.824       26.063   330.5      0.331      0.698     -0.442     -0.192      0.262      0.224
365.0000      -3930.304    -3955.849       25.545   324.0      1.391      0.712     -0.038      0.015      0.049      0.004
365.2500      -3930.141    -3955.869       25.727   326.3      0.827      0.569      0.411     -0.140      0.114      0.048
365.5000      -3928.335    -3955.334       26.999   342.4      0.504      0.629     -0.109      0.081     -0.135     -0.037
365.7500      -3927.742    -3954.964       27.223   345.3      1.025      1.300      0.571     -0.251     -0.292     -0.220
366.0000      -3928.656    -3954.965       26.310   333.7      0.610      1.282      0.920      0.039     -0.040      0.037
366.2500      -3929.892    -3955.560       25.668   325.5      0.584      0.790      0.542     -0.001      0.219      0.065
366.5000      -3930.764    -3956.250       25.486   323.2      1.201      1.506      0.953     -0.118      0.165     -0.234
366.7500      -3930.237    -3956.557       26.320   333.8     -0.087      1.660      0.364     -0.052      0.384      0.133
367.0000      -3928.974    -3955.263       26.289   333.4      0.605      0.810     -0.068     -0.208      0.258     -0.078
367.2500      -3929.181    -3954.799       25.618   324.9      0.943      1.219      0.687      0.046     -0.125      0.013
367.5000      -3927.907    -3955.239       27.332   346.6      0.692      0.278      0.014      0.104     -0.123      0.051
367.7500      -3928.146    -3955.278       27.132   344.1      1.042      0.963     -0.182      0.441      0.151     -0.076
368.0000      -3928.929    -3955.790       26.861   340.7      1.231      0.901      0.339     -0.117     -0.341     -0.179
368.2500      -3928.148    -3955.217       27.069   343.3      0.682      0.923      0.535     -0.235     -0.089     -0.215
368.5000      -3930.312    -3955.915       25.603   324.7      1.018      0.622      0.648     -0.438     -0.314      0.044
368.7500      -3930.186    -3956.385       26.199   332.3      0.468      0.624      0.221      0.087      0.205      0.093
369.0000      -3928.945    -3956.707       27.762   352.1      0.376      0.154      0.166      0.080      0.299      0.324
369.2500      -3930.269    -3956.099       25.830   327.6      0.971      0.838     -0.030      0.232      0.360      0.057
369.5000      -3931.647    -3957.628       25.981   329.5      0.809      1.046      0.033      0.309     -0.116      0.120
369.7500      -3931.652    -3957.114       25.462   322.9      0.773      0.864      0.230      0.138     -0.418     -0.131
370.0000      -3932.157    -3956.093       23.936   303.6      0.889      1.020      0.673     -0.187     -0.122      0.219
370.2500      -3930.299    -3956.471       26.172   331.9      0.242      1.091      0.598     -0.185     -0.160     -0.029
370.5000      -3927.593    -3955.324       27.731   351.7      1.263      1.214      0.480     -0.099      0.409      0.148
370.7500      -3929.568    -3956.586       27.018   342.7      0.801      1.200      0.699      0.247     -0.077     -0.060
371.0000      -3930.070    -3956.149       26.079   330.8      1.212      1.627      0.247     -0.132      0.087      0.082
371.2500      -3930.515    -3957.764       27.248   345.6      1.399      1.265      0.690      0.291     -0.119     -0.061
371.5000      -3930.482    -3956.730       26.248   332.9      0.640      0.705      0.237     -0.145     -0.074     -0.127
371.7500      -3931.504    -3957.377       25.873   328.1      0.516      1.152      0.742     -0.048      0.089      0.135
372.0000      -3930.265    -3956.670       26.405   334.9      0.856      0.680     -0.079      0.185      0.323      0.190
372.2500      -3930.544    -3956.774       26.230   332.7      1.191      1.162      0.799      0.022     -0.491     -0.050
372.5000      -3930.425    -3957.373       26.948   341.8      0.457      0.364     -0.296      0.035      0.064     -0.065
372.7500      -3931.241    -3956.235       24.994   317.0      1.133      1.340      0.590     -0.089     -0.314      0.062
373.0000      -3933.607    -3958.058       24.451   310.1      0.552      1.470      0.329     -0.176      0.019     -0.016
373.2500      -3932.433    -3958.182       25.749   326.6      0.586      0.814     -0.573      0.120     -0.203      0.046
373.5000      -3933.008    -3958.040       25.032   317.5      0.490      1.222      1.085      0.350      0.187     -0.227
373.7500      -3932.326    -3957.441       25.115   318.5      0.345      0.399      0.167      0.191     -0.140     -0.120
374.0000      -3932.736    -3958.876       26.141   331.5      0.758      0.644      0.472     -0.013      0.237     -0.105
374.2500      -3933.223    -3958.960       25.737   326.4      1.153      1.285      0.785     -0.281     -0.012      0.160
374.5000      -3932.169    -3956.558       24.389   309.3      0.670      0.852      0.198     -0.201      0.063      0.079
374.7500      -3931.686    -3957.228       25.542   323.9      1.227      0.948      0.586     -0.131     -0.158      0.105
375.0000      -3932.601    -3958.254       25.652   325.3      0.704      0.562      0.213      0.116      0.115      0.148
375.2500      -3931.836    -3957.035       25.198   319.6      0.791      1.059      0.195      0.111      0.214      0.182
375.5000      -3931.074    -3957.547       26.473   335.7      0.640      1.622      0.595      0.093      0.161      0.083
375.7500      -3929.931    -3955.326       25.395   322.1      0.894      0.515      0.412     -0.269     -0.039      0.054
376.0000      -3930.428    -3957.248       26.820   340.1      1.062      1.108      0.763     -0.131     -0.250     -0.103
376.2500      -3929.893    -3955.690       25.798   327.2      0.701      0.984     -0.036     -0.010      0.018      0.147
376.5000      -3930.452    -3956.835       26.384   334.6      0.678      0.969      0.412     -0.004     -0.005      0.051
376.7500      -3930.018    -3955.849       25.831   327.6      0.519      0.528      0.311      0.044     -0.081     -0.024
377.0000      -3930.232    -3956.976       26.744   339.2      0.999      0.567      1.154     -0.176      0.109     -0.399
377.2500      -3929.939    -3955.436       25.497   323.4      0.750      1.197      0.801      0.156      0.267      0.007
377.5000      -3930.645    -3956.452       25.808   327.3      0.611      0.849      0.319      0.086      0.328      0.099
377.7500      -3930.644    -3956.775       26.131   331.4      1.063      1.021      0.645      0.110      0.129      0.197
378.0000      -3930.281    -3954.755       24.474   310.4      0.729      0.896      0.585     -0.081     -0.096     -0.036
378.2500      -3929.738    -3955.321       25.583   324.5      0.509      0.848     -0.249     -0.400     -0.074     -0.153
378.5000      -3929.052    -3955.367       26.315   333.7      0.563      1.028      0.234     -0.333      0.192      0.067
378.7500      -3930.418    -3955.675       25.257   320.3      0.529      0.596      0.304      0.042      0.168     -0.115
379.0000      -3929.199    -3955.809       26.609   337.5      0.637      0.845     -0.212      0.115     -0.073     -0.200
379.2500      -3930.538    -3957.160       26.623   337.6      0.944      0.783      0.218     -0.095     -0.089     -0.136
379.5000      -3929.388    -3956.245       26.856   340.6      0.571      0.837     -0.233      0.084     -0.381      0.146
379.7500      -3928.998    -3956.210       27.212   345.1      1.169      1.414      0.670     -0.166      0.192     -0.195
380.0000      -3929.204    -3954.412       25.208   319.7      0.824      0.982      0.271     -0.090      0.146      0.312
380.2500      -3927.511    -3956.095       28.584   362.5      0.255      0.794     -0.051     -0.184      0.564      0.109
380.5000      -3927.786    -3953.844       26.059   330.5      1.416      1.412      0.319     -0.031      0.171      0.003
380.7500      -3929.082    -3956.946       27.865   353.4      1.372      0.551      0.149      0.095      0.043     -0.133
381.0000      -3931.262    -3956.188       24.926   316.1      0.690      1.494      0.457      0.107     -0.317      0.044
381.2500      -3928.511    -3955.512       27.002   342.5      0.405      0.834      0.670     -0.088      0.000     -0.106
381.5000      -3929.086    -3955.762       26.676   338.3      0.802      1.336      0.184     -0.011      0.103     -0.091
381.7500      -3929.170    -3956.697       27.527   349.1      0.512      1.220      0.342      0.197      0.552     -0.008
382.0000      -3929.087    -3954.311       25.224   319.9      1.052      0.912      0.485     -0.102      0.003     -0.527
382.2500      -3931.462    -3957.346       25.885   328.3      0.839      1.359     -0.057      0.257     -0.300     -0.114
382.5000      -3930.353    -3955.976       25.622   325.0      0.634      0.975     -0.162      0.062      0.004      0.054
382.7500      -3930.560    -3956.688       26.127   331.4      0.561      0.085     -0.130     -0.302      0.133      0.084
383.0000      -3929.895    -3956.786       26.891   341.0      0.508      0.967      0.379     -0.142      0.119     -0.062
383.2500      -3929.389    -3955.029       25.641   325.2      0.450      1.366      0.258      0.149     -0.070      0.048
383.5000      -3928.832    -3954.023       25.191   319.5      0.637      0.459      0.132     -0.196     -0.295     -0.074
383.7500      -3930.275    -3955.966       25.691   325.8      0.427      0.893      0.523     -0.108      0.060      0.019
384.0000      -3928.569    -3954.846       26.277   333.3      0.718      0.120      0.369     -0.204     -0.606      0.094
384.2500      -3929.187    -3955.814       26.627   337.7      0.709      0.587     -0.028     -0.196      0.032      0.099
384.5000      -3931.041    -3956.436       25.395   322.1      0.646      0.658      0.012     -0.002     -0.117      0.122
384.7500      -3929.938    -3957.319       27.380   347.3      0.685      1.006      0.019      0.025     -0.232     -0.236
385.0000      -3931.564    -3956.083       24.519   311.0      0.830      0.776      0.298     -0.389     -0.116     -0.117
385.2500      -3931.006    -3957.184       26.178   332.0      0.595      0.403      0.508     -0.054      0.030      0.072
385.5000      -3930.984    -3957.335       26.351   334.2      0.806      0.914      0.523      0.187      0.126      0.142
385.7500      -3930.703    -3956.773       26.071   330.6      0.695      1.386      0.201      0.113      0.254      0.086
386.0000      -3931.968    -3957.755       25.787   327.0      0.543      0.459      0.172      0.267      0.061     -0.068
386.2500      -3929.041    -3956.532       27.491   348.6      0.838      1.056      0.432     -0.129      0.014      0.157
386.5000      -3930.589    -3956.628       26.039   330.2      0.999      0.660      0.197      0.095     -0.182     -0.082
386.7500      -3930.221    -3956.798       26.577   337.1      0.962      0.634      0.086     -0.033     -0.304     -0.101
387.0000      -3931.172    -3956.425       25.253   320.3      1.045      0.637      0.324      0.147      0.024      0.073
387.2500      -3930.033    -3956.371       26.338   334.0      0.490      0.965      0.709     -0.279     -0.039      0.054
387.5000      -3930.167    -3957.325       27.159   344.4      1.247      0.547      0.675     -0.102      0.117      0.115
387.7500      -3928.788    -3955.086       26.299   333.5      0.451      0.346     -0.496     -0.072      0.281      0.084
388.0000      -3931.619    -3956.726       25.107   318.4      0.840      0.969      0.808     -0.236      0.245     -0.089
388.2500      -3930.862    -3957.452       26.590   337.2      0.781      0.936      0.922      0.156     -0.251      0.045
388.5000      -3932.241    -3957.369       25.128   318.7      0.954      0.585      0.747     -0.025      0.319     -0.002
388.7500      -3932.886    -3958.807       25.921   328.7      0.873      1.024      0.296     -0.067     -0.090     -0.072
389.0000      -3932.210    -3957.426       25.216   319.8      1.103      0.892      0.670     -0.251      0.056     -0.111
389.2500      -3932.972    -3959.254       26.282   333.3      1.244      0.967      0.427      0.032      0.062     -0.138
389.5000      -3933.174    -3957.862       24.689   313.1      0.771      0.237     -0.433     -0.146      0.157      0.085
389.7500      -3931.537    -3957.724       26.186   332.1      0.923      0.852      0.539     -0.211      0.105      0.044
390.0000      -3929.953    -3957.205       27.252   345.6      0.645      0.709     -0.046     -0.424      0.317      0.061
390.2500      -3928.815    -3955.005       26.190   332.2      0.602      0.807      0.726     -0.045     -0.017      0.123
390.5000      -3932.030    -3957.035       25.004   317.1      0.317      0.810      0.110     -0.098      0.209     -0.059
390.7500      -3933.315    -3957.991       24.675   312.9      0.690      1.057      0.142      0.015      0.151     -0.019
391.0000      -3933.373    -3957.936       24.563   311.5      0.970      1.432      1.169      0.066     -0.215     -0.198
391.2500      -3932.199    -3956.757       24.558   311.5      0.123      0.528     -0.212     -0.306     -0.113      0.017
391.5000      -3931.313    -3958.662       27.349   346.9      1.123      0.901     -0.077     -0.314     -0.293      0.199
391.7500      -3932.635    -3957.151       24.517   310.9      0.564      0.159      0.071     -0.402     -0.139     -0.136
392.0000      -3932.825    -3957.853       25.028   317.4      0.696      0.734     -0.024     -0.099     -0.031      0.028
392.2500      -3931.846    -3957.309       25.462   322.9      0.751      1.260      0.617     -0.010      0.199     -0.042
392.5000      -3931.627    -3957.542       25.915   328.7      0.624      0.638      0.642      0.203     -0.178     -0.246
392.7500      -3930.765    -3957.141       26.376   334.5     -0.277      0.920      0.017     -0.014     -0.154     -0.047
393.0000      -3930.443    -3957.131       26.688   338.5      0.630      0.725      0.148     -0.149      0.023     -0.096
393.2500      -3931.184    -3956.732       25.548   324.0      0.790      1.081      0.218      0.026     -0.144      0.001
393.5000      -3931.914    -3957.156       25.241   320.1      1.002      1.238      0.246     -0.105     -0.112      0.100
393.7500      -3931.282    -3957.028       25.746   326.5      0.626      0.700     -0.037     -0.247     -0.279     -0.182
394.0000      -3930.591    -3957.104       26.514   336.3      1.030      0.946      0.474     -0.210     -0.190     -0.163
394.2500      -3929.441    -3956.738       27.296   346.2      0.532      0.794     -0.329     -0.060     -0.175     -0.146
394.5000      -3929.999    -3956.205       26.206   332.4      0.430      0.769      0.034     -0.000     -0.108      0.089
394.7500      -3930.048    -3957.581       27.533   349.2      1.088      0.677      0.170     -0.165     -0.013      0.352
395.0000      -3932.649    -3957.774       25.125   318.7      1.090      0.715     -0.019      0.204     -0.124      0.200
395.2500      -3931.178    -3958.781       27.603   350.1      1.222      1.392     -0.078      0.127      0.203     -0.281
395.5000      -3930.788    -3956.958       26.170   331.9      0.564      0.507      0.170     -0.183      0.285      0.123
395.7500      -3931.078    -3956.974       25.896   328.4      0.740      0.803      0.239     -0.120      0.083      0.179
396.0000      -3928.600    -3955.661       27.060   343.2      0.568      0.525     -0.473      0.137      0.235      0.201
396.2500      -3929.265    -3955.800       26.535   336.5      1.202      1.042      0.130      0.094      0.246     -0.184
396.5000      -3929.714    -3956.249       26.535   336.5      0.887      1.106      0.216      0.190      0.104     -0.360
396.7500      -3931.208    -3958.936       27.727   351.7      0.671      0.081     -0.330      0.083      0.348     -0.041
397.0000      -3932.159    -3958.357       26.198   332.3      0.683      0.320      0.056     -0.474      0.221     -0.192
397.2500      -3931.652    -3958.228       26.575   337.0      0.253      1.036      0.321      0.009      0.087     -0.215
397.5000      -3932.769    -3958.714       25.945   329.1      1.054      1.068      0.548     -0.118     -0.104      0.008
397.7500      -3932.845    -3957.302       24.457   310.2      0.646      0.763      0.526      0.188      0.063     -0.006
398.0000      -3932.920    -3957.004       24.084   305.5      1.093      0.538      0.678      0.128      0.146      0.033
398.2500      -3932.989    -3958.188       25.198   319.6      0.781      0.475     -0.005     -0.107      0.200     -0.021
398.5000      -3932.680    -3958.868       26.189   332.1      0.761      1.284      0.215      0.100      0.191      0.112
398.7500      -3932.313    -3958.660       26.347   334.1      0.849      1.236     -0.126      0.144      0.106      0.147
399.0000      -3933.389    -3959.441       26.052   330.4      0.131      0.947      0.175      0.036     -0.128     -0.035
399.2500      -3933.034    -3958.904       25.869   328.1      0.835      1.204      0.544      0.063     -0.028     -0.078
399.5000      -3933.950    -3959.035       25.085   318.1      1.005      0.772     -0.024      0.012     -0.221      0.135
399.7500      -3935.413    -3960.356       24.943   316.3      0.668      1.065      0.330      0.112      0.267     -0.121
400.0000      -3934.612    -3959.592       24.980   316.8      0.988      1.040     -0.014      0.184      0.217      0.026
400.2500      -3932.535    -3958.064       25.529   323.8      0.603      0.611      0.198      0.087      0.116      0.109
400.5000      -3930.030    -3958.308       28.278   358.6      1.161      0.919      0.067      0.202      0.128      0.062
400.7500      -3930.869    -3956.764       25.895   328.4      0.247      0.309     -0.118      0.033     -0.007     -0.123
401.0000      -3929.756    -3957.542       27.786   352.4      0.671      0.772      0.200     -0.154      0.243     -0.216
401.2500      -3929.120    -3955.249       26.129   331.4      0.469      0.752     -0.595     -0.229     -0.018     -0.158
401.5000      -3928.826    -3956.049       27.223   345.3      1.238      0.897      0.486     -0.146     -0.248     -0.029
401.7500      -3929.846    -3956.741       26.895   341.1      0.721      1.074      0.419     -0.225     -0.219      0.005
402.0000      -3931.335    -3957.758       26.423   335.1      0.349      0.944     -0.343     -0.181     -0.254     -0.117
402.2500      -3929.482    -3954.630       25.148   318.9      0.925      1.104      0.193      0.074     -0.185     -0.074
402.5000      -3930.111    -3956.330       26.219   332.5      1.292      0.812     -0.154     -0.137      0.134     -0.084
402.7500      -3931.205    -3955.883       24.678   313.0      0.837      0.792      0.174     -0.033      0.061     -0.240
403.0000      -3931.572    -3957.242       25.670   325.6      0.767      0.677      1.171     -0.044     -0.072     -0.093
403.2500      -3930.624    -3956.851       26.227   332.6      0.484      0.610      0.394      0.025     -0.212      0.115
403.5000      -3930.409    -3956.037       25.628   325.0      0.649      0.982      0.194      0.080     -0.000     -0.012
403.7500      -3932.430    -3957.503       25.073   318.0      0.670      1.409      0.223     -0.002      0.101      0.274
404.0000      -3931.738    -3958.575       26.838   340.4      0.710      0.725      0.252     -0.081     -0.130      0.212
404.2500      -3931.309    -3957.021       25.712   326.1      0.733      0.919     -0.213     -0.124      0.310      0.191
404.5000      -3931.411    -3956.839       25.428   322.5      0.804      1.466     -0.026     -0.458     -0.138     -0.025
404.7500      -3932.662    -3957.972       25.310   321.0      0.872      0.940      0.212      0.018     -0.301      0.050
405.0000      -3931.998    -3958.370       26.372   334.5      0.758      0.737     -0.130     -0.029     -0.351      0.156
405.2500      -3930.449    -3955.719       25.270   320.5      0.451      0.694     -0.366      0.230     -0.323     -0.273
405.5000      -3931.079    -3957.510       26.431   335.2      0.482      1.121     -0.045      0.157     -0.170     -0.226
405.7500      -3931.575    -3957.155       25.579   324.4      0.788      0.955      0.614      0.178      0.280      0.034
406.0000      -3931.571    -3956.926       25.355   321.6      0.530      0.198      0.281     -0.055      0.165      0.093
406.2500      -3931.357    -3958.455       27.098   343.7      0.519      0.764     -0.192     -0.280     -0.179     -0.105
406.5000      -3930.082    -3957.315       27.234   345.4      0.663      0.820      0.156      0.277     -0.210      0.027
406.7500      -3928.646    -3955.361       26.716   338.8      1.154      0.746      0.754     -0.127     -0.348      0.033
407.0000      -3929.616    -3954.990       25.374   321.8      0.717      0.729     -0.311      0.023     -0.270      0.067
407.2500      -3930.968    -3958.375       27.406   347.6      1.541      0.708     -0.016      0.036      0.053      0.116
407.5000      -3931.917    -3957.922       26.005   329.8      0.811      1.253      0.860      0.262      0.258     -0.064
407.7500      -3931.900    -3957.788       25.888   328.3      0.516      0.574      0.086     -0.100      0.088      0.062
408.0000      -3932.046    -3957.563       25.518   323.6      0.892      0.902      0.450     -0.031     -0.114      0.141
408.2500      -3930.080    -3958.267       28.187   357.5      0.569      0.732      0.193     -0.009     -0.147      0.139
408.5000      -3930.045    -3958.167       28.122   356.7      0.814      0.754     -0.016     -0.053      0.244      0.010
408.7500      -3931.328    -3957.009       25.680   325.7      0.630      0.268      0.195      0.338      0.690      0.042
409.0000      -3930.087    -3956.814       26.727   339.0      1.167      0.754     -0.028      0.125      0.252      0.107
409.2500      -3930.569    -3957.027       26.458   335.6      0.569      0.905     -0.175     -0.221     -0.064     -0.043
409.5000      -3930.977    -3957.026       26.050   330.4      0.043      0.422     -0.297      0.069      0.063     -0.046
409.7500      -3930.775    -3956.345       25.570   324.3      1.047      0.947      0.402     -0.335     -0.119     -0.259
410.0000      -3929.749    -3957.009       27.260   345.7      0.767      0.375      0.501     -0.111      0.287      0.006
410.2500      -3930.138    -3957.161       27.022   342.7      0.113      0.468      0.140      0.023      0.347     -0.211
410.5000      -3930.645    -3956.804       26.158   331.8      0.806      0.719      0.334      0.134      0.003     -0.138
410.7500      -3929.393    -3956.032       26.639   337.9      0.552      0.439     -0.038      0.129      0.099      0.168
411.0000      -3927.916    -3955.815       27.899   353.8      0.650      0.634      0.389      0.142      0.088      0.127
411.2500      -3928.188    -3953.878       25.690   325.8     -0.096      0.781     -0.458     -0.073      0.202      0.101
411.5000      -3928.290    -3954.932       26.642   337.9      0.573      0.538     -0.282     -0.008     -0.206     -0.084
411.7500      -3929.345    -3956.045       26.701   338.6      0.992      0.545      1.028      0.136      0.103     -0.203
412.0000      -3931.016    -3956.194       25.178   319.3      0.036      0.647     -0.252     -0.085     -0.055      0.100
412.2500      -3930.745    -3957.487       26.742   339.2      0.772      0.737      0.194     -0.240      0.237      0.065
412.5000      -3929.919    -3955.868       25.949   329.1      0.692      0.371     -0.025     -0.134      0.299      0.105
412.7500      -3931.029    -3956.190       25.161   319.1      0.535      0.811      0.333     -0.284      0.374      0.084
413.0000      -3932.117    -3957.393       25.276   320.6      1.036      0.993      0.503      0.121     -0.392     -0.179
413.2500      -3932.786    -3957.559       24.773   314.2      0.358      1.068      0.340      0.026     -0.118     -0.124
413.5000      -3931.849    -3957.023       25.174   319.3      0.868      1.082      0.644      0.023     -0.097     -0.097
413.7500      -3930.496    -3956.697       26.201   332.3      0.832      0.709      1.142      0.136      0.146     -0.048
414.0000      -3933.356    -3957.688       24.332   308.6      0.883      0.947      0.498      0.285      0.003      0.138
414.2500      -3931.598    -3957.438       25.840   327.7      0.925      1.299      0.110      0.109     -0.170     -0.008
414.5000      -3931.059    -3957.450       26.391   334.7      0.700      0.855      0.008      0.016     -0.184     -0.073
414.7500      -3932.196    -3957.704       25.508   323.5      1.135      0.707      0.241     -0.184     -0.164      0.024
415.0000      -3931.518    -3956.106       24.588   311.8      0.565      0.783      0.413      0.060      0.108     -0.139
415.2500      -3931.248    -3956.009       24.761   314.0      0.835      0.653      0.353      0.457      0.198     -0.256
415.5000      -3931.528    -3956.377       24.850   315.2      0.721      0.646      0.558      0.100      0.121     -0.043
415.7500      -3931.460    -3956.856       25.396   322.1      0.884      1.059      0.609      0.232     -0.029      0.110
416.0000      -3929.200    -3957.058       27.858   353.3      0.394      0.354     -0.546      0.030      0.229      0.265
416.2500      -3931.534    -3957.894       26.360   334.3      1.160      1.170      0.812     -0.189      0.295      0.118
416.5000      -3930.291    -3955.433       25.142   318.9      0.834      0.904      0.350     -0.118      0.133     -0.070
416.7500      -3927.363    -3954.935       27.572   349.7      0.111      0.448     -0.326      0.249     -0.096      0.061
417.0000      -3929.185    -3955.498       26.313   333.7      1.050      0.648      0.326      0.024     -0.038      0.005
417.2500      -3930.418    -3955.145       24.726   313.6      0.863      1.180     -0.210      0.023      0.126     -0.045
417.5000      -3930.645    -3956.775       26.130   331.4      0.336      0.474     -0.108      0.093     -0.010      0.031
417.7500      -3928.912    -3955.430       26.518   336.3      0.409      0.520     -0.406      0.014     -0.004      0.184
418.0000      -3929.528    -3956.077       26.549   336.7      0.472      0.945      0.125     -0.259     -0.017     -0.023
418.2500      -3929.118    -3955.581       26.463   335.6      0.528      0.499      0.425     -0.083     -0.139      0.086
418.5000      -3928.800    -3956.288       27.488   348.6     -0.198      0.759     -0.146     -0.090     -0.178      0.022
418.7500      -3928.295    -3954.723       26.427   335.2      1.091      0.822      0.252      0.066     -0.202     -0.035
419.0000      -3927.722    -3955.662       27.940   354.3      0.494      0.834      0.183      0.056     -0.385     -0.090
419.2500      -3929.621    -3955.850       26.229   332.7      0.450      0.763     -0.467      0.072      0.096      0.061
419.5000      -3929.247    -3955.217       25.970   329.4      0.176      0.338     -0.068     -0.218     -0.122     -0.034
419.7500      -3930.645    -3956.982       26.337   334.0      0.729      0.935      0.332     -0.169     -0.261     -0.031
420.0000      -3930.255    -3956.680       26.425   335.1      0.856      1.071      0.375     -0.120      0.212      0.185
420.2500      -3931.260    -3956.805       25.545   324.0      0.804      0.622     -0.458     -0.132      0.278     -0.044
420.5000      -3929.752    -3955.565       25.813   327.4      1.218      1.082      0.374      0.096     -0.149      0.257
420.7500      -3929.622    -3955.375       25.753   326.6      0.521      0.963      0.294      0.097     -0.407     -0.211
421.0000      -3931.780    -3956.973       25.194   319.5      0.683      1.130      0.610      0.050     -0.277      0.154
421.2500      -3929.441    -3955.564       26.123   331.3      0.978      1.186      0.345     -0.274      0.409     -0.008
421.5000      -3926.984    -3954.118       27.133   344.1      0.527      0.549     -0.220      0.069      0.141      0.000
421.7500      -3929.444    -3955.598       26.154   331.7      1.116      0.969      0.626     -0.283     -0.086     -0.008
422.0000      -3929.400    -3955.349       25.949   329.1      0.953      1.158      0.406      0.189     -0.181     -0.317
422.2500      -3926.948    -3954.519       27.572   349.7      0.592      1.054      0.379      0.150     -0.201     -0.227
422.5000      -3926.993    -3954.469       27.476   348.5      0.961      0.649      0.224     -0.104      0.031     -0.133
422.7500      -3928.294    -3954.215       25.921   328.7      0.595      0.244     -0.076     -0.184      0.028      0.299
423.0000      -3929.050    -3955.758       26.708   338.7      0.445      0.690      0.150     -0.174     -0.039      0.023
423.2500      -3930.180    -3955.931       25.752   326.6      0.451      0.859      0.124     -0.031     -0.056      0.067
423.5000      -3928.853    -3954.580       25.726   326.3      0.688      1.254      0.249     -0.112      0.107     -0.057
423.7500      -3928.378    -3953.402       25.024   317.4      0.799      0.849      0.618     -0.064     -0.122     -0.155
424.0000      -3929.068    -3955.555       26.487   335.9      0.339      0.870      0.195     -0.016      0.033      0.144
424.2500      -3929.804    -3956.322       26.518   336.3      0.782      1.356      0.619     -0.072      0.160     -0.083
424.5000      -3929.410    -3955.490       26.081   330.8      0.854      1.038      0.893     -0.046      0.010     -0.057
424.7500      -3929.443    -3955.430       25.986   329.6      0.373      1.069      0.313     -0.289     -0.067      0.257
425.0000      -3929.623    -3956.355       26.732   339.0      1.135      0.567      0.473      0.098     -0.360      0.175
425.2500      -3928.542    -3954.074       25.532   323.8      0.749      0.762     -0.187     -0.202     -0.101     -0.142
425.5000      -3929.714    -3955.505       25.790   327.1      1.060      0.509      0.416     -0.225      0.003      0.194
425.7500      -3929.152    -3955.553       26.401   334.8      0.460      0.734      0.262      0.125     -0.173      0.034
426.0000      -3928.495    -3955.033       26.538   336.6      0.858      1.140      0.277      0.003     -0.493     -0.118
426.2500      -3928.905    -3954.874       25.969   329.4      0.351      0.601      0.081      0.125     -0.211     -0.085
426.5000      -3928.277    -3955.525       27.248   345.6      0.522      0.803      0.108      0.047     -0.177     -0.131
426.7500      -3928.495    -3954.192       25.697   325.9      0.665      0.727     -0.331     -0.119      0.176      0.080
427.0000      -3927.784    -3955.001       27.217   345.2      0.028      0.268     -0.056      0.009      0.133     -0.138
427.2500      -3927.823    -3954.520       26.697   338.6      1.034      0.828      0.798     -0.498     -0.036      0.357
427.5000      -3926.678    -3953.472       26.794   339.8      0.401      0.938     -0.114     -0.019     -0.195      0.057
427.7500      -3928.469    -3954.804       26.335   334.0      0.294      1.180      0.415     -0.046      0.012     -0.087
428.0000      -3927.853    -3954.983       27.130   344.1      0.595      0.586      0.750     -0.010      0.337      0.069
428.2500      -3929.094    -3955.515       26.421   335.1      0.464      0.931      0.504     -0.103      0.017      0.262
428.5000      -3929.327    -3955.724       26.396   334.8      1.021      1.401      0.420      0.124     -0.104     -0.078
428.7500      -3929.336    -3954.999       25.663   325.5      0.670      0.834      0.658      0.200     -0.082     -0.322
429.0000      -3929.351    -3956.230       26.879   340.9      0.918      0.829      0.090     -0.104     -0.039     -0.158
429.2500      -3928.845    -3954.506       25.661   325.4      0.479      0.961      0.481     -0.132     -0.026      0.205
429.5000      -3928.395    -3955.464       27.070   343.3      0.823      1.133      0.135     -0.152      0.089     -0.015
429.7500      -3930.895    -3956.739       25.844   327.8      0.657      1.027      0.656      0.079     -0.097      0.202
430.0000      -3929.954    -3956.124       26.169   331.9      0.717      0.835      0.849      0.011     -0.184      0.118
430.2500      -3929.723    -3955.179       25.456   322.8      0.684      0.942     -0.234      0.032     -0.222     -0.099
430.5000      -3930.901    -3955.268       24.367   309.0      0.645      0.716      0.210      0.068      0.051     -0.148
430.7500      -3932.549    -3957.706       25.157   319.1      0.775      0.992      1.009     -0.042      0.291      0.041
431.0000      -3929.766    -3956.603       26.837   340.4      0.698      0.746     -0.110      0.060      0.000     -0.149
431.2500      -3928.114    -3955.605       27.491   348.6      0.951      1.040      0.299      0.076      0.197      0.054
431.5000      -3930.826    -3956.467       25.641   325.2      0.680      0.801      0.965      0.181     -0.017     -0.212
431.7500      -3930.871    -3956.457       25.585   324.5      0.698      0.425     -0.022      0.068     -0.054      0.083
432.0000      -3930.097    -3956.655       26.558   336.8      0.686      0.761     -0.205     -0.031      0.248     -0.112
432.2500      -3929.283    -3954.628       25.345   321.4      1.260      0.506      0.313     -0.026      0.248     -0.295
432.5000      -3929.944    -3957.037       27.093   343.6      0.669      1.782      0.627      0.180     -0.009      0.018
432.7500      -3929.479    -3956.302       26.822   340.2      0.505      0.641      0.417      0.169     -0.148      0.101
433.0000      -3930.502    -3956.435       25.932   328.9      0.277      0.963      0.245      0.114      0.070     -0.192
433.2500      -3928.147    -3955.177       27.030   342.8      0.912      0.768     -0.039      0.347     -0.024      0.051
433.5000      -3929.157    -3954.969       25.812   327.4      0.872      1.131      0.482      0.150     -0.112     -0.223
433.7500      -3929.775    -3955.516       25.741   326.5      0.872      0.346     -0.668      0.144     -0.049      0.069
434.0000      -3929.892    -3956.388       26.496   336.0      0.778      0.485     -0.273     -0.247     -0.153      0.066
434.2500      -3929.044    -3956.658       27.614   350.2      0.357      0.676      0.138     -0.018      0.244      0.205
434.5000      -3929.232    -3955.610       26.379   334.5      0.612      0.643     -0.277      0.003      0.126     -0.442
434.7500      -3929.630    -3955.148       25.518   323.6      0.738      1.064      0.050     -0.057     -0.180     -0.170
435.0000      -3927.994    -3954.936       26.941   341.7      0.709      1.146     -0.240     -0.062     -0.312      0.198
435.2500      -3928.649    -3955.100       26.451   335.5      0.765      0.797      0.973      0.172     -0.077      0.143
435.5000      -3926.597    -3955.379       28.782   365.0      1.031      1.048      0.384     -0.120     -0.097      0.120
435.7500      -3928.632    -3955.973       27.341   346.7      0.393      0.630      0.726      0.258      0.375      0.330
436.0000      -3931.268    -3956.836       25.568   324.3      0.825      1.126      0.720      0.064      0.205     -0.050
436.2500      -3932.499    -3957.613       25.115   318.5      1.012      0.853      0.530     -0.027     -0.327      0.241
436.5000      -3931.200    -3955.635       24.435   309.9      1.065      1.072      1.046     -0.112     -0.199      0.162
436.7500      -3930.452    -3956.477       26.025   330.1      0.889      1.156      0.534     -0.040      0.129     -0.016
437.0000      -3930.545    -3956.425       25.880   328.2      1.349      1.250      0.553      0.033      0.366      0.044
437.2500      -3929.352    -3955.826       26.474   335.8      0.117      0.772      0.096      0.067      0.483     -0.105
437.5000      -3929.063    -3955.124       26.061   330.5      1.005      0.726      0.548     -0.117      0.150      0.076
437.7500      -3927.711    -3955.585       27.874   353.5      0.842      0.527     -0.317      0.167      0.409      0.376
438.0000      -3929.703    -3955.706       26.003   329.8      0.751      0.590     -0.195      0.371      0.091      0.104
438.2500      -3927.447    -3954.618       27.171   344.6      1.230      0.684      0.514      0.245      0.263      0.003
438.5000      -3929.856    -3956.122       26.265   333.1      0.762      1.200      0.650      0.231     -0.476     -0.154
438.7500      -3930.229    -3956.145       25.915   328.7      1.223      0.381      0.847     -0.008     -0.091      0.181
439.0000      -3929.966    -3956.243       26.277   333.3      0.795      0.428      0.410      0.072     -0.301     -0.175
439.2500      -3929.373    -3956.467       27.093   343.6      1.087      0.907      0.246     -0.152     -0.073     -0.279
439.5000      -3926.816    -3954.122       27.307   346.3      0.883      0.713      0.251      0.007     -0.257     -0.100
439.7500      -3927.979    -3955.851       27.872   353.5      0.791      1.087      0.520      0.029      0.076      0.134
440.0000      -3929.813    -3956.076       26.264   333.1      1.295      1.004      0.455      0.245     -0.240     -0.185
440.2500      -3930.004    -3956.705       26.701   338.6      1.010      1.130      0.276     -0.214     -0.116      0.076
440.5000      -3928.857    -3955.134       26.277   333.3      0.688      1.108      0.669      0.110     -0.203     -0.026
440.7500      -3930.296    -3956.791       26.495   336.0      1.129      0.951      0.433      0.324     -0.162     -0.106
441.0000      -3931.424    -3956.577       25.153   319.0      0.544      0.888      0.597      0.136     -0.467      0.023
441.2500      -3930.635    -3954.616       23.981   304.1      1.211      1.876      0.580      0.180      0.239     -0.344
441.5000      -3930.958    -3955.646       24.689   313.1      0.899      1.055      0.348     -0.332     -0.039     -0.080
441.7500      -3931.680    -3957.191       25.511   323.5      1.061      1.075      0.412     -0.048      0.243      0.066
442.0000      -3932.341    -3957.273       24.933   316.2      0.946      0.390      0.527      0.080     -0.228     -0.142
442.2500      -3931.101    -3955.980       24.879   315.5      0.908      1.175      0.823      0.054      0.006     -0.031
442.5000      -3930.595    -3956.989       26.393   334.7      0.599      0.740      0.666      0.216      0.326      0.064
442.7500      -3930.553    -3956.605       26.053   330.4      0.810      0.740      0.290      0.192      0.016     -0.029
443.0000      -3930.927    -3956.553       25.626   325.0      0.290      0.956     -0.154      0.018      0.033     -0.182
443.2500      -3929.210    -3956.206       26.995   342.4      0.736      1.118      0.172      0.059     -0.231     -0.224
443.5000      -3928.629    -3955.997       27.367   347.1      0.328      0.792      0.303      0.139      0.414     -0.150
443.7500      -3928.188    -3954.810       26.622   337.6      0.735      0.998      0.524     -0.264      0.250      0.059
444.0000      -3928.458    -3956.306       27.848   353.2      0.216      0.941      0.137     -0.232      0.238      0.033
444.2500      -3928.277    -3955.401       27.124   344.0      0.499      0.719      0.071      0.127     -0.172     -0.087
444.5000      -3928.927    -3955.532       26.605   337.4      0.757      0.756     -0.385     -0.082      0.029     -0.282
444.7500      -3929.449    -3955.988       26.539   336.6      0.773      1.267      0.392      0.279     -0.186     -0.200
445.0000      -3930.933    -3956.843       25.909   328.6      0.566      0.871      0.254     -0.071      0.024      0.005
445.2500      -3929.811    -3956.000       26.190   332.1      0.558      0.542      0.467      0.276     -0.037      0.041
445.5000      -3930.306    -3956.334       26.028   330.1      1.051      1.185      0.770      0.027      0.290      0.087
445.7500      -3929.923    -3955.418       25.495   323.3      0.996      1.463      0.565      0.231      0.102     -0.070
446.0000      -3932.355    -3957.678       25.323   321.2      0.764      0.811      0.236      0.088      0.168     -0.093
446.2500      -3930.930    -3956.299       25.368   321.7      1.002      1.579      0.536     -0.062      0.085      0.152
446.5000      -3929.834    -3956.305       26.471   335.7      0.706      0.779     -0.327      0.033     -0.276      0.180
446.7500      -3929.627    -3956.127       26.500   336.1      0.257      0.819     -0.034      0.091      0.004      0.011
447.0000      -3930.544    -3955.285       24.741   313.8      0.766      0.890      0.409     -0.000     -0.164     -0.023
447.2500      -3928.335    -3954.093       25.758   326.7      0.753      0.851      0.194      0.424      0.115     -0.195
447.5000      -3927.989    -3954.611       26.622   337.6      0.998      0.833     -0.010      0.090      0.464     -0.267
447.7500      -3929.263    -3956.366       27.102   343.7      1.574      1.159      0.486      0.229      0.175      0.273
448.0000      -3930.063    -3957.119       27.055   343.1      0.683      0.591      0.174     -0.398      0.099      0.192
448.2500      -3930.407    -3956.310       25.903   328.5      0.782      0.805      0.267     -0.256      0.004      0.143
448.5000      -3931.127    -3956.318       25.192   319.5      0.812      1.154      0.650      0.156      0.143      0.063
448.7500      -3930.311    -3957.104       26.793   339.8      0.721      0.844      0.508      0.154      0.150     -0.177
449.0000      -3931.501    -3957.540       26.039   330.2      0.644      1.125      1.056     -0.061      0.196     -0.066
449.2500      -3931.527    -3957.867       26.340   334.1      0.982      1.172      0.310     -0.305      0.114      0.105
449.5000      -3931.174    -3956.816       25.642   325.2      0.717      1.466     -0.071     -0.118      0.114     -0.032
449.7500      -3931.600    -3957.299       25.699   325.9      0.725      0.536     -0.581      0.104      0.053     -0.043
450.0000      -3932.197    -3958.145       25.948   329.1      1.155      0.997      0.691     -0.074     -0.036     -0.077
450.2500      -3929.252    -3954.462       25.209   319.7      0.879      1.217      0.603     -0.015     -0.158      0.124
450.5000      -3928.878    -3956.200       27.322   346.5      0.854      1.024     -0.118     -0.061      0.229      0.045
450.7500      -3930.838    -3955.439       24.601   312.0      0.962      0.995      0.707     -0.134      0.185     -0.229
451.0000      -3931.876    -3957.414       25.538   323.9      0.284      0.957     -0.228      0.087     -0.183     -0.007
451.2500      -3930.747    -3957.091       26.343   334.1      0.986      1.196      0.610      0.042     -0.232      0.292
451.5000      -3930.553    -3956.606       26.053   330.4      0.589      0.792      0.523      0.075     -0.081      0.034
451.7500      -3929.429    -3955.764       26.336   334.0      0.859      1.142      0.015      0.076     -0.188     -0.025
452.0000      -3929.732    -3955.276       25.545   324.0      1.279      0.881      0.182     -0.375     -0.030     -0.164
452.2500      -3928.295    -3955.458       27.163   344.5      0.370      0.333     -0.118     -0.504     -0.262      0.099
452.5000      -3930.710    -3957.104       26.394   334.7      1.251      0.996      0.399     -0.215      0.052      0.053
452.7500      -3930.755    -3956.066       25.311   321.0      0.651      0.314     -0.110      0.009      0.095     -0.080
453.0000      -3931.531    -3956.266       24.735   313.7      0.765      1.186      0.161      0.056     -0.120      0.057
453.2500      -3930.072    -3955.002       24.930   316.2      1.363      1.270      0.629     -0.187      0.039      0.242
453.5000      -3930.348    -3956.236       25.888   328.3      0.716      0.755      0.107     -0.002      0.198     -0.053
453.7500      -3929.495    -3956.081       26.586   337.2      0.556      0.972     -0.027      0.158     -0.257      0.241
454.0000      -3929.412    -3955.614       26.202   332.3      0.879      0.445      0.133      0.297      0.168      0.022
454.2500      -3929.669    -3955.097       25.428   322.5      0.687      0.685     -0.117     -0.104      0.114     -0.270
454.5000      -3930.125    -3956.505       26.380   334.6      0.570      0.938      0.732     -0.131      0.007     -0.097
454.7500      -3930.636    -3956.514       25.877   328.2      0.449      0.876      0.371     -0.606     -0.154     -0.330
455.0000      -3930.228    -3957.906       27.678   351.0      0.865      0.626     -0.081      0.070     -0.272     -0.226
455.2500      -3931.485    -3957.347       25.862   328.0      1.016      0.873      0.687     -0.171     -0.153      0.165
455.5000      -3930.182    -3955.388       25.206   319.7      1.103      1.636      0.680      0.528      0.140      0.129
455.7500      -3930.203    -3955.614       25.411   322.3      1.276      0.787      0.704      0.285      0.209      0.148
456.0000      -3927.382    -3954.415       27.032   342.8      0.299      0.977     -0.188     -0.202      0.106      0.236
456.2500      -3926.657    -3953.410       26.753   339.3      0.426      0.588     -0.080     -0.239      0.241      0.001
456.5000      -3928.945    -3956.634       27.689   351.2      1.107      1.157      0.031     -0.069      0.455     -0.455
456.7500      -3930.246    -3956.492       26.246   332.9      0.009      0.566     -0.014      0.350      0.091      0.118
457.0000      -3929.600    -3955.466       25.866   328.0      0.887      1.613      0.740      0.475     -0.114     -0.284
457.2500      -3930.322    -3955.739       25.417   322.3      0.829      1.098      0.645     -0.146     -0.032     -0.177
457.5000      -3927.752    -3954.029       26.277   333.3      0.420      0.832      0.117     -0.367     -0.050      0.239
457.7500      -3928.467    -3955.181       26.714   338.8      0.486      0.403     -0.201     -0.440      0.329     -0.094
458.0000      -3928.588    -3955.211       26.622   337.6      1.057      0.313      0.704      0.283      0.210     -0.164
458.2500      -3929.552    -3955.690       26.139   331.5      0.485      1.016      0.620      0.262      0.077     -0.159
458.5000      -3929.750    -3955.895       26.145   331.6      0.661      0.803      0.282     -0.020      0.539     -0.221
458.7500      -3930.461    -3955.519       25.057   317.8      0.534      0.590      0.302      0.006      0.161      0.046
459.0000      -3930.054    -3957.181       27.126   344.0      0.834      0.991      0.138     -0.303      0.098     -0.272
459.2500      -3930.673    -3956.293       25.620   324.9      0.395      0.920     -0.028      0.409     -0.129     -0.212
459.5000      -3931.021    -3957.390       26.369   334.4      0.173      1.077     -0.029      0.288     -0.183     -0.226
459.7500      -3930.138    -3956.317       26.179   332.0      0.746      1.086      0.808      0.364     -0.000      0.073
460.0000      -3928.372    -3955.349       26.977   342.1      0.711      0.920      0.553     -0.380     -0.174     -0.012
460.2500      -3929.310    -3955.901       26.591   337.2      0.776      1.146      0.571     -0.322     -0.060      0.113
460.5000      -3930.013    -3954.821       24.808   314.6      0.923      0.667      0.665      0.004      0.096      0.041
460.7500      -3929.765    -3956.585       26.819   340.1      1.215      1.166      0.465      0.472      0.097     -0.311
461.0000      -3930.097    -3955.025       24.928   316.2      0.580      0.924      0.179      0.209     -0.333     -0.081
461.2500      -3929.104    -3954.905       25.801   327.2      0.914      0.608      0.112     -0.109      0.165     -0.237
461.5000      -3929.077    -3955.885       26.808   340.0      0.681      1.342      0.318     -0.046     -0.105      0.171
461.7500      -3930.923    -3957.415       26.492   336.0      0.575      0.779      0.665     -0.134      0.198      0.231
462.0000      -3931.026    -3956.643       25.617   324.9      1.106      1.411      0.925     -0.101      0.176      0.237
462.2500      -3931.617    -3957.956       26.339   334.1      0.121      0.355     -0.028      0.100      0.449     -0.177
462.5000      -3932.109    -3956.777       24.669   312.9      0.722      0.836      0.006      0.233      0.105     -0.434
462.7500      -3933.214    -3957.400       24.185   306.7      0.963      1.820      0.592      0.000      0.216     -0.090
463.0000      -3932.980    -3957.935       24.954   316.5      1.122      1.039      0.239     -0.075      0.013      0.039
463.2500      -3931.441    -3958.229       26.788   339.7      0.728      0.176      0.389     -0.239      0.205      0.119
463.5000      -3931.515    -3956.661       25.146   318.9      0.915      0.962      0.434      0.138      0.041     -0.161
463.7500      -3931.483    -3957.458       25.975   329.4      0.440      0.496     -0.553     -0.157      0.090     -0.043
464.0000      -3932.497    -3957.412       24.915   316.0      1.162      1.166      0.371      0.058     -0.303      0.042
464.2500      -3931.674    -3956.624       24.950   316.4      1.213      0.751      0.608     -0.084     -0.168      0.042
464.5000      -3931.331    -3957.292       25.961   329.3      0.741      1.044      0.228      0.458     -0.146     -0.110
464.7500      -3931.202    -3957.038       25.835   327.7      0.987      1.096      0.210      0.066      0.077     -0.329
465.0000      -3930.051    -3956.724       26.673   338.3      0.721      0.393      0.169     -0.040     -0.325     -0.199
465.2500      -3929.630    -3956.836       27.207   345.0      0.867      0.708      0.191      0.047     -0.458      0.197
465.5000      -3930.421    -3956.428       26.007   329.8      0.290      0.888     -0.285      0.422     -0.526     -0.070
465.7500      -3929.959    -3955.588       25.629   325.0      0.651      0.625     -0.012     -0.242      0.094     -0.076
466.0000      -3929.995    -3955.686       25.691   325.8      0.910      0.427      0.272      0.044      0.473     -0.004
466.2500      -3931.900    -3956.782       24.883   315.6      0.670      1.063      0.227     -0.129      0.097      0.017
466.5000      -3930.870    -3955.483       24.612   312.1      0.107      0.979      0.549     -0.031     -0.101      0.033
466.7500      -3930.348    -3955.290       24.942   316.3      0.538      1.014      0.414     -0.122      0.136     -0.367
467.0000      -3930.007    -3956.830       26.823   340.2      0.309      0.636      0.240      0.120     -0.154     -0.088
467.2500      -3929.596    -3957.023       27.428   347.9      0.462      0.802     -0.059     -0.321     -0.048     -0.070
467.5000      -3930.901    -3956.617       25.716   326.1      0.607      1.178      0.716     -0.350      0.068      0.278
467.7500      -3933.434    -3957.823       24.389   309.3      0.787      1.426      0.792      0.100     -0.534     -0.075
468.0000      -3930.281    -3955.934       25.653   325.4      0.772      0.715      0.121      0.340     -0.301      0.066
468.2500      -3929.310    -3956.531       27.221   345.2      0.792      0.732      0.729     -0.009      0.068      0.074
468.5000      -3929.759    -3956.127       26.368   334.4      0.665      1.036      0.136      0.126      0.311      0.001
468.7500      -3930.299    -3956.074       25.775   326.9      0.582      0.725     -0.019     -0.114     -0.569     -0.206
469.0000      -3929.321    -3956.615       27.294   346.2      0.297      0.481     -0.133     -0.275     -0.083     -0.048
469.2500      -3927.883    -3954.201       26.317   333.8      0.592      0.949      0.351      0.098     -0.333     -0.104
469.5000      -3929.150    -3955.957       26.806   340.0      1.101      1.139      0.108      0.046      0.100     -0.227
469.7500      -3929.742    -3955.736       25.994   329.7      0.390      0.335      0.308      0.036     -0.160      0.029
470.0000      -3931.465    -3956.872       25.407   322.2      0.651      0.370      0.498     -0.035      0.284     -0.110
470.2500      -3931.381    -3957.855       26.474   335.8      0.438      1.097      0.671      0.125      0.037      0.077
470.5000      -3931.563    -3957.256       25.693   325.9      0.842      1.056      0.155     -0.130      0.146     -0.329
470.7500      -3931.102    -3956.788       25.686   325.8      0.687      0.939      1.281      0.069      0.034      0.253
471.0000      -3930.285    -3955.566       25.281   320.6      1.007      1.021      1.155     -0.065      0.023     -0.016
471.2500      -3930.690    -3956.627       25.938   329.0      0.907      0.427      0.115      0.016      0.132     -0.056
471.5000      -3931.502    -3955.322       23.820   302.1      0.507      1.005      0.717     -0.041      0.005     -0.278
471.7500      -3931.294    -3957.963       26.670   338.2      0.156      0.714      0.457      0.093     -0.003     -0.060
472.0000      -3932.274    -3957.723       25.448   322.7      0.715      0.435      0.162      0.156      0.070      0.109
472.2500      -3931.978    -3956.728       24.750   313.9      0.431      1.127      0.257     -0.043      0.237      0.017
472.5000      -3931.773    -3957.399       25.625   325.0      0.832      0.679     -0.196     -0.059      0.088     -0.111
472.7500      -3931.945    -3956.289       24.344   308.7      0.398      0.599      0.017      0.006      0.100      0.045
473.0000      -3932.886    -3957.158       24.272   307.8      0.658      1.268      0.832     -0.010     -0.280      0.011
473.2500      -3932.116    -3957.943       25.827   327.6      0.464      0.783      0.056      0.011     -0.266     -0.039
473.5000      -3931.416    -3957.351       25.935   328.9      1.030      1.104      0.021      0.400     -0.069     -0.173
473.7500      -3931.979    -3958.078       26.099   331.0      0.962      0.534     -0.174      0.290      0.193      0.027
474.0000      -3934.056    -3958.599       24.543   311.3      1.147      0.674      0.354     -0.165     -0.031     -0.081
474.2500      -3933.802    -3959.113       25.311   321.0      0.812      0.943      0.123     -0.202      0.065      0.001
474.5000      -3931.699    -3958.478       26.779   339.6      1.367      0.752      0.381     -0.034     -0.356      0.368
474.7500      -3931.489    -3957.161       25.672   325.6      0.460      1.186      0.404      0.101     -0.392      0.210
475.0000      -3931.956    -3956.700       24.744   313.8      0.426      1.719      0.199      0.434      0.186      0.067
475.2500      -3931.396    -3957.762       26.366   334.4      0.979      0.595      0.855     -0.104      0.390     -0.196
475.5000      -3929.425    -3955.552       26.127   331.4      0.952      0.401     -0.192     -0.134      0.253     -0.018
475.7500      -3931.544    -3956.694       25.150   319.0      0.739      1.359      0.122      0.011      0.069     -0.018
476.0000      -3931.851    -3956.672       24.821   314.8      0.459      0.758      0.386      0.132     -0.099     -0.019
476.2500      -3929.800    -3956.529       26.729   339.0      0.556      1.013      0.244      0.235      0.257     -0.035
476.5000      -3930.274    -3956.287       26.012   329.9      0.545      1.399      0.311      0.071      0.290      0.097
476.7500      -3931.579    -3956.953       25.373   321.8      0.806      1.334      0.507     -0.125     -0.251     -0.255
477.0000      -3931.704    -3957.676       25.972   329.4      0.891      0.856      0.332     -0.172     -0.271     -0.162
477.2500      -3934.446    -3959.539       25.092   318.2      0.446      0.587      0.454      0.423      0.109      0.156
477.5000      -3933.176    -3957.186       24.010   304.5      0.938      1.273      0.139      0.018      0.234      0.098
477.7500      -3931.583    -3958.234       26.651   338.0      0.674      0.716      0.319     -0.238      0.480      0.067
478.0000      -3932.675    -3957.692       25.018   317.3      0.208      0.618      0.237      0.119      0.073     -0.262
478.2500      -3930.135    -3955.773       25.638   325.2      0.492      1.138      0.454     -0.240     -0.223     -0.239
478.5000      -3931.016    -3957.525       26.509   336.2      0.951      1.194      0.511     -0.406      0.117     -0.178
478.7500      -3931.029    -3956.449       25.420   322.4     -0.007      0.558     -0.481      0.139     -0.052      0.032
479.0000      -3931.967    -3957.440       25.473   323.1      0.524      1.107      0.241      0.168      0.045      0.098
479.2500      -3932.161    -3957.203       25.042   317.6      0.252      0.832      0.389      0.061     -0.232      0.104
479.5000      -3932.006    -3957.459       25.453   322.8      0.913      0.590     -0.090     -0.203     -0.019     -0.203
479.7500      -3933.171    -3957.799       24.629   312.4      0.529      0.700     -0.130     -0.147     -0.114      0.023
480.0000      -3933.092    -3957.628       24.536   311.2      0.902      0.331      0.214     -0.387      0.398     -0.271
480.2500      -3931.939    -3957.347       25.408   322.2      0.776      0.916      0.487     -0.073      0.624      0.072
480.5000      -3931.151    -3957.991       26.840   340.4      0.446      0.400     -0.467     -0.237      0.011     -0.104
480.7500      -3930.125    -3955.684       25.559   324.2      0.935      0.784      0.170      0.009     -0.228     -0.037
481.0000      -3930.580    -3957.798       27.218   345.2      0.917      1.022      0.191     -0.039      0.235      0.096
481.2500      -3932.824    -3958.460       25.636   325.1      0.574      1.332      0.502      0.127      0.169     -0.198
481.5000      -3932.592    -3957.648       25.056   317.8      0.547      1.061      0.629     -0.104     -0.019      0.062
481.7500      -3931.801    -3958.095       26.294   333.5      1.278      0.960      0.251     -0.311      0.033      0.070
482.0000      -3931.825    -3957.548       25.724   326.2      0.907      1.270      0.601      0.045     -0.135     -0.137
482.2500      -3931.728    -3957.361       25.633   325.1      0.602      0.907     -0.116     -0.082      0.178      0.045
482.5000      -3932.340    -3958.132       25.792   327.1      1.109      0.525      0.659      0.017      0.333      0.097
482.7500      -3931.203    -3957.492       26.288   333.4      0.671      0.911     -0.229      0.323      0.094      0.299
483.0000      -3931.717    -3958.298       26.581   337.1      0.354      0.763      0.569     -0.176     -0.213      0.134
483.2500      -3931.399    -3958.957       27.558   349.5      0.855      0.431      0.332     -0.220     -0.283      0.189
483.5000      -3931.287    -3958.306       27.019   342.7      0.655      1.049      0.131     -0.350     -0.275      0.298
483.7500      -3931.174    -3958.770       27.596   350.0      0.829      0.927      0.089     -0.199      0.019     -0.218
484.0000      -3930.482    -3957.050       26.567   336.9      0.543      1.036      0.166     -0.027      0.258      0.078
484.2500      -3930.076    -3956.030       25.953   329.2      0.865      1.021      0.121     -0.018      0.022      0.101
484.5000      -3931.081    -3957.119       26.037   330.2      0.439      0.333     -0.725     -0.196      0.120     -0.004
484.7500      -3928.755    -3955.580       26.825   340.2      0.684      0.942      0.021     -0.058     -0.029     -0.016
485.0000      -3930.943    -3956.814       25.871   328.1      0.903      1.186      0.244      0.115      0.220      0.087
485.2500      -3929.896    -3955.662       25.766   326.8      0.275      0.548     -1.003      0.232     -0.002     -0.061
485.5000      -3928.561    -3954.197       25.637   325.1      0.990      1.474      0.652     -0.248     -0.179     -0.198
485.7500      -3928.784    -3956.604       27.819   352.8      0.636      0.352     -0.062     -0.126     -0.086      0.164
486.0000      -3930.481    -3955.377       24.896   315.7      0.648      0.598     -0.222     -0.428     -0.137     -0.100
486.2500      -3929.319    -3956.925       27.606   350.1      0.477      0.939      0.152      0.084      0.292      0.133
486.5000      -3929.419    -3956.355       26.936   341.6      1.065      0.747      0.614     -0.166      0.194      0.159
486.7500      -3931.374    -3956.846       25.472   323.0      1.086      0.193      0.830      0.123     -0.484     -0.102
487.0000      -3931.194    -3955.838       24.644   312.6      0.730      0.596      0.289      0.051     -0.136      0.141
487.2500      -3931.457    -3957.037       25.579   324.4      1.187      0.352      0.723     -0.006      0.170     -0.212
487.5000      -3929.509    -3956.655       27.147   344.3      0.577      1.043     -0.516     -0.117      0.577      0.260
487.7500      -3930.535    -3957.592       27.057   343.2      0.443      0.589     -0.066      0.326     -0.069     -0.058
488.0000      -3931.806    -3958.085       26.279   333.3      0.652      0.620      0.300      0.131      0.056      0.026
488.2500      -3931.260    -3956.676       25.416   322.3      0.552      1.025      0.325     -0.042     -0.171     -0.058
488.5000      -3930.515    -3956.230       25.715   326.1      0.610      0.316      0.162      0.090      0.036     -0.187
488.7500      -3929.188    -3955.374       26.186   332.1      1.175      1.050     -0.212     -0.282     -0.195     -0.051
489.0000      -3927.726    -3955.376       27.650   350.7      1.278      0.616     -0.089     -0.011      0.282      0.220
489.2500      -3929.421    -3955.625       26.204   332.3      0.358      0.799      0.241      0.021     -0.028     -0.045
489.5000      -3931.027    -3957.142       26.114   331.2      1.215      0.627      1.049      0.213     -0.281      0.039
489.7500      -3929.719    -3955.849       26.130   331.4      0.665      0.970      0.266      0.019     -0.176      0.001
490.0000      -3930.528    -3956.574       26.047   330.3      0.319      0.701      0.125     -0.105     -0.020     -0.086
490.2500      -3931.293    -3956.479       25.186   319.4      0.682      0.782      0.376      0.030      0.095      0.303
490.5000      -3928.732    -3956.153       27.421   347.8      0.832      0.578      0.006     -0.196      0.309     -0.114
490.7500      -3931.473    -3957.508       26.035   330.2      0.798      1.570      0.128     -0.123      0.154     -0.076
491.0000      -3931.698    -3956.883       25.184   319.4      1.212      0.466      0.909      0.117      0.146      0.177
491.2500      -3931.148    -3957.001       25.853   327.9      0.800      0.798      0.277     -0.121      0.231     -0.079
491.5000      -3930.385    -3956.904       26.520   336.3      0.820      0.730      0.428     -0.054      0.174      0.258
491.7500      -3930.006    -3955.945       25.939   329.0     -0.174      1.044      0.099     -0.041      0.031     -0.088
492.0000      -3928.995    -3956.337       27.342   346.8      0.484      0.645     -0.065     -0.021     -0.144     -0.032
492.2500      -3929.183    -3955.780       26.597   337.3      0.622      0.380      0.389     -0.137     -0.355     -0.160
492.5000      -3930.170    -3957.049       26.879   340.9      0.418      0.770     -0.057     -0.091     -0.000      0.011
492.7500      -3931.388    -3957.501       26.114   331.2     -0.016      0.842     -0.171      0.176     -0.209     -0.009
493.0000      -3929.185    -3955.349       26.163   331.8      0.558      0.359      0.560     -0.251      0.144     -0.083
493.2500      -3929.360    -3955.580       26.221   332.5      0.676      1.111      0.294     -0.106      0.272     -0.165
493.5000      -3930.840    -3956.750       25.910   328.6      0.539      0.938     -0.227      0.238      0.074      0.054
493.7500      -3931.297    -3958.006       26.708   338.7      0.452      1.130      0.552     -0.276      0.155      0.282
494.0000      -3930.481    -3957.714       27.233   345.4      1.101      0.828      0.249     -0.105      0.562      0.101
494.2500      -3931.306    -3956.956       25.650   325.3      0.593      0.851     -0.090     -0.215      0.193     -0.012
494.5000      -3931.672    -3958.448       26.776   339.6      0.339      1.088      0.563     -0.101     -0.154     -0.061
494.7500      -3930.292    -3956.404       26.112   331.2      0.579      1.166     -0.168     -0.068      0.216      0.133
495.0000      -3931.575    -3957.993       26.418   335.0      0.276      1.328      0.231     -0.111      0.148     -0.075
495.2500      -3930.428    -3956.350       25.922   328.8      0.874      0.588      0.053     -0.131      0.052     -0.108
495.5000      -3931.910    -3957.242       25.332   321.3      0.495      0.572      0.227     -0.106      0.115     -0.040
495.7500      -3932.598    -3957.527       24.928   316.2      0.520      1.045      0.004      0.130      0.299      0.036
496.0000      -3931.539    -3956.559       25.020   317.3      0.475      0.662      0.506     -0.072      0.125      0.111
496.2500      -3931.500    -3958.337       26.837   340.4      0.896      0.489     -0.183      0.128      0.226     -0.335
496.5000      -3932.031    -3957.695       25.664   325.5      0.734      1.302      0.221      0.070      0.185     -0.182
496.7500      -3930.693    -3956.544       25.851   327.9      0.662      1.236      0.683     -0.052     -0.108     -0.020
497.0000      -3930.524    -3956.025       25.501   323.4      0.221      0.457     -0.112     -0.307      0.050      0.124
497.2500      -3930.143    -3954.984       24.841   315.0      0.929      0.904      0.084      0.431     -0.060      0.005
497.5000      -3929.305    -3956.110       26.805   340.0      0.648      1.061      0.228      0.032      0.021     -0.047
497.7500      -3928.879    -3954.868       25.990   329.6      1.199      0.899      0.216     -0.092      0.030     -0.191
498.0000      -3926.916    -3954.355       27.439   348.0      0.372      0.646      0.335      0.125     -0.040     -0.003
498.2500      -3927.799    -3954.695       26.896   341.1      0.782      1.114      0.304     -0.103      0.268     -0.001
498.5000      -3929.392    -3955.610       26.218   332.5      1.009      0.555      0.346      0.012      0.088     -0.162
498.7500      -3929.452    -3954.823       25.372   321.8      0.954      0.751      0.712     -0.156      0.126      0.436
499.0000      -3928.882    -3955.436       26.554   336.8      0.210      0.599      0.344     -0.187      0.019     -0.089
499.2500      -3927.062    -3952.827       25.765   326.8      0.683      0.792     -0.540      0.126     -0.240      0.136
499.5000      -3927.018    -3953.757       26.739   339.1      0.983      0.716      0.921      0.019      0.051     -0.200
499.7500      -3926.808    -3955.117       28.309   359.0      0.759      0.950     -0.457      0.234      0.148      0.040
500.0000      -3927.600    -3953.237       25.637   325.1      1.074      0.820      0.514      0.092      0.193      0.153
500.2500      -3927.168    -3952.851       25.683   325.7      0.647      1.170      0.283     -0.320      0.294     -0.041
500.5000      -3927.285    -3954.245       26.959   341.9      0.202      1.090     -0.291     -0.314     -0.406      0.135
500.7500      -3926.681    -3953.374       26.694   338.5      0.676      1.199      0.654     -0.063     -0.117      0.111
501.0000      -3926.952    -3953.973       27.021   342.7     -0.022      0.214      0.562      0.238      0.181     -0.105
501.2500      -3928.738    -3954.204       25.466   323.0      0.321      0.649      0.173      0.176      0.052     -0.009
501.5000      -3929.874    -3956.309       26.434   335.3      1.028      1.153      0.271     -0.080     -0.025      0.246
501.7500      -3929.581    -3956.779       27.199   344.9      0.644      0.309     -0.002     -0.185      0.117      0.172
502.0000      -3930.164    -3957.298       27.134   344.1      0.831      1.217      0.068     -0.144      0.017      0.065
502.2500      -3929.373    -3955.749       26.376   334.5      0.796      0.665     -0.191      0.226     -0.097     -0.050
502.5000      -3928.463    -3955.629       27.166   344.5      1.035      1.087     -0.169     -0.021      0.301     -0.079
502.7500      -3928.447    -3955.817       27.370   347.1      0.091      0.770     -0.245     -0.265      0.010      0.050
503.0000      -3930.211    -3956.327       26.116   331.2      0.683      0.517      0.162     -0.045     -0.114      0.105
503.2500      -3929.635    -3956.235       26.600   337.4      0.569      0.234     -0.075      0.023     -0.098     -0.035
503.5000      -3929.887    -3955.819       25.932   328.9      1.107      0.896      0.581      0.096     -0.229      0.241
503.7500      -3930.678    -3956.442       25.764   326.8      1.015      0.606      0.414     -0.130      0.028      0.071
504.0000      -3931.404    -3957.248       25.844   327.8      0.899      0.959     -0.072     -0.137     -0.007     -0.237
504.2500      -3930.341    -3956.418       26.077   330.7      0.894      0.355      0.494     -0.044     -0.277     -0.156
504.5000      -3930.373    -3957.380       27.008   342.5      0.558      0.998      0.277      0.044     -0.096      0.152
504.7500      -3932.312    -3958.140       25.828   327.6      0.896      1.323      0.404     -0.135     -0.472     -0.168
505.0000      -3933.416    -3957.507       24.091   305.5      0.338      0.791     -0.032      0.045     -0.157      0.023
505.2500      -3931.979    -3957.673       25.694   325.9      0.511      0.935      0.729      0.228      0.289     -0.032
505.5000      -3931.969    -3956.811       24.841   315.0      0.423      0.276      0.349      0.012      0.038      0.290
505.7500      -3931.737    -3957.973       26.237   332.7      0.556      1.145      0.671      0.015      0.113      0.173
506.0000      -3930.718    -3956.969       26.251   332.9      0.318      0.643      0.232     -0.063      0.206      0.082
506.2500      -3931.614    -3957.635       26.021   330.0      0.464      0.430      0.124     -0.198     -0.226     -0.317
506.5000      -3932.615    -3957.685       25.070   318.0      0.511      0.772      0.586     -0.293     -0.159     -0.122
506.7500      -3931.655    -3956.604       24.950   316.4      0.471      0.878      0.194     -0.089     -0.375      0.249
507.0000      -3933.528    -3958.434       24.905   315.9      0.497      0.873      0.490     -0.182      0.127     -0.101
507.2500      -3931.791    -3956.928       25.136   318.8      0.915      1.226      0.253     -0.009     -0.220      0.039
507.5000      -3930.259    -3956.967       26.708   338.7      0.753      0.768      0.300      0.393      0.002      0.326
507.7500      -3931.936    -3957.081       25.145   318.9      0.615      1.207      0.620      0.149     -0.194     -0.128
508.0000      -3931.561    -3957.551       25.991   329.6      0.315      0.826     -0.019      0.253     -0.223     -0.014
508.2500      -3932.308    -3956.508       24.199   306.9      0.751      1.367     -0.265      0.202      0.127      0.075
508.5000      -3931.604    -3957.458       25.853   327.9      0.917      0.847      0.404     -0.222      0.071     -0.015
508.7500      -3930.443    -3956.475       26.032   330.2      0.737      1.337      0.989      0.363      0.287     -0.170
509.0000      -3930.481    -3957.308       26.827   340.2      0.460      0.736     -0.375     -0.020      0.157     -0.078
509.2500      -3930.217    -3956.262       26.045   330.3      0.641      0.987      0.202     -0.182     -0.011     -0.296
509.5000      -3930.510    -3957.535       27.025   342.7      0.411      0.506      0.055      0.117     -0.124     -0.231
509.7500      -3930.441    -3956.036       25.596   324.6      0.668      0.712     -0.520      0.028     -0.252     -0.092
510.0000      -3931.462    -3957.162       25.700   325.9      0.320      0.888      0.278      0.430      0.089      0.053
510.2500      -3931.263    -3957.746       26.483   335.9      0.462      0.602      0.179      0.285     -0.205     -0.161
510.5000      -3930.926    -3956.233       25.308   321.0      0.403      0.872      0.238      0.019     -0.204     -0.101
510.7500      -3930.485    -3956.585       26.101   331.0      0.348      0.494      0.104     -0.199      0.211      0.214
511.0000      -3931.193    -3958.121       26.928   341.5      0.603      0.889      0.069     -0.038     -0.242      0.037
511.2500      -3929.483    -3957.313       27.829   352.9      0.465      0.731     -0.270      0.193      0.161      0.004
511.5000      -3927.393    -3955.248       27.855   353.3      0.592      0.887     -0.106      0.152      0.188     -0.182
511.7500      -3929.212    -3955.840       26.629   337.7      1.000      1.302      0.251      0.080      0.160      0.199
512.0000      -3928.833    -3955.617       26.783   339.7      0.323      0.685     -0.495     -0.169     -0.167      0.066
512.2500      -3929.452    -3955.726       26.274   333.2      0.972      0.952      0.620     -0.205     -0.008     -0.048
512.5000      -3928.122    -3955.574       27.452   348.2      0.471      0.688      0.450     -0.248     -0.247      0.113
512.7500      -3929.600    -3956.776       27.176   344.7      0.472      0.793      0.008     -0.059     -0.181     -0.081
513.0000      -3930.401    -3956.410       26.009   329.9      0.615      0.675      0.663     -0.007     -0.086      0.140
513.2500      -3927.832    -3956.429       28.597   362.7      0.353      0.853     -0.097      0.369     -0.341     -0.100
513.5000      -3929.655    -3955.889       26.234   332.7      0.622      1.041      0.148      0.208     -0.213     -0.185
513.7500      -3928.373    -3955.535       27.162   344.5      0.998      0.717      0.068     -0.188      0.330     -0.065
514.0000      -3928.883    -3955.313       26.431   335.2      0.273      0.650     -0.664      0.146     -0.030     -0.097
514.2500      -3929.216    -3956.067       26.851   340.5      1.105      0.830      0.766      0.093      0.261     -0.017
514.5000      -3929.100    -3955.475       26.374   334.5      0.033      0.589     -0.006     -0.038      0.153     -0.181
514.7500      -3931.526    -3957.589       26.063   330.5      0.568      0.542      0.305     -0.273     -0.014     -0.156
515.0000      -3930.515    -3955.408       24.894   315.7      1.303      1.549      0.787     -0.209     -0.535      0.283
515.2500      -3930.554    -3956.899       26.345   334.1      0.358      0.751     -0.012      0.029     -0.135     -0.266
515.5000      -3932.410    -3957.160       24.750   313.9      1.162      0.864     -0.033     -0.033     -0.324      0.213
515.7500      -3932.459    -3957.701       25.242   320.1      0.762      1.065     -0.164      0.105      0.001      0.114
516.0000      -3933.040    -3957.376       24.336   308.6      0.758      1.352      0.228     -0.295     -0.168      0.054
516.2500      -3930.847    -3956.591       25.745   326.5      1.053      0.196      0.423     -0.364      0.132     -0.006
516.5000      -3930.911    -3957.418       26.507   336.2      0.512      1.090     -0.004      0.115     -0.021      0.057
516.7500      -3932.297    -3957.899       25.602   324.7      1.375      1.039      0.772      0.196     -0.107     -0.225
517.0000      -3930.642    -3956.163       25.521   323.7      0.583      1.074      0.013      0.188     -0.046     -0.262
517.2500      -3932.043    -3958.096       26.053   330.4      0.953      1.156      0.818      0.083      0.120     -0.075
517.5000      -3932.802    -3957.027       24.225   307.2      0.359      0.392     -0.083      0.325      0.344     -0.113
517.7500      -3932.879    -3958.679       25.800   327.2      1.015      1.273      0.650      0.169      0.272      0.142
518.0000      -3932.500    -3958.140       25.640   325.2      0.371      0.892      0.087     -0.309     -0.429     -0.015
518.2500      -3934.033    -3958.303       24.270   307.8      0.870      1.116     -0.242      0.033      0.217      0.028
518.5000      -3932.392    -3959.183       26.791   339.8      0.620      0.841      0.293      0.078      0.063      0.406
518.7500      -3930.014    -3956.499       26.485   335.9      1.473      1.391      0.146      0.093      0.112     -0.057
519.0000      -3931.849    -3957.787       25.938   329.0      0.599      1.081      0.773     -0.211     -0.343      0.012
519.2500      -3931.509    -3957.090       25.580   324.4      1.141      1.373      1.123      0.105     -0.007      0.112
519.5000      -3930.948    -3957.073       26.126   331.3      0.386      0.700      0.346     -0.179     -0.067      0.255
519.7500      -3929.712    -3956.780       27.068   343.3      0.751      1.302      0.207      0.099      0.324      0.085
520.0000      -3932.195    -3958.096       25.901   328.5      0.821      0.671      0.522      0.250      0.192     -0.039
520.2500      -3932.622    -3957.991       25.369   321.7      0.750      0.479      0.098     -0.103      0.145      0.146
520.5000      -3931.745    -3958.183       26.438   335.3      0.308      0.662     -0.102     -0.124     -0.005     -0.287
520.7500      -3931.059    -3956.800       25.741   326.5      0.897      0.825     -0.559     -0.275     -0.213      0.197
521.0000      -3930.252    -3956.707       26.455   335.5      0.482      1.051      0.360     -0.042     -0.050      0.194
521.2500      -3929.614    -3956.279       26.665   338.2      0.965      0.845     -0.099     -0.061      0.006      0.091
521.5000      -3930.585    -3957.544       26.959   341.9      0.642      1.306      0.237      0.186      0.215      0.060
521.7500      -3932.872    -3957.863       24.992   317.0      0.932      0.817     -0.061     -0.099      0.314     -0.017
522.0000      -3932.451    -3957.802       25.352   321.5      0.749      1.165      0.550      0.325      0.205      0.007
522.2500      -3932.982    -3959.671       26.688   338.5      0.939      1.215      0.445      0.063     -0.077      0.165
522.5000      -3930.544    -3956.955       26.411   335.0      0.767      0.403      0.510      0.145     -0.159      0.191
522.7500      -3932.198    -3957.504       25.306   320.9      0.493      0.767      0.290      0.071     -0.297      0.126
523.0000      -3933.286    -3959.575       26.289   333.4      0.840      1.070      0.349     -0.086     -0.022      0.115
523.2500      -3932.229    -3958.193       25.964   329.3      0.402      0.580     -0.095     -0.038     -0.047      0.138
523.5000      -3931.017    -3957.683       26.666   338.2      0.203      0.831     -0.282     -0.194      0.368      0.176
523.7500      -3930.525    -3956.877       26.351   334.2      0.709      1.103      0.676      0.130      0.287      0.256
524.0000      -3931.017    -3956.353       25.336   321.3      0.442      0.836     -0.285     -0.078      0.081      0.278
524.2500      -3931.527    -3956.871       25.343   321.4      1.001      0.846      0.022     -0.320     -0.127      0.153
524.5000      -3932.105    -3957.908       25.803   327.3      0.834      1.423     -0.182     -0.154     -0.061      0.205
524.7500      -3931.950    -3957.422       25.472   323.1      0.506      0.272      0.028     -0.327     -0.133      0.140
525.0000      -3932.144    -3957.347       25.203   319.6      0.802      1.194      0.087      0.118      0.066     -0.109
525.2500      -3933.647    -3959.368       25.722   326.2      0.518      1.020      0.275     -0.041     -0.014     -0.063
525.5000      -3931.326    -3956.865       25.539   323.9      0.260      0.929      0.435      0.034      0.137     -0.194
525.7500      -3930.811    -3956.965       26.154   331.7      1.035      0.775      0.756     -0.269      0.064      0.171
526.0000      -3931.785    -3957.377       25.592   324.6      1.376      1.461      0.649     -0.277     -0.144     -0.036
526.2500      -3932.373    -3957.621       25.248   320.2      0.897      0.844      0.071      0.167     -0.196      0.184
526.5000      -3931.612    -3956.666       25.054   317.7      0.516      0.185      0.496     -0.180      0.074     -0.072
526.7500      -3929.759    -3954.321       24.562   311.5      1.182      0.637      0.449     -0.068     -0.073      0.066
527.0000      -3928.786    -3956.143       27.357   347.0      0.636      1.083      0.417     -0.526      0.124      0.078
527.2500      -3929.026    -3954.064       25.038   317.6      1.021      1.520      0.952     -0.120      0.065     -0.247
527.5000      -3927.292    -3953.742       26.450   335.5      0.878      0.692      0.691     -0.010     -0.209     -0.144
527.7500      -3927.643    -3955.052       27.409   347.6      0.933      0.777      0.652      0.141      0.021      0.047
528.0000      -3926.413    -3954.430       28.017   355.3      0.668      0.984      0.185      0.330     -0.200      0.023
528.2500      -3926.263    -3953.829       27.566   349.6      0.789      0.350     -0.439      0.020     -0.013     -0.012
528.5000      -3929.817    -3955.860       26.043   330.3      0.809      1.000     -0.040     -0.273     -0.048      0.089
528.7500      -3930.528    -3956.738       26.210   332.4      0.839      0.696     -0.035     -0.134     -0.086     -0.019
529.0000      -3930.393    -3956.119       25.727   326.3      0.603      0.548      0.287      0.052     -0.179     -0.013
529.2500      -3931.035    -3956.229       25.194   319.5      0.687      0.123      0.737      0.261     -0.083     -0.021
529.5000      -3929.910    -3955.736       25.827   327.5      0.566      0.893      0.548     -0.272     -0.176     -0.028
529.7500      -3930.380    -3956.045       25.665   325.5      0.491      0.849      0.215     -0.131     -0.287      0.273
530.0000      -3931.045    -3956.967       25.922   328.8      0.421      1.016      0.154     -0.185     -0.096      0.023
530.2500      -3930.865    -3957.033       26.168   331.9      0.923      1.060      0.270     -0.123      0.117      0.040
530.5000      -3931.295    -3956.383       25.088   318.2      1.117      0.851      0.634      0.247      0.184      0.003
530.7500      -3928.991    -3956.417       27.425   347.8      0.444      0.533      0.162     -0.249      0.039      0.066
531.0000      -3929.082    -3956.143       27.061   343.2      0.496      1.417      0.403      0.069      0.209     -0.319
531.2500      -3930.192    -3956.439       26.246   332.9      0.064      0.553      0.239      0.085      0.041      0.239
531.5000      -3930.793    -3955.813       25.020   317.3      0.454      0.503      0.025      0.163      0.048      0.364
531.7500      -3929.264    -3955.685       26.421   335.1      0.761      1.384      0.431     -0.345     -0.293     -0.116
532.0000      -3929.718    -3955.844       26.127   331.4      0.603      0.942     -0.446     -0.324     -0.486     -0.057
532.2500      -3930.388    -3956.724       26.336   334.0      0.702      0.907      0.166     -0.012      0.134      0.013
532.5000      -3930.029    -3955.477       25.448   322.8      0.886      1.002      0.275     -0.011     -0.178     -0.041
532.7500      -3930.101    -3956.747       26.646   337.9      0.833      0.522     -0.061      0.163      0.107     -0.022
533.0000      -3931.454    -3956.809       25.354   321.6      0.591      1.416      0.284     -0.197     -0.383     -0.005
533.2500      -3932.205    -3957.525       25.319   321.1      0.837      0.753      0.648      0.049      0.008      0.033
533.5000      -3930.274    -3956.514       26.240   332.8      0.866      0.931      0.028      0.047     -0.265      0.107
533.7500      -3929.966    -3955.067       25.101   318.3      0.349      1.288      0.475      0.035      0.132      0.060
534.0000      -3929.946    -3956.062       26.116   331.2      0.533      0.420     -0.145      0.035     -0.117     -0.200
534.2500      -3926.580    -3953.985       27.405   347.6      0.125      0.699      0.498      0.227     -0.184     -0.206
534.5000      -3926.072    -3952.791       26.718   338.9      0.684      0.962      0.636     -0.478     -0.392     -0.021
534.7500      -3928.585    -3955.594       27.009   342.5      0.863      0.753      0.386     -0.072     -0.088     -0.001
535.0000      -3928.825    -3955.277       26.452   335.5      0.985      0.719      0.170     -0.176     -0.065     -0.030
535.2500      -3928.551    -3954.989       26.438   335.3      0.484      0.840     -0.027      0.281     -0.097      0.211
535.5000      -3929.305    -3956.271       26.967   342.0      0.451      0.298     -0.056     -0.368      0.270      0.080
535.7500      -3929.603    -3955.761       26.158   331.7      0.978      1.135      0.120      0.025      0.135     -0.122
536.0000      -3927.782    -3954.194       26.412   335.0      0.992      0.575     -0.138     -0.021     -0.206      0.044
536.2500      -3930.367    -3954.696       24.329   308.5      1.169      1.195      1.093     -0.043      0.168     -0.096
536.5000      -3929.558    -3954.475       24.916   316.0      0.021      1.370      0.016      0.150      0.077      0.145
536.7500      -3932.031    -3956.289       24.258   307.6      0.905      0.681      0.403     -0.044      0.077      0.007
537.0000      -3931.876    -3956.345       24.469   310.3      0.818      0.634      0.251      0.086      0.212      0.042
537.2500      -3930.882    -3956.038       25.156   319.0      0.075      0.849     -0.259     -0.037     -0.202      0.038
537.5000      -3929.831    -3955.202       25.370   321.8      0.959      0.636      0.589     -0.046      0.386     -0.184
537.7500      -3931.667    -3956.194       24.528   311.1      0.398      0.484     -0.120     -0.034      0.045      0.021
538.0000      -3930.040    -3956.268       26.229   332.6      0.979      0.655      0.277      0.101     -0.031      0.020
538.2500      -3930.173    -3956.491       26.318   333.8      0.824      0.534     -0.075     -0.003     -0.213     -0.018
538.5000      -3931.905    -3956.902       24.998   317.0      0.571      1.118      0.212     -0.514      0.158     -0.194
538.7500      -3930.938    -3955.532       24.594   311.9      0.122      0.795      0.696     -0.334      0.269     -0.109
539.0000      -3931.384    -3956.517       25.133   318.7      0.800      0.982      0.287     -0.229      0.132      0.122
539.2500      -3931.312    -3957.921       26.610   337.5      0.754      0.693     -0.018      0.186     -0.239     -0.054
539.5000      -3930.891    -3957.399       26.508   336.2     -0.126      0.385     -0.500      0.376     -0.086      0.213
539.7500      -3928.399    -3955.956       27.557   349.5      0.787      0.777      0.501      0.197      0.326      0.068
540.0000      -3929.893    -3954.458       24.565   311.5      0.779      1.518      0.443     -0.258     -0.045      0.236
540.2500      -3929.000    -3956.920       27.920   354.1      0.227     -0.113     -0.876     -0.352     -0.214      0.095
540.5000      -3932.054    -3958.059       26.005   329.8      1.016      1.256      0.464     -0.043      0.295      0.041
540.7500      -3931.857    -3957.295       25.438   322.6      0.269      0.593      0.113      0.160     -0.165     -0.332
541.0000      -3932.069    -3957.349       25.281   320.6      0.536      1.013      0.049      0.033      0.174      0.214
541.2500      -3931.142    -3958.176       27.034   342.9      0.427      0.895     -0.115     -0.460      0.353      0.065
541.5000      -3931.076    -3958.174       27.098   343.7      0.543      0.688     -0.069     -0.253     -0.138     -0.401
541.7500      -3931.198    -3956.841       25.643   325.2      1.193      1.234      0.231     -0.187      0.103     -0.103
542.0000      -3928.901    -3955.261       26.360   334.3      1.041      0.763     -0.062     -0.114     -0.307     -0.031
542.2500      -3928.684    -3956.175       27.491   348.7      0.332      0.991     -0.134     -0.146      0.215      0.035
542.5000      -3930.048    -3957.368       27.320   346.5      1.023      1.156      0.847     -0.194      0.064      0.216
542.7500      -3931.780    -3958.322       26.543   336.6      0.281      1.058      0.025     -0.539     -0.086      0.123
543.0000      -3933.518    -3959.131       25.613   324.8      0.975      0.865     -0.042      0.320     -0.136      0.153
543.2500      -3932.155    -3959.013       26.858   340.6      0.407      0.571      0.049      0.001      0.007      0.033
543.5000      -3930.774    -3956.853       26.079   330.7      0.388      0.682     -0.070      0.058      0.277      0.196
543.7500      -3932.155    -3958.074       25.920   328.7      0.612      0.767      0.777     -0.340      0.123     -0.141
544.0000      -3930.251    -3957.573       27.322   346.5      0.360      0.467     -0.310     -0.528      0.283      0.114
544.2500      -3930.424    -3956.620       26.196   332.2      0.982      0.771      0.299     -0.090     -0.198      0.034
544.5000      -3929.691    -3955.646       25.955   329.2      1.182      1.369      0.281      0.068     -0.067      0.209
544.7500      -3930.242    -3957.298       27.056   343.1      0.778      0.600      0.173      0.004      0.013      0.050
545.0000      -3930.769    -3958.683       27.913   354.0      0.633      0.738      0.127      0.214      0.189     -0.213
545.2500      -3931.342    -3956.431       25.088   318.2      0.690      0.729      0.817      0.112     -0.091      0.011
545.5000      -3931.124    -3956.940       25.816   327.4      0.227      0.976      0.338     -0.429     -0.237     -0.141
545.7500      -3931.927    -3956.934       25.006   317.1      1.051      0.498     -0.037      0.244      0.430     -0.046
546.0000      -3930.924    -3957.045       26.121   331.3      0.753      0.616     -0.228      0.207      0.416     -0.137
546.2500      -3927.941    -3954.952       27.011   342.6      0.364      0.686      0.240      0.393      0.114     -0.058
546.5000      -3928.807    -3955.621       26.814   340.1      0.872      0.242      0.338     -0.168      0.170      0.128
546.7500      -3929.208    -3955.285       26.077   330.7      0.804      1.277     -0.034      0.074      0.212     -0.292
547.0000      -3928.820    -3955.189       26.369   334.4      0.443      0.527      0.066     -0.092     -0.155      0.013
547.2500      -3930.330    -3956.042       25.712   326.1      0.223      0.301      0.350      0.054      0.141      0.036
547.5000      -3930.572    -3955.977       25.405   322.2      0.808      0.849      0.073      0.093     -0.180     -0.036
547.7500      -3930.497    -3956.004       25.507   323.5      0.819     -0.015      0.085     -0.203     -0.361     -0.041
548.0000      -3931.336    -3957.428       26.092   330.9      0.538      0.936      0.076      0.048     -0.360      0.066
548.2500      -3931.286    -3957.743       26.458   335.5      0.361      0.170      0.163     -0.333      0.184     -0.112
548.5000      -3929.302    -3955.602       26.300   333.6      0.467      0.535      0.065      0.048     -0.174      0.216
548.7500      -3931.498    -3956.624       25.126   318.7      0.749      0.623      0.871      0.057     -0.359     -0.507
549.0000      -3932.170    -3957.936       25.766   326.8      0.440      0.664     -0.098      0.354      0.005     -0.030
549.2500      -3931.535    -3957.203       25.668   325.5      0.922      0.990      0.459      0.181     -0.387     -0.307
549.5000      -3932.483    -3956.598       24.115   305.8      0.740      0.899      0.748     -0.164      0.089     -0.252
549.7500      -3933.444    -3958.109       24.665   312.8      0.435      0.537     -0.469     -0.319      0.053     -0.212
550.0000      -3930.186    -3955.657       25.472   323.0      1.073      1.045      0.486     -0.027      0.117      0.017
550.2500      -3929.582    -3956.057       26.476   335.8      0.548      0.612      0.191      0.071     -0.359     -0.090
550.5000      -3930.369    -3955.802       25.433   322.6      0.603      0.926      0.071     -0.004     -0.428      0.125
550.7500      -3929.129    -3956.217       27.088   343.5      0.409      0.386      0.031     -0.154     -0.193     -0.102
551.0000      -3928.453    -3955.285       26.833   340.3      0.810      1.090     -0.030     -0.090      0.133      0.104
551.2500      -3930.001    -3956.422       26.421   335.1      0.893      0.296      0.391      0.019     -0.229      0.025
551.5000      -3930.072    -3955.826       25.754   326.6      0.780      0.381     -0.023     -0.020     -0.176      0.211
551.7500      -3928.312    -3955.162       26.850   340.5      0.475      1.239      0.469      0.119      0.141     -0.037
552.0000      -3929.851    -3956.232       26.381   334.6      0.614      0.183     -0.073      0.165     -0.181     -0.116
552.2500      -3931.572    -3956.167       24.595   311.9      0.571      0.485      0.218      0.148      0.128     -0.204
552.5000      -3931.836    -3957.097       25.261   320.4      0.598      1.391      0.477      0.169     -0.275     -0.227
552.7500      -3931.332    -3957.460       26.128   331.4      0.341      0.133      0.666      0.208     -0.343      0.018
553.0000      -3929.754    -3955.817       26.063   330.5      0.545      0.906      0.966      0.107      0.257      0.042
553.2500      -3932.233    -3956.074       23.841   302.4      0.417      0.856      0.201     -0.088      0.559      0.103
553.5000      -3934.287    -3958.584       24.296   308.1      0.519      0.873      0.209     -0.417      0.315      0.104
553.7500      -3933.512    -3958.351       24.838   315.0      0.404      0.787     -0.253     -0.348     -0.225      0.074
554.0000      -3930.452    -3956.386       25.934   328.9      0.411      0.812      0.333     -0.179     -0.056     -0.094
554.2500      -3930.955    -3956.423       25.468   323.0      0.907      0.859     -0.409      0.133     -0.598      0.160
554.5000      -3930.555    -3956.241       25.687   325.8      0.364      0.814      0.525      0.018     -0.026     -0.006
554.7500      -3930.838    -3957.343       26.505   336.1      0.911      0.954      0.234     -0.017      0.309     -0.043
555.0000      -3931.723    -3955.993       24.270   307.8      0.670      0.644      0.429      0.013     -0.017     -0.153
555.2500      -3931.552    -3956.814       25.262   320.4      1.143      0.529      1.026      0.151     -0.504     -0.120
555.5000      -3930.361    -3956.739       26.378   334.5      0.574      0.719      0.562      0.284      0.199     -0.178
555.7500      -3929.944    -3956.269       26.325   333.9      0.806      1.370      0.503     -0.009     -0.081      0.004
556.0000      -3930.159    -3956.373       26.214   332.5      0.299      1.012      0.372     -0.185     -0.326     -0.015
556.2500      -3930.487    -3955.347       24.861   315.3      0.338      0.826      0.541     -0.520     -0.472     -0.044
556.5000      -3929.247    -3954.964       25.717   326.2      1.362      0.331      0.313     -0.177      0.057     -0.263
556.7500      -3930.218    -3956.459       26.241   332.8      1.134      1.028      0.364      0.227      0.080     -0.079
557.0000      -3932.407    -3956.814       24.407   309.5      0.700      0.703     -0.348     -0.122      0.492     -0.078
557.2500      -3933.162    -3957.462       24.299   308.2      1.303      0.948      0.278      0.191     -0.389     -0.304
557.5000      -3931.648    -3956.793       25.145   318.9      1.193      0.711      0.027     -0.188      0.147     -0.201
557.7500      -3930.938    -3957.659       26.722   338.9      0.607      0.480     -0.274     -0.099     -0.066     -0.069
558.0000      -3930.435    -3956.912       26.476   335.8      0.344      0.588      0.335      0.031     -0.121      0.022
558.2500      -3928.352    -3954.612       26.260   333.0      0.551      1.005      0.015      0.151      0.108      0.135
558.5000      -3927.886    -3955.304       27.418   347.7      0.910      1.079      0.661      0.088      0.263     -0.222
558.7500      -3927.125    -3954.607       27.482   348.5      0.417      0.327      0.058      0.060      0.043     -0.080
559.0000      -3928.037    -3956.180       28.143   356.9      0.396      0.587     -0.577     -0.090     -0.111      0.169
559.2500      -3928.579    -3955.556       26.977   342.1      1.368      1.119      0.495     -0.082     -0.102      0.014
559.5000      -3929.536    -3956.462       26.926   341.5      0.387      0.675     -0.029     -0.270     -0.092      0.066
559.7500      -3930.738    -3957.064       26.326   333.9      0.760      1.323      0.439      0.232      0.102      0.004
560.0000      -3930.316    -3956.517       26.201   332.3      0.581      0.206     -0.525      0.069      0.242     -0.142
560.2500      -3930.328    -3956.172       25.844   327.8      0.575      1.026      0.350      0.121      0.377      0.088
560.5000      -3930.786    -3956.191       25.405   322.2      0.760      1.015      0.363     -0.057      0.271     -0.226
560.7500      -3929.489    -3955.694       26.206   332.4      0.775      0.885      0.527     -0.209      0.051     -0.168
561.0000      -3929.757    -3956.691       26.934   341.6      0.846      0.205      0.325     -0.080      0.174     -0.374
561.2500      -3930.981    -3956.543       25.563   324.2      0.721      1.034      0.557     -0.025     -0.141      0.048
561.5000      -3929.430    -3954.950       25.520   323.7      0.637      0.755     -0.173      0.257     -0.420      0.106
561.7500      -3930.016    -3956.240       26.224   332.6      0.464      0.950      0.018      0.496     -0.247      0.185
562.0000      -3929.594    -3956.995       27.401   347.5      0.786      0.202     -0.483     -0.221     -0.295     -0.050
562.2500      -3927.055    -3954.866       27.811   352.7      0.773      1.008      0.815      0.101     -0.014     -0.038
562.5000      -3927.663    -3954.731       27.068   343.3      0.637      0.709      0.219     -0.149      0.168     -0.479
562.7500      -3929.921    -3956.955       27.034   342.9      0.346      0.739      0.473      0.033      0.051      0.116
563.0000      -3930.393    -3956.589       26.197   332.2      0.639      1.106      0.299      0.184     -0.158     -0.228
563.2500      -3930.551    -3955.722       25.171   319.2      0.586      0.910      0.078      0.054     -0.013     -0.235
563.5000      -3929.470    -3954.342       24.872   315.4      0.412      0.452      0.664     -0.174     -0.047      0.159
563.7500      -3929.605    -3955.815       26.210   332.4      0.693      1.129     -0.000      0.020      0.246      0.131
564.0000      -3930.046    -3955.867       25.821   327.5      0.854      0.850      0.239      0.200     -0.108      0.138
564.2500      -3929.998    -3956.881       26.883   340.9      1.243      1.468      0.519      0.056     -0.396     -0.382
564.5000      -3931.537    -3957.799       26.262   333.1      0.467      0.580      0.252     -0.193     -0.263      0.230
564.7500      -3929.877    -3956.584       26.707   338.7      0.674      0.572      0.536      0.024     -0.115     -0.044
565.0000      -3932.191    -3956.852       24.661   312.8      0.415      0.926     -0.350     -0.240     -0.072     -0.384
565.2500      -3930.161    -3956.931       26.770   339.5      0.840      1.069      0.397     -0.007      0.069     -0.240
565.5000      -3928.962    -3956.351       27.389   347.4      0.983      0.747      0.266     -0.005      0.191     -0.277
565.7500      -3929.806    -3956.317       26.511   336.2      0.874      0.700     -0.014     -0.106      0.368     -0.067
566.0000      -3929.694    -3956.221       26.527   336.4      0.663      1.388      0.355     -0.018      0.231      0.108
566.2500      -3929.499    -3957.008       27.509   348.9      0.846      0.842      0.827     -0.142     -0.265     -0.139
566.5000      -3931.900    -3958.396       26.496   336.0      0.466      0.949      0.632     -0.070      0.049      0.171
566.7500      -3931.077    -3956.889       25.812   327.4      0.510      0.833     -0.340      0.012     -0.184     -0.072
567.0000      -3931.204    -3955.931       24.726   313.6      0.943      1.154     -0.003      0.047     -0.166      0.109
567.2500      -3932.330    -3958.015       25.685   325.8      0.561      1.350     -0.100      0.391     -0.025     -0.207
567.5000      -3930.708    -3956.978       26.270   333.2      0.736      1.175      0.714      0.117      0.040     -0.104
567.7500      -3931.269    -3957.768       26.499   336.1      0.172      1.135      0.615      0.001      0.195     -0.204
568.0000      -3929.300    -3956.167       26.867   340.7      0.821      0.182      0.511     -0.155      0.413     -0.030
568.2500      -3928.919    -3955.789       26.869   340.8      1.111      1.060      1.253     -0.526      0.270      0.092
568.5000      -3929.408    -3955.431       26.023   330.0      0.711      0.817     -0.212     -0.326     -0.071      0.119
568.7500      -3930.924    -3957.224       26.300   333.5      1.053      0.321      0.305     -0.033      0.074     -0.145
569.0000      -3930.501    -3956.700       26.199   332.3      0.910      0.425      0.345      0.380      0.037      0.106
569.2500      -3932.225    -3957.401       25.176   319.3      0.384      0.939      0.341      0.408     -0.074     -0.030
569.5000      -3930.178    -3957.255       27.077   343.4      0.680      0.988     -0.128      0.085      0.186      0.188
569.7500      -3928.482    -3956.689       28.207   357.7      0.848      0.213     -0.103      0.023      0.043      0.336
570.0000      -3928.901    -3955.650       26.749   339.2      0.681      0.598      0.219     -0.454      0.137      0.002
570.2500      -3930.736    -3956.207       25.470   323.0      0.690      1.220      0.762      0.202      0.154     -0.127
570.5000      -3929.563    -3956.065       26.502   336.1      0.649      1.182      0.794     -0.055     -0.363     -0.152
570.7500      -3929.292    -3955.993       26.701   338.6      0.489      0.759      0.310      0.123      0.151      0.084
571.0000      -3931.043    -3955.955       24.912   315.9      0.784      0.629      0.515     -0.015      0.170      0.018
571.2500      -3930.288    -3956.616       26.329   333.9      0.749      0.821      0.287     -0.298     -0.109     -0.196
571.5000      -3931.917    -3956.700       24.782   314.3      0.350      1.121      0.437     -0.072      0.014     -0.026
571.7500      -3930.041    -3956.040       25.999   329.7      0.661      0.869      0.540      0.199     -0.214     -0.205
572.0000      -3929.684    -3956.797       27.113   343.9      0.512      0.699     -0.186      0.054      0.195     -0.001
572.2500      -3928.547    -3955.864       27.317   346.5      0.814      0.522     -0.141     -0.143      0.134      0.076
572.5000      -3927.793    -3955.158       27.365   347.1      0.627      0.670      0.164      0.340     -0.309     -0.006
572.7500      -3926.177    -3953.189       27.012   342.6      0.670      1.169      0.503      0.143      0.145     -0.116
573.0000      -3928.326    -3955.153       26.827   340.2      0.385      0.746      0.574     -0.019      0.159      0.076
573.2500      -3929.011    -3955.780       26.769   339.5      0.529      1.328     -0.021     -0.068      0.651      0.158
573.5000      -3930.699    -3956.596       25.897   328.4      0.011      0.752     -0.301     -0.225      0.065      0.075
573.7500      -3928.944    -3955.508       26.565   336.9      0.622      0.683     -0.272      0.051     -0.222     -0.116
574.0000      -3928.321    -3954.913       26.593   337.3      0.921      0.854      1.028      0.084     -0.532      0.041
574.2500      -3928.801    -3955.245       26.445   335.4      0.961      0.834      0.496      0.036     -0.260      0.078
574.5000      -3929.808    -3955.953       26.146   331.6      1.243      0.939      0.614     -0.115      0.353      0.176
574.7500      -3929.850    -3956.067       26.217   332.5      0.589      1.358      0.677      0.325      0.621      0.142
575.0000      -3929.835    -3956.188       26.353   334.2      0.625      0.503      0.700      0.156      0.043      0.308
575.2500      -3928.205    -3955.364       27.159   344.4      0.437      0.937      0.600     -0.081      0.082     -0.148
575.5000      -3927.696    -3955.379       27.682   351.1      0.659      0.729      0.692     -0.014     -0.201      0.088
575.7500      -3930.305    -3956.845       26.541   336.6      1.187      0.875      0.438      0.069     -0.072      0.067
576.0000      -3929.971    -3955.382       25.411   322.3      0.723      0.665      0.448     -0.280     -0.289      0.051
576.2500      -3930.640    -3956.408       25.768   326.8      1.186      0.825      0.068     -0.152     -0.313      0.090
576.5000      -3930.573    -3955.772       25.199   319.6      1.441      1.148      0.332      0.160     -0.077     -0.204
576.7500      -3930.567    -3956.865       26.297   333.5      0.838      1.363      0.776     -0.099     -0.036     -0.158
577.0000      -3929.469    -3954.938       25.470   323.0      0.600      0.925      0.237     -0.037      0.055     -0.188
577.2500      -3929.097    -3954.674       25.577   324.4      0.066      1.139     -0.294     -0.362      0.380     -0.018
577.5000      -3928.521    -3956.384       27.863   353.4      0.909      0.529      0.352     -0.080      0.144      0.238
577.7500      -3929.668    -3956.296       26.628   337.7      1.121      1.122      0.138      0.165     -0.099      0.027
578.0000      -3931.745    -3956.763       25.019   317.3      0.350      0.481      0.203      0.053      0.112     -0.163
578.2500      -3930.732    -3955.973       25.241   320.1      1.063      1.527      0.631     -0.182      0.134     -0.073
578.5000      -3928.754    -3954.379       25.626   325.0      0.648      0.569      0.214     -0.006      0.279     -0.336
578.7500      -3929.000    -3955.802       26.803   339.9      0.346      1.181      0.256     -0.182      0.038      0.392
579.0000      -3928.876    -3955.529       26.652   338.0      0.749      0.371      0.011      0.082     -0.389     -0.034
579.2500      -3930.081    -3957.034       26.953   341.8      1.088      0.776      0.432     -0.033     -0.050      0.062
579.5000      -3930.449    -3956.129       25.680   325.7      0.826      1.107      0.032      0.075     -0.044      0.051
579.7500      -3931.137    -3956.765       25.628   325.0      0.835      0.748      0.679     -0.312      0.088      0.137
580.0000      -3931.654    -3956.833       25.179   319.3      0.386      0.834      0.166     -0.099     -0.033     -0.275
580.2500      -3930.260    -3956.279       26.019   330.0      0.714      1.290      0.833     -0.317      0.184      0.053
580.5000      -3930.269    -3955.836       25.567   324.3      0.749      1.174      0.565     -0.056     -0.061     -0.156
580.7500      -3929.334    -3955.451       26.117   331.2      0.236      0.792      0.232      0.181      0.258     -0.066
581.0000      -3930.290    -3956.341       26.052   330.4      0.282      1.261      0.137     -0.340      0.014     -0.119
581.2500      -3930.903    -3957.183       26.280   333.3      0.712      1.145      0.082     -0.072     -0.230      0.239
581.5000      -3929.309    -3955.960       26.651   338.0      1.229      0.876      0.594     -0.211     -0.147      0.193
581.7500      -3929.318    -3958.074       28.756   364.7      0.721      1.620      0.389     -0.073     -0.222      0.171
582.0000      -3930.309    -3957.111       26.802   339.9      0.484      1.006     -0.058      0.170     -0.242     -0.026
582.2500      -3929.266    -3956.209       26.943   341.7      0.691      0.622      0.288      0.007     -0.187     -0.110
582.5000      -3929.241    -3954.752       25.511   323.5      0.338      1.175      0.319      0.186      0.064     -0.191
582.7500      -3931.414    -3956.576       25.162   319.1      0.853      0.737      0.049     -0.330     -0.396      0.178
583.0000      -3929.945    -3956.608       26.663   338.2      0.447      0.383      0.162     -0.100     -0.185     -0.087
583.2500      -3930.467    -3957.071       26.604   337.4      1.199      0.805      0.383     -0.201     -0.022      0.149
583.5000      -3932.048    -3956.784       24.736   313.7      0.965      0.630     -0.012      0.130     -0.173     -0.278
583.7500      -3931.243    -3956.629       25.386   322.0      0.810      0.803      0.020     -0.089     -0.234      0.046
584.0000      -3930.960    -3956.889       25.929   328.8      0.349      1.204      0.087     -0.439     -0.106     -0.112
584.2500      -3929.837    -3957.482       27.645   350.6      0.965      0.908      0.481     -0.123     -0.215      0.005
584.5000      -3928.460    -3955.162       26.702   338.6      0.901      1.024      0.676     -0.030      0.167      0.318
584.7500      -3927.583    -3954.665       27.082   343.5      0.626      0.915      0.555     -0.127      0.081     -0.086
585.0000      -3929.742    -3955.743       26.000   329.7      0.332      0.968      0.623      0.325     -0.216      0.016
585.2500      -3930.268    -3955.472       25.204   319.7      1.291      0.933      0.670     -0.048     -0.269     -0.156
585.5000      -3928.154    -3954.299       26.145   331.6      1.033      1.182      0.071      0.020     -0.186      0.248
585.7500      -3927.716    -3954.709       26.994   342.3      0.744      1.353      0.451     -0.203      0.042      0.132
586.0000      -3927.770    -3955.144       27.373   347.2      0.803      0.770      0.343     -0.118     -0.015     -0.139
586.2500      -3930.526    -3956.402       25.876   328.2      0.683      0.925      0.201     -0.070      0.097     -0.116
586.5000      -3930.294    -3955.063       24.769   314.1      0.248      1.154      0.364      0.144     -0.016     -0.205
586.7500      -3929.430    -3954.111       24.682   313.0      0.947      0.566      0.142     -0.088      0.233     -0.344
587.0000      -3930.380    -3956.725       26.345   334.1      1.225      1.397      0.467     -0.144      0.168      0.094
587.2500      -3931.442    -3956.714       25.272   320.5      0.980      1.150      0.312     -0.077     -0.030     -0.189
587.5000      -3930.422    -3957.074       26.652   338.0      1.371      0.887      0.452     -0.099     -0.244     -0.090
587.7500      -3931.248    -3956.730       25.482   323.2      0.587      0.573      0.074     -0.074      0.003      0.013
588.0000      -3931.117    -3956.281       25.164   319.1      0.678      0.946      0.070     -0.077      0.097     -0.135
588.2500      -3931.001    -3956.618       25.617   324.9      0.947      1.494      0.314     -0.050      0.009      0.155
588.5000      -3928.542    -3954.898       26.356   334.3      0.840      0.924      0.427      0.243      0.371     -0.401
588.7500      -3928.529    -3954.900       26.371   334.5      0.464      1.045      0.619     -0.032      0.235      0.129
589.0000      -3928.756    -3954.689       25.933   328.9      0.718      1.494      0.854     -0.295      0.032     -0.153
589.2500      -3930.574    -3957.519       26.946   341.7      0.830      0.543      0.126     -0.412      0.092     -0.099
589.5000      -3930.370    -3956.656       26.286   333.4      1.120      1.407     -0.020      0.233      0.080     -0.064
589.7500      -3929.569    -3956.903       27.334   346.7      0.599      0.938      0.260      0.337     -0.148      0.099
590.0000      -3929.627    -3956.017       26.391   334.7      0.933      0.795      0.213      0.063     -0.145      0.059
590.2500      -3930.031    -3956.740       26.709   338.7      0.200      0.763      0.621      0.031      0.093      0.003
590.5000      -3929.549    -3955.628       26.078   330.7      0.246      0.891      0.857     -0.045     -0.291     -0.021
590.7500      -3929.519    -3954.456       24.937   316.3      0.878      0.674      0.298     -0.226      0.323     -0.175
591.0000      -3930.556    -3956.583       26.027   330.1      0.763      0.698      0.005      0.335      0.003     -0.169
591.2500      -3928.786    -3956.506       27.720   351.6      1.365      0.461      0.583     -0.118     -0.343     -0.065
591.5000      -3928.284    -3954.750       26.465   335.6      1.142      0.586      0.020      0.013     -0.141     -0.147
591.7500      -3929.461    -3956.801       27.341   346.7      0.731      1.022      0.049     -0.101     -0.212      0.154
592.0000      -3929.997    -3955.966       25.969   329.4      0.541      0.570     -0.002     -0.172     -0.071     -0.068
592.2500      -3929.144    -3955.670       26.526   336.4      1.035      1.108      0.518     -0.117      0.134     -0.390
592.5000      -3929.953    -3955.801       25.848   327.8      0.864      0.961      0.762     -0.195      0.003     -0.126
592.7500      -3930.148    -3956.212       26.064   330.6      0.606      0.414      0.630      0.187      0.012      0.066
593.0000      -3928.765    -3954.612       25.848   327.8      1.023      0.428      0.136      0.231     -0.290     -0.087
593.2500      -3927.166    -3952.876       25.710   326.1      0.796      0.213     -0.347      0.196      0.146     -0.267
593.5000      -3927.818    -3954.702       26.884   341.0      0.740      1.142      0.506      0.065     -0.105     -0.255
593.7500      -3930.388    -3955.579       25.190   319.5      0.243      1.007     -0.382      0.052      0.079     -0.001
594.0000      -3928.575    -3954.612       26.037   330.2      1.272      1.110      0.413      0.179     -0.284     -0.112
594.2500      -3929.755    -3956.513       26.758   339.4      0.422      0.673      0.252      0.218     -0.044     -0.140
594.5000      -3929.168    -3954.864       25.696   325.9      0.697      1.148      0.810     -0.133      0.213      0.006
594.7500      -3928.573    -3954.905       26.332   334.0      0.339      0.161      0.255     -0.064     -0.026     -0.020
595.0000      -3927.459    -3954.539       27.079   343.4      0.830      0.580      0.031     -0.419      0.153     -0.163
595.2500      -3927.137    -3954.413       27.276   345.9      0.261      1.347      0.723      0.382      0.191     -0.103
595.5000      -3927.112    -3954.146       27.034   342.9      0.642      0.511      0.008      0.303      0.465      0.076
595.7500      -3928.982    -3954.942       25.960   329.2      0.658      1.022      0.069     -0.225     -0.328     -0.289
596.0000      -3927.781    -3953.357       25.576   324.4      1.283      1.250      0.680     -0.362     -0.012     -0.071
596.2500      -3928.904    -3955.385       26.481   335.8      0.774      0.563      0.029     -0.109     -0.281      0.162
596.5000      -3926.841    -3954.296       27.456   348.2      0.680      0.629      0.224     -0.008      0.109      0.091
596.7500      -3926.722    -3953.792       27.071   343.3      0.811      1.015      0.313      0.302     -0.168      0.194
597.0000      -3929.092    -3955.632       26.540   336.6      0.737      0.984      0.469     -0.171     -0.324      0.215
597.2500      -3929.408    -3955.502       26.094   330.9      0.666      0.728      0.340     -0.380     -0.058      0.086
597.5000      -3929.334    -3955.427       26.093   330.9      0.800      1.014      0.100     -0.074     -0.217      0.047
597.7500      -3927.189    -3954.413       27.225   345.3      0.989      0.675      0.102     -0.210     -0.122     -0.216
598.0000      -3930.246    -3956.705       26.459   335.6      0.745      1.261      0.531      0.039     -0.341      0.051
598.2500      -3930.795    -3957.206       26.410   334.9      0.915      1.183      0.381     -0.057     -0.033      0.231
598.5000      -3929.391    -3956.090       26.699   338.6      0.345      0.975      0.498     -0.067      0.067      0.007
598.7500      -3929.556    -3954.687       25.131   318.7      0.398      0.818      0.128      0.132     -0.337     -0.431
599.0000      -3930.948    -3957.015       26.067   330.6      0.971      0.629      0.753     -0.149     -0.065     -0.064
599.2500      -3931.256    -3958.017       26.761   339.4      0.335      0.989      0.078     -0.250     -0.400      0.066
599.5000      -3930.474    -3955.950       25.477   323.1      0.472      0.514      0.345      0.087      0.133     -0.134
599.7500      -3929.667    -3955.669       26.002   329.8      0.791      0.517      0.125      0.087     -0.028     -0.107
600.0000      -3930.179    -3956.780       26.601   337.4      1.032      0.760      0.010     -0.074     -0.267      0.003
600.2500      -3930.458    -3956.953       26.496   336.0      0.956      0.736     -0.517     -0.175     -0.110      0.121
600.5000      -3932.265    -3957.671       25.406   322.2      0.770      0.958      0.329      0.043     -0.229     -0.251
600.7500      -3931.518    -3958.108       26.590   337.2      0.895      0.993      0.518      0.322     -0.405      0.044
601.0000      -3931.016    -3956.702       25.686   325.8      0.542      0.480     -0.362      0.608      0.108     -0.051
601.2500      -3929.732    -3956.113       26.381   334.6      0.965      0.733      0.536     -0.179      0.124     -0.057
601.5000      -3930.376    -3956.829       26.452   335.5      0.562      0.872      0.209     -0.045      0.144      0.217
601.7500      -3930.219    -3955.474       25.255   320.3      1.074      1.017      0.921     -0.384      0.234     -0.211
602.0000      -3931.166    -3957.360       26.194   332.2      0.580      0.855     -0.283      0.308     -0.122     -0.064
602.2500      -3931.475    -3956.429       24.954   316.5      1.240      0.813      0.129      0.416     -0.123     -0.196
602.5000      -3930.823    -3957.366       26.543   336.6      0.495      0.757      0.258     -0.008     -0.284     -0.294
602.7500      -3930.691    -3956.788       26.097   331.0      0.722      0.552     -0.177     -0.206     -0.249      0.184
603.0000      -3930.974    -3957.508       26.534   336.5      0.774      0.969     -0.179      0.216     -0.401      0.076
603.2500      -3930.703    -3955.956       25.253   320.3      0.827      0.820      0.571      0.110     -0.198      0.092
603.5000      -3932.050    -3957.779       25.729   326.3      0.779      1.153      0.904      0.483      0.173     -0.032
603.7500      -3931.482    -3957.996       26.514   336.3      1.035      0.771      0.033      0.212      0.244      0.103
604.0000      -3931.253    -3956.656       25.403   322.2      0.775      0.725      0.716     -0.054      0.205      0.055
604.2500      -3930.976    -3956.890       25.914   328.7      0.994      1.692      0.680      0.208      0.223      0.182
604.5000      -3932.033    -3957.125       25.093   318.2      0.269      0.656      0.343      0.055     -0.319     -0.119
604.7500      -3932.117    -3957.354       25.237   320.1      1.003      0.790      0.635      0.062     -0.017      0.290
605.0000      -3930.138    -3955.987       25.849   327.8      1.455      0.892      0.662      0.130      0.325      0.171
605.2500      -3929.099    -3955.715       26.616   337.6      0.304      1.287     -0.209      0.026      0.127      0.309
605.5000      -3929.734    -3956.456       26.721   338.9      0.506      0.734      1.067     -0.011     -0.131     -0.304
605.7500      -3929.975    -3955.691       25.716   326.1      0.309      0.881      0.185     -0.292      0.266      0.246
606.0000      -3929.517    -3955.592       26.075   330.7      0.905      0.859      0.753      0.064      0.024     -0.104
606.2500      -3930.860    -3956.996       26.136   331.5      0.572      0.609      0.362      0.121     -0.214      0.071
606.5000      -3930.152    -3956.573       26.421   335.1      0.630      0.750      0.454     -0.143     -0.363      0.372
606.7500      -3929.412    -3954.927       25.515   323.6      0.901      1.120      0.113      0.072     -0.455      0.139
607.0000      -3929.391    -3956.452       27.061   343.2      0.821      1.150      0.274      0.070     -0.081     -0.020
607.2500      -3929.162    -3956.180       27.018   342.7      1.374      0.551      0.288      0.123     -0.367      0.048
607.5000      -3928.733    -3956.037       27.304   346.3      0.505      0.518     -0.262      0.226     -0.030     -0.037
607.7500      -3929.424    -3954.981       25.557   324.1      1.228      1.315      0.303     -0.033      0.007      0.117
608.0000      -3929.653    -3955.559       25.906   328.5      0.531      0.898     -0.188     -0.375     -0.031     -0.125
608.2500      -3931.257    -3957.894       26.637   337.8      0.805      1.027      0.450     -0.152      0.140      0.202
608.5000      -3933.042    -3958.115       25.072   318.0      0.983      0.850      0.356     -0.030      0.126     -0.061
608.7500      -3933.323    -3958.444       25.121   318.6      1.323      0.564     -0.104      0.111      0.108      0.038
609.0000      -3933.249    -3957.642       24.393   309.4      1.436      1.217      0.926      0.308     -0.364     -0.096
609.2500      -3932.710    -3958.437       25.726   326.3      0.414      0.616      0.199      0.039      0.048      0.009
609.5000      -3931.833    -3956.224       24.391   309.3      1.047      1.147      0.354     -0.091     -0.100      0.100
609.7500      -3929.435    -3957.328       27.893   353.7      0.461      1.372      0.670      0.202      0.185     -0.220
610.0000      -3931.418    -3957.965       26.547   336.7      1.009      0.672     -0.398     -0.226      0.302     -0.121
610.2500      -3932.001    -3956.198       24.196   306.9      0.617      0.851      0.636      0.215     -0.173      0.020
610.5000      -3932.267    -3957.390       25.123   318.6      0.955      0.662      0.687     -0.025     -0.021     -0.189
610.7500      -3933.327    -3958.696       25.369   321.7      1.051      0.905      0.391      0.035      0.108      0.202
611.0000      -3934.667    -3959.487       24.820   314.8      0.992      0.899      0.375      0.021      0.066      0.230
611.2500      -3933.023    -3958.365       25.341   321.4      0.755      0.303      0.235     -0.165     -0.425      0.111
611.5000      -3933.405    -3958.896       25.491   323.3      0.747      0.304      0.394     -0.027     -0.289     -0.261
611.7500      -3932.126    -3958.523       26.397   334.8      0.077      0.791      0.076     -0.073     -0.421     -0.057
612.0000      -3931.267    -3957.556       26.289   333.4      0.668      0.886      0.270     -0.092      0.006      0.223
612.2500      -3930.735    -3957.694       26.959   341.9      0.871      0.527      0.602     -0.373      0.191      0.023
612.5000      -3932.027    -3957.856       25.829   327.6      0.401      0.738     -0.043     -0.381      0.186     -0.042
612.7500      -3932.618    -3957.886       25.268   320.5      0.748      1.131      0.056      0.057     -0.069     -0.098
613.0000      -3933.626    -3959.408       25.782   327.0      0.693      0.683      0.433     -0.104     -0.377     -0.161
613.2500      -3931.491    -3958.686       27.195   344.9      0.877      0.958      0.042     -0.104     -0.042      0.238
613.5000      -3931.656    -3957.889       26.233   332.7      1.250      0.456      0.063     -0.168     -0.058      0.169
613.7500      -3933.495    -3958.818       25.323   321.2      1.074      1.011      0.567     -0.223      0.221      0.084
614.0000      -3933.869    -3959.004       25.135   318.8      0.893      0.663     -0.136     -0.082     -0.190     -0.046
614.2500      -3933.936    -3959.233       25.297   320.8      0.585      0.688      0.042      0.118     -0.393      0.236
614.5000      -3934.112    -3958.235       24.123   305.9      0.853      1.172      0.306     -0.028     -0.235      0.208
614.7500      -3933.258    -3958.371       25.113   318.5      0.582      0.726     -0.430     -0.053     -0.267     -0.135
615.0000      -3932.835    -3958.781       25.945   329.1      0.936      1.486      0.046      0.003     -0.021     -0.085
615.2500      -3934.620    -3959.576       24.956   316.5      0.338      0.644      0.143      0.034     -0.138      0.138
615.5000      -3933.552    -3958.820       25.267   320.5      0.448      0.829     -0.179     -0.007     -0.512     -0.135
615.7500      -3931.421    -3957.045       25.624   325.0      0.807      1.003      0.167     -0.064     -0.180     -0.068
616.0000      -3930.690    -3957.156       26.466   335.7      0.981      0.710     -0.072     -0.235      0.145      0.098
616.2500      -3929.575    -3954.787       25.212   319.8      0.458      0.821      0.073     -0.052     -0.137     -0.068
616.5000      -3928.283    -3955.414       27.131   344.1      0.453      0.936      0.794      0.051     -0.138      0.304
616.7500      -3928.924    -3955.800       26.877   340.9      0.709      0.879      0.127      0.021     -0.388      0.171
617.0000      -3929.478    -3956.883       27.405   347.6      0.190      0.653      0.117      0.110     -0.186     -0.029
617.2500      -3931.414    -3957.313       25.899   328.5      0.666      0.778      0.739      0.018      0.217     -0.078
617.5000      -3930.788    -3957.277       26.489   336.0      1.067      0.792      0.089     -0.147      0.088     -0.099
617.7500      -3931.002    -3956.462       25.460   322.9      0.671      1.190      0.498      0.208     -0.011     -0.199
618.0000      -3932.118    -3958.138       26.020   330.0      0.807      0.356     -0.051      0.108      0.087      0.010
618.2500      -3933.427    -3959.681       26.253   333.0      0.858      0.627      0.296      0.088     -0.124      0.028
618.5000      -3932.893    -3958.641       25.748   326.5      0.530      0.874      0.441     -0.139     -0.051     -0.159
618.7500      -3932.174    -3957.766       25.593   324.6      0.849      0.972      0.520      0.045     -0.136     -0.034
619.0000      -3931.494    -3955.923       24.429   309.8      0.019      0.464      0.048      0.047     -0.066      0.063
619.2500      -3931.300    -3957.438       26.139   331.5      0.761      1.177      0.057     -0.097     -0.138      0.384
619.5000      -3931.992    -3956.766       24.775   314.2      0.840      0.455      0.225     -0.323      0.349      0.147
619.7500      -3932.030    -3957.015       24.984   316.9      0.647      0.967      0.955      0.528      0.118      0.275
620.0000      -3930.486    -3957.538       27.052   343.1      0.424      1.031      0.611      0.133      0.147      0.032
620.2500      -3931.622    -3957.853       26.230   332.7      0.990      0.780      0.219      0.194     -0.542      0.036
620.5000      -3929.408    -3954.645       25.237   320.1      0.882      0.573      0.065     -0.163     -0.035     -0.063
620.7500      -3930.825    -3957.122       26.297   333.5      0.134      0.744     -0.355     -0.088     -0.017      0.019
621.0000      -3930.234    -3956.338       26.104   331.1      0.404      0.790     -0.194      0.025      0.313     -0.007
621.2500      -3929.607    -3956.315       26.708   338.7      1.068      1.126      0.153      0.197     -0.070      0.083
621.5000      -3930.202    -3956.575       26.373   334.5      1.172      0.849      0.498     -0.147      0.160      0.194
621.7500      -3930.050    -3956.847       26.797   339.9      0.372      1.061     -0.247     -0.020      0.106     -0.245
622.0000      -3931.958    -3958.525       26.567   336.9      1.346      1.304      0.165     -0.194     -0.080     -0.112
622.2500      -3931.718    -3957.953       26.235   332.7      1.220      0.707      0.538     -0.331      0.005     -0.068
622.5000      -3931.822    -3956.260       24.437   309.9      0.748      0.856      0.106     -0.106     -0.201     -0.219
622.7500      -3931.572    -3957.707       26.135   331.5      1.132      1.165      0.434      0.317     -0.011      0.028
623.0000      -3929.665    -3956.333       26.667   338.2      0.790      0.825      0.403     -0.200      0.050      0.148
623.2500      -3931.323    -3956.188       24.865   315.3      0.695      1.167      0.911      0.164      0.032      0.215
623.5000      -3931.898    -3958.678       26.780   339.6      0.993      0.655     -0.282      0.109      0.290     -0.085
623.7500      -3929.004    -3956.312       27.308   346.3      0.472      0.550     -0.531     -0.077      0.056      0.109
624.0000      -3930.157    -3956.770       26.612   337.5      0.797      1.198      0.609      0.191      0.106      0.126
624.2500      -3931.813    -3957.309       25.496   323.4      1.046      1.013      0.629     -0.120     -0.073     -0.128
624.5000      -3931.982    -3958.192       26.211   332.4      0.744      1.267     -0.045      0.006     -0.052     -0.177
624.7500      -3931.203    -3956.229       25.027   317.4      0.946      0.649      0.314     -0.074     -0.253      0.095
625.0000      -3932.199    -3958.909       26.710   338.7      0.751      0.841     -0.031      0.032      0.314      0.254
625.2500      -3932.735    -3957.976       25.240   320.1      0.593      1.058     -0.042     -0.037      0.360     -0.029
625.5000      -3932.069    -3958.444       26.375   334.5      0.572      0.720     -0.005      0.148      0.076     -0.027
625.7500      -3930.515    -3957.163       26.648   338.0      0.662      0.387     -0.031      0.068      0.064      0.127
626.0000      -3931.735    -3957.323       25.588   324.5      0.547      1.061      0.796      0.025      0.046     -0.018
626.2500      -3931.953    -3957.644       25.690   325.8      0.117      0.351     -0.986      0.173     -0.053      0.006
626.5000      -3931.698    -3956.072       24.374   309.1      1.028      0.756      0.408     -0.034      0.138      0.123
626.7500      -3933.312    -3958.240       24.928   316.2      0.492      0.844      0.181      0.055     -0.065     -0.280
627.0000      -3930.815    -3957.518       26.703   338.7      1.002      0.879      0.245     -0.038     -0.093     -0.166
627.2500      -3931.211    -3955.970       24.760   314.0      0.746      0.917      0.369     -0.045     -0.091      0.191
627.5000      -3929.820    -3957.052       27.232   345.4      0.330      0.506      0.075      0.184     -0.004      0.009
627.7500      -3929.786    -3956.006       26.220   332.5      0.895      0.960      0.645      0.079     -0.170     -0.312
628.0000      -3929.465    -3956.259       26.794   339.8      0.550      0.607      0.238      0.160     -0.231      0.257
628.2500      -3930.938    -3957.810       26.872   340.8      1.044      1.007      0.811      0.068     -0.204     -0.372
628.5000      -3929.868    -3956.967       27.098   343.7      0.284      0.671      0.061     -0.247      0.140     -0.208
628.7500      -3928.478    -3956.022       27.544   349.3      0.802      0.829      0.241     -0.374     -0.069      0.014
629.0000      -3925.906    -3953.971       28.065   355.9      0.910      0.957      0.665     -0.191      0.213     -0.059
629.2500      -3926.434    -3954.622       28.188   357.5      0.529      0.712      0.983      0.013      0.311     -0.071
629.5000      -3929.834    -3956.047       26.213   332.4      0.786      0.756      0.513      0.127     -0.258     -0.015
629.7500      -3931.086    -3956.677       25.591   324.6      0.211      0.345      0.078      0.107     -0.137     -0.051
630.0000      -3929.956    -3956.927       26.971   342.1      0.439      0.988     -0.037     -0.081      0.199     -0.291
630.2500      -3930.356    -3955.647       25.291   320.8      0.713      1.145      0.283     -0.223      0.158     -0.020
630.5000      -3932.332    -3957.488       25.157   319.0      0.719      0.387      0.158     -0.275      0.052     -0.027
630.7500      -3930.790    -3956.671       25.882   328.2      0.670      1.065      0.124     -0.129     -0.250      0.111
631.0000      -3929.180    -3955.884       26.705   338.7      0.641      0.559      0.099     -0.180     -0.307      0.033
631.2500      -3930.872    -3957.809       26.937   341.6      1.262      0.929      0.469      0.321      0.211     -0.155
631.5000      -3930.093    -3956.969       26.876   340.9      0.247      0.603      0.258     -0.055      0.228     -0.042
631.7500      -3929.806    -3955.553       25.747   326.5      0.468      0.460     -0.099      0.037     -0.167      0.044
632.0000      -3929.722    -3955.816       26.094   330.9      0.850      0.647      0.134      0.062     -0.138      0.181
632.2500      -3928.968    -3955.953       26.985   342.2      0.266      0.826      0.146      0.046      0.257     -0.087
632.5000      -3929.984    -3955.536       25.551   324.1      0.728      0.929      0.243      0.305      0.121      0.005
632.7500      -3929.231    -3955.925       26.694   338.5      0.895      1.161      0.063      0.201      0.035     -0.285
633.0000      -3929.401    -3954.870       25.469   323.0      1.005      1.182      0.268      0.063     -0.008     -0.051
633.2500      -3930.523    -3957.632       27.109   343.8      0.488      0.530      0.241     -0.276     -0.147     -0.115
633.5000      -3930.658    -3956.458       25.801   327.2      0.520      0.764      0.416     -0.119      0.020      0.114
633.7500      -3932.921    -3957.885       24.965   316.6      1.297      1.290      0.551      0.015      0.249      0.283
634.0000      -3933.018    -3958.648       25.630   325.1      0.817      0.411      0.238      0.104      0.374      0.054
634.2500      -3932.988    -3957.841       24.853   315.2      1.179      1.198     -0.029      0.243      0.133     -0.100
634.5000      -3933.315    -3958.532       25.217   319.8      0.946      0.784      0.251     -0.075     -0.031     -0.106
634.7500      -3933.576    -3958.803       25.227   319.9      0.484      0.368      0.536     -0.384      0.011     -0.196
635.0000      -3932.958    -3959.543       26.585   337.2      0.742      0.591     -0.033      0.248      0.075      0.126
635.2500      -3931.822    -3957.602       25.780   327.0      0.296      0.379     -0.050      0.150      0.068      0.223
635.5000      -3932.556    -3958.356       25.800   327.2      0.676      1.403      0.508      0.178     -0.189     -0.006
635.7500      -3935.305    -3959.858       24.553   311.4      0.756      0.620      0.645     -0.242     -0.276     -0.387
636.0000      -3933.193    -3957.809       24.616   312.2      0.351      0.635     -0.710     -0.146     -0.317      0.072
636.2500      -3931.197    -3958.658       27.462   348.3      0.966      0.670      0.627      0.073      0.058     -0.184
636.5000      -3931.762    -3956.787       25.025   317.4      0.685      0.496     -0.503      0.065      0.128      0.007
636.7500      -3930.229    -3957.865       27.636   350.5      0.249      0.313     -0.581      0.221      0.115     -0.117
637.0000      -3930.547    -3957.125       26.578   337.1      0.417      0.523      0.621     -0.090     -0.071      0.088
637.2500      -3929.702    -3955.989       26.286   333.4      0.656      1.215      0.266      0.001     -0.043      0.090
637.5000      -3932.617    -3957.578       24.961   316.6      0.987      0.659      0.592     -0.284      0.335      0.225
637.7500      -3931.931    -3957.949       26.019   330.0      0.477      0.838      0.125      0.193     -0.042      0.060
638.0000      -3930.761    -3956.783       26.022   330.0      0.738      0.768      0.367      0.388     -0.004      0.010
638.2500      -3931.414    -3956.716       25.301   320.9      1.134      0.674      0.810     -0.195      0.111     -0.126
638.5000      -3930.529    -3957.806       27.277   345.9      0.763      0.804      0.332     -0.207      0.277      0.107
638.7500      -3930.189    -3957.517       27.328   346.6      0.325      0.608     -0.160     -0.333     -0.223     -0.091
639.0000      -3932.193    -3958.067       25.874   328.1      0.730      0.419      0.266     -0.017      0.109     -0.072
639.2500      -3930.083    -3956.714       26.631   337.7      0.695      1.027     -0.027     -0.065      0.518      0.241
639.5000      -3929.522    -3956.551       27.028   342.8      1.009      1.172      0.014     -0.079     -0.172      0.115
639.7500      -3928.866    -3954.871       26.005   329.8      0.820      0.898      0.259     -0.023     -0.356     -0.113
640.0000      -3931.679    -3957.228       25.549   324.0      0.393      0.761     -0.249      0.203      0.077     -0.167
640.2500      -3931.296    -3956.805       25.509   323.5      0.849      0.987      0.529     -0.052      0.303      0.038
640.5000      -3932.933    -3958.974       26.042   330.3      0.829      0.164     -0.280      0.151      0.411      0.046
640.7500      -3932.286    -3958.501       26.215   332.5      0.876      0.479     -0.584      0.049      0.427      0.281
641.0000      -3931.376    -3956.778       25.402   322.2      0.890      0.728      0.618     -0.092     -0.201     -0.044
641.2500      -3930.158    -3956.470       26.312   333.7      0.195      0.465     -0.287      0.118     -0.145      0.055
641.5000      -3932.362    -3957.801       25.439   322.6      0.996      1.006      0.129      0.007     -0.085     -0.106
641.7500      -3932.235    -3958.674       26.438   335.3      0.692      0.732      0.401      0.145      0.177      0.084
642.0000      -3930.262    -3955.813       25.551   324.0      0.681      0.255      0.337     -0.035      0.226      0.064
642.2500      -3932.387    -3957.303       24.917   316.0      1.470      0.820      0.277     -0.379      0.342     -0.168
642.5000      -3930.551    -3956.516       25.964   329.3      0.684      0.579      0.145      0.009      0.044     -0.124
642.7500      -3930.396    -3956.512       26.116   331.2      0.915      0.478     -0.260      0.094      0.053      0.233
643.0000      -3932.253    -3957.790       25.536   323.9      0.869      0.820      0.066      0.213      0.017      0.132
643.2500      -3932.895    -3958.345       25.450   322.8      0.463      0.931      0.421      0.195     -0.003      0.097
643.5000      -3934.685    -3960.097       25.412   322.3      0.651      0.618      0.181     -0.141     -0.252     -0.175
643.7500      -3934.136    -3959.178       25.042   317.6      0.089      0.049     -0.017     -0.163      0.225     -0.057
644.0000      -3931.929    -3957.751       25.822   327.5      0.522      1.241      0.323     -0.134      0.020     -0.052
644.2500      -3931.643    -3956.853       25.209   319.7      0.529      0.542      0.330      0.132      0.301     -0.083
644.5000      -3932.945    -3958.491       25.546   324.0      0.957      0.398      0.184      0.121     -0.007      0.213
644.7500      -3932.253    -3958.295       26.042   330.3      0.568      0.949      0.469     -0.138      0.372      0.139
645.0000      -3932.097    -3957.165       25.068   317.9      1.333      0.950      0.098     -0.260      0.338      0.069
645.2500      -3931.768    -3957.583       25.815   327.4      0.730      0.532      0.427     -0.367      0.327      0.050
645.5000      -3931.730    -3956.859       25.130   318.7      0.576      0.847      0.483      0.017      0.117      0.012
645.7500      -3930.288    -3957.476       27.188   344.8      0.955      0.874      0.010      0.136      0.002     -0.046
646.0000      -3930.416    -3956.545       26.129   331.4      0.744      0.437     -0.172     -0.036     -0.246      0.132
646.2500      -3932.296    -3956.449       24.152   306.3      0.737      0.866      0.386     -0.054      0.407     -0.042
646.5000      -3931.348    -3958.469       27.121   344.0      0.479      0.735     -0.087     -0.210     -0.228      0.017
646.7500      -3931.712    -3957.343       25.631   325.1      0.520      0.747      0.181     -0.062     -0.012      0.232
647.0000      -3932.098    -3957.388       25.290   320.7      0.729      0.901      0.478      0.454     -0.328      0.101
647.2500      -3930.836    -3956.186       25.350   321.5      0.289      0.988      0.325      0.247      0.038      0.273
647.5000      -3929.906    -3957.107       27.201   345.0      0.792      1.134      0.344     -0.122      0.101      0.003
647.7500      -3929.053    -3956.933       27.880   353.6      0.457      0.625     -0.697      0.401      0.307     -0.236
648.0000      -3930.617    -3956.970       26.353   334.2      0.548      0.570      0.182      0.028      0.051     -0.223
648.2500      -3931.179    -3958.194       27.015   342.6      0.693      0.713      0.152      0.228     -0.003      0.054
648.5000      -3932.449    -3958.309       25.860   328.0      0.321      0.663      0.182      0.267      0.088     -0.094
648.7500      -3929.632    -3957.007       27.376   347.2      0.658      0.596      0.579      0.379     -0.045      0.244
649.0000      -3928.800    -3954.665       25.865   328.0      0.639      0.441      0.436     -0.007      0.159      0.042
649.2500      -3930.596    -3956.898       26.302   333.6      0.518      0.606     -0.131      0.125     -0.057      0.103
649.5000      -3930.087    -3955.967       25.880   328.2      1.002      0.505      0.033     -0.122      0.028     -0.088
649.7500      -3930.925    -3956.548       25.623   325.0      0.685      0.982      0.377     -0.035      0.104      0.186
650.0000      -3928.486    -3955.005       26.519   336.3      0.507      0.985     -0.298      0.377      0.076     -0.002
650.2500      -3929.527    -3955.715       26.188   332.1      0.743      1.059      0.678      0.125      0.043     -0.187
650.5000      -3929.529    -3955.820       26.291   333.4      0.952      0.264      0.031      0.190      0.036     -0.024
650.7500      -3930.422    -3955.088       24.666   312.8      0.166      0.702     -0.206     -0.060      0.189      0.119
651.0000      -3930.264    -3956.421       26.157   331.7      0.627      0.872     -0.149     -0.028     -0.158      0.164
651.2500      -3930.237    -3956.405       26.168   331.9      1.103      0.061      0.555     -0.041      0.024      0.205
651.5000      -3930.227    -3956.458       26.231   332.7      0.047      0.706      0.424     -0.071     -0.208     -0.300
651.7500      -3931.274    -3955.329       24.054   305.1      0.672      0.963      0.544      0.258     -0.374      0.049
652.0000      -3931.175    -3956.783       25.607   324.8      0.481      0.168     -0.147     -0.158     -0.157     -0.150
652.2500      -3930.490    -3957.812       27.322   346.5      0.531      0.527     -0.293      0.242     -0.039      0.033
652.5000      -3930.564    -3956.500       25.936   328.9      0.943      0.741      0.388      0.227     -0.314      0.089
652.7500      -3932.046    -3957.860       25.813   327.4      0.706      1.001      0.207      0.069      0.152     -0.086
653.0000      -3930.430    -3956.179       25.749   326.6      0.831      1.002      0.057      0.118     -0.140      0.263
653.2500      -3932.156    -3957.020       24.863   315.3      0.854      0.728      0.160      0.262      0.034      0.507
653.5000      -3931.063    -3956.766       25.702   326.0      1.185      0.546      0.304      0.344     -0.003      0.001
653.7500      -3930.113    -3955.870       25.757   326.7      0.420      0.324      0.541     -0.159      0.103     -0.117
654.0000      -3930.337    -3955.993       25.656   325.4      0.614      0.863      0.525      0.105     -0.069      0.288
654.2500      -3930.384    -3956.287       25.904   328.5      0.317      0.919      0.476      0.106      0.104      0.263
654.5000      -3927.756    -3954.134       26.378   334.5      0.749      0.888      0.278      0.212      0.138      0.176
654.7500      -3930.125    -3955.975       25.850   327.8      1.415      1.235      0.563      0.306     -0.272      0.065
655.0000      -3930.113    -3955.863       25.750   326.6      1.093      0.871      0.956     -0.024     -0.022      0.156
655.2500      -3930.897    -3956.536       25.639   325.2      0.892      0.475      0.408     -0.012     -0.077      0.067
655.5000      -3931.374    -3956.780       25.406   322.2      0.540      0.561      0.286     -0.091     -0.008      0.276
655.7500      -3930.077    -3955.877       25.800   327.2      0.367      0.535     -0.008      0.127      0.174      0.026
656.0000      -3930.650    -3956.241       25.591   324.6      0.744      0.244      0.494      0.412     -0.037      0.101
656.2500      -3930.601    -3956.990       26.389   334.7      1.019      1.012      0.283     -0.099      0.109     -0.069
656.5000      -3931.651    -3958.083       26.432   335.2      0.938      1.151      0.538      0.090      0.045      0.026
656.7500      -3930.432    -3955.946       25.514   323.6      1.033      1.412      1.089      0.076      0.343     -0.037
657.0000      -3931.152    -3956.855       25.703   326.0      0.919      0.721      0.057      0.200      0.317      0.005
657.2500      -3929.095    -3956.289       27.193   344.9      1.279      0.938      1.017     -0.124      0.069     -0.266
657.5000      -3930.089    -3956.868       26.779   339.6      0.138      0.806      0.239     -0.319      0.292     -0.124
657.7500      -3932.336    -3958.036       25.701   325.9      0.688      0.470      0.079      0.001      0.121     -0.114
658.0000      -3931.396    -3957.268       25.872   328.1      0.896      0.415      0.378      0.187     -0.068     -0.039
658.2500      -3930.256    -3957.014       26.758   339.4      0.821      0.929      0.354      0.189      0.061     -0.229
658.5000      -3929.962    -3956.682       26.720   338.9      0.734      1.313      0.541      0.014      0.105      0.117
658.7500      -3931.519    -3956.693       25.175   319.3      0.264      0.198      0.234      0.077     -0.100     -0.070
659.0000      -3932.144    -3957.116       24.972   316.7      0.612      0.501     -0.040      0.158      0.017      0.170
659.2500      -3931.082    -3957.448       26.366   334.4      0.605      0.805     -0.298     -0.080      0.078     -0.119
659.5000      -3930.006    -3956.487       26.481   335.8      0.660      0.448     -0.370      0.159      0.098     -0.111
659.7500      -3929.731    -3956.180       26.449   335.4      1.379      0.978      0.020      0.190     -0.190      0.152
660.0000      -3929.259    -3955.915       26.656   338.1      1.323      0.834      0.506      0.180      0.051      0.050
660.2500      -3930.713    -3955.855       25.142   318.9      0.792      0.428     -0.107     -0.373     -0.066     -0.071
660.5000      -3929.899    -3957.390       27.491   348.7      0.800      1.191      0.631      0.080      0.349     -0.026
660.7500      -3930.388    -3955.534       25.146   318.9      0.313      0.966      0.275      0.086      0.149     -0.012
661.0000      -3930.473    -3956.011       25.538   323.9      0.369      0.385     -0.333     -0.091      0.026     -0.249
661.2500      -3931.231    -3957.333       26.102   331.0      0.141      0.540     -0.284      0.054     -0.296     -0.204
661.5000      -3931.329    -3957.774       26.445   335.4      0.645      0.657      0.398     -0.176     -0.344      0.008
661.7500      -3932.305    -3957.394       25.089   318.2      0.622      0.374      0.291     -0.054      0.504     -0.248
662.0000      -3932.387    -3958.537       26.150   331.6      0.758      0.583      0.119     -0.223      0.284     -0.116
662.2500      -3933.211    -3958.032       24.821   314.8      0.181      0.391     -0.318     -0.055     -0.065     -0.143
662.5000      -3931.390    -3956.122       24.731   313.7      1.426      1.062      0.622     -0.267     -0.132     -0.260
662.7500      -3930.348    -3956.666       26.318   333.8      0.817      0.911      0.241      0.022     -0.103     -0.126
663.0000      -3931.813    -3958.098       26.285   333.4      0.542      1.064     -0.470     -0.137      0.106     -0.187
663.2500      -3932.048    -3957.103       25.055   317.8      1.120      0.425     -0.236      0.214      0.051      0.051
663.5000      -3931.694    -3958.443       26.749   339.2      1.081      0.918      0.664      0.012     -0.047     -0.293
663.7500      -3931.602    -3956.823       25.221   319.9      0.663      1.305      0.394     -0.063     -0.005      0.080
664.0000      -3931.842    -3957.070       25.228   320.0      0.243      0.611      0.001     -0.042      0.020      0.105
664.2500      -3932.046    -3956.242       24.195   306.9      0.814      0.638      0.149     -0.103     -0.313      0.342
664.5000      -3929.289    -3955.994       26.705   338.7      0.806      1.134      0.934      0.063     -0.219      0.216
664.7500      -3928.697    -3955.244       26.547   336.7      0.237      1.055      0.064     -0.098     -0.087     -0.157
665.0000      -3931.245    -3957.541       26.295   333.5      0.635      0.899      0.004     -0.275      0.197     -0.034
665.2500      -3932.995    -3958.042       25.047   317.7      1.337      0.869      0.350      0.053      0.187     -0.095
665.5000      -3932.379    -3956.402       24.023   304.7      0.645      0.925      0.208     -0.190     -0.458      0.028
665.7500      -3931.978    -3958.040       26.062   330.5      0.597      1.001     -0.013      0.115     -0.062     -0.098
666.0000      -3931.449    -3956.745       25.297   320.8      0.854      0.697      0.204     -0.196      0.017     -0.205
666.2500      -3931.730    -3956.849       25.119   318.6      0.968      1.195      0.888     -0.122      0.329     -0.190
666.5000      -3930.043    -3956.013       25.970   329.4      0.484      1.025     -0.486      0.059     -0.076     -0.107
666.7500      -3928.807    -3954.736       25.929   328.8      0.067      0.553     -0.350      0.263     -0.201     -0.033
667.0000      -3928.600    -3955.482       26.882   340.9      0.923      0.445      0.297     -0.234     -0.380      0.090
667.2500      -3928.807    -3955.721       26.914   341.3      0.468      0.879     -0.164      0.081     -0.277      0.070
667.5000      -3927.812    -3954.534       26.722   338.9      0.997      0.843      0.256     -0.080      0.372     -0.056
667.7500      -3928.872    -3954.824       25.952   329.1      0.996      0.592      0.410     -0.093     -0.234     -0.112
668.0000      -3931.088    -3956.153       25.066   317.9      0.621      0.751      0.019      0.342      0.062     -0.022
668.2500      -3931.486    -3955.992       24.507   310.8      0.604      0.644      0.126      0.248     -0.168     -0.186
668.5000      -3931.296    -3957.026       25.730   326.3      0.268      1.268      0.163      0.362      0.106      0.014
668.7500      -3930.630    -3957.007       26.377   334.5      1.063      0.866      0.461      0.333     -0.095     -0.506
669.0000      -3929.906    -3955.818       25.911   328.6      0.928      0.999     -0.112      0.098      0.250     -0.009
669.2500      -3929.706    -3956.050       26.345   334.1      0.939      0.915      0.632      0.106      0.095      0.096
669.5000      -3929.532    -3956.773       27.241   345.5      0.626      1.007      0.344      0.233      0.047     -0.134
669.7500      -3929.762    -3954.845       25.083   318.1      0.452      0.851      0.019     -0.102     -0.474      0.086
670.0000      -3930.674    -3956.830       26.156   331.7      0.843      0.890      0.491      0.199     -0.205     -0.247
670.2500      -3931.404    -3956.405       25.001   317.1      0.868      0.972     -0.100      0.066      0.183     -0.025
670.5000      -3930.511    -3956.404       25.893   328.4      1.221      1.434      0.390     -0.264      0.089      0.047
670.7500      -3930.554    -3955.977       25.423   322.4      0.957      0.539      0.272     -0.020      0.031     -0.044
671.0000      -3930.264    -3955.760       25.496   323.4      0.660      0.950     -0.544      0.042     -0.007      0.306
671.2500      -3929.179    -3955.493       26.314   333.7      0.902      0.593      0.354      0.037     -0.334      0.172
671.5000      -3930.814    -3956.980       26.166   331.9      0.251      0.575     -0.099     -0.021     -0.103     -0.159
671.7500      -3930.716    -3956.416       25.700   325.9      0.805      1.045      0.316      0.045     -0.221      0.038
672.0000      -3931.002    -3956.222       25.220   319.9      0.953      0.998     -0.483     -0.229     -0.071      0.073
672.2500      -3931.581    -3958.002       26.422   335.1      0.916      1.289      0.413     -0.048      0.001      0.003
672.5000      -3929.899    -3956.332       26.433   335.2      0.709      0.917      0.335     -0.082      0.012     -0.048
672.7500      -3931.561    -3956.859       25.298   320.8      0.808      0.310     -0.224      0.199     -0.124      0.135
673.0000      -3929.877    -3956.595       26.718   338.9      1.166      0.548      0.837     -0.016     -0.159     -0.149
673.2500      -3930.591    -3955.637       25.047   317.7      0.736      0.823      0.606      0.045      0.038     -0.009
673.5000      -3930.838    -3956.958       26.120   331.3      0.849      0.746      0.291      0.188     -0.183     -0.142
673.7500      -3931.755    -3957.856       26.101   331.0      0.746      0.890     -0.058      0.267     -0.111      0.111
674.0000      -3931.057    -3956.749       25.692   325.8      0.537      0.566     -0.033      0.098      0.054     -0.125
674.2500      -3930.071    -3957.187       27.116   343.9      1.292      0.641      0.171     -0.079     -0.443      0.148
674.5000      -3930.271    -3958.268       27.997   355.1      0.982      0.305      0.574      0.271      0.024      0.044
674.7500      -3932.429    -3957.986       25.558   324.1      1.238      1.149      0.441      0.345      0.277      0.112
675.0000      -3932.020    -3957.357       25.337   321.3      0.520      0.291      0.452      0.307     -0.162      0.205
675.2500      -3931.986    -3958.096       26.110   331.1      0.080      0.856      0.412      0.215      0.219      0.274
675.5000      -3932.938    -3957.385       24.447   310.1      0.691      0.783      0.539      0.109      0.034     -0.063
675.7500      -3931.814    -3957.558       25.744   326.5      0.484      0.205     -0.400     -0.329      0.117     -0.355
676.0000      -3930.761    -3956.412       25.651   325.3      0.615      0.173      0.467     -0.023      0.225     -0.368
676.2500      -3929.478    -3956.246       26.767   339.5      0.806      1.381     -0.081      0.110      0.086     -0.246
676.5000      -3928.563    -3954.995       26.432   335.2      0.998      0.522      0.942      0.188      0.188      0.477
676.7500      -3930.400    -3956.118       25.718   326.2      0.634      0.679      1.087     -0.219     -0.568     -0.009
677.0000      -3931.580    -3955.949       24.369   309.1      0.750      0.759     -0.096     -0.266     -0.382      0.115
677.2500      -3931.679    -3957.282       25.603   324.7      0.424      0.664      0.303      0.094      0.008     -0.145
677.5000      -3931.759    -3957.813       26.054   330.4      0.575      0.372      0.181     -0.108      0.006      0.078
677.7500      -3930.596    -3955.783       25.187   319.4      0.529      0.903      0.270      0.308     -0.152     -0.076
678.0000      -3929.494    -3956.219       26.725   338.9      0.309      0.547      0.712      0.336     -0.104     -0.051
678.2500      -3930.902    -3956.583       25.680   325.7      0.595      0.847      0.512      0.285     -0.004      0.185
678.5000      -3929.333    -3955.493       26.161   331.8      0.591      0.641      0.417     -0.323      0.134     -0.032
678.7500      -3930.575    -3956.989       26.414   335.0      0.231      0.522     -0.001      0.003      0.071      0.093
679.0000      -3929.287    -3956.326       27.039   342.9      0.717      0.615      0.985      0.073      0.350      0.087
679.2500      -3930.558    -3956.717       26.159   331.8      0.908      0.497      0.510     -0.137     -0.444      0.161
679.5000      -3930.806    -3957.322       26.516   336.3      0.756      0.940      0.088      0.227     -0.096      0.328
679.7500      -3929.950    -3956.967       27.017   342.6      0.266      1.011     -0.089      0.296      0.051      0.001
680.0000      -3932.205    -3958.293       26.088   330.9      0.729      1.139      0.332      0.280     -0.090     -0.065
680.2500      -3932.382    -3956.668       24.286   308.0      1.123      0.909      0.296      0.096     -0.311     -0.241
680.5000      -3929.590    -3955.333       25.743   326.5     -0.073      1.117     -0.095     -0.255     -0.009     -0.062
680.7500      -3929.326    -3955.121       25.795   327.1      0.459      0.350     -0.242     -0.297      0.077     -0.069
681.0000      -3928.966    -3955.168       26.202   332.3      0.812      0.884      0.137      0.316      0.006     -0.084
681.2500      -3929.840    -3954.645       24.805   314.6      0.497      0.263      0.211     -0.089     -0.003      0.004
681.5000      -3930.172    -3956.206       26.035   330.2      0.866      1.065      0.594      0.195     -0.130     -0.064
681.7500      -3931.730    -3956.894       25.164   319.1      0.321      0.677      0.099      0.034      0.017      0.101
682.0000      -3931.867    -3957.830       25.962   329.3      0.800      0.396      0.279     -0.015     -0.128      0.050
682.2500      -3931.880    -3957.788       25.908   328.6      0.244      0.792     -0.010      0.489      0.043      0.014
682.5000      -3932.849    -3957.438       24.589   311.9      0.655      0.888     -0.383      0.131     -0.231     -0.032
682.7500      -3931.559    -3957.185       25.625   325.0      0.953      0.676      0.835      0.080     -0.093      0.146
683.0000      -3932.492    -3957.703       25.211   319.7      0.740      0.698      0.490      0.089      0.151     -0.229
683.2500      -3930.575    -3955.421       24.846   315.1      1.144      1.029      0.114     -0.045      0.204     -0.155
683.5000      -3931.423    -3956.146       24.723   313.6      1.157      0.710      0.329      0.049      0.458      0.072
683.7500      -3931.001    -3956.341       25.340   321.4      0.471      0.627     -0.172     -0.060     -0.161      0.170
684.0000      -3932.712    -3958.139       25.427   322.5      0.312      0.665     -0.308      0.059     -0.246      0.067
684.2500      -3931.968    -3956.291       24.323   308.5      0.887      0.858      0.550      0.158     -0.171     -0.082
684.5000      -3930.222    -3955.510       25.287   320.7      0.771      1.139      0.877      0.259     -0.025      0.092
684.7500      -3930.099    -3956.373       26.274   333.2      0.894      0.584      0.460      0.218      0.303     -0.147
685.0000      -3929.715    -3955.474       25.759   326.7      1.041      0.582      0.109     -0.288     -0.111     -0.304
685.2500      -3929.898    -3956.436       26.538   336.6      0.973      1.132      0.315      0.107     -0.092      0.062
685.5000      -3930.338    -3957.205       26.867   340.7      0.659      0.644      0.256     -0.130      0.015      0.101
685.7500      -3930.691    -3956.768       26.077   330.7      1.060      0.746      0.929     -0.079      0.146      0.333
686.0000      -3929.406    -3955.704       26.298   333.5      0.355      0.441     -0.387     -0.114      0.482     -0.030
686.2500      -3930.319    -3956.348       26.028   330.1      0.426      0.923      0.385     -0.102     -0.151      0.285
686.5000      -3928.536    -3955.982       27.446   348.1      0.756      0.438      0.210     -0.242      0.120      0.034
686.7500      -3928.072    -3955.133       27.060   343.2      0.973      1.141      0.249      0.153      0.073      0.006
687.0000      -3930.965    -3955.847       24.882   315.6      0.872      0.807      0.831      0.303      0.126     -0.205
687.2500      -3931.736    -3957.224       25.488   323.3      0.486      0.288      0.042     -0.023      0.218     -0.176
687.5000      -3931.025    -3955.678       24.652   312.7      0.827      0.662     -0.059      0.177     -0.087     -0.073
687.7500      -3932.893    -3957.532       24.639   312.5      0.914      1.104      0.328     -0.329      0.151      0.040
688.0000      -3930.359    -3955.257       24.897   315.8     -0.076      0.285     -0.247     -0.193     -0.159     -0.041
688.2500      -3929.754    -3956.712       26.958   341.9      0.397      1.102      0.519     -0.235     -0.189      0.198
688.5000      -3929.523    -3956.100       26.577   337.1      0.628      0.965      0.553      0.371      0.005     -0.363
688.7500      -3928.432    -3955.130       26.698   338.6      0.145      0.979      0.182     -0.103     -0.316      0.167
689.0000      -3928.049    -3955.028       26.979   342.2      0.734      1.060      0.311     -0.088      0.100      0.092
689.2500      -3928.263    -3955.609       27.346   346.8      0.662      0.750      0.369     -0.324     -0.057     -0.063
689.5000      -3930.658    -3956.167       25.509   323.5      1.096      1.121     -0.065     -0.242     -0.083     -0.037
689.7500      -3930.162    -3957.073       26.912   341.3      0.870      1.181      0.256     -0.127      0.050      0.203
690.0000      -3929.253    -3955.353       26.100   331.0      0.999      0.615      0.608      0.512      0.084      0.143
690.2500      -3929.947    -3957.573       27.626   350.4      0.664      0.777      1.156      0.122      0.032      0.061
690.5000      -3930.320    -3956.738       26.418   335.1      0.710      0.207      0.281      0.088      0.018      0.051
690.7500      -3929.229    -3955.718       26.489   335.9      0.577      0.964      0.417      0.229     -0.046     -0.256
691.0000      -3928.447    -3955.528       27.081   343.5      0.547      0.924      0.562      0.067      0.298      0.100
691.2500      -3928.540    -3953.039       24.499   310.7      1.018      0.981      0.244      0.084     -0.268     -0.004
691.5000      -3929.124    -3955.682       26.558   336.8      1.147      1.257      1.247      0.110      0.286      0.038
691.7500      -3928.935    -3955.310       26.375   334.5      0.835      1.448      0.078      0.296      0.151     -0.147
692.0000      -3928.207    -3954.740       26.533   336.5      1.071      1.116      0.600      0.106     -0.177     -0.181
692.2500      -3928.156    -3954.095       25.939   329.0      0.630      1.242      0.330      0.117     -0.038      0.276
692.5000      -3929.082    -3955.502       26.420   335.1      0.624      0.617     -0.323     -0.079      0.152     -0.039
692.7500      -3926.668    -3954.200       27.532   349.2      0.944      0.434     -0.202     -0.052      0.029      0.129
693.0000      -3927.587    -3955.526       27.939   354.3      0.852      0.500      0.012      0.162      0.064     -0.031
693.2500      -3927.269    -3954.327       27.059   343.2      0.818      0.775      0.323      0.400      0.176     -0.072
693.5000      -3927.997    -3954.762       26.766   339.5      0.806      0.514      0.157     -0.111     -0.003      0.014
693.7500      -3928.432    -3955.749       27.317   346.4      1.034      0.823     -0.321      0.122     -0.111      0.058
694.0000      -3927.520    -3953.740       26.220   332.5      0.743      0.905     -0.154     -0.261     -0.067     -0.333
694.2500      -3928.948    -3954.695       25.747   326.5      0.785      0.656      0.387      0.133      0.163     -0.066
694.5000      -3928.896    -3955.821       26.925   341.5      0.414      0.840      0.280      0.226      0.176      0.065
694.7500      -3929.204    -3954.189       24.986   316.9      0.121      1.065      0.786     -0.030     -0.173      0.067
695.0000      -3928.442    -3954.851       26.409   334.9      1.147      1.265      0.690     -0.047     -0.185     -0.335
695.2500      -3929.637    -3955.828       26.191   332.2      1.028      0.237      0.065     -0.139      0.323     -0.160
695.5000      -3928.828    -3955.377       26.549   336.7      0.786      0.733     -0.196     -0.409     -0.180     -0.142
695.7500      -3928.846    -3954.262       25.416   322.3      0.663      0.805      0.164     -0.111     -0.236      0.020
696.0000      -3931.034    -3956.264       25.231   320.0      0.554      0.861     -0.217      0.275     -0.050      0.049
696.2500      -3930.945    -3956.912       25.967   329.3      1.160      0.721      0.838      0.334     -0.314     -0.107
696.5000      -3929.040    -3955.964       26.924   341.5      0.800      0.767      0.160     -0.203     -0.224     -0.036
696.7500      -3931.122    -3956.641       25.519   323.6      0.932      0.366     -0.119      0.113     -0.330     -0.053
697.0000      -3929.920    -3955.098       25.178   319.3      1.362      0.831      0.362     -0.307     -0.018      0.292
697.2500      -3929.151    -3954.413       25.262   320.4      0.522      0.656     -0.339      0.213     -0.323     -0.023
697.5000      -3930.596    -3955.770       25.174   319.3      0.931      0.874      0.459     -0.089      0.186     -0.074
697.7500      -3929.588    -3954.451       24.863   315.3      0.185      0.220     -0.078     -0.020     -0.181      0.023
698.0000      -3929.200    -3955.890       26.689   338.5      0.083      1.033     -0.451     -0.199     -0.428      0.051
698.2500      -3931.003    -3957.199       26.196   332.2      0.856      1.398      0.357     -0.177     -0.119      0.050
698.5000      -3929.537    -3956.091       26.554   336.8      0.097      0.729     -0.456      0.084     -0.129     -0.048
698.7500      -3929.007    -3955.296       26.289   333.4      0.929      0.344      0.145      0.196      0.210     -0.177
699.0000      -3930.257    -3957.775       27.518   349.0      0.979      1.143     -0.002     -0.169      0.092      0.213
699.2500      -3931.245    -3956.013       24.768   314.1      0.971      0.936      0.635      0.016     -0.069     -0.086
699.5000      -3932.921    -3957.672       24.751   313.9      0.850      0.741      0.198     -0.222      0.037      0.089
699.7500      -3934.026    -3958.561       24.534   311.2      0.520      0.732      0.634     -0.073     -0.244     -0.186
700.0000      -3933.063    -3957.650       24.587   311.8      1.105      1.316      0.782     -0.082      0.187     -0.047
700.2500      -3931.454    -3956.455       25.002   317.1      0.915      0.875      0.492      0.318     -0.197      0.148
700.5000      -3929.783    -3956.198       26.415   335.0      0.590      0.915     -0.253      0.239     -0.250      0.126
700.7500      -3931.887    -3958.073       26.186   332.1      0.814      0.919      0.264     -0.127     -0.320     -0.211
701.0000      -3931.032    -3956.134       25.102   318.4      1.486      0.958      0.331     -0.332     -0.032     -0.015
701.2500      -3931.015    -3957.066       26.052   330.4      0.220      0.677     -0.176     -0.204     -0.214     -0.174
701.5000      -3929.724    -3956.507       26.783   339.7      0.681      0.451     -0.571      0.254      0.005      0.093
701.7500      -3929.671    -3957.193       27.521   349.0      0.873      1.049      0.034      0.038     -0.235      0.144
702.0000      -3930.603    -3956.382       25.779   326.9      0.801      0.950      0.808      0.181     -0.076      0.099
702.2500      -3931.438    -3956.852       25.413   322.3      0.777      0.958      0.627      0.148      0.001      0.168
702.5000      -3931.143    -3956.692       25.549   324.0      0.577      0.535     -0.183     -0.215      0.062      0.054
702.7500      -3931.180    -3955.737       24.557   311.4      0.221      1.143      0.194     -0.156      0.186     -0.107
703.0000      -3929.679    -3955.434       25.755   326.6      0.487      1.206      0.182     -0.034     -0.060      0.026
703.2500      -3928.579    -3955.475       26.896   341.1      0.416      0.656      0.168      0.089      0.027      0.031
703.5000      -3929.421    -3955.445       26.025   330.1      0.902      0.907      0.061     -0.183     -0.186      0.195
703.7500      -3930.599    -3955.974       25.375   321.8      0.619      0.913      0.460     -0.512     -0.635     -0.070
704.0000      -3930.975    -3955.918       24.943   316.3      1.043      1.230      0.675      0.022     -0.087     -0.450
704.2500      -3930.474    -3957.195       26.721   338.9      0.232      0.812      0.488     -0.046     -0.200      0.123
704.5000      -3929.288    -3956.208       26.921   341.4      0.599      0.682      0.445      0.174     -0.363      0.054
704.7500      -3930.864    -3956.841       25.977   329.5      0.746      0.907     -0.233      0.387     -0.049      0.112
705.0000      -3930.928    -3956.670       25.741   326.5      1.137      1.269      0.307      0.084     -0.003     -0.063
705.2500      -3930.861    -3957.852       26.991   342.3      1.031      0.963      0.686     -0.010      0.063     -0.158
705.5000      -3929.840    -3956.156       26.316   333.8      0.488      0.829     -0.000     -0.100      0.184     -0.014
705.7500      -3930.501    -3956.566       26.065   330.6      0.743      0.761      0.126     -0.165      0.178     -0.093
706.0000      -3932.377    -3957.977       25.600   324.7      0.130      0.851      0.379     -0.097     -0.031     -0.091
706.2500      -3933.272    -3958.724       25.452   322.8      0.755      0.417      0.615     -0.087      0.115      0.399
706.5000      -3932.795    -3957.709       24.914   316.0      0.624      0.960      0.342      0.280     -0.152      0.114
706.7500      -3930.867    -3957.390       26.523   336.4      0.271      1.026      0.371      0.185      0.145      0.268
707.0000      -3930.466    -3956.976       26.510   336.2      0.536      0.738      0.539      0.271     -0.235     -0.019
707.2500      -3929.525    -3956.436       26.910   341.3      0.959      0.289      0.496     -0.111      0.055      0.133
707.5000      -3930.355    -3957.306       26.951   341.8      0.942      1.082      0.638     -0.178      0.151     -0.058
707.7500      -3931.570    -3957.890       26.320   333.8      0.640      0.940     -0.097      0.074      0.272      0.132
708.0000      -3931.897    -3957.752       25.855   327.9      1.073      0.460      0.244     -0.052      0.303      0.000
708.2500      -3933.799    -3959.248       25.448   322.7      0.741      1.240      0.471      0.457      0.262      0.105
708.5000      -3932.720    -3958.528       25.808   327.3      0.307      1.143      0.393     -0.001      0.052     -0.018
708.7500      -3931.209    -3956.385       25.176   319.3      0.808      1.234      0.979     -0.208      0.150     -0.146
709.0000      -3929.716    -3956.280       26.564   336.9      0.741      1.183      0.267     -0.335     -0.088     -0.068
709.2500      -3928.720    -3955.627       26.908   341.3      0.527      1.218      0.312     -0.049     -0.262     -0.016
709.5000      -3929.985    -3956.386       26.401   334.8      1.239      0.984      1.240     -0.069     -0.428     -0.076
709.7500      -3930.841    -3956.374       25.532   323.8      0.416      0.313      0.464     -0.092     -0.163      0.073
710.0000      -3930.455    -3955.828       25.373   321.8      0.756      1.228      0.795     -0.056     -0.164     -0.187
710.2500      -3930.013    -3955.590       25.578   324.4      0.482      0.219      0.301     -0.022     -0.437     -0.050
710.5000      -3931.087    -3957.092       26.005   329.8      0.709      0.845      0.439      0.224     -0.210     -0.089
710.7500      -3931.670    -3956.969       25.299   320.9      1.071      0.719      0.876     -0.096     -0.068      0.052
711.0000      -3930.741    -3956.669       25.928   328.8      0.650      0.991      0.222      0.018     -0.030      0.088
711.2500      -3929.765    -3956.660       26.896   341.1      0.312      0.612      0.242     -0.206     -0.221     -0.108
711.5000      -3928.958    -3956.132       27.174   344.6      0.819      0.047      0.568     -0.076      0.035     -0.208
711.7500      -3929.077    -3955.497       26.420   335.1      0.698      0.885      0.176      0.114     -0.334     -0.079
712.0000      -3928.928    -3955.666       26.738   339.1      0.686      0.906      0.333      0.347      0.226      0.162
712.2500      -3928.994    -3954.625       25.631   325.1      1.026      0.467      0.502     -0.225      0.162     -0.079
712.5000      -3929.221    -3954.613       25.392   322.0      0.239      0.951      0.377     -0.183      0.218      0.145
712.7500      -3927.468    -3954.005       26.537   336.6      0.856      0.817      0.417     -0.231      0.036      0.073
713.0000      -3929.173    -3955.303       26.130   331.4      0.992      0.415      0.591     -0.215     -0.088      0.161
713.2500      -3929.425    -3956.113       26.688   338.5      0.558      0.783      0.221      0.268     -0.063      0.058
713.5000      -3929.978    -3955.500       25.522   323.7      0.410      0.683      0.183      0.160      0.011      0.192
713.7500      -3929.737    -3955.839       26.102   331.0      0.845      0.601      0.133     -0.114      0.107      0.084
714.0000      -3931.392    -3956.000       24.608   312.1      0.634      0.788      0.653     -0.097     -0.055      0.092
714.2500      -3931.154    -3955.883       24.729   313.6      0.771      0.978      0.534     -0.045     -0.199      0.285
714.5000      -3930.643    -3955.868       25.225   319.9      0.528      0.433      0.116     -0.301     -0.209     -0.160
714.7500      -3930.580    -3955.904       25.324   321.2      0.519      0.694      0.288      0.287     -0.104      0.030
715.0000      -3930.303    -3956.728       26.425   335.1      0.945      0.876      0.223     -0.028      0.103      0.041
715.2500      -3930.759    -3956.007       25.249   320.2      0.773      0.683      0.467     -0.281     -0.014     -0.147
715.5000      -3930.917    -3956.233       25.316   321.1      0.797      0.720     -0.426     -0.092      0.200      0.056
715.7500      -3928.324    -3953.907       25.583   324.5      0.831      0.783     -0.069     -0.025     -0.258     -0.168
716.0000      -3928.131    -3954.912       26.781   339.7      0.798      0.858      0.662     -0.157      0.176      0.159
716.2500      -3927.748    -3954.714       26.966   342.0      0.861      0.702      0.400      0.144     -0.002     -0.069
716.5000      -3929.683    -3956.176       26.493   336.0      0.674      0.436     -0.013     -0.033     -0.039      0.175
716.7500      -3929.851    -3955.912       26.061   330.5      0.770      0.862      0.485     -0.137      0.298     -0.082
717.0000      -3930.302    -3955.599       25.296   320.8      0.820      0.431      0.419      0.124     -0.256     -0.068
717.2500      -3930.917    -3956.357       25.440   322.6      1.059      0.337      0.327     -0.269      0.101      0.141
717.5000      -3931.423    -3956.490       25.067   317.9      0.999      1.200      0.051      0.268      0.011      0.092
717.7500      -3929.740    -3956.617       26.877   340.9      0.635      0.485      0.248      0.016      0.127      0.185
718.0000      -3928.447    -3956.293       27.846   353.2      0.924      0.376     -0.235      0.441     -0.045      0.164
718.2500      -3930.934    -3956.683       25.749   326.6      1.130      0.455     -0.106     -0.086      0.050      0.210
718.5000      -3929.896    -3955.958       26.063   330.5      1.134      0.746      0.684     -0.167     -0.430      0.266
718.7500      -3929.609    -3956.477       26.868   340.8      0.792      0.584      0.145     -0.336     -0.196      0.247
719.0000      -3930.041    -3956.169       26.129   331.4      0.725      0.614      0.357      0.220     -0.116     -0.024
719.2500      -3929.629    -3956.069       26.440   335.3      1.284      0.702      0.680      0.136      0.091      0.229
719.5000      -3929.811    -3955.497       25.686   325.8      0.829      0.923      0.240      0.114     -0.141      0.244
719.7500      -3928.931    -3956.027       27.096   343.6      0.561      0.498      0.709     -0.209     -0.368      0.145
720.0000      -3929.288    -3956.762       27.474   348.4      0.820      0.938      0.532     -0.184     -0.449      0.372
720.2500      -3928.497    -3955.864       27.368   347.1      0.982      0.756      0.373      0.176      0.010      0.087
720.5000      -3926.539    -3954.242       27.703   351.3      0.473      0.667     -0.174      0.220      0.195      0.213
720.7500      -3926.239    -3954.770       28.531   361.8      0.663      0.686      0.204      0.243      0.081      0.030
721.0000      -3927.565    -3954.536       26.972   342.1      0.980      1.080      0.583      0.227     -0.081      0.124
721.2500      -3928.590    -3955.544       26.954   341.8      0.867      0.358      0.232     -0.049     -0.257      0.262
721.5000      -3930.121    -3955.295       25.174   319.3      0.900      0.432      0.318      0.055     -0.016     -0.045
721.7500      -3927.770    -3954.124       26.354   334.2      0.488      0.821      0.270     -0.064      0.212      0.004
722.0000      -3928.345    -3954.011       25.667   325.5      0.518      0.396      0.074     -0.212     -0.057     -0.073
722.2500      -3927.475    -3954.839       27.364   347.0      0.611      0.490     -0.192     -0.236     -0.029      0.156
722.5000      -3929.513    -3956.076       26.564   336.9      0.174      0.309      0.030     -0.347     -0.405      0.105
722.7500      -3929.378    -3956.239       26.861   340.7      0.595      0.360     -0.097      0.207     -0.213      0.073
723.0000      -3930.243    -3955.534       25.291   320.8      0.450      0.885      0.190      0.283     -0.427     -0.213
723.2500      -3929.687    -3956.096       26.409   334.9      0.360      0.229      0.351      0.033      0.229     -0.013
723.5000      -3931.039    -3957.167       26.128   331.4      0.192      1.019     -0.622     -0.339      0.203     -0.061
723.7500      -3930.465    -3956.046       25.581   324.4      1.330      1.159      1.221     -0.157      0.212     -0.246
724.0000      -3929.234    -3954.266       25.032   317.5      0.993      0.544      0.757      0.247     -0.238     -0.079
724.2500      -3929.525    -3954.406       24.881   315.6      0.007     -0.006      0.061      0.077      0.094     -0.090
724.5000      -3929.360    -3955.404       26.044   330.3      0.554      0.713      0.227      0.156      0.025     -0.102
724.7500      -3929.569    -3956.329       26.760   339.4      0.632      0.450      0.026      0.243      0.393      0.044
725.0000      -3930.747    -3955.333       24.586   311.8      0.703      0.766      0.089     -0.327     -0.083     -0.056
725.2500      -3929.105    -3955.785       26.680   338.4      0.589      0.759     -0.358     -0.095     -0.020      0.170
725.5000      -3928.859    -3955.145       26.286   333.4      0.725      0.867      0.122     -0.152     -0.202      0.180
725.7500      -3929.406    -3955.215       25.809   327.3      0.711      0.716      0.258      0.030      0.203     -0.202
726.0000      -3929.162    -3955.146       25.984   329.5      0.798      0.873      0.014      0.236      0.139      0.086
726.2500      -3929.101    -3955.716       26.615   337.5      0.146      0.510     -0.011      0.182      0.157     -0.028
726.5000      -3928.918    -3955.657       26.739   339.1      0.522      0.546     -0.161      0.134     -0.012      0.076
726.7500      -3930.228    -3955.413       25.185   319.4      1.112      0.638      0.572     -0.048      0.037     -0.149
727.0000      -3928.733    -3956.667       27.934   354.3      0.848      0.974      0.507     -0.185      0.101      0.095
727.2500      -3929.297    -3954.893       25.596   324.6      0.203      0.818      0.035      0.095      0.209      0.190
727.5000      -3929.765    -3956.926       27.161   344.5      0.926      0.791      0.768     -0.435      0.214      0.197
727.7500      -3929.940    -3955.566       25.626   325.0      0.724      1.003      0.346     -0.139     -0.092     -0.229
728.0000      -3930.080    -3956.616       26.536   336.5      0.441      0.717     -0.022      0.453      0.139     -0.181
728.2500      -3930.696    -3956.406       25.710   326.1      0.305      0.669      0.212      0.234      0.123      0.052
728.5000      -3931.416    -3956.571       25.155   319.0      0.950      1.138      0.326     -0.368      0.119     -0.174
728.7500      -3929.350    -3955.206       25.856   327.9      0.863      0.748      0.264      0.126      0.072      0.086
729.0000      -3930.124    -3956.747       26.623   337.6      0.834      0.843      0.426     -0.309     -0.135      0.180
729.2500      -3929.554    -3957.050       27.496   348.7      0.647      0.800      0.200     -0.237      0.023     -0.053
729.5000      -3928.228    -3956.119       27.891   353.7      0.993      1.307      0.183     -0.027      0.117      0.129
729.7500      -3929.184    -3954.199       25.015   317.2      0.453      0.845      0.375      0.008      0.152     -0.123
730.0000      -3930.519    -3957.319       26.799   339.9      0.824      0.929     -0.199     -0.115     -0.015      0.072
730.2500      -3929.421    -3955.018       25.597   324.6      0.644      0.619      0.097     -0.237     -0.415      0.091
730.5000      -3930.996    -3957.380       26.384   334.6      0.292      0.791     -0.118     -0.050      0.101     -0.223
730.7500      -3930.644    -3956.811       26.167   331.9      0.435      0.548     -0.701      0.176      0.153     -0.108
731.0000      -3930.361    -3956.339       25.979   329.5      0.801      0.400      0.032      0.201      0.252      0.068
731.2500      -3930.373    -3955.882       25.509   323.5      0.764      0.633      0.622     -0.066      0.088     -0.100
731.5000      -3928.101    -3955.163       27.062   343.2     -0.142      0.973      0.069     -0.303      0.181     -0.293
731.7500      -3928.028    -3955.276       27.248   345.6      0.787      0.796      0.140     -0.481     -0.216     -0.089
732.0000      -3927.738    -3955.141       27.403   347.5      0.864      0.691      0.418     -0.258     -0.551      0.014
732.2500      -3928.429    -3955.538       27.109   343.8      0.925      0.544      0.301      0.365      0.235     -0.126
732.5000      -3928.247    -3955.197       26.951   341.8      0.795      0.720      0.007      0.276      0.408     -0.113
732.7500      -3930.750    -3956.451       25.701   326.0      0.681      1.039      0.275     -0.106      0.195     -0.254
733.0000      -3930.646    -3956.120       25.474   323.1      0.635      1.096     -0.239     -0.047      0.043     -0.009
733.2500      -3931.951    -3958.672       26.721   338.9      1.024      1.076      0.152      0.036     -0.215      0.001
733.5000      -3929.659    -3955.866       26.207   332.4      0.407      0.757      0.045      0.095      0.028     -0.092
733.7500      -3929.796    -3956.748       26.951   341.8      0.701      1.324      0.703      0.096      0.047     -0.030
734.0000      -3930.625    -3956.423       25.798   327.2      0.401      0.766      0.592      0.237     -0.219     -0.153
734.2500      -3931.936    -3956.431       24.495   310.7      0.534      0.503      0.458      0.031     -0.185      0.033
734.5000      -3930.028    -3956.941       26.913   341.3      0.989      1.046      0.514     -0.556     -0.192     -0.141
734.7500      -3928.420    -3955.602       27.182   344.7      1.025      0.899      0.478     -0.136     -0.228     -0.104
735.0000      -3929.630    -3956.946       27.316   346.4      0.404      0.690     -0.144      0.064     -0.116     -0.080
735.2500      -3928.977    -3955.537       26.560   336.8      0.256      0.496      0.370      0.154     -0.009      0.163
735.5000      -3931.445    -3957.451       26.005   329.8      0.426      0.898      0.106      0.145     -0.003      0.071
735.7500      -3930.172    -3955.844       25.672   325.6      0.962      1.068      0.334      0.006     -0.016      0.181
736.0000      -3930.917    -3958.118       27.201   345.0      0.866      0.891      0.086     -0.065      0.111     -0.056
736.2500      -3931.545    -3957.195       25.650   325.3      0.675      0.595     -0.052     -0.002     -0.197     -0.082
736.5000      -3931.206    -3956.914       25.707   326.0      0.934      1.187      1.034     -0.320     -0.096     -0.228
736.7500      -3931.001    -3956.483       25.483   323.2      0.837      0.568      0.015      0.120     -0.340     -0.066
737.0000      -3930.818    -3957.123       26.305   333.6      1.048      0.961      0.106      0.104     -0.160     -0.221
737.2500      -3930.666    -3956.361       25.695   325.9      0.908      0.789      0.452      0.133      0.395     -0.235
737.5000      -3929.638    -3956.091       26.453   335.5      0.640      0.833      0.335     -0.074      0.221     -0.196
737.7500      -3929.243    -3956.106       26.863   340.7      0.902      1.055      0.831     -0.074     -0.089      0.129
738.0000      -3928.201    -3955.964       27.764   352.1      1.100      1.120      0.650      0.439      0.098     -0.188
738.2500      -3929.817    -3956.457       26.640   337.9      1.198      0.458      0.286      0.158     -0.035     -0.076
738.5000      -3930.506    -3956.275       25.769   326.8      0.867      0.789     -0.068      0.131     -0.048     -0.277
738.7500      -3930.264    -3957.243       26.979   342.2      0.740      0.748      0.170      0.022      0.172      0.089
739.0000      -3930.535    -3956.917       26.383   334.6      0.521      0.497      0.243     -0.203      0.159      0.319
739.2500      -3931.313    -3957.360       26.047   330.3      0.767      0.634      0.257     -0.024     -0.025      0.137
739.5000      -3932.708    -3958.136       25.428   322.5      0.409      0.410     -0.527      0.064     -0.380     -0.077
739.7500      -3934.550    -3958.699       24.149   306.3      0.285      0.185      0.180      0.188     -0.118     -0.219
740.0000      -3932.291    -3958.113       25.822   327.5      0.779      0.978     -0.344      0.017      0.169     -0.109
740.2500      -3930.481    -3956.654       26.174   331.9      0.537      0.809      0.122      0.157      0.210      0.075
740.5000      -3929.031    -3955.907       26.876   340.9      0.556      0.246     -0.038     -0.046      0.327      0.123
740.7500      -3928.647    -3957.430       28.784   365.0      0.557      0.905     -0.385      0.086     -0.482      0.144
741.0000      -3931.128    -3956.680       25.552   324.1      0.730      0.665      0.036     -0.108     -0.443      0.021
741.2500      -3930.861    -3956.042       25.181   319.4      0.892      0.213      0.425      0.009      0.016      0.293
741.5000      -3931.468    -3956.730       25.263   320.4      0.364      0.903      0.070     -0.129      0.177      0.074
741.7500      -3931.083    -3956.513       25.430   322.5      0.967      0.895      0.470      0.102      0.360      0.130
742.0000      -3930.812    -3956.743       25.931   328.9      0.753      0.536      0.247     -0.103      0.250     -0.206
742.2500      -3929.277    -3956.039       26.762   339.4      0.519      0.611      1.107     -0.008     -0.236      0.233
742.5000      -3929.888    -3956.324       26.436   335.3      0.688      0.816      0.348     -0.091      0.274      0.065
742.7500      -3931.334    -3957.715       26.381   334.6      1.062      0.999      0.453     -0.104     -0.177      0.101
743.0000      -3929.708    -3956.625       26.917   341.4      1.405      1.073      0.360     -0.162     -0.085     -0.271
743.2500      -3929.645    -3955.746       26.101   331.0      1.577      0.758      0.336     -0.102      0.043     -0.307
743.5000      -3929.161    -3954.277       25.116   318.5      1.486      1.439      0.403     -0.248     -0.278      0.076
743.7500      -3928.730    -3953.852       25.121   318.6      0.666      0.164     -0.049      0.148     -0.119      0.210
744.0000      -3930.538    -3956.811       26.273   333.2      1.080      0.803      0.548      0.186     -0.109     -0.107
744.2500      -3930.831    -3958.469       27.638   350.5      0.506      0.710      0.227      0.327      0.249     -0.218
744.5000      -3931.223    -3957.373       26.150   331.6      1.120      0.619      0.638     -0.184      0.259      0.158
744.7500      -3929.870    -3956.215       26.345   334.1      0.913      0.653      0.016      0.052      0.202      0.100
745.0000      -3932.275    -3957.696       25.421   322.4      0.778      1.198     -0.299      0.290     -0.015      0.060
745.2500      -3929.427    -3955.716       26.289   333.4      0.988      0.810      0.295     -0.159      0.098      0.030
745.5000      -3930.132    -3956.596       26.464   335.6      0.692      0.887      0.283      0.200      0.418     -0.044
745.7500      -3930.424    -3955.923       25.499   323.4      0.687      0.621     -0.143     -0.024      0.047     -0.114
746.0000      -3932.274    -3957.432       25.159   319.1      0.949      1.060      0.859      0.108      0.016      0.078
746.2500      -3929.418    -3956.062       26.644   337.9      0.631      0.508      0.639      0.065      0.120      0.078
746.5000      -3927.822    -3953.939       26.118   331.2      0.866      0.640      0.298     -0.170      0.283      0.070
746.7500      -3927.466    -3954.499       27.033   342.8      0.767      0.287     -0.387      0.088      0.188      0.126
747.0000      -3930.044    -3957.115       27.071   343.3      0.578      0.481      0.546     -0.017      0.140     -0.085
747.2500      -3930.575    -3955.833       25.258   320.3      0.725      1.192      0.517      0.025     -0.035     -0.075
747.5000      -3928.778    -3956.736       27.958   354.6      0.444      0.780      0.262      0.082      0.018      0.057
747.7500      -3930.709    -3956.707       25.997   329.7      0.726      0.859      0.439      0.024      0.065      0.142
748.0000      -3928.307    -3955.239       26.931   341.6      0.509      0.508     -0.062     -0.010     -0.092     -0.154
748.2500      -3928.975    -3955.481       26.506   336.2      0.807      0.644     -0.317     -0.399      0.324     -0.166
748.5000      -3928.688    -3954.913       26.225   332.6      0.986      1.284      0.550     -0.253     -0.012      0.150
748.7500      -3928.694    -3956.623       27.928   354.2      0.566      0.577     -0.133     -0.354     -0.184     -0.002
749.0000      -3928.922    -3956.063       27.141   344.2      0.707      0.558      0.271     -0.035     -0.042      0.100
749.2500      -3930.152    -3953.808       23.656   300.0      0.535      0.817      0.407     -0.155     -0.221     -0.184
749.5000      -3928.101    -3953.980       25.879   328.2      0.851      0.108     -0.143      0.141      0.098     -0.069
749.7500      -3929.001    -3955.967       26.967   342.0      0.648      0.495     -0.173     -0.021      0.058     -0.061
750.0000      -3929.422    -3956.153       26.732   339.0      0.724      0.766      0.615      0.016     -0.305     -0.197
750.2500      -3932.669    -3957.772       25.103   318.4      0.694      0.771      0.058     -0.305      0.228      0.110
750.5000      -3931.248    -3958.026       26.778   339.6      0.108      0.527     -0.123     -0.215      0.066     -0.108
750.7500      -3933.038    -3957.593       24.555   311.4      0.602      0.475      0.480      0.245      0.184     -0.245
751.0000      -3929.462    -3956.793       27.332   346.6     -0.264      0.707      0.147     -0.017     -0.070     -0.101
751.2500      -3929.564    -3956.581       27.017   342.6      0.584      0.936      0.228      0.089     -0.510     -0.012
751.5000      -3928.870    -3956.591       27.722   351.6      1.281      0.596      0.133     -0.024      0.009     -0.219
751.7500      -3930.384    -3956.267       25.883   328.3      1.310      1.126      0.093     -0.009      0.146      0.356
752.0000      -3931.818    -3957.770       25.952   329.1      1.035      0.349     -0.295     -0.336      0.374      0.168
752.2500      -3932.292    -3956.576       24.284   308.0      0.208      0.405     -0.178     -0.161      0.055     -0.099
752.5000      -3932.142    -3957.514       25.372   321.8      0.798      0.967     -0.124     -0.568     -0.219      0.011
752.7500      -3932.739    -3957.906       25.166   319.2      1.238      0.791      0.796     -0.281      0.005     -0.119
753.0000      -3933.027    -3959.094       26.067   330.6      0.915      0.614      0.305     -0.077     -0.250      0.080
753.2500      -3931.986    -3956.531       24.545   311.3      0.067      0.435      0.246     -0.271     -0.037     -0.135
753.5000      -3931.254    -3955.830       24.576   311.7      0.892      0.726      0.137     -0.023     -0.221      0.035
753.7500      -3930.547    -3956.671       26.124   331.3      0.676      0.528      0.563      0.170     -0.134      0.147
754.0000      -3929.228    -3954.835       25.607   324.8      0.611      0.696     -0.353     -0.161     -0.290     -0.077
754.2500      -3929.219    -3954.390       25.170   319.2      0.987      0.184      0.027     -0.199     -0.066     -0.347
754.5000      -3930.578    -3955.336       24.758   314.0      1.328      0.938      0.375      0.220     -0.035     -0.082
754.7500      -3930.231    -3956.351       26.120   331.3      1.401      1.217     -0.011     -0.110      0.283      0.088
755.0000      -3929.977    -3955.552       25.576   324.4      0.853      0.403      0.074     -0.141     -0.096     -0.003
755.2500      -3930.150    -3957.087       26.938   341.6      0.902      1.182     -0.038     -0.295      0.066      0.274
755.5000      -3931.546    -3956.772       25.227   319.9      1.238      1.083      0.731     -0.097     -0.068     -0.086
755.7500      -3930.815    -3956.748       25.933   328.9      0.481      0.533      0.289     -0.199      0.334     -0.043
756.0000      -3931.764    -3956.804       25.040   317.6      0.484      1.296     -0.022      0.220      0.358      0.134
756.2500      -3931.334    -3957.794       26.461   335.6      0.498      0.914      0.121     -0.084     -0.473      0.149
756.5000      -3929.340    -3956.041       26.701   338.6      0.634      0.686      0.421     -0.190     -0.006     -0.038
756.7500      -3929.992    -3955.482       25.490   323.3      0.703      1.494     -0.078     -0.021      0.223     -0.201
757.0000      -3928.959    -3954.431       25.472   323.0      0.703      0.897      0.151     -0.293      0.321     -0.169
757.2500      -3931.228    -3956.612       25.384   321.9      1.135      0.847     -0.021      0.341      0.219     -0.048
757.5000      -3930.749    -3956.625       25.876   328.2      0.712      1.011      0.340     -0.149      0.243     -0.318
757.7500      -3931.282    -3957.251       25.969   329.3      0.422      0.702      0.282     -0.199      0.060     -0.135
758.0000      -3931.323    -3956.595       25.272   320.5      0.661      1.301      0.740     -0.201      0.137      0.206
758.2500      -3928.507    -3956.158       27.651   350.7      0.412      1.042      0.176     -0.265      0.033     -0.100
758.5000      -3930.853    -3956.808       25.956   329.2      0.672      0.861      0.189     -0.138      0.225     -0.067
758.7500      -3929.776    -3956.351       26.575   337.0      0.532      0.875     -0.129     -0.059      0.098     -0.147
759.0000      -3929.574    -3956.836       27.262   345.8      0.672      0.760      0.186      0.046      0.095      0.144
759.2500      -3929.161    -3954.819       25.658   325.4      0.518      0.775      0.349      0.095      0.293     -0.079
759.5000      -3929.321    -3956.199       26.878   340.9      1.027      0.642      0.107     -0.053      0.034      0.058
759.7500      -3932.028    -3957.726       25.697   325.9      0.952      0.938      0.092     -0.002      0.201      0.068
760.0000      -3931.732    -3957.482       25.750   326.6      0.840      1.363      0.872      0.044     -0.307      0.027
760.2500      -3929.934    -3956.854       26.921   341.4      0.288      0.490     -0.247     -0.016     -0.221      0.039
760.5000      -3930.828    -3957.344       26.516   336.3      0.781      1.157      0.356     -0.279     -0.030      0.161
760.7500      -3931.616    -3956.635       25.019   317.3      0.364      0.986     -0.057     -0.052      0.027     -0.250
761.0000      -3930.784    -3956.135       25.351   321.5      1.031      1.040      0.659      0.114      0.001      0.055
761.2500      -3930.847    -3956.788       25.941   329.0      1.263      0.701      0.096      0.575     -0.232     -0.280
761.5000      -3929.427    -3955.910       26.483   335.9      0.301      0.795     -0.068      0.105     -0.105      0.200
761.7500      -3928.457    -3954.161       25.704   326.0      1.171      0.579      0.079     -0.006     -0.495      0.038
762.0000      -3928.975    -3955.546       26.571   337.0      0.513      0.878      0.323      0.314     -0.145      0.214
762.2500      -3930.567    -3957.099       26.532   336.5      0.185      0.834     -0.165      0.202     -0.090      0.013
762.5000      -3932.027    -3957.497       25.469   323.0      0.719      0.884      0.551      0.174     -0.037     -0.002
762.7500      -3931.780    -3955.814       24.035   304.8      1.041      0.740      0.418      0.410     -0.211     -0.031
763.0000      -3930.787    -3957.431       26.644   337.9      0.492      0.867     -0.162     -0.145      0.015      0.130
763.2500      -3931.631    -3957.129       25.498   323.4      0.534      0.829      0.171     -0.013     -0.031     -0.121
763.5000      -3930.709    -3956.806       26.097   331.0      0.771      1.174      0.163     -0.091      0.176     -0.182
763.7500      -3930.607    -3956.727       26.120   331.3      0.593      0.449      0.208     -0.007     -0.039     -0.031
764.0000      -3931.189    -3956.715       25.525   323.7      0.618      0.798      0.136      0.332     -0.102      0.186
764.2500      -3930.884    -3956.270       25.386   322.0      1.063      0.724      0.482      0.127      0.016     -0.080
764.5000      -3930.557    -3955.357       24.800   314.5      0.931      0.407      0.722     -0.017      0.307      0.296
764.7500      -3929.532    -3955.834       26.302   333.6      0.866      1.090      0.012      0.417      0.204      0.040
765.0000      -3929.238    -3955.870       26.632   337.8      0.990      0.895     -0.297      0.243      0.129      0.240
765.2500      -3930.580    -3955.604       25.024   317.4      1.188      0.395     -0.024      0.310     -0.238     -0.123
765.5000      -3931.119    -3956.487       25.368   321.7      0.740      0.746      0.362     -0.232     -0.268      0.149
765.7500      -3930.238    -3956.425       26.187   332.1      0.825      0.701     -0.042     -0.138      0.143      0.060
766.0000      -3929.203    -3956.814       27.611   350.2      0.181      0.746      0.281      0.222     -0.055      0.015
766.2500      -3930.307    -3956.741       26.434   335.2      0.659      0.925      0.355     -0.113      0.110      0.237
766.5000      -3930.949    -3956.960       26.011   329.9      0.485      0.888      0.677      0.113     -0.631     -0.015
766.7500      -3931.126    -3958.286       27.160   344.5      0.299      0.410      0.864      0.063      0.011     -0.056
767.0000      -3932.323    -3957.798       25.475   323.1      0.440      0.964      0.079      0.026     -0.102     -0.041
767.2500      -3930.429    -3956.289       25.860   328.0      1.137      0.139      0.133      0.032      0.340      0.021
767.5000      -3931.284    -3956.963       25.679   325.7      0.467      1.160      0.265      0.032      0.238      0.053
767.7500      -3930.614    -3956.974       26.359   334.3      0.739      0.745      0.095     -0.382     -0.070     -0.122
768.0000      -3929.362    -3955.539       26.176   332.0      1.021      0.928      0.797     -0.053     -0.067     -0.257
768.2500      -3930.673    -3956.373       25.700   325.9      0.697      0.839     -0.080      0.158      0.338     -0.252
768.5000      -3930.155    -3956.601       26.445   335.4      1.495      1.004      0.571      0.017     -0.030      0.235
768.7500      -3932.009    -3957.200       25.190   319.5      1.455      0.555      0.283     -0.278     -0.205      0.072
769.0000      -3930.328    -3955.653       25.326   321.2      0.465      0.839      0.317     -0.183     -0.042      0.173
769.2500      -3929.494    -3955.009       25.515   323.6      0.634      0.789      0.263     -0.137     -0.341      0.035
769.5000      -3928.006    -3954.396       26.390   334.7      0.661      0.504      0.333      0.083     -0.336      0.087
769.7500      -3930.328    -3955.651       25.323   321.2      0.664      1.051      0.249      0.172     -0.357     -0.087
770.0000      -3931.579    -3957.564       25.985   329.6      0.908      0.840      0.510      0.100      0.265      0.078
770.2500      -3930.541    -3956.125       25.584   324.5      0.777      0.420      0.114      0.088      0.360      0.407
770.5000      -3930.883    -3957.964       27.082   343.5      0.337      0.743      0.102     -0.164      0.375      0.138
770.7500      -3930.882    -3957.081       26.199   332.3      0.653      1.000     -0.322      0.025      0.420      0.089
771.0000      -3931.209    -3957.806       26.597   337.3      0.799      0.972      0.525      0.048      0.368      0.046
771.2500      -3933.390    -3958.071       24.681   313.0      0.806      0.998      0.603      0.002     -0.356      0.262
771.5000      -3931.819    -3956.832       25.013   317.2      0.793      0.840      0.506      0.197      0.028     -0.119
771.7500      -3931.503    -3957.924       26.421   335.1      0.135      0.859     -0.399     -0.226      0.193     -0.092
772.0000      -3930.741    -3957.235       26.495   336.0      0.532      0.260      0.076     -0.239      0.297     -0.145
772.2500      -3929.612    -3955.104       25.492   323.3      0.625      0.692     -0.278     -0.088     -0.057      0.134
772.5000      -3932.823    -3957.973       25.150   319.0      0.522      0.044      0.405     -0.148     -0.105      0.106
772.7500      -3931.660    -3957.951       26.291   333.4      1.412      0.587      0.579      0.370     -0.114      0.088
773.0000      -3931.422    -3957.459       26.037   330.2      0.573      0.700     -0.307      0.203     -0.179      0.058
773.2500      -3931.644    -3958.328       26.684   338.4      0.690      0.721      0.301      0.178     -0.133      0.170
773.5000      -3931.256    -3957.283       26.027   330.1      0.356      0.024      0.006      0.194      0.319     -0.018
773.7500      -3932.057    -3958.127       26.071   330.6      0.863      0.953      0.438      0.071     -0.186     -0.213
774.0000      -3931.975    -3958.057       26.082   330.8      0.793      0.295     -0.558      0.028     -0.094     -0.174
774.2500      -3933.908    -3959.545       25.637   325.1      0.360      0.640      0.118      0.209     -0.290      0.135
774.5000      -3934.281    -3958.285       24.004   304.4      1.056      0.866      0.192      0.084     -0.285      0.261
774.7500      -3933.444    -3959.521       26.077   330.7      0.644      0.498      0.561     -0.034     -0.296     -0.012
775.0000      -3931.203    -3957.676       26.473   335.7      1.068      1.152      0.122      0.062      0.100     -0.141
775.2500      -3931.940    -3957.286       25.346   321.5      0.183      0.771     -0.235      0.032      0.262      0.228
775.5000      -3933.869    -3958.819       24.951   316.4      0.913      0.861      0.296      0.162     -0.092      0.082
775.7500      -3930.921    -3957.601       26.680   338.4      0.280      0.405      0.303     -0.016     -0.344      0.158
776.0000      -3930.402    -3956.124       25.722   326.2      1.013      1.188     -0.232      0.114     -0.073     -0.043
776.2500      -3930.304    -3956.999       26.695   338.6      0.606      0.797      0.252     -0.143     -0.011     -0.039
776.5000      -3930.803    -3957.103       26.300   333.5      0.868      0.997     -0.396     -0.071     -0.132      0.128
776.7500      -3929.145    -3955.426       26.282   333.3      0.790      0.535     -0.064     -0.050     -0.304     -0.036
777.0000      -3930.917    -3957.296       26.380   334.6      0.639      0.890      0.315      0.212     -0.678     -0.055
777.2500      -3931.313    -3957.642       26.329   333.9      0.799      0.981      0.485      0.332     -0.031      0.018
777.5000      -3931.787    -3957.466       25.680   325.7      1.252      0.709      0.019     -0.135     -0.163     -0.037
777.7500      -3928.499    -3956.017       27.518   349.0      0.902      0.941      0.038     -0.363      0.226     -0.054
778.0000      -3931.643    -3958.740       27.097   343.7      0.557      1.015      0.308     -0.129     -0.121      0.135
778.2500      -3932.574    -3957.904       25.330   321.3      0.731      0.701      0.367     -0.082      0.238     -0.071
778.5000      -3932.472    -3957.892       25.420   322.4      0.235      0.462     -0.389     -0.001      0.349     -0.022
778.7500      -3931.884    -3957.750       25.866   328.0      0.354      0.520     -0.061     -0.029      0.136      0.000
779.0000      -3930.630    -3957.321       26.691   338.5      0.286      1.107     -0.021     -0.507     -0.204     -0.004
779.2500      -3929.022    -3955.105       26.083   330.8      0.613      0.653     -0.014     -0.377     -0.264      0.001
779.5000      -3928.902    -3956.749       27.847   353.2      0.575      0.917      0.772     -0.199     -0.272      0.064
779.7500      -3927.313    -3953.668       26.355   334.3      1.012      0.814      0.867     -0.198      0.025      0.316
780.0000      -3928.562    -3955.543       26.981   342.2      0.630      0.749      0.663     -0.196      0.463     -0.022
780.2500      -3929.571    -3955.739       26.168   331.9      0.178      0.485      0.461      0.226      0.040      0.284
780.5000      -3927.983    -3955.179       27.195   344.9      0.349      0.996     -0.180     -0.044     -0.147     -0.015
780.7500      -3928.068    -3954.096       26.028   330.1      0.428      0.943      0.789      0.023     -0.184     -0.007
781.0000      -3928.515    -3954.909       26.394   334.7      1.382      1.149      0.617     -0.086     -0.178     -0.234
781.2500      -3928.406    -3954.805       26.399   334.8      0.931      1.110      0.402     -0.393      0.035      0.016
781.5000      -3930.682    -3956.856       26.174   331.9      1.079      0.978      0.530     -0.035     -0.012      0.374
781.7500      -3931.987    -3957.888       25.901   328.5      0.667      1.221      0.443     -0.002     -0.231      0.064
782.0000      -3931.337    -3957.021       25.684   325.7      0.677      0.676      0.028     -0.053     -0.211      0.029
782.2500      -3934.079    -3959.252       25.173   319.3      0.442      1.293     -0.069     -0.222     -0.056      0.195
782.5000      -3931.601    -3957.488       25.887   328.3      0.106      0.601      0.473      0.239     -0.284     -0.060
782.7500      -3931.981    -3957.479       25.498   323.4      1.145      1.236      0.999     -0.174      0.406      0.130
783.0000      -3930.933    -3957.502       26.569   337.0      0.125      0.852     -0.161     -0.160     -0.096     -0.086
783.2500      -3931.471    -3957.286       25.815   327.4      0.744      0.313      0.116     -0.319      0.124      0.255
783.5000      -3931.245    -3956.371       25.126   318.7      1.078      0.919      0.207     -0.126     -0.111     -0.190
783.7500      -3931.259    -3957.810       26.551   336.7      0.506      1.063      0.087      0.019      0.013      0.225
784.0000      -3932.574    -3957.091       24.517   310.9      1.071      0.775      0.523     -0.157      0.030      0.294
784.2500      -3931.947    -3957.307       25.360   321.6      0.953      0.899      0.293      0.138      0.125     -0.036
784.5000      -3931.233    -3956.771       25.538   323.9      0.773      0.871      0.943     -0.374      0.109      0.209
784.7500      -3930.817    -3956.830       26.013   329.9      0.465      1.084      0.160     -0.219     -0.163      0.033
785.0000      -3930.332    -3956.942       26.610   337.5      0.561      0.482      0.820     -0.185     -0.053      0.105
785.2500      -3929.729    -3956.500       26.772   339.5      0.767      0.933      0.731      0.170     -0.052      0.191
785.5000      -3930.576    -3956.297       25.720   326.2      0.644      0.848      0.837      0.194      0.087     -0.068
785.7500      -3930.258    -3956.323       26.064   330.6      0.685      1.012      0.197     -0.021      0.130      0.078
786.0000      -3930.308    -3955.619       25.311   321.0      0.438      0.772      1.061     -0.155      0.021      0.018
786.2500      -3930.798    -3956.567       25.769   326.8      0.304      1.272      0.767     -0.044      0.200     -0.212
786.5000      -3931.877    -3957.353       25.476   323.1      0.173      0.772      0.216     -0.084      0.362     -0.015
786.7500      -3932.564    -3957.575       25.011   317.2      0.686      1.193      0.376      0.103      0.082     -0.071
787.0000      -3932.360    -3956.151       23.791   301.7      0.904      1.358      0.464      0.291     -0.144      0.343
787.2500      -3931.927    -3957.184       25.257   320.3      0.735      1.103      0.301     -0.000      0.296     -0.047
787.5000      -3929.769    -3954.643       24.873   315.5      0.833      0.851      0.202      0.092      0.376     -0.154
787.7500      -3930.851    -3957.488       26.637   337.8      0.834      0.496      0.696     -0.061      0.515      0.262
788.0000      -3930.782    -3955.813       25.031   317.5      1.172      1.310      0.792     -0.163      0.070      0.186
788.2500      -3930.023    -3956.790       26.767   339.5      0.972      0.491      0.155     -0.299     -0.385      0.177
788.5000      -3928.413    -3954.348       25.935   328.9      0.727      0.546     -0.051     -0.124     -0.164     -0.019
788.7500      -3928.767    -3955.742       26.975   342.1      0.785      0.952      0.452      0.085     -0.017      0.076
789.0000      -3931.758    -3957.359       25.601   324.7      0.901      1.089      0.785     -0.102      0.284      0.058
789.2500      -3932.081    -3957.337       25.256   320.3      0.712      0.936      0.068      0.248      0.164      0.037
789.5000      -3931.870    -3957.586       25.717   326.2      0.700      0.742      0.306      0.013      0.301     -0.194
789.7500      -3929.608    -3955.899       26.291   333.4      0.546      0.937      0.500      0.114      0.144     -0.285
790.0000      -3929.034    -3955.854       26.820   340.1      1.345      0.479      0.280     -0.154      0.070     -0.085
790.2500      -3929.688    -3955.741       26.053   330.4      0.732      0.648      0.429      0.064      0.205     -0.030
790.5000      -3929.596    -3955.985       26.388   334.7      0.811      1.148      0.412     -0.053     -0.087     -0.107
790.7500      -3929.612    -3955.996       26.384   334.6      0.919      0.863      0.188     -0.129      0.154     -0.017
791.0000      -3930.574    -3956.681       26.107   331.1      1.005      1.003      0.269      0.002     -0.332     -0.187
791.2500      -3931.628    -3956.499       24.871   315.4      0.837      1.301     -0.401      0.200     -0.089      0.158
791.5000      -3931.797    -3957.572       25.775   326.9      1.115      0.963      0.410     -0.009      0.033      0.098
791.7500      -3931.237    -3957.124       25.887   328.3      0.276      0.304     -0.086      0.211     -0.128      0.016
792.0000      -3931.867    -3957.043       25.176   319.3      0.928      0.797      0.465      0.062     -0.118      0.157
792.2500      -3930.062    -3955.969       25.906   328.6      0.348      0.727      0.251     -0.204     -0.081     -0.079
792.5000      -3929.682    -3956.842       27.160   344.5      0.416      1.004     -0.210      0.063      0.110      0.083
792.7500      -3929.128    -3955.579       26.450   335.5      1.340      0.969      0.205     -0.051      0.246     -0.042
793.0000      -3931.071    -3957.169       26.098   331.0      1.134      0.920      0.464     -0.059     -0.083      0.059
793.2500      -3930.794    -3956.865       26.070   330.6      0.785      1.140      0.303      0.111     -0.145      0.109
793.5000      -3932.147    -3957.224       25.077   318.0      0.969      0.329      0.976     -0.022     -0.043     -0.079
793.7500      -3931.068    -3955.794       24.726   313.6     -0.137      1.146      0.174      0.004     -0.283      0.052
794.0000      -3931.514    -3957.348       25.834   327.6      0.851      0.462      0.371      0.186     -0.020     -0.013
794.2500      -3931.594    -3957.463       25.870   328.1      0.738      1.192      0.337     -0.129     -0.261     -0.341
794.5000      -3930.347    -3956.827       26.480   335.8      0.175      0.678      0.609      0.143     -0.202      0.079
794.7500      -3930.265    -3956.663       26.398   334.8      0.635      0.154      0.391     -0.011      0.322      0.044
795.0000      -3931.441    -3957.077       25.635   325.1      0.742      0.474      0.234      0.284      0.338     -0.084
795.2500      -3931.474    -3955.687       24.213   307.1      0.515      1.096      0.501     -0.043      0.081      0.069
795.5000      -3931.880    -3956.841       24.961   316.6      0.849      0.839      0.716      0.188     -0.157      0.402
795.7500      -3931.060    -3956.624       25.564   324.2      1.197      1.056      1.184     -0.039      0.061     -0.006
796.0000      -3931.239    -3957.206       25.967   329.3      0.572      0.436      0.244      0.038      0.108     -0.219
796.2500      -3929.693    -3956.033       26.340   334.1      0.839      0.552      0.134      0.100      0.066     -0.221
796.5000      -3930.142    -3956.234       26.093   330.9      0.479      0.600      0.363      0.025     -0.039     -0.300
796.7500      -3928.748    -3955.616       26.867   340.7      0.866      0.606      0.363     -0.044     -0.055     -0.041
797.0000      -3930.297    -3956.493       26.196   332.2      1.189      0.967      0.353      0.185      0.137      0.017
797.2500      -3931.377    -3957.656       26.279   333.3      0.991      1.251      0.204     -0.044      0.094     -0.178
797.5000      -3931.189    -3958.047       26.858   340.6      1.020      0.598      0.381      0.158      0.133     -0.052
797.7500      -3933.146    -3957.920       24.774   314.2      0.493      0.838      0.059     -0.231     -0.092     -0.120
798.0000      -3931.166    -3956.781       25.614   324.9      0.605      0.641      0.497     -0.153     -0.124     -0.122
798.2500      -3928.553    -3956.398       27.845   353.1      0.819      0.430      0.418      0.041      0.029      0.009
798.5000      -3929.059    -3955.469       26.410   334.9      0.746      0.967      0.613      0.030      0.050     -0.308
798.7500      -3930.415    -3957.202       26.787   339.7      0.902      0.502      0.578      0.181     -0.082      0.035
799.0000      -3927.872    -3954.638       26.766   339.5      0.929      1.162      0.526     -0.206     -0.230     -0.296
799.2500      -3927.769    -3955.222       27.453   348.2      0.960      0.545      0.229     -0.069     -0.117     -0.228
799.5000      -3929.554    -3955.741       26.186   332.1      0.637      1.165      0.223      0.412      0.126      0.002
799.7500      -3930.197    -3955.962       25.765   326.8      1.274      1.260      0.050      0.219     -0.134      0.152
800.0000      -3928.240    -3956.112       27.873   353.5      1.171      0.782      0.666      0.239     -0.009      0.094
800.2500      -3930.220    -3956.146       25.926   328.8      0.739      1.275      0.489     -0.493     -0.033      0.115
800.5000      -3929.859    -3955.351       25.491   323.3      0.799      0.781      0.277     -0.295      0.088      0.054
800.7500      -3929.309    -3955.649       26.341   334.1      0.713      0.833      0.042     -0.135      0.276     -0.080
801.0000      -3929.281    -3955.282       26.002   329.8      0.936      1.295      1.187     -0.011      0.588      0.207
801.2500      -3931.252    -3956.868       25.616   324.9      0.716      0.878      0.182      0.077      0.232      0.092
801.5000      -3929.430    -3957.057       27.627   350.4      0.722      0.465      0.133      0.042     -0.176     -0.037
801.7500      -3929.731    -3955.513       25.782   327.0      0.929      1.003      0.379      0.118     -0.342      0.131
802.0000      -3930.886    -3956.756       25.870   328.1     -0.063      0.239     -0.123      0.155     -0.143     -0.059
802.2500      -3928.850    -3955.746       26.895   341.1      0.835      1.287      0.424     -0.280      0.055     -0.288
802.5000      -3931.856    -3957.180       25.324   321.2      1.035      0.596      0.681      0.116      0.159     -0.179
802.7500      -3930.840    -3956.772       25.932   328.9      0.747      0.751     -0.109     -0.059     -0.017      0.352
803.0000      -3930.693    -3957.616       26.923   341.5      0.612      0.938     -0.539     -0.088      0.254     -0.028
803.2500      -3930.581    -3956.894       26.313   333.7      0.436      0.379     -0.277     -0.091     -0.049      0.157
803.5000      -3930.670    -3956.894       26.224   332.6      0.390      0.442      0.239      0.187      0.091     -0.084
803.7500      -3930.903    -3957.443       26.540   336.6      0.236      0.330     -0.197      0.167     -0.326      0.080
804.0000      -3929.780    -3955.987       26.206   332.4      0.806      0.825      0.755      0.180     -0.154      0.137
804.2500      -3931.255    -3956.654       25.399   322.1      0.733     -0.165      0.168     -0.036      0.190      0.323
804.5000      -3930.775    -3956.260       25.485   323.2     -0.130      0.858      0.321      0.385      0.014      0.292
804.7500      -3930.528    -3957.500       26.972   342.1      0.624      1.034     -0.220     -0.104     -0.072      0.250
805.0000      -3930.381    -3956.102       25.721   326.2      0.503      0.618      0.354      0.109     -0.183     -0.011
805.2500      -3930.219    -3955.817       25.598   324.6      0.733      0.736     -0.328      0.077     -0.111      0.103
805.5000      -3930.049    -3955.405       25.355   321.6      0.556      0.892      0.424     -0.003      0.459     -0.072
805.7500      -3930.192    -3956.991       26.800   339.9      0.636      0.495     -0.070      0.000      0.196      0.145
806.0000      -3929.530    -3955.972       26.442   335.4      0.836      0.217      0.220      0.118      0.076     -0.093
806.2500      -3929.430    -3956.315       26.885   341.0      0.444      0.399     -0.048      0.103     -0.128      0.124
806.5000      -3929.551    -3955.758       26.208   332.4      0.964      0.573      0.814     -0.081     -0.182      0.037
806.7500      -3929.363    -3955.979       26.616   337.6      0.730      1.324      0.214      0.289     -0.023     -0.161
807.0000      -3932.275    -3957.740       25.464   323.0      0.580      0.504     -0.405     -0.065     -0.091     -0.055
807.2500      -3933.273    -3958.533       25.260   320.4      0.134     -0.068     -0.232     -0.043     -0.086      0.085
807.5000      -3931.442    -3956.562       25.120   318.6      1.099      0.436      0.513      0.082      0.032      0.193
807.7500      -3931.335    -3956.727       25.392   322.0      0.524      1.064     -0.307     -0.314     -0.038     -0.075
808.0000      -3931.743    -3957.368       25.624   325.0      0.375      0.504     -0.067     -0.177      0.181     -0.013
808.2500      -3932.521    -3957.899       25.378   321.9      0.599      0.609      0.671     -0.149     -0.054     -0.159
808.5000      -3932.158    -3957.546       25.388   322.0      0.639      0.657      0.363      0.221      0.073      0.068
808.7500      -3931.836    -3957.363       25.527   323.7      0.917      1.007      0.458     -0.187     -0.361     -0.146
809.0000      -3931.207    -3957.388       26.181   332.0      0.923      0.488      0.370      0.035      0.006     -0.112
809.2500      -3931.109    -3957.319       26.210   332.4      0.930      0.439      0.551      0.180     -0.023     -0.046
809.5000      -3931.703    -3957.807       26.104   331.1      0.619      0.372     -0.122     -0.238     -0.132      0.171
809.7500      -3930.382    -3955.240       24.858   315.3      0.786      0.613     -0.148     -0.346      0.073     -0.019
810.0000      -3930.373    -3956.700       26.327   333.9      1.198      0.451      0.408     -0.593      0.115      0.125
810.2500      -3929.936    -3956.043       26.107   331.1      1.062      1.430      0.450     -0.188      0.122     -0.078
810.5000      -3929.482    -3955.001       25.518   323.6      0.710      0.635      0.612     -0.051     -0.053     -0.216
810.7500      -3929.627    -3955.674       26.048   330.3      0.923      1.242      0.807      0.074      0.030     -0.005
811.0000      -3930.757    -3957.159       26.402   334.8      0.498      0.591      0.403      0.356     -0.335      0.111
811.2500      -3931.049    -3956.397       25.349   321.5      1.211      1.367      1.124     -0.118     -0.172      0.103
811.5000      -3931.262    -3956.007       24.745   313.8      0.556      0.673      0.450     -0.251     -0.393      0.180
811.7500      -3931.163    -3957.317       26.155   331.7      0.156      0.851      0.312     -0.041     -0.276     -0.223
812.0000      -3929.753    -3955.656       25.903   328.5      0.680      0.814      0.356      0.145     -0.052      0.342
812.2500      -3929.867    -3956.232       26.366   334.4      0.724      0.937      0.689      0.117      0.275      0.105
812.5000      -3929.231    -3956.254       27.023   342.7      0.831      0.839     -0.092      0.160      0.072     -0.014
812.7500      -3929.505    -3955.495       25.990   329.6      0.940      0.725     -0.285      0.010      0.245     -0.041
813.0000      -3930.956    -3957.289       26.334   334.0      0.894      0.742      0.154     -0.174     -0.122      0.124
813.2500      -3930.911    -3956.799       25.888   328.3      0.895      0.952     -0.183     -0.154      0.065      0.089
813.5000      -3932.512    -3958.045       25.533   323.8      0.886      0.517      0.087     -0.164      0.213     -0.188
813.7500      -3932.719    -3958.424       25.706   326.0      0.511      0.894      0.288      0.160     -0.025     -0.101
814.0000      -3931.619    -3955.981       24.362   309.0      0.489      0.796      0.207     -0.188     -0.100      0.050
814.2500      -3929.287    -3957.312       28.025   355.4      0.706      0.836      0.558     -0.152      0.032     -0.370
814.5000      -3931.556    -3955.927       24.371   309.1      0.552      0.168      0.177     -0.213     -0.121     -0.099
814.7500      -3931.265    -3957.080       25.815   327.4      0.706      0.815      0.017      0.149      0.188     -0.057
815.0000      -3930.665    -3956.878       26.213   332.4      0.662      1.123      0.032      0.118      0.273     -0.103
815.2500      -3932.388    -3957.352       24.964   316.6      0.519      0.673     -0.042      0.165      0.364      0.240
815.5000      -3931.005    -3955.913       24.907   315.9      0.504      0.747     -0.025     -0.009      0.039      0.204
815.7500      -3930.833    -3956.729       25.896   328.4      0.479      1.006     -0.086     -0.110      0.354      0.038
816.0000      -3931.286    -3956.547       25.261   320.4      0.635      0.873      0.564     -0.314      0.052     -0.201
816.2500      -3931.984    -3956.318       24.335   308.6      1.152      1.182      0.241     -0.156     -0.056     -0.398
816.5000      -3932.519    -3957.859       25.340   321.4      0.808      1.093      0.412     -0.007      0.184     -0.259
816.7500      -3931.101    -3956.572       25.471   323.0      0.395      0.900      0.360     -0.207     -0.288     -0.065
817.0000      -3932.636    -3957.425       24.789   314.4      0.351      0.733     -0.083      0.270     -0.118     -0.081
817.2500      -3932.290    -3957.308       25.018   317.3      0.721      0.880      0.203      0.265      0.112     -0.142
817.5000      -3933.604    -3958.063       24.459   310.2      0.363      0.668      0.170      0.096      0.051     -0.040
817.7500      -3933.234    -3958.873       25.638   325.2      0.784      0.852      0.113      0.327      0.192      0.080
818.0000      -3929.929    -3956.690       26.760   339.4      0.383      0.577      0.203      0.259      0.264     -0.290
818.2500      -3929.564    -3955.440       25.875   328.2      0.214      0.360     -0.381     -0.125      0.075      0.088
818.5000      -3930.931    -3956.810       25.879   328.2      0.364      0.837      0.233      0.026     -0.065     -0.026
818.7500      -3931.129    -3956.833       25.704   326.0      1.217      1.153      0.738      0.091      0.217     -0.205
819.0000      -3933.418    -3957.512       24.095   305.6      0.847      0.777      0.515      0.121     -0.150     -0.113
819.2500      -3930.141    -3955.972       25.832   327.6      1.047      1.414      0.482      0.305      0.179      0.084
819.5000      -3929.563    -3955.905       26.343   334.1      0.954      0.794      0.158     -0.042      0.272      0.108
819.7500      -3930.724    -3956.572       25.848   327.8      1.070      1.143      0.746     -0.203      0.481     -0.121
820.0000      -3929.355    -3955.486       26.130   331.4      0.654      0.620     -0.051     -0.270      0.247     -0.178
820.2500      -3927.970    -3954.265       26.294   333.5      0.269      0.792     -0.119     -0.309      0.215      0.304
820.5000      -3929.003    -3954.488       25.485   323.2      1.017      1.202      0.359      0.066      0.019      0.019
820.7500      -3927.490    -3955.025       27.535   349.2      0.667      0.810      0.300      0.089      0.145     -0.062
821.0000      -3928.379    -3955.521       27.142   344.2      0.797      0.766      0.002      0.056     -0.282     -0.003
821.2500      -3928.029    -3954.892       26.863   340.7      0.897      0.430      0.501     -0.424     -0.085     -0.012
821.5000      -3929.795    -3955.897       26.102   331.0      0.836      0.931      0.741     -0.498      0.106     -0.108
821.7500      -3930.974    -3957.233       26.258   333.0      0.714      0.393     -0.048     -0.154      0.104     -0.218
822.0000      -3930.769    -3956.536       25.766   326.8      0.755      0.753      0.297      0.124     -0.157     -0.015
822.2500      -3929.786    -3955.600       25.813   327.4      0.623      0.658      0.306      0.256     -0.122     -0.029
822.5000      -3928.683    -3955.381       26.698   338.6      0.729      0.741      0.371     -0.081      0.018      0.003
822.7500      -3928.426    -3956.088       27.662   350.8      0.893      1.260      0.247     -0.095      0.408     -0.123
823.0000      -3928.319    -3955.697       27.378   347.2      0.811      0.367      0.020     -0.220      0.202      0.006
823.2500      -3927.935    -3954.195       26.260   333.0      0.837      0.680     -0.156     -0.067     -0.145     -0.282
823.5000      -3929.240    -3955.360       26.120   331.3      0.246      1.089      0.010     -0.004      0.077     -0.360
823.7500      -3929.163    -3955.635       26.472   335.7      0.433      0.438     -0.057     -0.060      0.010      0.110
824.0000      -3928.639    -3955.713       27.074   343.4      0.969      0.818      0.484      0.055      0.174      0.161
824.2500      -3928.415    -3955.088       26.673   338.3      0.669      1.478      0.760      0.076      0.034      0.220
824.5000      -3925.696    -3954.283       28.587   362.6      0.390      0.797      0.011      0.024     -0.321     -0.008
824.7500      -3926.524    -3953.670       27.146   344.3      0.507      0.458     -0.167     -0.011     -0.171     -0.147
825.0000      -3928.907    -3955.286       26.379   334.6      0.763      0.822      0.430      0.293     -0.286      0.285
825.2500      -3931.444    -3956.783       25.339   321.4      1.068      0.911      0.288      0.094      0.016      0.048
825.5000      -3931.071    -3957.635       26.564   336.9      1.029      1.446      0.807      0.226     -0.078     -0.212
825.7500      -3930.870    -3956.308       25.438   322.6      0.658      0.925      0.263     -0.030     -0.133      0.236
826.0000      -3930.585    -3956.690       26.105   331.1      0.517      0.800      0.044     -0.096     -0.086      0.131
826.2500      -3933.234    -3956.837       23.603   299.3      1.447      1.164      0.574     -0.027      0.146     -0.226
826.5000      -3931.953    -3955.731       23.778   301.6      0.850      0.638     -0.532      0.105      0.101     -0.309
826.7500      -3931.692    -3957.004       25.312   321.0      0.677      1.110     -0.022     -0.072      0.093      0.144
827.0000      -3931.626    -3956.060       24.433   309.9      1.154      0.655      0.722     -0.152      0.082     -0.100
827.2500      -3930.369    -3954.225       23.856   302.6      0.488      0.571      0.131      0.007      0.231     -0.104
827.5000      -3930.950    -3956.011       25.061   317.8      0.544      0.841     -0.257      0.141      0.344     -0.179
827.7500      -3931.903    -3957.500       25.596   324.6      0.609      0.815      0.591      0.263     -0.155     -0.186
828.0000      -3928.883    -3955.331       26.448   335.4      1.007      0.274      0.093      0.040     -0.050      0.050
828.2500      -3927.771    -3954.842       27.071   343.3      1.145      0.811      0.260     -0.103      0.145      0.057
828.5000      -3928.534    -3955.400       26.867   340.7      0.825      1.163     -0.541     -0.019      0.039      0.057
828.7500      -3929.027    -3956.525       27.498   348.7      0.835      0.521      0.038     -0.179     -0.027      0.153
829.0000      -3928.973    -3956.339       27.365   347.1      0.685      0.128      0.630      0.321      0.180     -0.098
829.2500      -3929.961    -3955.769       25.808   327.3      0.239      1.144     -0.251      0.152      0.167     -0.016
829.5000      -3930.753    -3956.370       25.616   324.9      0.734      1.083      0.391      0.468     -0.345     -0.107
829.7500      -3928.949    -3955.337       26.388   334.7      0.398      0.447      0.473      0.126     -0.165     -0.221
830.0000      -3928.796    -3955.396       26.600   337.4      1.107      1.279      0.185     -0.260     -0.413     -0.103
830.2500      -3928.550    -3954.214       25.664   325.5      0.787      0.377     -0.178      0.032     -0.270      0.008
830.5000      -3929.200    -3956.106       26.906   341.2      0.216      0.812      0.735      0.113      0.098     -0.299
830.7500      -3932.033    -3957.307       25.275   320.5      0.347      0.862      0.266      0.240      0.068     -0.261
831.0000      -3933.186    -3958.606       25.420   322.4      0.909      1.072      0.634      0.236      0.230     -0.195
831.2500      -3931.084    -3956.470       25.386   322.0      1.230      0.815      0.234      0.164      0.162     -0.126
831.5000      -3934.522    -3959.245       24.723   313.6      0.632      0.641     -0.320      0.158      0.105      0.034
831.7500      -3935.365    -3958.863       23.498   298.0      1.032      0.545      0.306     -0.081     -0.110     -0.098
832.0000      -3934.580    -3958.949       24.369   309.1      0.339      0.614      0.095      0.013     -0.087     -0.100
832.2500      -3932.654    -3957.438       24.784   314.3      0.555      0.701      0.477     -0.035     -0.157     -0.081
832.5000      -3933.243    -3956.938       23.695   300.5      0.803      1.124      0.630     -0.158     -0.072     -0.112
832.7500      -3932.262    -3957.185       24.923   316.1      0.717      1.198      0.084     -0.336      0.211      0.286
833.0000      -3932.249    -3958.229       25.980   329.5      0.973      0.915      0.345     -0.038      0.022     -0.128
833.2500      -3931.097    -3956.497       25.401   322.1      0.323      0.849      0.088     -0.098      0.112     -0.233
833.5000      -3931.450    -3957.355       25.905   328.5      1.034      1.135      0.577     -0.092     -0.472      0.100
833.7500      -3931.838    -3958.127       26.289   333.4      0.368      0.718     -0.150      0.263     -0.371      0.003
834.0000      -3931.998    -3956.775       24.776   314.2      0.518      0.605     -0.122      0.021     -0.118     -0.020
834.2500      -3932.214    -3957.157       24.944   316.3      1.074      0.981      0.406      0.227     -0.237      0.100
834.5000      -3929.385    -3956.116       26.731   339.0      0.665      0.936      0.975      0.017     -0.155     -0.136
834.7500      -3928.873    -3955.019       26.146   331.6      0.722      1.116      0.140     -0.032     -0.118      0.107
835.0000      -3929.478    -3955.368       25.890   328.4      0.452      0.847      0.003      0.157     -0.036     -0.087
835.2500      -3930.772    -3956.449       25.676   325.6      0.447      0.877     -0.077      0.185      0.020     -0.116
835.5000      -3930.769    -3955.552       24.782   314.3      0.577      0.991     -0.058      0.074      0.104     -0.144
835.7500      -3930.486    -3955.862       25.376   321.8      0.801      1.561      0.577     -0.102      0.250     -0.151
836.0000      -3930.434    -3956.778       26.345   334.1      0.858      0.867     -0.037      0.005     -0.108      0.036
836.2500      -3929.460    -3956.205       26.744   339.2      0.475      0.642     -0.105      0.033     -0.081     -0.071
836.5000      -3929.560    -3955.628       26.067   330.6      1.125      0.569      0.369     -0.010     -0.397     -0.080
836.7500      -3928.597    -3955.990       27.393   347.4      0.598      0.436     -0.148     -0.288     -0.265      0.029
837.0000      -3927.016    -3954.187       27.171   344.6      0.532      1.082      0.604      0.160      0.008     -0.125
837.2500      -3928.596    -3955.385       26.789   339.7      0.326      0.267     -0.148     -0.051     -0.011     -0.091
837.5000      -3929.214    -3954.832       25.617   324.9      0.265      0.682     -0.492      0.021     -0.065     -0.062
837.7500      -3927.369    -3955.233       27.864   353.4      0.277      1.245      0.544      0.151     -0.048     -0.057
838.0000      -3928.058    -3954.428       26.370   334.4      0.886      0.760      0.071      0.302     -0.112     -0.029
838.2500      -3928.786    -3954.106       25.320   321.1      1.101      0.784     -0.054      0.197      0.140      0.018
838.5000      -3929.328    -3955.062       25.734   326.4      0.696      0.786     -0.150     -0.276      0.003      0.170
838.7500      -3929.884    -3955.702       25.818   327.4      0.878      1.273      0.448      0.139     -0.059     -0.101
839.0000      -3928.502    -3955.312       26.810   340.0      0.568      0.863      0.005     -0.252      0.197      0.001
839.2500      -3929.165    -3956.157       26.992   342.3      0.854      1.211      0.690     -0.199      0.234     -0.019
839.5000      -3927.278    -3955.102       27.823   352.9      0.495      0.937      0.482     -0.205     -0.359     -0.071
839.7500      -3926.092    -3954.117       28.026   355.4      1.103      0.588      0.267     -0.009     -0.220     -0.070
840.0000      -3925.505    -3953.420       27.916   354.0      0.492      0.756      0.490      0.031     -0.118      0.107
840.2500      -3928.570    -3955.439       26.869   340.8      0.545      0.630      0.193     -0.024     -0.462     -0.067
840.5000      -3927.939    -3956.254       28.315   359.1      0.535      0.488     -0.074      0.362     -0.069      0.067
840.7500      -3928.712    -3955.194       26.483   335.9      0.825      1.082      0.131     -0.093      0.098     -0.122
841.0000      -3929.561    -3955.502       25.941   329.0      0.901      1.373      0.415      0.024     -0.139      0.060
841.2500      -3930.026    -3956.015       25.989   329.6      0.703      0.932     -0.142     -0.227     -0.156      0.020
841.5000      -3930.411    -3956.351       25.940   329.0      0.624      0.786     -0.328      0.183      0.195     -0.200
841.7500      -3930.044    -3955.780       25.736   326.4      0.928      0.982      1.449     -0.134      0.027      0.033
842.0000      -3929.548    -3955.619       26.071   330.6      0.944      0.956      0.555     -0.004     -0.029      0.222
842.2500      -3932.092    -3956.994       24.902   315.8      0.548      1.029      0.838      0.598      0.008     -0.075
842.5000      -3931.317    -3956.685       25.368   321.7      0.544      0.703      0.476      0.097     -0.026     -0.167
842.7500      -3930.575    -3957.313       26.739   339.1      0.766      0.991      0.386      0.164      0.170     -0.079
843.0000      -3931.002    -3955.580       24.578   311.7      0.999      1.208     -0.035     -0.243      0.385      0.066
843.2500      -3929.761    -3956.379       26.618   337.6      0.918      0.999     -0.626      0.020      0.395     -0.103
843.5000      -3928.947    -3955.611       26.664   338.2      0.666      0.369      0.714     -0.358      0.231      0.048
843.7500      -3927.819    -3954.975       27.156   344.4      0.620      0.861     -0.221      0.093     -0.135     -0.072
844.0000      -3929.126    -3956.443       27.318   346.5      0.153      0.047     -0.394     -0.000      0.154     -0.135
844.2500      -3928.888    -3956.537       27.649   350.7      0.941      1.289      0.421      0.131      0.223      0.119
844.5000      -3929.377    -3954.979       25.602   324.7      0.513      0.684      0.313     -0.147      0.145      0.242
844.7500      -3930.158    -3956.724       26.566   336.9      1.045      0.873      0.154      0.274      0.049      0.097
845.0000      -3931.163    -3956.283       25.120   318.6      1.198      1.433      0.464     -0.027     -0.071      0.048
845.2500      -3929.474    -3956.453       26.979   342.2      0.718      1.191      0.016     -0.080      0.034     -0.191
845.5000      -3931.378    -3956.610       25.232   320.0      1.039      0.881      1.427     -0.224     -0.035     -0.110
845.7500      -3931.427    -3955.975       24.548   311.3      0.259      0.884      0.022      0.029      0.401      0.131
846.0000      -3931.153    -3957.033       25.880   328.2      0.803      0.826      0.166     -0.233      0.207      0.045
846.2500      -3930.894    -3956.646       25.752   326.6      0.984      0.244      0.280      0.054     -0.112     -0.012
846.5000      -3929.371    -3955.906       26.535   336.5      0.266      0.699     -0.161      0.125      0.152      0.108
846.7500      -3931.802    -3957.991       26.189   332.1      0.505      1.233      0.761     -0.201     -0.349      0.162
847.0000      -3932.021    -3956.935       24.914   316.0      0.554      0.979      0.281     -0.140     -0.217      0.435
847.2500      -3930.751    -3956.743       25.992   329.6      0.775      0.656      0.600      0.114     -0.295     -0.166
847.5000      -3929.696    -3954.979       25.283   320.7      0.417      0.425      0.307      0.046      0.107     -0.124
847.7500      -3928.433    -3955.151       26.718   338.9      0.909      1.210      0.145      0.315      0.176     -0.269
848.0000      -3928.887    -3955.546       26.659   338.1      0.314      1.142      0.592      0.103      0.171     -0.010
848.2500      -3927.819    -3954.952       27.133   344.1      0.775      0.647      0.214     -0.032     -0.072     -0.083
848.5000      -3928.642    -3955.362       26.719   338.9      0.868      0.535      0.485     -0.197      0.230     -0.002
848.7500      -3928.220    -3955.359       27.139   344.2      0.300      1.490     -0.194     -0.137      0.034      0.021
849.0000      -3929.220    -3955.283       26.063   330.5      0.942      1.605      0.246     -0.083     -0.043      0.124
849.2500      -3928.268    -3954.701       26.433   335.2      1.030      1.077      0.061     -0.074     -0.091     -0.074
849.5000      -3929.414    -3957.407       27.993   355.0      0.928      1.097      1.093      0.066     -0.026     -0.077
849.7500      -3930.299    -3957.655       27.357   347.0      1.002      1.572      0.307      0.107     -0.082     -0.227
850.0000      -3930.392    -3956.657       26.265   333.1      0.382      0.634      0.356      0.213     -0.119     -0.150
850.2500      -3928.695    -3955.160       26.465   335.6      0.711      1.115      0.971     -0.083      0.377      0.259
850.5000      -3932.407    -3958.304       25.897   328.4      0.680      1.403      0.064      0.095      0.417      0.010
850.7500      -3933.021    -3957.596       24.575   311.7      1.389      0.594      0.195     -0.079     -0.093      0.044
851.0000      -3934.229    -3958.979       24.750   313.9      1.037      1.062      0.366     -0.085     -0.219      0.279
851.2500      -3931.850    -3957.852       26.002   329.8      0.405      0.961      0.077      0.031     -0.115     -0.103
851.5000      -3931.583    -3958.955       27.372   347.1      0.236      0.270     -0.033      0.138     -0.036     -0.068
851.7500      -3933.782    -3959.235       25.453   322.8      1.003      1.093      0.551      0.153      0.096      0.026
852.0000      -3933.451    -3959.111       25.660   325.4      0.401      1.032      0.867      0.370      0.162     -0.063
852.2500      -3933.823    -3958.518       24.695   313.2      0.674      0.531      0.292      0.084      0.152      0.017
852.5000      -3930.822    -3956.436       25.614   324.8      0.437      0.638     -0.337     -0.285     -0.209     -0.089
852.7500      -3930.236    -3957.410       27.174   344.6      1.221      1.709      0.770     -0.310     -0.057      0.161
853.0000      -3930.121    -3957.179       27.058   343.2      0.228      0.901     -0.412     -0.056      0.142      0.144
853.2500      -3931.234    -3957.159       25.925   328.8      0.347      0.831     -0.213      0.082      0.160     -0.040
853.5000      -3930.433    -3957.114       26.682   338.4      0.956      0.797      1.216     -0.018      0.008      0.265
853.7500      -3929.544    -3956.181       26.637   337.8      0.461      0.478      0.109      0.184     -0.127     -0.025
854.0000      -3929.821    -3957.229       27.408   347.6      0.356      1.039      0.246     -0.138     -0.183      0.094
854.2500      -3930.963    -3956.815       25.852   327.9      0.917      0.358      0.152      0.139     -0.067     -0.198
854.5000      -3930.438    -3956.172       25.734   326.4      0.946      0.780      0.515     -0.163      0.070     -0.167
854.7500      -3930.243    -3956.164       25.921   328.7      0.787      0.993      0.034     -0.002      0.042      0.145
855.0000      -3930.276    -3956.590       26.314   333.7      0.824      0.392     -0.150     -0.143      0.084      0.272
855.2500      -3930.824    -3956.212       25.388   322.0      0.587      1.301      0.808      0.106      0.149     -0.012
855.5000      -3931.296    -3957.333       26.037   330.2      0.002      0.611     -0.356      0.013     -0.068      0.009
855.7500      -3929.167    -3956.361       27.194   344.9      0.710      0.819     -0.084      0.143     -0.225     -0.191
856.0000      -3927.461    -3952.496       25.035   317.5      0.775      0.840      0.561     -0.263     -0.032      0.182
856.2500      -3928.451    -3954.868       26.417   335.0      1.032      1.047     -0.055     -0.090     -0.032      0.080
856.5000      -3928.624    -3955.654       27.031   342.8      0.402      0.392      0.642      0.151     -0.070      0.333
856.7500      -3927.262    -3954.959       27.697   351.3      0.779      0.776      0.207      0.425     -0.433     -0.084
857.0000      -3927.660    -3954.065       26.405   334.9      0.268      0.688      0.052      0.394      0.258      0.188
857.2500      -3929.528    -3956.435       26.907   341.2      0.651      0.861      0.534      0.123      0.181      0.079
857.5000      -3929.365    -3955.183       25.817   327.4      0.495      0.858      0.213      0.012      0.235     -0.106
857.7500      -3930.146    -3956.009       25.863   328.0      0.737      0.536     -0.138     -0.111      0.044      0.278
858.0000      -3929.273    -3954.812       25.539   323.9      0.722      0.457      0.271      0.031     -0.268      0.088
858.2500      -3930.414    -3955.048       24.634   312.4      0.579      0.799      0.033      0.134     -0.317     -0.074
858.5000      -3929.331    -3955.242       25.912   328.6      1.237      1.236      0.160      0.036     -0.186     -0.014
858.7500      -3929.741    -3956.162       26.421   335.1      0.734      0.568      0.292     -0.245     -0.006     -0.102
859.0000      -3929.345    -3954.331       24.985   316.9      0.679      0.869      0.594      0.099     -0.118      0.075
859.2500      -3931.202    -3956.693       25.492   323.3      1.104      1.025     -0.028      0.070     -0.000     -0.031
859.5000      -3930.781    -3956.935       26.153   331.7      0.812      0.878      0.695      0.057     -0.083      0.164
859.7500      -3930.638    -3954.970       24.332   308.6      1.033      1.410      0.509      0.132     -0.122      0.082
860.0000      -3929.273    -3955.063       25.790   327.1      0.646      0.567     -0.338     -0.248     -0.156      0.042
860.2500      -3929.565    -3955.401       25.837   327.7      0.668      0.929     -0.043      0.038      0.208      0.129
860.5000      -3927.787    -3955.104       27.317   346.4      0.983      0.803     -0.130     -0.097      0.225     -0.301
860.7500      -3928.417    -3955.021       26.604   337.4      0.488      1.146      0.139     -0.122      0.358      0.285
861.0000      -3926.918    -3953.752       26.834   340.3      1.146      1.091      0.267      0.028     -0.378     -0.171
861.2500      -3927.288    -3954.281       26.993   342.3      0.777      0.549      0.475     -0.283     -0.096      0.211
861.5000      -3929.792    -3954.927       25.135   318.8      0.808      1.136      0.914     -0.107      0.129      0.063
861.7500      -3928.438    -3954.697       26.259   333.0      0.463      1.076      0.306     -0.084     -0.095     -0.172
862.0000      -3928.048    -3953.835       25.788   327.1      0.604      0.769      0.208      0.026      0.299     -0.002
862.2500      -3928.764    -3955.504       26.741   339.1      0.682      1.389      0.176      0.047      0.198      0.144
862.5000      -3930.591    -3955.888       25.297   320.8      1.391      0.645      0.514      0.256     -0.154      0.077
862.7500      -3930.151    -3955.733       25.581   324.4      1.227      0.619      0.680      0.025     -0.106      0.076
863.0000      -3928.813    -3956.344       27.531   349.2      0.580      0.867     -0.104      0.049      0.063      0.125
863.2500      -3928.120    -3955.879       27.759   352.0      0.810      0.631      0.208     -0.001     -0.198      0.341
863.5000      -3929.915    -3954.815       24.900   315.8      0.830      0.853      0.438      0.193      0.082     -0.004
863.7500      -3931.612    -3957.595       25.983   329.5      0.768      0.926      0.106      0.098      0.089      0.207
864.0000      -3929.251    -3955.571       26.320   333.8      0.663      1.749      0.448     -0.052      0.125     -0.041
864.2500      -3928.977    -3956.419       27.442   348.0      0.803      0.556      0.432      0.095      0.267      0.048
864.5000      -3929.575    -3956.274       26.700   338.6      0.550      0.993      0.416      0.385      0.029     -0.197
864.7500      -3932.083    -3957.185       25.102   318.4      0.656      0.962      0.170      0.065     -0.085      0.192
865.0000      -3930.910    -3955.576       24.667   312.8      0.911      0.789      0.715     -0.031     -0.025     -0.022
865.2500      -3929.478    -3955.916       26.438   335.3      0.634      1.049      0.526     -0.199      0.185     -0.071
865.5000      -3929.126    -3956.052       26.927   341.5      0.824      1.079     -0.059     -0.106      0.354      0.186
865.7500      -3929.918    -3955.167       25.249   320.2      0.780      0.173     -0.222      0.145      0.276      0.065
866.0000      -3930.046    -3955.352       25.306   320.9      0.319      0.681      0.456      0.299     -0.098      0.071
866.2500      -3930.253    -3956.166       25.912   328.6      0.693      0.933      0.708      0.032     -0.229     -0.230
866.5000      -3929.855    -3956.292       26.437   335.3      1.011      0.669      0.354      0.277     -0.195     -0.122
866.7500      -3928.525    -3954.093       25.567   324.3      1.295      0.655      0.893     -0.032     -0.272      0.177
867.0000      -3928.069    -3955.278       27.209   345.1      0.526      0.763      0.866     -0.081     -0.103     -0.136
867.2500      -3928.251    -3954.536       26.285   333.4      0.489      1.123      0.548     -0.072     -0.034     -0.071
867.5000      -3928.836    -3954.815       25.978   329.5      1.024      0.148      0.180      0.060     -0.005      0.174
867.7500      -3929.573    -3955.476       25.903   328.5      0.963      0.818      0.473     -0.118      0.249      0.323
868.0000      -3932.247    -3957.667       25.421   322.4      0.803      0.821      0.489     -0.021     -0.154     -0.235
868.2500      -3931.644    -3958.473       26.830   340.3      0.657      0.277      0.147     -0.125     -0.096     -0.049
868.5000      -3929.384    -3956.144       26.760   339.4      0.407      0.970     -0.498      0.004     -0.213     -0.056
868.7500      -3929.881    -3956.946       27.065   343.2     -0.013      0.343      0.021      0.002     -0.107     -0.009
869.0000      -3931.904    -3957.791       25.887   328.3      0.984      1.298      0.759      0.053     -0.095      0.299
869.2500      -3930.994    -3956.509       25.514   323.6      0.476      0.508      0.375     -0.076     -0.177     -0.082
869.5000      -3930.253    -3956.568       26.314   333.7      0.584      0.930      0.337      0.270     -0.147     -0.040
869.7500      -3932.563    -3957.582       25.019   317.3      0.422      1.215     -0.023      0.085     -0.123      0.342
870.0000      -3931.764    -3957.853       26.089   330.9      0.748      1.052     -0.128     -0.006     -0.101      0.110
870.2500      -3929.355    -3955.459       26.104   331.1      0.659      0.851      0.312      0.201     -0.522      0.122
870.5000      -3930.866    -3955.784       24.918   316.0      0.705      1.195     -0.582      0.253     -0.093      0.191
870.7500      -3928.696    -3955.190       26.494   336.0      0.928      1.234     -0.001     -0.008      0.109      0.192
871.0000      -3928.821    -3955.856       27.035   342.9      0.302      0.880      0.023      0.138      0.027      0.124
871.2500      -3930.842    -3955.107       24.265   307.7      0.715      0.633      0.237      0.289     -0.005     -0.010
871.5000      -3929.148    -3956.056       26.907   341.3      0.830      0.819      0.200      0.081     -0.036      0.228
871.7500      -3931.456    -3956.533       25.077   318.0      0.952      0.941      0.768      0.108      0.414     -0.179
872.0000      -3930.829    -3956.462       25.633   325.1      0.946      1.202      0.326      0.107      0.064      0.090
872.2500      -3930.937    -3956.766       25.829   327.6      0.104      0.789      0.016      0.294     -0.333     -0.134
872.5000      -3930.768    -3956.961       26.192   332.2      0.530      1.195      0.433      0.344     -0.235     -0.247
872.7500      -3929.322    -3956.418       27.097   343.7      1.002      1.135      0.453      0.081     -0.117      0.014
873.0000      -3931.721    -3957.733       26.011   329.9      0.874      1.184      0.545      0.087      0.364     -0.137
873.2500      -3929.560    -3956.270       26.710   338.8      0.852      1.214      0.602     -0.508      0.130     -0.256
873.5000      -3930.817    -3957.461       26.644   337.9      0.828      0.981      0.541     -0.250      0.153     -0.160
873.7500      -3930.696    -3956.818       26.123   331.3      0.893      0.870      0.317     -0.174     -0.013     -0.058
874.0000      -3931.278    -3958.167       26.889   341.0      0.564      0.636     -0.171      0.318     -0.111     -0.113
874.2500      -3928.119    -3955.111       26.993   342.3      0.965      0.969     -0.188      0.153     -0.180      0.316
874.5000      -3929.462    -3954.771       25.309   321.0      1.438      1.069      0.577     -0.521     -0.080     -0.126
874.7500      -3931.733    -3955.960       24.227   307.3      1.266      1.128      0.764      0.112     -0.383     -0.021
875.0000      -3930.200    -3957.549       27.348   346.8      0.954      1.202      0.591     -0.247      0.038     -0.004
875.2500      -3931.350    -3957.417       26.066   330.6      0.354      0.629      0.186     -0.305     -0.067      0.048
875.5000      -3931.388    -3957.587       26.199   332.3      0.690      0.750      0.401     -0.070      0.026     -0.008
875.7500      -3932.181    -3956.842       24.661   312.8      0.101      0.654      0.118     -0.021      0.205     -0.080
876.0000      -3931.231    -3957.240       26.009   329.9      1.017      1.188      0.481      0.123     -0.027      0.187
876.2500      -3930.999    -3957.899       26.901   341.2      0.992      1.129      0.609      0.061     -0.134      0.115
876.5000      -3931.619    -3958.044       26.425   335.1      0.675      0.958      0.127     -0.035     -0.044     -0.124
876.7500      -3931.164    -3957.201       26.037   330.2      1.135      1.337      0.873      0.179      0.021      0.055
877.0000      -3930.531    -3957.073       26.542   336.6      0.515      0.905      0.141      0.265     -0.289     -0.275
877.2500      -3931.513    -3957.848       26.335   334.0      1.094      1.653      0.393      0.180      0.030      0.183
877.5000      -3933.183    -3957.944       24.762   314.0      0.927      1.108      0.505     -0.050     -0.423      0.034
877.7500      -3933.295    -3957.166       23.871   302.7      0.698      0.741     -0.196      0.078     -0.174     -0.296
878.0000      -3932.106    -3958.483       26.377   334.5      0.756      1.201      0.715      0.022     -0.301      0.208
878.2500      -3932.346    -3957.945       25.599   324.7      0.410      0.937      0.083     -0.014     -0.118     -0.059
878.5000      -3931.745    -3957.665       25.920   328.7      0.730      1.307     -0.176      0.285     -0.060      0.006
878.7500      -3930.215    -3955.280       25.065   317.9      0.650      1.349     -0.021      0.188      0.130     -0.204
879.0000      -3931.784    -3957.825       26.040   330.3      1.173      0.903      0.325      0.079     -0.126      0.179
879.2500      -3931.189    -3957.129       25.940   329.0      0.523      0.847      0.084     -0.113     -0.055     -0.097
879.5000      -3931.496    -3956.893       25.396   322.1      0.529      0.501     -0.040      0.279     -0.074     -0.134
879.7500      -3931.429    -3957.632       26.204   332.3      1.249      1.101      0.576     -0.038     -0.164     -0.335
880.0000      -3931.676    -3957.740       26.063   330.6      0.710      1.071      0.586      0.188     -0.117      0.083
880.2500      -3931.869    -3957.119       25.250   320.2      1.038      0.778      0.142     -0.328      0.223      0.154
880.5000      -3932.859    -3958.688       25.829   327.6      1.694      0.933      0.404     -0.277     -0.171     -0.403
880.7500      -3933.947    -3958.487       24.540   311.2      0.539      1.416      0.679     -0.255     -0.027     -0.148
881.0000      -3932.864    -3957.855       24.992   317.0      0.864      0.872      0.070     -0.207     -0.242     -0.018
881.2500      -3930.670    -3956.675       26.005   329.8      0.993      0.678      0.344      0.109     -0.062      0.183
881.5000      -3932.097    -3957.516       25.419   322.4      0.770      1.009      0.469     -0.036      0.332      0.162
881.7500      -3931.404    -3956.624       25.220   319.9      0.961      1.087     -0.022      0.305      0.038     -0.159
882.0000      -3933.274    -3957.859       24.585   311.8      1.073      1.213      0.601      0.059      0.118     -0.219
882.2500      -3932.998    -3958.072       25.073   318.0      0.843      0.613      0.349     -0.231      0.148     -0.270
882.5000      -3931.966    -3957.839       25.872   328.1      1.045      0.914      0.303     -0.081     -0.014      0.019
882.7500      -3930.747    -3956.926       26.179   332.0      0.560      0.815      0.604     -0.323      0.072      0.018
883.0000      -3929.963    -3955.897       25.934   328.9      0.857      1.224      0.171      0.025     -0.091      0.034
883.2500      -3930.299    -3956.143       25.844   327.8      0.523      0.723      0.478     -0.038     -0.495     -0.024
883.5000      -3929.596    -3956.635       27.038   342.9      0.459      0.154      0.305      0.052     -0.116      0.214
883.7500      -3930.908    -3956.370       25.462   322.9      0.680      1.302      0.884     -0.050     -0.068      0.260
884.0000      -3930.736    -3957.577       26.841   340.4      0.211      0.525     -0.019      0.227      0.208      0.013
884.2500      -3929.143    -3955.974       26.831   340.3      0.640      0.972      0.394     -0.011      0.230      0.146
884.5000      -3929.323    -3956.268       26.945   341.7      0.635      0.935      0.455      0.339      0.412     -0.014
884.7500      -3929.050    -3955.847       26.797   339.9      0.202      0.235      0.379      0.203      0.121     -0.124
885.0000      -3929.824    -3955.689       25.865   328.0      1.178      0.858      0.567      0.333     -0.087      0.197
885.2500      -3930.328    -3956.032       25.704   326.0      0.462      0.525      0.369      0.002     -0.348      0.138
885.5000      -3932.114    -3958.394       26.280   333.3      1.014      0.920      0.885     -0.186     -0.006     -0.099
885.7500      -3931.101    -3957.675       26.573   337.0      0.660      1.022      0.026      0.154     -0.326     -0.041
886.0000      -3930.242    -3956.850       26.608   337.5      0.545      0.781      0.165     -0.110     -0.249     -0.010
886.2500      -3930.544    -3956.577       26.032   330.2      1.360      1.260      0.730      0.144      0.221      0.050
886.5000      -3931.153    -3956.301       25.148   318.9      0.331      1.375     -0.135      0.224      0.179     -0.128
886.7500      -3930.987    -3957.787       26.800   339.9      1.115      0.940      0.496      0.028      0.134     -0.082
887.0000      -3929.568    -3957.032       27.464   348.3      1.152      0.807      0.268     -0.117     -0.130     -0.147
887.2500      -3929.085    -3956.990       27.905   353.9      0.647      0.849     -0.007     -0.035     -0.228     -0.095
887.5000      -3931.152    -3957.291       26.139   331.5      0.821      1.199      0.241     -0.129      0.059     -0.029
887.7500      -3931.353    -3958.043       26.690   338.5      0.766      0.639      0.290     -0.047      0.185     -0.431
888.0000      -3932.144    -3957.860       25.716   326.1      1.103      0.663      0.320     -0.095      0.068      0.097
888.2500      -3931.384    -3956.124       24.740   313.8      0.664      0.828      0.137     -0.257     -0.178      0.093
888.5000      -3930.842    -3956.979       26.137   331.5      0.827      0.196      0.306     -0.233      0.190      0.210
888.7500      -3931.612    -3957.596       25.984   329.5      0.639      1.310      0.787     -0.178      0.454     -0.148
889.0000      -3931.581    -3956.905       25.324   321.2      0.806      1.295      0.288      0.126      0.245      0.164
889.2500      -3933.401    -3958.601       25.200   319.6      0.569      1.588      0.469      0.108      0.238     -0.137
889.5000      -3931.845    -3957.938       26.093   330.9      1.168      1.418      0.971      0.228     -0.065      0.125
889.7500      -3933.305    -3959.148       25.843   327.8      1.280      1.215      0.656      0.046     -0.029      0.087
890.0000      -3930.883    -3956.962       26.078   330.7      0.407      0.517     -0.249      0.125     -0.165     -0.132
890.2500      -3931.620    -3957.949       26.329   333.9      1.057      1.379      0.122     -0.144     -0.059      0.269
890.5000      -3931.859    -3957.650       25.791   327.1      0.847      1.330      0.531     -0.172     -0.017     -0.304
890.7500      -3932.533    -3957.790       25.257   320.3      1.261      0.925      0.584     -0.202     -0.152     -0.188
891.0000      -3932.543    -3958.871       26.328   333.9      0.612      1.164     -0.282      0.093     -0.050      0.003
891.2500      -3930.255    -3956.542       26.287   333.4      0.873      1.077      0.273     -0.047      0.060     -0.065
891.5000      -3931.018    -3957.197       26.179   332.0      0.467      0.424     -0.274     -0.096     -0.092      0.056
891.7500      -3931.259    -3957.181       25.921   328.7      0.694      0.879      0.045     -0.086     -0.117      0.074
892.0000      -3931.024    -3956.643       25.619   324.9      0.953      0.672      0.044      0.097     -0.246     -0.038
892.2500      -3930.372    -3956.813       26.441   335.3      0.115      1.006      0.677     -0.081      0.285     -0.370
892.5000      -3931.097    -3956.278       25.181   319.4      0.654      0.986      0.688     -0.284      0.125      0.225
892.7500      -3932.093    -3956.130       24.037   304.9      0.388      0.746      0.445     -0.085      0.263     -0.020
893.0000      -3932.175    -3955.942       23.767   301.4      0.681      1.063      0.782      0.005      0.034     -0.137
893.2500      -3930.687    -3957.594       26.907   341.2      0.636      0.945      0.424      0.125      0.092     -0.194
893.5000      -3930.592    -3956.222       25.630   325.0      1.184      1.372      0.356     -0.228      0.044     -0.379
893.7500      -3930.808    -3956.976       26.169   331.9      1.271      1.135      0.252     -0.040      0.291     -0.126
894.0000      -3931.074    -3956.954       25.880   328.2      0.767      1.046      0.091     -0.091      0.017     -0.062
894.2500      -3931.004    -3956.311       25.307   321.0      0.777      1.288      0.944      0.183      0.088      0.021
894.5000      -3932.536    -3956.897       24.362   309.0      0.248      0.587      0.390      0.084     -0.113     -0.014
894.7500      -3933.004    -3958.387       25.384   321.9      0.327      0.650      0.774      0.029      0.617     -0.220
895.0000      -3933.021    -3959.695       26.673   338.3      0.605      0.863      0.124     -0.596      0.040     -0.099
895.2500      -3933.007    -3958.214       25.208   319.7      0.649      1.209      0.559     -0.288      0.122      0.097
895.5000      -3932.380    -3958.491       26.111   331.2      1.025      0.859      0.088     -0.020      0.014      0.213
895.7500      -3932.413    -3959.162       26.749   339.2      0.924      0.167      0.512      0.300      0.051     -0.182
896.0000      -3932.517    -3957.468       24.951   316.4      0.432      1.043      0.398     -0.102     -0.406     -0.040
896.2500      -3931.613    -3957.183       25.569   324.3      0.653      0.983     -0.015      0.048      0.135      0.077
896.5000      -3930.571    -3956.877       26.306   333.6      1.345      0.684      0.273     -0.232     -0.403      0.247
896.7500      -3928.906    -3956.306       27.400   347.5      0.619      1.010      0.098     -0.003     -0.077     -0.154
897.0000      -3929.887    -3957.615       27.728   351.7      0.691      0.691      0.614      0.046     -0.143      0.042
897.2500      -3929.788    -3955.732       25.944   329.0      1.119      0.753      0.464      0.110      0.102      0.041
897.5000      -3931.054    -3957.278       26.224   332.6      0.751      1.420      0.250     -0.086      0.279      0.120
897.7500      -3931.208    -3956.092       24.884   315.6      0.728      0.358      0.204     -0.240      0.165      0.146
898.0000      -3932.665    -3958.428       25.764   326.7      0.444      0.284     -0.081     -0.064     -0.344     -0.361
898.2500      -3931.238    -3957.251       26.013   329.9      1.039      0.983      0.510     -0.262     -0.131     -0.001
898.5000      -3929.370    -3956.177       26.807   340.0      1.019      0.577      0.863      0.300     -0.305      0.117
898.7500      -3929.165    -3954.872       25.707   326.0      0.130      0.527      0.336      0.087     -0.023     -0.225
899.0000      -3929.672    -3955.809       26.137   331.5      0.657      1.727      0.808     -0.040     -0.037      0.118
899.2500      -3930.873    -3956.271       25.398   322.1      0.491      0.606      0.642     -0.082     -0.131      0.288
899.5000      -3931.438    -3956.315       24.878   315.5      0.302      0.448      0.334     -0.043      0.047     -0.090
899.7500      -3929.578    -3956.211       26.633   337.8      0.855      1.125      0.885      0.070      0.055     -0.042
900.0000      -3929.494    -3956.607       27.113   343.9      0.539      0.313      0.358      0.246      0.156      0.293
900.2500      -3929.204    -3955.738       26.534   336.5      0.569      1.009      0.079      0.151     -0.298     -0.087
900.5000      -3930.685    -3957.139       26.454   335.5      0.940      0.530      0.548      0.484     -0.356      0.092
900.7500      -3931.193    -3957.031       25.838   327.7      1.109      0.445      0.141     -0.098     -0.121      0.084
901.0000      -3932.094    -3955.901       23.806   301.9      0.695      0.998      0.348     -0.114      0.166     -0.250
901.2500      -3931.788    -3958.108       26.320   333.8      0.912      1.018      0.526     -0.101      0.034     -0.237
901.5000      -3931.637    -3957.545       25.908   328.6      0.679      1.110      0.068      0.307      0.208     -0.163
901.7500      -3929.673    -3957.089       27.416   347.7      0.716      0.927      0.058      0.386      0.137      0.063
902.0000      -3930.477    -3956.788       26.311   333.7      0.407      0.549      0.375      0.086      0.088     -0.299
902.2500      -3931.174    -3957.408       26.234   332.7      0.881      0.874      0.366     -0.290     -0.266     -0.076
902.5000      -3931.823    -3958.613       26.790   339.8      0.458      0.590      0.121      0.112     -0.200      0.046
902.7500      -3932.280    -3958.612       26.331   333.9      0.144      0.415      0.445      0.007     -0.156     -0.240
903.0000      -3932.800    -3957.733       24.933   316.2      0.889      1.512      0.475     -0.165     -0.074      0.040
903.2500      -3933.289    -3957.389       24.099   305.6      0.857      0.732      0.395      0.288     -0.033     -0.015
903.5000      -3932.110    -3957.424       25.314   321.1      0.604      0.365      0.428     -0.008     -0.237      0.049
903.7500      -3932.228    -3956.974       24.746   313.8      0.718      0.669      0.340     -0.081      0.031      0.032
904.0000      -3931.249    -3957.527       26.277   333.3      0.849      0.482      0.195     -0.023      0.226      0.154
904.2500      -3929.697    -3955.510       25.813   327.4      1.046      0.556      0.083     -0.316     -0.028     -0.047
904.5000      -3930.250    -3958.322       28.073   356.0      1.115      1.119      0.397     -0.091      0.114     -0.120
904.7500      -3931.433    -3957.253       25.820   327.5      0.288      0.560      0.110      0.084      0.072     -0.161
905.0000      -3931.033    -3957.985       26.951   341.8      1.131      1.016      0.213      0.031      0.205     -0.004
905.2500      -3929.646    -3955.974       26.329   333.9      0.920      0.421      0.120      0.225      0.116      0.058
905.5000      -3930.151    -3956.621       26.470   335.7      1.028      0.833      0.608     -0.114      0.174      0.090
905.7500      -3929.975    -3956.692       26.717   338.8      0.947      0.822      1.117     -0.044      0.232      0.176
906.0000      -3930.816    -3956.991       26.175   332.0      0.981      0.506      0.337     -0.005      0.169     -0.070
906.2500      -3931.728    -3958.286       26.558   336.8      0.597      0.558      0.338     -0.217      0.026     -0.017
906.5000      -3932.324    -3957.806       25.482   323.2      0.615      0.607      0.162     -0.028      0.218     -0.134
906.7500      -3930.714    -3957.180       26.466   335.6      0.613      1.217      0.553     -0.119     -0.142      0.141
907.0000      -3929.947    -3957.970       28.023   355.4      0.749      0.964      0.440     -0.123      0.009      0.283
907.2500      -3930.527    -3956.852       26.325   333.9      0.931      1.497      0.230     -0.114      0.129      0.110
907.5000      -3931.136    -3957.725       26.588   337.2      0.225      1.032      0.440     -0.354      0.006      0.224
907.7500      -3931.027    -3956.483       25.456   322.8     -0.131      0.597      0.417      0.112      0.068     -0.034
908.0000      -3931.883    -3956.828       24.944   316.4      0.894      0.726      0.373      0.241      0.093      0.004
908.2500      -3930.496    -3956.794       26.299   333.5      0.426      0.543     -0.275     -0.011      0.023     -0.105
908.5000      -3929.962    -3955.150       25.188   319.5      1.181      1.085      0.803     -0.059      0.171      0.040
908.7500      -3929.887    -3956.910       27.023   342.7      0.519      1.368     -0.196     -0.040      0.296      0.155
909.0000      -3930.592    -3956.805       26.213   332.4      0.332      0.744     -0.441      0.289      0.288      0.215
909.2500      -3930.468    -3957.434       26.966   342.0      0.650      0.641      0.559      0.226     -0.249      0.157
909.5000      -3931.983    -3958.341       26.358   334.3      0.704      0.576      0.606      0.143      0.278     -0.217
909.7500      -3933.116    -3959.389       26.274   333.2      0.507      0.532     -0.152      0.198     -0.197      0.181
910.0000      -3932.535    -3958.176       25.640   325.2      0.548      0.825     -0.017     -0.174      0.207     -0.005
910.2500      -3931.644    -3958.863       27.219   345.2      0.765      0.632      0.450     -0.006      0.294     -0.268
910.5000      -3930.237    -3957.140       26.903   341.2      0.864      0.550      0.210      0.040     -0.007      0.054
910.7500      -3931.787    -3958.980       27.194   344.9      0.576      0.337     -0.143      0.028      0.192      0.214
911.0000      -3931.512    -3957.988       26.476   335.8      0.311      1.142     -0.285      0.183     -0.134      0.193
911.2500      -3931.349    -3957.208       25.859   328.0      1.065      1.256      0.476      0.229      0.042     -0.091
911.5000      -3930.290    -3957.181       26.891   341.0      0.934      0.519      0.410      0.207     -0.005      0.154
911.7500      -3929.772    -3956.595       26.824   340.2      0.491      0.461     -0.363      0.154      0.089      0.044
912.0000      -3931.464    -3957.759       26.294   333.5      0.732      0.537      0.014      0.119      0.161     -0.063
912.2500      -3932.160    -3958.096       25.936   328.9      0.391      0.755      0.358     -0.119      0.198     -0.171
912.5000      -3930.451    -3956.623       26.172   331.9      0.396      0.848      0.577     -0.082      0.072     -0.014
912.7500      -3930.625    -3955.738       25.113   318.5      0.701      0.527      0.891      0.014      0.387     -0.083
913.0000      -3929.597    -3956.718       27.121   344.0      0.502      0.968     -0.012     -0.059      0.216      0.015
913.2500      -3929.267    -3955.926       26.659   338.1      0.823      0.760      0.732      0.007      0.111      0.212
913.5000      -3930.600    -3958.002       27.402   347.5      0.732      0.548      0.422      0.122     -0.006     -0.136
913.7500      -3930.618    -3957.484       26.865   340.7      0.846      0.724     -0.412      0.274      0.219     -0.227
914.0000      -3931.854    -3958.953       27.099   343.7      0.805      1.169      0.806      0.035      0.217     -0.096
914.2500      -3932.394    -3958.026       25.633   325.1      1.021      1.088      0.052     -0.002     -0.334      0.149
914.5000      -3931.595    -3958.356       26.761   339.4      0.498      0.946      0.178      0.010     -0.052      0.077
914.7500      -3931.767    -3958.103       26.336   334.0      0.713      0.750      0.196     -0.122      0.230      0.144
915.0000      -3930.746    -3957.622       26.876   340.9      0.349      0.874      0.058     -0.028      0.068     -0.056
915.2500      -3930.946    -3955.956       25.010   317.2      0.630      1.117      0.480      0.159      0.116     -0.159
915.5000      -3931.970    -3958.920       26.950   341.8      0.265      0.695      0.432      0.037     -0.092     -0.046
915.7500      -3930.308    -3956.955       26.647   338.0      0.642      0.486      0.606      0.019     -0.122      0.049
916.0000      -3930.848    -3956.969       26.121   331.3      1.104      0.573      0.605     -0.108     -0.234      0.025
916.2500      -3931.721    -3957.656       25.935   328.9      0.630      0.659     -0.023      0.376     -0.180     -0.010
916.5000      -3931.576    -3958.292       26.716   338.8      0.447      1.130      0.354      0.305      0.070      0.063
916.7500      -3931.317    -3957.819       26.502   336.1      0.830      1.012      0.761      0.070      0.476      0.054
917.0000      -3931.390    -3957.603       26.213   332.4      0.579      0.811      0.093     -0.216      0.022      0.103
917.2500      -3931.693    -3958.011       26.318   333.8      1.003      0.995      0.844      0.273      0.322     -0.241
917.5000      -3931.285    -3956.905       25.620   324.9      0.403      0.877      0.571      0.126      0.052     -0.075
917.7500      -3931.689    -3960.112       28.423   360.5      0.162      0.713      0.459      0.037      0.002     -0.092
918.0000      -3931.886    -3958.597       26.711   338.8      0.628      0.933      0.189      0.047     -0.439      0.069
918.2500      -3931.267    -3958.512       27.245   345.5      0.929      0.964      0.502     -0.150     -0.402     -0.085
918.5000      -3933.156    -3958.461       25.305   320.9      1.022      1.031      0.724      0.131      0.064     -0.059
918.7500      -3931.361    -3957.013       25.652   325.3      0.929      0.871     -0.066     -0.346      0.053     -0.054
919.0000      -3930.887    -3957.880       26.993   342.3      0.562      0.710      0.189      0.039      0.270      0.227
919.2500      -3931.585    -3957.214       25.630   325.1      0.610      0.840      0.188      0.062      0.312     -0.011
919.5000      -3931.916    -3958.876       26.960   341.9      0.680      1.115      0.274      0.089     -0.113      0.054
919.7500      -3931.991    -3957.883       25.893   328.4      1.124      1.017      0.025     -0.285      0.013     -0.055
920.0000      -3930.339    -3957.204       26.865   340.7      0.153      1.258      0.068      0.128     -0.196     -0.097
920.2500      -3930.641    -3957.075       26.434   335.3      0.355      0.839     -0.772      0.214      0.343     -0.313
920.5000      -3931.870    -3957.575       25.705   326.0      1.121      1.225      0.489     -0.120      0.126     -0.174
920.7500      -3931.981    -3958.072       26.092   330.9      0.806      0.821      0.177     -0.092     -0.205     -0.123
921.0000      -3930.922    -3957.375       26.452   335.5      0.642      0.961      0.722      0.014     -0.174      0.290
921.2500      -3930.892    -3958.958       28.066   355.9      0.379      0.697      0.483      0.034     -0.224      0.233
921.5000      -3931.111    -3958.652       27.541   349.3      0.740      0.796      0.639      0.090     -0.054     -0.007
921.7500      -3931.202    -3957.294       26.093   330.9      0.806      0.726      0.306     -0.043     -0.209     -0.021
922.0000      -3932.189    -3958.067       25.878   328.2      0.431      0.910      0.115      0.046     -0.106     -0.105
922.2500      -3931.998    -3957.761       25.762   326.7      1.228      0.745      0.158      0.102      0.101     -0.035
922.5000      -3932.073    -3957.795       25.723   326.2      0.840      1.135      0.099     -0.018     -0.045     -0.031
922.7500      -3933.485    -3958.187       24.702   313.3      0.345      0.561      0.175      0.197      0.006      0.087
923.0000      -3934.667    -3958.912       24.245   307.5      0.551      0.947     -0.035      0.153     -0.187      0.067
923.2500      -3932.613    -3957.891       25.278   320.6      0.828      0.956      0.041     -0.232      0.126      0.166
923.5000      -3932.925    -3957.886       24.961   316.6      0.661      1.116      0.438     -0.157      0.372     -0.232
923.7500      -3934.286    -3958.906       24.620   312.2      1.141      1.449      0.407      0.138      0.344     -0.196
924.0000      -3932.968    -3959.354       26.386   334.6      0.300      0.824     -0.445     -0.099      0.075     -0.064
924.2500      -3933.345    -3958.836       25.492   323.3      0.906      0.763      0.685     -0.130      0.092      0.084
924.5000      -3932.450    -3958.390       25.940   329.0      0.186      0.731     -0.275      0.141     -0.235     -0.134
924.7500      -3932.025    -3958.455       26.429   335.2      0.360      1.187      0.670     -0.068      0.110      0.169
925.0000      -3933.817    -3959.207       25.389   322.0      0.799      0.643      0.237      0.110     -0.336      0.116
925.2500      -3933.054    -3959.090       26.036   330.2      0.740      0.568      0.148     -0.043     -0.152      0.039
925.5000      -3931.446    -3958.291       26.845   340.5      0.598      0.912      0.236     -0.104     -0.081      0.032
925.7500      -3932.334    -3957.643       25.309   321.0      0.900      0.616     -0.282      0.110     -0.211     -0.092
926.0000      -3933.476    -3959.081       25.605   324.7      1.295      1.017      0.599     -0.025      0.134      0.079
926.2500      -3931.433    -3957.835       26.403   334.9      0.769      0.736      0.208      0.142      0.080      0.289
926.5000      -3931.173    -3957.529       26.356   334.3      0.916      1.073      0.414      0.076      0.061     -0.311
926.7500      -3931.929    -3957.799       25.870   328.1      0.635      0.722     -0.234     -0.254     -0.118     -0.411
927.0000      -3930.813    -3957.112       26.300   333.5      0.819      1.033      0.047     -0.134      0.227     -0.018
927.2500      -3930.259    -3956.732       26.473   335.7      1.024      1.295      0.503      0.045     -0.088      0.076
927.5000      -3930.743    -3956.553       25.810   327.3      0.455      0.615      0.278     -0.340     -0.109      0.033
927.7500      -3932.153    -3957.424       25.270   320.5      0.997      0.983      0.581     -0.191     -0.183      0.334
928.0000      -3930.893    -3956.223       25.330   321.3      0.389      0.682     -0.081     -0.104     -0.158      0.194
928.2500      -3929.867    -3957.303       27.435   347.9      0.593      1.226      0.312     -0.009     -0.005      0.079
928.5000      -3929.176    -3956.413       27.237   345.4      1.196      1.230      0.704      0.132     -0.205     -0.007
928.7500      -3931.158    -3956.550       25.393   322.0      1.086      0.875      0.037      0.030     -0.145      0.068
929.0000      -3931.251    -3957.310       26.059   330.5      0.823      1.091      0.341      0.065     -0.144      0.086
929.2500      -3928.998    -3956.229       27.230   345.4      0.481      0.970      0.092      0.066     -0.608      0.252
929.5000      -3926.516    -3953.948       27.433   347.9      1.047      0.976      0.897     -0.351     -0.020      0.077
929.7500      -3927.805    -3955.964       28.159   357.1      0.422      0.907      0.445     -0.232     -0.177      0.079
930.0000      -3929.883    -3956.376       26.493   336.0      0.872      0.420      0.187      0.024     -0.259      0.067
930.2500      -3930.689    -3958.028       27.339   346.7      1.124      1.137      0.257      0.087      0.052      0.116
930.5000      -3928.369    -3955.781       27.412   347.7      0.645      0.979      0.608     -0.502     -0.028      0.074
930.7500      -3928.511    -3954.177       25.666   325.5      0.661      1.501      0.123     -0.303      0.055     -0.124
931.0000      -3929.356    -3956.095       26.739   339.1      0.709      0.984      0.465      0.067      0.166     -0.125
931.2500      -3931.374    -3957.843       26.469   335.7      0.755      0.938      0.726     -0.180      0.039     -0.183
931.5000      -3930.704    -3958.641       27.936   354.3      0.645      1.109      0.351     -0.130      0.248     -0.191
931.7500      -3930.101    -3956.761       26.660   338.1      0.346      0.745      0.203     -0.061      0.074      0.152
932.0000      -3929.394    -3955.367       25.972   329.4      0.573      0.956      0.329     -0.215     -0.236     -0.026
932.2500      -3928.852    -3955.037       26.184   332.1      0.832      0.507      0.280     -0.154     -0.335     -0.049
932.5000      -3929.368    -3955.748       26.379   334.6      0.452      0.834      0.265     -0.049      0.162     -0.032
932.7500      -3930.394    -3956.671       26.276   333.3      0.798      0.481      0.391      0.365      0.085      0.228
933.0000      -3931.615    -3957.818       26.203   332.3      0.865      0.473      0.889     -0.018     -0.129      0.214
933.2500      -3934.079    -3958.650       24.572   311.6      0.838      1.042      0.416      0.153     -0.136      0.146
933.5000      -3932.323    -3958.020       25.697   325.9      1.132      1.076      0.293     -0.027     -0.298      0.019
933.7500      -3932.755    -3958.094       25.339   321.4      0.889      1.141      0.399      0.085      0.046      0.078
934.0000      -3931.689    -3957.733       26.044   330.3      0.687      0.982      0.730     -0.090      0.175      0.196
934.2500      -3932.135    -3957.481       25.346   321.5      0.700      1.246      0.408     -0.189      0.248      0.043
934.5000      -3932.734    -3958.059       25.325   321.2      0.673      0.610      0.697      0.052      0.298      0.087
934.7500      -3930.708    -3957.333       26.626   337.7      0.855      0.790      0.124     -0.328      0.014      0.023
935.0000      -3929.439    -3956.254       26.816   340.1      0.897      0.867      0.489     -0.177     -0.380     -0.007
935.2500      -3930.973    -3957.359       26.386   334.6      1.196      1.381      0.739      0.037      0.093     -0.198
935.5000      -3930.506    -3956.222       25.715   326.1      0.442      0.726      0.156     -0.035      0.207      0.189
935.7500      -3931.592    -3956.427       24.835   315.0      0.696      0.733      0.127     -0.307     -0.052      0.058
936.0000      -3929.764    -3955.544       25.780   327.0      0.931      1.425      0.516      0.020      0.068      0.088
936.2500      -3929.987    -3956.362       26.374   334.5      0.649      0.955      0.529     -0.036     -0.116     -0.100
936.5000      -3930.700    -3956.926       26.226   332.6      0.987      0.470      0.687     -0.071     -0.160     -0.393
936.7500      -3930.143    -3956.573       26.430   335.2      0.494      0.713     -0.085      0.008     -0.230      0.101
937.0000      -3930.852    -3957.859       27.007   342.5      0.788      1.095      0.790     -0.151     -0.209      0.267
937.2500      -3929.877    -3956.519       26.641   337.9      0.703      0.502     -0.177     -0.020      0.004      0.002
937.5000      -3930.462    -3957.123       26.661   338.1      0.755      0.498      0.196     -0.094     -0.193      0.108
937.7500      -3930.783    -3955.674       24.891   315.7      0.840      0.806     -0.237     -0.169      0.115     -0.050
938.0000      -3930.543    -3957.984       27.441   348.0      1.066      0.810     -0.040      0.016      0.531     -0.067
938.2500      -3929.674    -3955.470       25.796   327.2      0.976      0.985      0.272     -0.199     -0.002     -0.065
938.5000      -3930.896    -3956.078       25.182   319.4      0.528      0.460      0.588      0.471      0.190      0.091
938.7500      -3930.060    -3956.410       26.350   334.2     -0.044      0.695      0.151      0.139     -0.436      0.089
939.0000      -3930.650    -3955.994       25.344   321.4      0.918      0.920      0.334     -0.234     -0.130     -0.021
939.2500      -3932.126    -3957.492       25.366   321.7      0.517      1.197     -0.015     -0.033     -0.178      0.228
939.5000      -3932.522    -3957.305       24.782   314.3      0.905      0.878      0.940     -0.075     -0.056     -0.034
939.7500      -3932.347    -3958.024       25.678   325.7      0.831      1.283      0.644      0.018     -0.212      0.009
940.0000      -3932.713    -3957.938       25.225   319.9      0.806      0.572     -0.021      0.117      0.165     -0.160
940.2500      -3933.555    -3958.407       24.852   315.2      0.887      0.516      0.022      0.656      0.080     -0.176
940.5000      -3932.284    -3958.230       25.946   329.1      0.288      0.789      0.633      0.006      0.252     -0.186
940.7500      -3932.009    -3957.854       25.845   327.8      0.308      1.261     -0.269     -0.299      0.062     -0.100
941.0000      -3932.516    -3957.542       25.026   317.4      0.723      0.949      0.374     -0.315     -0.495      0.141
941.2500      -3932.190    -3957.502       25.312   321.0      0.366      0.989      0.478      0.125     -0.119      0.050
941.5000      -3930.206    -3955.488       25.282   320.6      0.092      0.764     -0.357     -0.082      0.029      0.454
941.7500      -3930.044    -3955.756       25.713   326.1      0.787      0.806      0.225      0.110     -0.106      0.122
942.0000      -3931.792    -3957.708       25.917   328.7      0.762      0.704      0.178     -0.284      0.006      0.114
942.2500      -3930.086    -3954.996       24.910   315.9      0.466      0.832      0.287     -0.244      0.144      0.257
942.5000      -3930.159    -3955.796       25.637   325.1      0.975      0.981      0.364      0.353     -0.113     -0.095
942.7500      -3931.905    -3958.097       26.192   332.2      0.714      0.864     -0.043      0.324     -0.141      0.034
943.0000      -3930.965    -3956.531       25.566   324.2      0.564      0.386     -0.170      0.157      0.219      0.071
943.2500      -3930.164    -3955.953       25.789   327.1      0.602      1.356      0.220      0.218     -0.333     -0.019
943.5000      -3930.077    -3955.713       25.636   325.1      0.781      0.666      0.246     -0.045     -0.137     -0.138
943.7500      -3929.452    -3955.912       26.459   335.6      0.614      0.688      0.287     -0.365     -0.390     -0.065
944.0000      -3929.399    -3956.461       27.062   343.2      0.886      0.984      0.458     -0.247     -0.087     -0.126
944.2500      -3929.110    -3955.208       26.098   331.0      0.581      0.607      0.089     -0.178      0.118      0.121
944.5000      -3929.444    -3954.858       25.414   322.3      0.469      0.832      0.641     -0.339      0.363     -0.024
944.7500      -3928.517    -3954.573       26.056   330.5      0.874      0.759      0.762      0.409      0.144      0.006
945.0000      -3928.908    -3955.368       26.460   335.6      0.294      0.828      0.781     -0.251     -0.284     -0.196
945.2500      -3929.226    -3955.614       26.388   334.7      0.943      1.152      0.123     -0.054      0.077      0.041
945.5000      -3931.100    -3957.911       26.810   340.0      0.412      0.686     -0.356      0.012     -0.146      0.049
945.7500      -3930.521    -3955.858       25.336   321.3      0.473      0.899      0.169      0.045      0.297      0.014
946.0000      -3931.712    -3957.353       25.641   325.2      1.578      0.823      0.779     -0.256      0.132      0.352
946.2500      -3928.791    -3954.500       25.709   326.1     -0.092      0.619      0.562     -0.370     -0.158     -0.084
946.5000      -3930.591    -3956.231       25.640   325.2      0.971      0.934      0.419     -0.267     -0.111     -0.041
946.7500      -3929.807    -3956.670       26.863   340.7      0.032      0.861     -0.302      0.320     -0.026      0.111
947.0000      -3929.294    -3954.985       25.690   325.8      1.265      0.957      1.033      0.342     -0.080     -0.011
947.2500      -3928.766    -3956.415       27.649   350.7      0.604      0.621      0.016     -0.059      0.230      0.046
947.5000      -3929.426    -3956.468       27.043   343.0      0.528      0.973      0.728     -0.088     -0.024      0.033
947.7500      -3927.420    -3953.829       26.409   334.9      0.411      0.622      0.276     -0.477      0.040     -0.002
948.0000      -3927.134    -3954.279       27.145   344.3      1.140      0.919     -0.038     -0.048     -0.297      0.211
948.2500      -3929.501    -3955.878       26.377   334.5      0.781      0.797      0.314      0.194      0.156     -0.003
948.5000      -3929.419    -3957.493       28.074   356.1      0.585      0.918      0.149      0.485     -0.268      0.101
948.7500      -3928.448    -3954.885       26.438   335.3      0.391      0.771      0.330     -0.338      0.129      0.171
949.0000      -3929.660    -3954.974       25.314   321.0      0.534      0.598      0.047     -0.073      0.129     -0.049
949.2500      -3928.734    -3954.321       25.587   324.5      0.669      0.348      0.573     -0.039     -0.021     -0.013
949.5000      -3929.149    -3955.844       26.696   338.6      0.543      1.257      0.154      0.094      0.158      0.064
949.7500      -3930.576    -3957.062       26.485   335.9      0.014      0.908      0.167     -0.026      0.151      0.162
950.0000      -3929.219    -3954.947       25.728   326.3      0.678      0.810      0.362      0.001     -0.030      0.157
950.2500      -3930.388    -3956.068       25.680   325.7      0.570      0.959      0.103     -0.287      0.044     -0.185
950.5000      -3931.699    -3956.371       24.673   312.9      1.047      1.134      1.093     -0.229      0.256     -0.169
950.7500      -3932.727    -3957.934       25.207   319.7      0.414      0.574      0.721      0.088      0.166     -0.055
951.0000      -3931.266    -3957.132       25.866   328.1      0.903      1.215     -0.266      0.119      0.070      0.236
951.2500      -3932.324    -3957.505       25.181   319.4      0.799      0.828      1.082      0.059     -0.048     -0.238
951.5000      -3931.596    -3957.263       25.667   325.5      0.452      0.733      0.066     -0.316     -0.034      0.166
951.7500      -3929.715    -3956.513       26.798   339.9      0.464      0.860      0.541     -0.390      0.022     -0.042
952.0000      -3928.368    -3955.581       27.213   345.1      0.346      1.039      0.366     -0.401     -0.005      0.023
952.2500      -3931.760    -3957.789       26.028   330.1      0.386      1.125      0.257     -0.169      0.430     -0.040
952.5000      -3931.336    -3956.948       25.612   324.8      0.289      1.177     -0.280     -0.248      0.066     -0.119
952.7500      -3932.677    -3958.106       25.429   322.5      0.502      0.905     -0.336     -0.073      0.091      0.167
953.0000      -3932.486    -3957.563       25.077   318.0      0.710      0.844      0.379      0.094      0.133     -0.158
953.2500      -3932.833    -3958.734       25.901   328.5      0.604      0.633      0.199     -0.008     -0.207      0.302
953.5000      -3930.507    -3956.417       25.911   328.6      0.449      0.713      0.264      0.259     -0.165      0.078
953.7500      -3928.972    -3957.091       28.119   356.6      1.004      0.828      0.232      0.084     -0.409      0.170
954.0000      -3931.316    -3956.920       25.605   324.7      0.466      0.904     -0.032      0.126      0.046      0.149
954.2500      -3929.962    -3955.323       25.362   321.7      0.653      0.835      0.603     -0.145      0.054      0.281
954.5000      -3929.527    -3956.067       26.541   336.6      0.552      0.607      0.001     -0.178      0.406      0.050
954.7500      -3928.123    -3954.290       26.167   331.9      0.096      0.885      0.149     -0.439     -0.331     -0.212
955.0000      -3928.840    -3955.828       26.988   342.3      0.631      0.768      0.141      0.237     -0.194      0.038
955.2500      -3929.074    -3955.206       26.131   331.4      0.512      0.498      0.132     -0.028     -0.189      0.092
955.5000      -3931.047    -3956.402       25.355   321.6      0.849      0.783     -0.211      0.175      0.110     -0.217
955.7500      -3929.912    -3956.297       26.386   334.6      0.101      0.770      0.128     -0.028     -0.263      0.263
956.0000      -3929.892    -3956.775       26.884   341.0      0.762      0.540      0.047     -0.339      0.329      0.072
956.2500      -3929.746    -3956.021       26.274   333.2      0.728      0.586      0.057      0.125      0.080     -0.069
956.5000      -3929.550    -3955.665       26.116   331.2      1.090      0.592     -0.086      0.104      0.014     -0.049
956.7500      -3929.046    -3955.806       26.760   339.4      1.087      0.573      0.514     -0.072     -0.109     -0.052
957.0000      -3929.352    -3956.638       27.286   346.1      0.707      0.539     -0.446      0.015     -0.259      0.187
957.2500      -3928.554    -3955.960       27.406   347.6      0.988      1.030     -0.272     -0.154     -0.116     -0.056
957.5000      -3929.506    -3956.746       27.240   345.5      0.719      0.909     -0.020     -0.045     -0.011      0.066
957.7500      -3928.727    -3955.755       27.028   342.8      1.139      0.875     -0.080     -0.012     -0.355     -0.362
958.0000      -3931.480    -3957.092       25.613   324.8      1.288      1.392      1.051      0.205     -0.198      0.087
958.2500      -3930.941    -3955.722       24.781   314.3      0.977      0.252     -0.230      0.136     -0.048      0.228
958.5000      -3928.518    -3955.771       27.253   345.6      1.157      0.249      1.224     -0.036     -0.041     -0.288
958.7500      -3928.466    -3953.948       25.482   323.2      0.987      0.795      0.167      0.319     -0.349     -0.062
959.0000      -3930.241    -3956.375       26.134   331.4      0.899      0.833      0.022      0.140     -0.107      0.112
959.2500      -3929.711    -3955.879       26.169   331.9      0.552      0.632      0.714      0.142      0.145      0.310
959.5000      -3930.842    -3956.065       25.224   319.9      0.273      0.262     -0.320     -0.254      0.141     -0.338
959.7500      -3929.452    -3956.563       27.112   343.8      0.844      1.070     -0.104     -0.135      0.051      0.215
960.0000      -3930.375    -3955.345       24.970   316.7      0.468      1.273      0.303     -0.161      0.313     -0.168
960.2500      -3930.006    -3955.240       25.234   320.0      1.069      0.487     -0.016     -0.295     -0.068     -0.019
960.5000      -3928.617    -3955.754       27.137   344.2      0.121      1.022      0.038      0.217      0.157      0.148
960.7500      -3927.923    -3955.555       27.632   350.4      0.266      0.194      0.326     -0.130      0.231     -0.027
961.0000      -3927.183    -3955.638       28.456   360.9      0.230      0.668     -0.160      0.240     -0.171     -0.020
961.2500      -3926.522    -3953.519       26.997   342.4      0.919      1.269      0.070      0.010     -0.329     -0.023
961.5000      -3927.104    -3954.556       27.452   348.2      0.806      0.734      0.398      0.103      0.237     -0.099
961.7500      -3930.171    -3956.203       26.032   330.2      0.399      0.914      0.283     -0.103      0.150      0.245
962.0000      -3928.439    -3956.102       27.663   350.8      0.057      0.375     -0.664     -0.275     -0.168      0.090
962.2500      -3928.189    -3955.392       27.203   345.0      0.004      0.334     -0.064      0.092     -0.558      0.121
962.5000      -3928.939    -3956.322       27.383   347.3      0.495      0.513     -0.344     -0.063     -0.340      0.253
962.7500      -3928.677    -3954.579       25.903   328.5      0.624      0.249      0.011     -0.022     -0.161     -0.174
963.0000      -3931.450    -3956.941       25.491   323.3      0.520      0.774      0.402     -0.439     -0.266     -0.138
963.2500      -3931.663    -3957.434       25.771   326.8      1.176      0.736     -0.167      0.094      0.154     -0.150
963.5000      -3931.151    -3957.312       26.161   331.8      1.103      0.905      0.121     -0.137     -0.088     -0.217
963.7500      -3930.965    -3956.756       25.792   327.1      0.690      1.349     -0.043     -0.033     -0.183      0.199
964.0000      -3929.529    -3957.010       27.480   348.5      0.140      0.392      0.367     -0.096      0.164      0.022
964.2500      -3927.656    -3953.642       25.985   329.6      0.337      0.768     -0.177     -0.346     -0.017      0.120
964.5000      -3930.185    -3955.700       25.515   323.6     -0.183      0.683      0.278     -0.355      0.013      0.015
964.7500      -3929.932    -3956.789       26.858   340.6      0.118      0.471      0.188     -0.048      0.374     -0.117
965.0000      -3928.621    -3955.921       27.300   346.2      0.618      0.980      0.354      0.321      0.168      0.058
965.2500      -3930.875    -3955.306       24.432   309.9      0.786      0.240      0.638      0.047      0.232     -0.252
965.5000      -3929.218    -3955.349       26.130   331.4      0.611      0.633     -0.125      0.305      0.021     -0.227
965.7500      -3928.875    -3956.398       27.523   349.1      0.914      0.619     -0.071     -0.025     -0.049      0.069
966.0000      -3930.074    -3956.083       26.009   329.9      0.835      0.858     -0.105      0.021     -0.136     -0.175
966.2500      -3930.613    -3955.504       24.891   315.7      0.752      0.678      0.126      0.075     -0.109     -0.010
966.5000      -3930.157    -3955.473       25.315   321.1      0.951      0.917     -0.199      0.083     -0.041      0.016
966.7500      -3927.954    -3954.090       26.137   331.5      0.719      0.771      0.096     -0.252     -0.020      0.373
967.0000      -3929.220    -3955.860       26.640   337.9      0.476      0.869      0.279     -0.056     -0.232      0.043
967.2500      -3929.342    -3955.172       25.830   327.6      0.861      0.955      0.169     -0.355     -0.164     -0.061
967.5000      -3927.569    -3953.691       26.122   331.3      0.495      1.018      0.702     -0.276      0.017      0.105
967.7500      -3929.015    -3955.809       26.794   339.8      0.443      0.576      0.510      0.133      0.081     -0.047
968.0000      -3928.083    -3954.171       26.088   330.9      0.996      0.341     -0.453      0.124     -0.011      0.132
968.2500      -3927.803    -3954.389       26.586   337.2      0.805      0.214      0.054      0.014     -0.053      0.286
968.5000      -3929.298    -3955.341       26.043   330.3      0.614      0.945      0.478     -0.318      0.006     -0.211
968.7500      -3929.768    -3955.857       26.089   330.9      0.853      0.964      0.765      0.001     -0.215      0.271
969.0000      -3928.996    -3955.612       26.616   337.6      0.838      1.099      0.535     -0.165      0.058     -0.064
969.2500      -3928.284    -3953.831       25.547   324.0      1.014      1.325      0.587      0.311      0.229      0.103
969.5000      -3929.856    -3955.468       25.612   324.8      0.583      0.628     -0.142      0.094      0.103     -0.080
969.7500      -3931.259    -3956.845       25.586   324.5      1.187      0.773      0.243     -0.056      0.133      0.128
970.0000      -3930.771    -3957.260       26.489   335.9      0.725      1.052      0.215     -0.520      0.056      0.050
970.2500      -3930.868    -3956.032       25.163   319.1      0.902      0.725      0.324     -0.150      0.050     -0.029
970.5000      -3930.540    -3956.600       26.059   330.5      0.501      1.089      0.033      0.185     -0.048      0.035
970.7500      -3930.162    -3957.109       26.947   341.8      0.940      0.599      0.339      0.167     -0.035      0.106
971.0000      -3929.794    -3954.795       25.001   317.1      1.035      1.000      0.986      0.130     -0.206     -0.095
971.2500      -3928.809    -3955.843       27.034   342.9      0.946      0.915      0.888      0.087     -0.306     -0.114
971.5000      -3929.388    -3955.228       25.840   327.7      0.589      0.445      0.289     -0.299      0.310     -0.156
971.7500      -3929.284    -3955.314       26.030   330.1      0.951      0.726      0.170      0.005     -0.005      0.367
972.0000      -3929.612    -3956.416       26.803   339.9      0.156      0.306     -0.153      0.191     -0.075      0.265
972.2500      -3927.988    -3956.292       28.303   359.0      0.508      0.768      0.854      0.352     -0.138      0.045
972.5000      -3930.368    -3955.346       24.978   316.8      1.016      1.607      0.573      0.122      0.069     -0.058
972.7500      -3929.363    -3955.565       26.202   332.3      0.688      0.788      0.635     -0.092     -0.204     -0.259
973.0000      -3931.601    -3956.520       24.919   316.0      0.690      0.621      0.359     -0.182      0.010      0.101
973.2500      -3930.472    -3956.323       25.850   327.8      0.963      0.583      0.131     -0.161     -0.078     -0.397
973.5000      -3930.859    -3956.385       25.526   323.7      0.979      1.033     -0.139      0.132     -0.139     -0.210
973.7500      -3929.394    -3955.675       26.281   333.3      0.522      0.937      0.091     -0.035      0.255     -0.019
974.0000      -3929.276    -3956.033       26.757   339.3      1.061      1.000      0.462     -0.369     -0.129      0.003
974.2500      -3930.039    -3957.173       27.133   344.1      1.244      0.653      0.766     -0.694     -0.347      0.032
974.5000      -3928.946    -3954.486       25.539   323.9      0.826      1.015      0.210      0.044     -0.408     -0.046
974.7500      -3928.761    -3955.880       27.118   343.9      0.713      0.766      0.299      0.096     -0.257     -0.448
975.0000      -3928.490    -3955.368       26.877   340.9      0.530      0.768     -0.039      0.492     -0.043      0.046
975.2500      -3929.219    -3955.640       26.420   335.1      0.937      1.152      0.843      0.210      0.295     -0.145
975.5000      -3927.258    -3954.640       27.382   347.3      0.511      0.353      0.077     -0.056      0.094     -0.416
975.7500      -3929.262    -3955.454       26.192   332.2      1.401      1.144      0.277     -0.135      0.040      0.123
976.0000      -3928.840    -3953.883       25.043   317.6      1.090      0.776      0.185     -0.215     -0.194      0.036
976.2500      -3929.185    -3956.075       26.890   341.0      0.792      0.615      0.472      0.129      0.084      0.144
976.5000      -3930.121    -3955.566       25.445   322.7      0.731      0.457     -0.005     -0.027      0.172      0.038
976.7500      -3931.438    -3956.763       25.325   321.2      1.229      0.947      0.569     -0.032     -0.064      0.058
977.0000      -3932.683    -3956.405       23.722   300.8      0.989      0.792      0.045      0.049     -0.272      0.049
977.2500      -3930.208    -3955.346       25.138   318.8      0.977      1.203      0.357     -0.456     -0.367      0.067
977.5000      -3931.520    -3956.775       25.255   320.3      0.762      0.990      0.904     -0.339     -0.019     -0.118
977.7500      -3930.859    -3955.558       24.699   313.2      0.871      0.888      0.586      0.031      0.244      0.083
978.0000      -3927.304    -3954.144       26.840   340.4      0.570      1.110     -0.031      0.079      0.211     -0.025
978.2500      -3930.717    -3955.914       25.197   319.6      1.012      0.941      0.719     -0.015     -0.037      0.171
978.5000      -3928.454    -3955.605       27.151   344.3      0.243      0.754     -0.252     -0.080     -0.337      0.022
978.7500      -3930.499    -3956.050       25.552   324.1      1.205      1.114      0.009     -0.434      0.202      0.016
979.0000      -3929.895    -3955.369       25.474   323.1      0.759      1.132      0.621     -0.046      0.083     -0.129
979.2500      -3929.214    -3956.946       27.732   351.7      0.757      0.876      0.879      0.358      0.215      0.004
979.5000      -3929.422    -3955.951       26.529   336.5      0.926      1.049      0.175      0.118     -0.164      0.251
979.7500      -3928.461    -3953.716       25.255   320.3      0.282      0.786      0.529      0.050     -0.397     -0.093
980.0000      -3927.672    -3954.328       26.656   338.1      1.068      1.188      0.834      0.051     -0.249      0.028
980.2500      -3930.311    -3954.937       24.625   312.3      0.758      0.906     -0.100     -0.238     -0.390      0.051
980.5000      -3929.442    -3954.168       24.726   313.6      0.660      0.472     -0.068     -0.099     -0.161      0.095
980.7500      -3928.401    -3955.018       26.617   337.6      1.205      1.249      0.491     -0.272      0.245      0.107
981.0000      -3930.268    -3955.651       25.382   321.9      0.756      1.086      0.376     -0.064      0.021      0.124
981.2500      -3932.180    -3956.912       24.731   313.7      0.841      0.796      0.394      0.026      0.076     -0.002
981.5000      -3928.780    -3957.061       28.281   358.7      0.585      1.226      0.400      0.036     -0.136      0.011
981.7500      -3929.199    -3954.690       25.491   323.3      0.860      0.891      0.619     -0.038     -0.013      0.089
982.0000      -3928.945    -3955.021       26.076   330.7      0.930      1.274      0.422      0.017     -0.010     -0.110
982.2500      -3928.670    -3955.616       26.947   341.8      0.736      0.841      0.566      0.138     -0.341      0.032
982.5000      -3930.374    -3955.767       25.393   322.1      1.070      0.983      0.356     -0.183     -0.289      0.098
982.7500      -3931.413    -3956.854       25.441   322.7      0.737      1.109      0.465      0.172      0.185      0.144
983.0000      -3930.664    -3955.857       25.193   319.5      1.181      0.932      0.514     -0.160      0.130      0.150
983.2500      -3929.802    -3955.381       25.579   324.4      0.587      0.797      0.342      0.050      0.287     -0.074
983.5000      -3930.589    -3956.037       25.448   322.7      0.935      0.567      0.020      0.122      0.133     -0.030
983.7500      -3930.358    -3955.247       24.889   315.7      0.924      0.955      0.243     -0.000      0.084     -0.286
984.0000      -3929.322    -3955.174       25.852   327.9      1.115      0.652      0.264     -0.074     -0.080      0.153
984.2500      -3929.066    -3956.578       27.512   348.9      0.986      0.660      0.269      0.069     -0.096     -0.238
984.5000      -3928.946    -3954.784       25.838   327.7      0.855      0.889      0.232     -0.127     -0.194      0.179
984.7500      -3929.397    -3954.313       24.916   316.0      0.898      1.179     -0.249     -0.098     -0.166      0.105
985.0000      -3927.586    -3954.311       26.724   338.9      1.246      0.977      0.603      0.258      0.032     -0.051
985.2500      -3928.570    -3954.520       25.951   329.1      0.999      0.774      0.124      0.213      0.001     -0.287
985.5000      -3928.662    -3955.155       26.494   336.0     -0.047      0.728      0.751      0.259     -0.066     -0.303
985.7500      -3927.212    -3954.258       27.046   343.0      0.518      0.951      0.910      0.129     -0.072     -0.072
986.0000      -3927.587    -3953.627       26.041   330.3      0.499      1.154      0.153     -0.226      0.180      0.078
986.2500      -3929.012    -3954.802       25.790   327.1      0.639      0.506     -0.165     -0.346      0.264     -0.246
986.5000      -3929.909    -3955.526       25.617   324.9      0.935      1.061      0.789     -0.333      0.053      0.023
986.7500      -3932.297    -3956.700       24.403   309.5      0.482      1.001      0.043     -0.173     -0.244      0.419
987.0000      -3931.565    -3956.634       25.069   317.9      0.912      0.241      0.033     -0.026     -0.589      0.296
987.2500      -3929.972    -3955.568       25.596   324.6      0.702      1.063      0.348     -0.012      0.086     -0.110
987.5000      -3929.375    -3954.609       25.234   320.0      0.515      1.335      0.043      0.092      0.122     -0.073
987.7500      -3927.825    -3955.508       27.683   351.1      0.838      0.772      0.569     -0.164      0.297     -0.133
988.0000      -3928.072    -3955.609       27.537   349.2      1.037      1.016      0.747      0.042     -0.022      0.014
988.2500      -3927.535    -3955.847       28.312   359.1      1.076      1.239      0.348     -0.074      0.117     -0.200
988.5000      -3929.392    -3955.374       25.982   329.5      0.742      0.916      0.163      0.031     -0.303      0.070
988.7500      -3928.882    -3956.056       27.175   344.6      0.758      0.261     -0.223     -0.183     -0.108      0.013
989.0000      -3927.693    -3954.145       26.452   335.5      0.798      0.368      0.759     -0.088      0.037      0.089
989.2500      -3927.798    -3954.045       26.247   332.9      1.059      1.146     -0.048      0.033      0.084      0.049
989.5000      -3930.218    -3956.275       26.058   330.5      1.112      0.556      0.087      0.193      0.143      0.077
989.7500      -3929.500    -3954.772       25.273   320.5      0.755      0.704     -0.480      0.009     -0.065     -0.010
990.0000      -3928.416    -3955.287       26.871   340.8     -0.068      0.609     -0.841      0.339     -0.054      0.189
990.2500      -3930.016    -3956.410       26.394   334.7      1.142      1.559      0.112     -0.290      0.474      0.181
990.5000      -3930.512    -3956.966       26.454   335.5      0.477      0.780     -0.110     -0.104      0.008      0.051
990.7500      -3929.504    -3955.664       26.159   331.8      0.719      0.474     -0.215     -0.008     -0.249     -0.000
991.0000      -3929.449    -3955.871       26.422   335.1      0.659      0.931      0.663      0.053     -0.173     -0.181
991.2500      -3928.099    -3954.940       26.841   340.4      0.421      0.809      0.136     -0.067      0.096     -0.094
991.5000      -3927.703    -3955.073       27.370   347.1      1.017      0.935     -0.223     -0.105     -0.109      0.053
991.7500      -3926.884    -3953.925       27.041   342.9      0.849      0.622      0.357     -0.116      0.082      0.057
992.0000      -3928.950    -3955.267       26.317   333.8      0.567      1.114      0.158     -0.088      0.218      0.081
992.2500      -3928.188    -3954.975       26.788   339.7      0.768      0.543      0.268     -0.003      0.382     -0.355
992.5000      -3927.644    -3954.536       26.892   341.1      0.453      0.931     -0.241      0.162      0.196      0.015
992.7500      -3929.418    -3956.076       26.658   338.1      0.441      0.708      0.103     -0.381      0.454      0.125
993.0000      -3930.773    -3956.162       25.389   322.0      0.480      0.549     -0.148     -0.329     -0.280      0.039
993.2500      -3932.467    -3957.400       24.933   316.2      0.607      0.895      0.602     -0.227     -0.008     -0.020
993.5000      -3931.636    -3956.627       24.992   317.0      1.005      0.986      0.487     -0.029     -0.187      0.120
993.7500      -3932.171    -3956.878       24.707   313.4      0.739      0.648      0.413      0.139     -0.296      0.249
994.0000      -3930.651    -3955.821       25.171   319.2      0.755      0.978      0.820     -0.003      0.216     -0.138
994.2500      -3930.236    -3956.880       26.645   337.9      0.852      1.074      0.104     -0.215      0.067     -0.151
994.5000      -3929.864    -3956.062       26.198   332.3      1.325      1.023      0.410     -0.034      0.253     -0.074
994.7500      -3932.051    -3955.928       23.877   302.8      0.442      0.855     -0.208      0.005     -0.258     -0.180
995.0000      -3931.928    -3957.876       25.948   329.1      0.274      0.470     -0.108      0.258     -0.191     -0.211
995.2500      -3932.387    -3957.761       25.374   321.8      0.723      0.632     -0.054     -0.078      0.046      0.051
995.5000      -3931.183    -3957.008       25.826   327.5      0.897      1.047      0.689     -0.221      0.152     -0.017
995.7500      -3929.871    -3955.987       26.116   331.2      1.216      0.814      0.040     -0.363     -0.389     -0.099
996.0000      -3928.990    -3955.856       26.866   340.7      0.401      0.881     -0.444      0.035     -0.073      0.079
996.2500      -3928.953    -3956.429       27.476   348.5      0.728      0.219     -0.319      0.149      0.019      0.107
996.5000      -3929.123    -3955.422       26.299   333.5      0.817      0.874      0.871     -0.070      0.082     -0.086
996.7500      -3930.356    -3957.070       26.714   338.8      0.991      0.563      0.271     -0.032     -0.054     -0.138
997.0000      -3930.546    -3955.937       25.390   322.0      0.795      1.007      0.318     -0.367     -0.078     -0.055
997.2500      -3929.985    -3955.492       25.507   323.5      1.124      0.899      0.398     -0.143     -0.087      0.140
997.5000      -3929.801    -3956.283       26.481   335.9      0.842      1.200      0.435     -0.055      0.234      0.147
997.7500      -3932.041    -3957.847       25.806   327.3      1.113      1.045      0.392      0.172      0.464      0.209
998.0000      -3931.015    -3955.353       24.338   308.7      0.750      1.618      0.320     -0.100      0.074     -0.308
998.2500      -3930.312    -3956.535       26.223   332.6      0.704      1.544      0.275     -0.183     -0.054      0.427
998.5000      -3930.146    -3956.756       26.611   337.5      0.864      1.070     -0.012     -0.227      0.309      0.033
998.7500      -3932.541    -3956.288       23.747   301.2      0.946      0.949      0.632     -0.153     -0.089     -0.096
999.0000      -3932.350    -3957.429       25.079   318.1      1.466      0.824      0.369     -0.081      0.015     -0.155
999.2500      -3931.049    -3955.825       24.776   314.2      0.609      1.056      0.197      0.190      0.049      0.223
999.5000      -3928.613    -3955.790       27.177   344.7      0.914      1.172      1.027      0.172     -0.169      0.149
999.7500      -3929.533    -3955.835       26.302   333.6      0.938      1.016      0.389     -0.232      0.027      0.090
1000.0000     -3928.061    -3954.715       26.654   338.0      0.568      1.151     -0.361     -0.279     -0.359      0.228
1000.2500     -3929.349    -3956.259       26.910   341.3      0.638      1.152     -0.388     -0.042      0.209      0.156
1000.5000     -3930.371    -3955.647       25.276   320.6      0.364      0.588     -0.403      0.104     -0.142     -0.024
1000.7500     -3930.497    -3957.583       27.086   343.5      1.184      0.682      0.717     -0.223      0.017      0.107
1001.0000     -3931.356    -3957.388       26.032   330.2      0.620      0.303     -0.088     -0.042     -0.174      0.284
1001.2500     -3929.204    -3956.781       27.577   349.7      0.697      1.024      0.354      0.068     -0.155     -0.228
1001.5000     -3930.858    -3957.735       26.877   340.9      0.827      1.035      0.510     -0.181      0.177      0.029
1001.7500     -3931.417    -3956.842       25.425   322.5      0.291      0.351     -0.584     -0.383      0.102     -0.201
1002.0000     -3930.898    -3956.519       25.621   324.9      0.977      0.774      0.506      0.114      0.083      0.114
1002.2500     -3931.455    -3957.140       25.684   325.7      0.584      0.782      0.332      0.131     -0.220     -0.221
1002.5000     -3931.503    -3957.351       25.848   327.8      0.614      0.545     -0.159     -0.150     -0.069      0.200
1002.7500     -3931.303    -3957.910       26.607   337.4      0.654      1.001      0.236     -0.258      0.050      0.185
1003.0000     -3931.067    -3956.636       25.569   324.3      0.601      0.449      0.030     -0.239      0.072      0.025
1003.2500     -3931.188    -3957.369       26.181   332.0      0.100      1.228     -0.192     -0.023     -0.245      0.028
1003.5000     -3930.050    -3955.173       25.123   318.6      1.286      0.545      0.415     -0.076     -0.123      0.083
1003.7500     -3931.686    -3956.302       24.616   312.2      0.978      0.677      0.140     -0.094     -0.043      0.058
1004.0000     -3933.665    -3959.918       26.253   333.0      0.931      0.950      0.515     -0.240     -0.105      0.018
1004.2500     -3931.688    -3957.536       25.847   327.8      0.561      1.065      0.097     -0.231      0.110      0.020
1004.5000     -3931.131    -3956.922       25.792   327.1      0.703      1.195      0.195     -0.092      0.266      0.054
1004.7500     -3931.107    -3957.241       26.134   331.4      0.801      1.133     -0.094     -0.110     -0.012     -0.080
1005.0000     -3931.102    -3958.182       27.079   343.4      0.361      0.602     -0.156     -0.104      0.213     -0.072
1005.2500     -3930.985    -3957.371       26.386   334.6      0.731      1.231      0.560     -0.073      0.101      0.034
1005.5000     -3929.245    -3955.205       25.959   329.2      0.177      0.570      0.418      0.305     -0.162      0.257
1005.7500     -3929.507    -3954.542       25.035   317.5      0.218      0.928      0.085     -0.238     -0.129      0.069
1006.0000     -3928.132    -3954.686       26.554   336.8      0.840      1.255      0.148     -0.244      0.063      0.011
1006.2500     -3928.917    -3955.374       26.457   335.5      0.787      0.182     -0.290     -0.025      0.007     -0.130
1006.5000     -3928.128    -3953.980       25.852   327.9      0.519      0.864     -0.019      0.284      0.127     -0.149
1006.7500     -3928.701    -3954.692       25.991   329.6      0.381      0.486      0.196     -0.039      0.088     -0.307
1007.0000     -3927.998    -3955.852       27.854   353.3      0.651      1.019      0.549     -0.148     -0.148     -0.008
1007.2500     -3928.003    -3954.578       26.574   337.0      0.919      1.295      0.073     -0.051     -0.322     -0.066
1007.5000     -3927.819    -3954.217       26.398   334.8      0.612      1.034      0.278     -0.441     -0.073     -0.011
1007.7500     -3927.988    -3955.312       27.324   346.5      0.771      0.985      0.166     -0.137     -0.350     -0.044
1008.0000     -3928.574    -3954.929       26.355   334.2      0.306      1.103      0.104      0.467     -0.187      0.048
1008.2500     -3930.869    -3957.410       26.541   336.6      0.542      0.844      0.030     -0.053     -0.032      0.039
1008.5000     -3930.538    -3957.601       27.064   343.2      0.912      1.059     -0.083      0.217     -0.045      0.264
1008.7500     -3931.065    -3956.964       25.899   328.5      0.433      0.834      0.298     -0.007     -0.265      0.213
1009.0000     -3931.174    -3956.467       25.293   320.8      0.695      0.559     -0.610      0.149     -0.079      0.093
1009.2500     -3929.755    -3956.556       26.801   339.9      0.854      0.798      0.120      0.148      0.028     -0.014
1009.5000     -3930.064    -3956.537       26.473   335.7      0.824      1.153      0.885     -0.122      0.287      0.087
1009.7500     -3930.730    -3956.775       26.045   330.3      0.822      1.103      0.085     -0.136     -0.256     -0.034
1010.0000     -3930.174    -3956.413       26.239   332.8      0.894      0.929     -0.101     -0.131      0.003      0.152
1010.2500     -3931.344    -3957.293       25.949   329.1      0.964      1.233      0.386     -0.360     -0.233     -0.171
1010.5000     -3932.131    -3958.221       26.090   330.9      1.128      1.052      0.349     -0.309     -0.097      0.042
1010.7500     -3931.943    -3956.765       24.823   314.8      1.710      0.565     -0.042      0.130     -0.266     -0.045
1011.0000     -3930.315    -3955.880       25.565   324.2      0.491      1.061      0.032      0.317      0.204      0.240
1011.2500     -3930.811    -3956.453       25.642   325.2      0.750      0.357      0.471     -0.104      0.143      0.048
1011.5000     -3929.176    -3956.197       27.021   342.7      0.621      0.934      0.597     -0.212     -0.101      0.200
1011.7500     -3930.052    -3956.580       26.528   336.4      0.753      0.985      1.106     -0.118     -0.252     -0.055
1012.0000     -3930.817    -3955.192       24.375   309.1      0.998      1.105      0.632     -0.140     -0.440      0.303
1012.2500     -3930.100    -3955.986       25.885   328.3      0.687      1.061      0.282      0.479     -0.235     -0.283
1012.5000     -3928.221    -3953.573       25.352   321.5      0.938      1.428      0.208      0.353      0.503      0.232
1012.7500     -3929.585    -3955.762       26.178   332.0      0.300      0.966     -0.087      0.499      0.224      0.053
1013.0000     -3929.859    -3956.285       26.427   335.2      0.953      1.348      0.175     -0.047      0.135      0.018
1013.2500     -3930.812    -3956.212       25.400   322.1      0.429      0.434      0.001     -0.047      0.039      0.062
1013.5000     -3929.699    -3955.345       25.646   325.3      0.781      0.358      0.177     -0.066     -0.008     -0.074
1013.7500     -3930.070    -3954.766       24.696   313.2      1.123      1.068     -0.119      0.239     -0.280      0.288
1014.0000     -3929.044    -3955.623       26.579   337.1      0.317      1.091      0.048      0.207      0.030     -0.220
1014.2500     -3929.468    -3954.864       25.396   322.1      1.231      0.632     -0.129     -0.045     -0.105      0.156
1014.5000     -3929.755    -3957.045       27.291   346.1      0.152      0.565     -0.395     -0.110      0.326     -0.261
1014.7500     -3929.431    -3956.120       26.689   338.5      0.331      1.120      0.167     -0.173      0.275      0.186
1015.0000     -3928.221    -3954.274       26.053   330.4      0.730      1.152      0.540     -0.141      0.250      0.262
1015.2500     -3926.545    -3954.458       27.913   354.0      1.058      0.902      0.038      0.053      0.105     -0.162
1015.5000     -3927.860    -3955.155       27.295   346.2      0.812      0.949      0.641      0.078     -0.063     -0.128
1015.7500     -3929.381    -3955.453       26.071   330.7      1.044      1.143      0.408     -0.416     -0.247      0.057
1016.0000     -3928.666    -3954.489       25.823   327.5      0.656      1.217      0.044     -0.415     -0.417      0.025
1016.2500     -3927.911    -3953.433       25.522   323.7      0.829      0.698      0.209     -0.199      0.088     -0.035
1016.5000     -3929.481    -3953.954       24.473   310.4      0.629      0.519     -0.114     -0.145      0.175      0.261
1016.7500     -3930.186    -3956.340       26.153   331.7      0.224      0.514     -0.153     -0.020      0.324     -0.094
1017.0000     -3930.029    -3957.223       27.195   344.9      0.635      0.634      0.274      0.101     -0.176      0.030
1017.2500     -3928.353    -3957.093       28.740   364.5      1.034      0.679      0.221     -0.039     -0.062      0.086
1017.5000     -3929.766    -3956.109       26.342   334.1      0.950      0.453      0.041     -0.078     -0.044      0.200
1017.7500     -3928.599    -3955.791       27.191   344.9      0.645      1.082      0.111     -0.042     -0.516      0.010
1018.0000     -3929.174    -3957.046       27.872   353.5      0.541      0.247     -0.112     -0.194     -0.460     -0.372
1018.2500     -3929.919    -3957.093       27.174   344.6      0.763      0.888      0.375      0.103     -0.176     -0.143
1018.5000     -3932.263    -3957.976       25.713   326.1      0.674      0.767      0.202      0.197      0.100     -0.027
1018.7500     -3932.207    -3956.836       24.629   312.4      0.789      0.714      0.579      0.245      0.240     -0.055
1019.0000     -3932.311    -3957.842       25.531   323.8      0.386      0.839      0.745     -0.191     -0.063     -0.115
1019.2500     -3932.032    -3956.188       24.156   306.4      1.174      1.438      0.311      0.114     -0.181     -0.075
1019.5000     -3928.785    -3955.928       27.143   344.2      0.698      0.811     -0.281     -0.335     -0.099     -0.224
1019.7500     -3930.394    -3955.511       25.117   318.5      0.468      0.878      0.545      0.164      0.152     -0.052
1020.0000     -3929.346    -3954.930       25.583   324.5      1.264      0.686      0.650      0.002     -0.113     -0.044
1020.2500     -3928.156    -3956.259       28.103   356.4      0.754      1.046      0.964      0.386     -0.079     -0.197
1020.5000     -3929.331    -3957.234       27.903   353.9      0.756      1.593      0.485     -0.278     -0.412      0.019
1020.7500     -3929.520    -3956.717       27.198   344.9      0.194      1.288      0.251      0.061     -0.205     -0.019
1021.0000     -3930.953    -3957.342       26.390   334.7      1.139      0.954      0.423      0.188     -0.016     -0.056
1021.2500     -3931.025    -3957.525       26.500   336.1      0.685      1.222      0.918     -0.031     -0.021      0.051
1021.5000     -3931.636    -3958.523       26.888   341.0      0.629      1.061      0.468      0.101      0.043      0.148
1021.7500     -3930.249    -3955.877       25.628   325.0      0.916      1.243      0.672     -0.174     -0.400      0.005
1022.0000     -3929.406    -3955.726       26.320   333.8      0.715      1.122      0.333     -0.151      0.148     -0.159
1022.2500     -3931.552    -3958.167       26.614   337.5      1.095      0.691      0.374      0.365      0.051      0.085
1022.5000     -3931.335    -3956.741       25.406   322.2      0.546      0.723      0.707     -0.067      0.053     -0.247
1022.7500     -3931.122    -3957.378       26.256   333.0      0.462      0.467      0.106     -0.131      0.025      0.387
1023.0000     -3932.453    -3957.518       25.065   317.9      0.831      1.597      0.675      0.075     -0.318     -0.068
1023.2500     -3932.397    -3957.308       24.911   315.9      0.807      0.775      0.663      0.188      0.117      0.205
1023.5000     -3933.313    -3956.665       23.352   296.2      0.565      1.020      0.604      0.206      0.222     -0.175
1023.7500     -3930.525    -3957.041       26.515   336.3      0.872      0.520      0.068     -0.235      0.231      0.022
1024.0000     -3931.834    -3956.854       25.021   317.3      0.855      0.910      0.386      0.151     -0.027     -0.244
1024.2500     -3931.240    -3957.155       25.915   328.7      0.401      1.065      0.029      0.240     -0.115      0.026
1024.5000     -3930.072    -3957.275       27.203   345.0      1.020      1.155      0.377      0.448     -0.145      0.054
1024.7500     -3931.746    -3958.595       26.848   340.5      0.894      0.656      0.416      0.038      0.286     -0.080
1025.0000     -3931.097    -3957.199       26.102   331.0      0.226      0.168     -0.518     -0.217      0.328      0.161
1025.2500     -3932.867    -3957.448       24.581   311.8      0.697      0.973      0.464      0.031     -0.002     -0.030
1025.5000     -3930.601    -3955.464       24.862   315.3      0.732      0.411      0.301      0.184     -0.304     -0.039
1025.7500     -3930.274    -3957.020       26.746   339.2      0.601      0.806      0.349     -0.126      0.007     -0.057
1026.0000     -3931.397    -3956.242       24.845   315.1      0.767      0.686      0.582      0.352      0.232     -0.275
1026.2500     -3931.661    -3957.274       25.613   324.8      0.259      0.683     -0.326     -0.177      0.114      0.134
1026.5000     -3932.355    -3959.149       26.794   339.8      0.678      1.126      0.110     -0.100     -0.006      0.072
1026.7500     -3932.402    -3956.848       24.446   310.0      0.825      0.779     -0.185      0.086     -0.093      0.252
1027.0000     -3933.293    -3956.701       23.408   296.9      0.776      1.212      0.105     -0.143     -0.337     -0.169
1027.2500     -3933.287    -3957.774       24.488   310.6      0.402      1.288      0.414      0.080      0.047      0.000
1027.5000     -3932.529    -3958.324       25.795   327.1      0.337      0.424     -0.029     -0.063     -0.167      0.126
1027.7500     -3931.494    -3957.372       25.879   328.2      0.332      1.105      0.069      0.054      0.315     -0.028
1028.0000     -3931.250    -3957.454       26.204   332.3      0.663      0.651     -0.774      0.060     -0.137     -0.006
1028.2500     -3929.995    -3956.330       26.335   334.0      0.823      0.902      0.110      0.219     -0.129     -0.115
1028.5000     -3930.962    -3957.306       26.344   334.1      1.316      0.683      0.535      0.187     -0.038      0.010
1028.7500     -3929.907    -3955.808       25.901   328.5      1.109      1.378      0.194     -0.035     -0.199     -0.113
1029.0000     -3930.910    -3958.271       27.362   347.0      0.762      1.196      0.306      0.050      0.076      0.064
1029.2500     -3931.189    -3956.843       25.654   325.4      0.442      0.090     -0.548     -0.306     -0.033      0.153
1029.5000     -3931.384    -3958.329       26.945   341.7      0.757      1.001      0.013     -0.004     -0.161      0.128
1029.7500     -3931.902    -3956.938       25.037   317.5      0.450      0.742      0.285      0.413      0.097     -0.051
1030.0000     -3931.280    -3956.839       25.559   324.2      0.277      0.832      0.264      0.407      0.071     -0.222
1030.2500     -3931.050    -3955.868       24.819   314.8      1.077      0.904      0.212      0.058     -0.213     -0.069
1030.5000     -3932.104    -3956.818       24.714   313.4      0.427      0.414      0.566     -0.228      0.082     -0.327
1030.7500     -3931.913    -3957.343       25.429   322.5      0.839      0.808      0.184     -0.333     -0.214      0.060
1031.0000     -3930.653    -3955.679       25.026   317.4      0.767      0.910      0.374      0.030     -0.134     -0.133
1031.2500     -3930.415    -3956.636       26.221   332.6      1.012      0.680      0.057      0.183     -0.034     -0.040
1031.5000     -3929.180    -3955.489       26.309   333.7      0.814      1.028     -0.544      0.401      0.143     -0.176
1031.7500     -3927.307    -3954.514       27.207   345.1      0.784      0.866      0.280      0.074      0.035     -0.239
1032.0000     -3929.597    -3955.859       26.262   333.1      0.931      0.600      0.446      0.233      0.201     -0.271
1032.2500     -3931.008    -3956.038       25.030   317.4      0.564      0.533     -0.432      0.001     -0.121     -0.072
1032.5000     -3929.984    -3956.785       26.800   339.9      0.716      0.634      0.068      0.039     -0.315     -0.044
1032.7500     -3929.039    -3955.963       26.924   341.5      1.037      0.983      0.034      0.357      0.063      0.037
1033.0000     -3931.953    -3958.279       26.326   333.9      0.867      1.059      0.341     -0.329      0.451     -0.093
1033.2500     -3931.371    -3957.652       26.281   333.3      0.666      0.655     -0.307      0.175      0.059     -0.148
1033.5000     -3930.634    -3957.864       27.229   345.3      0.291      0.048     -0.622      0.024     -0.128     -0.155
1033.7500     -3929.301    -3956.091       26.790   339.8      0.488      0.806      0.309      0.094      0.072     -0.083
1034.0000     -3929.770    -3955.695       25.924   328.8      0.526      0.639      0.445      0.403      0.150      0.104
1034.2500     -3930.100    -3956.334       26.234   332.7      0.643      0.855     -0.194      0.007     -0.056     -0.236
1034.5000     -3929.224    -3956.525       27.302   346.3      0.923      0.569      0.438      0.177      0.073     -0.525
1034.7500     -3930.467    -3955.797       25.330   321.3      0.630      0.990      0.241      0.022     -0.257      0.089
1035.0000     -3929.423    -3956.252       26.829   340.3      1.127      0.870      0.562     -0.044      0.176      0.228
1035.2500     -3929.126    -3955.007       25.882   328.2      0.779      0.925      0.285      0.041     -0.113      0.159
1035.5000     -3930.237    -3956.486       26.249   332.9      0.692      1.131      0.467      0.046      0.149      0.085
1035.7500     -3932.037    -3958.038       26.001   329.8      1.159      0.884      0.756      0.122      0.101     -0.162
1036.0000     -3930.642    -3957.217       26.575   337.0      0.669      0.958      0.574     -0.132     -0.215      0.001
1036.2500     -3930.841    -3958.257       27.416   347.7      1.015      1.002      0.428     -0.155      0.281     -0.200
1036.5000     -3930.916    -3957.265       26.350   334.2      0.651      0.957      0.348     -0.010      0.007      0.165
1036.7500     -3928.675    -3955.923       27.248   345.6      1.136      0.566      0.383     -0.263     -0.149      0.117
1037.0000     -3932.364    -3958.371       26.006   329.8      1.228      0.760      0.646      0.068      0.026     -0.031
1037.2500     -3930.952    -3957.466       26.514   336.3      0.793      1.337      0.616     -0.019     -0.251      0.248
1037.5000     -3932.489    -3958.079       25.590   324.5      0.686      1.122      0.463      0.175     -0.111      0.083
1037.7500     -3930.369    -3956.863       26.494   336.0      0.756      0.806      0.362     -0.102      0.177      0.137
1038.0000     -3929.663    -3955.946       26.283   333.3      1.026      0.962      0.005     -0.121     -0.016     -0.303
1038.2500     -3927.703    -3954.637       26.934   341.6      0.713      0.736     -0.052      0.334     -0.223      0.283
1038.5000     -3927.292    -3954.023       26.731   339.0      0.985      1.174      0.237      0.130     -0.307     -0.015
1038.7500     -3929.148    -3955.154       26.006   329.8      1.279      0.992      0.026     -0.373      0.113      0.053
1039.0000     -3930.038    -3956.661       26.623   337.6      0.670      0.704      0.214     -0.248      0.304      0.088
1039.2500     -3932.758    -3956.757       24.000   304.4      0.565      0.435     -0.439      0.056     -0.055     -0.209
1039.5000     -3932.830    -3958.017       25.187   319.4      0.895      1.088      0.568      0.326     -0.106     -0.152
1039.7500     -3932.589    -3957.865       25.275   320.6      0.213      1.117      0.620     -0.156     -0.354      0.062
1040.0000     -3930.826    -3957.636       26.810   340.0      1.102      0.881      0.400      0.086     -0.237      0.194
1040.2500     -3931.288    -3956.584       25.297   320.8      0.824      1.004      0.033      0.075      0.031      0.101
1040.5000     -3930.284    -3956.799       26.515   336.3      0.794      1.615      0.161     -0.054     -0.093     -0.081
1040.7500     -3928.902    -3954.566       25.664   325.5      0.836      1.016      0.368      0.167      0.012      0.041
1041.0000     -3929.492    -3956.285       26.794   339.8      0.506      0.349      0.022      0.069      0.092      0.155
1041.2500     -3930.079    -3956.626       26.547   336.7      0.469      0.898     -0.003      0.254      0.317      0.342
1041.5000     -3930.354    -3956.922       26.568   337.0      1.039      0.220      0.368      0.318     -0.301     -0.015
1041.7500     -3929.317    -3955.400       26.083   330.8      0.575      0.724      0.261      0.218      0.075      0.210
1042.0000     -3930.946    -3957.786       26.840   340.4      0.909      0.355      0.272      0.009      0.158      0.229
1042.2500     -3932.277    -3957.052       24.776   314.2      1.272      0.936     -0.158     -0.013      0.313     -0.074
1042.5000     -3931.688    -3959.026       27.339   346.7      0.533      0.748     -0.060     -0.417     -0.062      0.224
1042.7500     -3932.997    -3958.618       25.621   324.9      0.732      0.665      0.676     -0.077     -0.107     -0.032
1043.0000     -3931.416    -3958.000       26.584   337.2      0.700      0.474      0.301      0.116     -0.479      0.157
1043.2500     -3931.580    -3957.863       26.283   333.3      0.832      1.078     -0.173      0.068     -0.241      0.090
1043.5000     -3931.691    -3957.044       25.353   321.5      0.987      0.910     -0.112     -0.088     -0.056      0.006
1043.7500     -3932.886    -3957.949       25.062   317.9      0.715      0.765     -0.038      0.146      0.098     -0.188
1044.0000     -3931.807    -3956.713       24.906   315.9      1.118      0.806      0.258     -0.210     -0.355      0.349
1044.2500     -3931.117    -3956.939       25.822   327.5      0.754      0.876     -0.372     -0.099     -0.042      0.120
1044.5000     -3931.535    -3957.472       25.937   329.0      0.793      0.990      0.099     -0.017      0.250      0.119
1044.7500     -3931.701    -3956.348       24.646   312.6      1.066      1.052      0.666      0.188      0.330     -0.115
1045.0000     -3929.980    -3957.050       27.070   343.3     -0.023      0.494      0.284     -0.108      0.185     -0.059
1045.2500     -3930.655    -3957.727       27.072   343.3      1.126      0.854      0.228     -0.211     -0.246      0.035
1045.5000     -3931.521    -3957.988       26.468   335.7      0.301      0.219     -0.119      0.107     -0.030      0.003
1045.7500     -3932.023    -3956.660       24.638   312.5      0.748      0.754      0.527      0.075     -0.065     -0.275
1046.0000     -3931.892    -3957.429       25.537   323.9     -0.069      0.715      0.359     -0.020      0.149     -0.067
1046.2500     -3931.756    -3957.366       25.610   324.8      0.507      1.358      0.634     -0.136      0.152     -0.043
1046.5000     -3930.922    -3955.323       24.401   309.5      0.532      0.474      0.678     -0.536     -0.260      0.063
1046.7500     -3929.522    -3954.924       25.402   322.2      1.151      1.098     -0.019     -0.373     -0.219     -0.087
1047.0000     -3931.212    -3956.751       25.540   323.9      1.104      0.745      0.410     -0.104     -0.124      0.157
1047.2500     -3930.990    -3956.874       25.883   328.3      0.641      0.955     -0.540     -0.046      0.527     -0.052
1047.5000     -3932.282    -3957.720       25.438   322.6      1.017      0.760      0.165     -0.252      0.118     -0.018
1047.7500     -3932.601    -3957.252       24.652   312.6      1.256      0.913      0.138      0.111     -0.088      0.075
1048.0000     -3932.151    -3956.919       24.769   314.1      0.821      0.810      0.402     -0.093     -0.338     -0.052
1048.2500     -3930.690    -3955.354       24.664   312.8      0.993      0.673      0.247     -0.210     -0.330     -0.018
1048.5000     -3929.965    -3955.726       25.761   326.7      0.967      0.425      0.153      0.216     -0.098      0.024
1048.7500     -3931.924    -3957.069       25.145   318.9      0.621      0.602     -0.097      0.122      0.314      0.043
1049.0000     -3933.032    -3958.713       25.681   325.7      0.371      0.987      0.275      0.038      0.053     -0.080
1049.2500     -3932.926    -3958.613       25.688   325.8      0.698      1.006      0.195     -0.039     -0.118      0.051
1049.5000     -3931.111    -3957.704       26.593   337.3      1.179      0.717      0.109      0.130     -0.395     -0.135
1049.7500     -3931.163    -3957.248       26.085   330.8      1.140      1.118      0.403     -0.204     -0.261      0.074
1050.0000     -3931.191    -3956.574       25.382   321.9      0.932      0.835      0.284     -0.206      0.015     -0.210
1050.2500     -3929.813    -3956.396       26.582   337.1      0.772      1.497      0.953      0.074      0.050      0.039
1050.5000     -3930.076    -3955.216       25.140   318.8      0.868      0.593      0.179     -0.068      0.274     -0.019
1050.7500     -3930.610    -3957.478       26.868   340.8      0.637      0.813      0.037     -0.176      0.070     -0.069
1051.0000     -3930.841    -3957.155       26.314   333.7      0.698      0.624      0.029     -0.346     -0.101     -0.366
1051.2500     -3931.726    -3957.138       25.412   322.3      1.382      0.929      0.643     -0.204     -0.021     -0.179
1051.5000     -3930.377    -3956.658       26.281   333.3      0.301      0.670      0.416     -0.128     -0.197     -0.282
1051.7500     -3930.064    -3956.553       26.489   336.0      0.457      0.953      0.510     -0.370      0.030      0.154
1052.0000     -3928.968    -3955.366       26.398   334.8     -0.039      0.480     -0.003     -0.055     -0.107      0.060
1052.2500     -3930.046    -3956.510       26.464   335.6      0.667      0.997      0.135      0.037     -0.330     -0.098
1052.5000     -3929.687    -3955.760       26.073   330.7      1.033      0.379      0.240      0.115     -0.141     -0.150
1052.7500     -3930.352    -3957.621       27.269   345.8      0.286      0.651      0.048      0.133      0.164     -0.272
1053.0000     -3931.222    -3956.176       24.954   316.5      0.544      0.929     -0.007      0.057     -0.190     -0.027
1053.2500     -3930.999    -3957.747       26.748   339.2      0.810      0.664     -0.121     -0.229     -0.114      0.100
1053.5000     -3930.684    -3956.002       25.319   321.1      0.530      0.951     -0.295     -0.144     -0.068      0.025
1053.7500     -3930.181    -3956.615       26.434   335.2      1.056      1.031      0.304      0.268     -0.134      0.127
1054.0000     -3930.902    -3956.156       25.254   320.3      0.670      1.125      0.333      0.003     -0.083     -0.181
1054.2500     -3931.034    -3957.192       26.158   331.7      0.681      0.750      0.415      0.006      0.420      0.059
1054.5000     -3931.910    -3958.404       26.493   336.0      0.353      0.527     -0.583      0.008      0.211     -0.345
1054.7500     -3931.563    -3957.324       25.762   326.7      0.149      1.104      0.218      0.057     -0.182     -0.142
1055.0000     -3932.019    -3958.155       26.136   331.5      0.858      0.730      0.692      0.098     -0.114     -0.098
1055.2500     -3933.226    -3958.957       25.731   326.3      0.848      0.725      0.293      0.138      0.153      0.147
1055.5000     -3933.637    -3957.228       23.592   299.2      1.040      1.298     -0.034     -0.098      0.194     -0.057
1055.7500     -3932.915    -3957.619       24.704   313.3      0.526      0.454     -0.105     -0.013      0.257      0.064
1056.0000     -3932.050    -3958.286       26.236   332.7      0.854      0.881     -0.600     -0.310     -0.465     -0.121
1056.2500     -3933.678    -3959.283       25.605   324.7      0.747      1.110      0.271     -0.081     -0.173     -0.070
1056.5000     -3935.071    -3959.903       24.832   314.9      0.865      0.834      0.151     -0.272      0.118     -0.279
1056.7500     -3933.056    -3958.011       24.955   316.5      0.746      1.070      0.306      0.026      0.224     -0.047
1057.0000     -3932.676    -3957.038       24.362   309.0      0.674      1.284      0.567      0.263      0.254     -0.128
1057.2500     -3930.628    -3957.453       26.825   340.2      0.516      0.541      0.472      0.428     -0.080     -0.162
1057.5000     -3931.120    -3956.816       25.696   325.9      0.255      0.932      0.721      0.062     -0.260     -0.019
1057.7500     -3932.784    -3958.406       25.622   325.0      0.427      1.092      0.963      0.190     -0.056     -0.057
1058.0000     -3931.974    -3958.722       26.748   339.2      0.169      0.700     -0.053      0.253     -0.069      0.139
1058.2500     -3928.755    -3954.575       25.820   327.5      0.701      1.410      0.785     -0.227      0.232     -0.299
1058.5000     -3929.827    -3955.149       25.322   321.1      0.892      0.830      0.716     -0.024      0.028      0.086
1058.7500     -3928.639    -3955.135       26.496   336.0      1.133      0.834      0.105      0.119      0.157      0.330
1059.0000     -3928.174    -3954.651       26.477   335.8      1.056      0.776      0.295      0.093      0.118      0.274
1059.2500     -3928.941    -3955.086       26.146   331.6      0.636      0.658      0.101      0.003      0.099      0.065
1059.5000     -3928.965    -3955.763       26.799   339.9      0.792      1.318      1.050      0.087      0.407      0.088
1059.7500     -3929.320    -3956.001       26.681   338.4      0.346      1.243      0.420      0.080     -0.010      0.009
1060.0000     -3929.501    -3955.413       25.913   328.6      0.761      0.432      0.627     -0.191     -0.206      0.092
1060.2500     -3930.791    -3956.981       26.190   332.2      0.897      0.866      0.279      0.023     -0.283      0.011
1060.5000     -3931.571    -3956.518       24.947   316.4      0.529      0.999      0.614     -0.028      0.313      0.118
1060.7500     -3932.863    -3958.759       25.895   328.4      0.611      0.694     -0.428     -0.317      0.095     -0.022
1061.0000     -3932.113    -3957.618       25.505   323.5      0.639      0.496      1.085      0.151      0.111     -0.147
1061.2500     -3930.799    -3956.355       25.556   324.1      0.705      0.684      0.332     -0.048     -0.015      0.001
1061.5000     -3930.123    -3954.915       24.792   314.4      0.332      0.872     -0.059     -0.114     -0.064     -0.040
1061.7500     -3931.008    -3956.478       25.470   323.0      1.053      0.493      0.671      0.080      0.284      0.017
1062.0000     -3932.381    -3957.527       25.146   318.9      1.016      0.820      0.010     -0.146     -0.134      0.168
1062.2500     -3931.882    -3956.907       25.025   317.4      0.449      1.344      1.187     -0.187      0.227      0.002
1062.5000     -3931.286    -3956.229       24.943   316.3      0.933      0.178      0.574     -0.099     -0.142      0.362
1062.7500     -3930.210    -3955.101       24.891   315.7      0.929      1.147      0.227      0.112     -0.149      0.044
1063.0000     -3929.379    -3955.974       26.596   337.3      1.022      0.179      0.435     -0.239     -0.005      0.001
1063.2500     -3928.845    -3955.744       26.899   341.1      0.515      0.842     -0.343     -0.419     -0.018      0.017
1063.5000     -3929.340    -3955.853       26.513   336.3      0.728      1.025      0.040     -0.240     -0.045      0.095
1063.7500     -3929.742    -3956.584       26.842   340.4      0.891      1.055      0.224      0.042     -0.060      0.033
1064.0000     -3930.344    -3955.933       25.589   324.5      0.526      0.889     -0.015      0.026      0.063      0.191
1064.2500     -3929.580    -3956.044       26.464   335.6      0.918      0.434      0.184     -0.092     -0.327      0.048
1064.5000     -3929.606    -3955.145       25.539   323.9      1.354      1.183      0.924     -0.122      0.043      0.095
1064.7500     -3928.984    -3956.437       27.453   348.2      0.812      0.955      0.366      0.092      0.007     -0.035
1065.0000     -3929.093    -3954.151       25.058   317.8      0.841      0.905      0.805     -0.147      0.330      0.160
1065.2500     -3928.059    -3955.084       27.025   342.7      0.452      0.673      0.567      0.236      0.322     -0.061
1065.5000     -3928.713    -3954.913       26.200   332.3      0.964      1.265     -0.052     -0.177      0.107     -0.074
1065.7500     -3930.202    -3956.492       26.290   333.4      0.927      0.986      0.240      0.012     -0.134      0.149
1066.0000     -3929.584    -3955.414       25.829   327.6      0.622      0.598      0.515     -0.193     -0.017      0.047
1066.2500     -3931.059    -3956.320       25.261   320.4      1.272      0.871      0.169     -0.178      0.079     -0.050
1066.5000     -3930.021    -3955.322       25.301   320.9      0.971      1.397      0.197     -0.008     -0.255     -0.012
1066.7500     -3929.730    -3955.036       25.306   320.9      0.649      0.284      0.294      0.068     -0.174      0.045
1067.0000     -3927.005    -3953.686       26.680   338.4      0.503      0.987      0.350      0.070     -0.135      0.162
1067.2500     -3929.018    -3956.364       27.345   346.8      0.581      0.932     -0.436     -0.087     -0.273      0.116
1067.5000     -3930.896    -3956.113       25.217   319.8      0.649      1.006      0.286      0.156      0.307      0.065
1067.7500     -3930.440    -3955.758       25.317   321.1      0.977      0.941      0.300      0.224      0.112     -0.159
1068.0000     -3930.384    -3957.228       26.844   340.4      0.949      0.573      0.708     -0.227      0.079      0.119
1068.2500     -3929.059    -3955.808       26.749   339.2      0.088      0.580      0.331     -0.121     -0.130     -0.115
1068.5000     -3929.093    -3955.259       26.166   331.9      0.735      1.134      0.641     -0.122     -0.261     -0.030
1068.7500     -3929.162    -3955.989       26.827   340.2      0.588      0.845     -0.077     -0.137     -0.531      0.032
1069.0000     -3930.595    -3956.628       26.034   330.2      1.091      1.172      0.756      0.224     -0.317      0.146
1069.2500     -3931.376    -3956.972       25.597   324.6      0.939      0.797      0.316      0.103     -0.122     -0.031
1069.5000     -3928.744    -3955.231       26.487   335.9      0.695      0.974     -0.246     -0.137      0.111      0.025
1069.7500     -3929.522    -3956.691       27.169   344.6      0.726      0.930      0.524     -0.276     -0.108     -0.090
1070.0000     -3928.965    -3955.661       26.696   338.6      0.559      1.075     -0.100     -0.073     -0.095      0.007
1070.2500     -3928.459    -3955.518       27.059   343.2      0.869      0.931      0.232     -0.055     -0.083      0.120
1070.5000     -3928.601    -3955.884       27.283   346.0      1.158      0.704      0.702     -0.055      0.351     -0.239
1070.7500     -3928.309    -3955.357       27.048   343.0      1.180      0.935      0.397      0.142      0.118     -0.015
1071.0000     -3929.966    -3956.559       26.593   337.3      0.807      0.765      0.429      0.003      0.341      0.221
1071.2500     -3931.048    -3956.648       25.600   324.7      1.256      0.941      0.150      0.056     -0.345      0.050
1071.5000     -3931.337    -3957.305       25.969   329.4      0.850      0.876      0.188     -0.333      0.012      0.056
1071.7500     -3930.874    -3956.344       25.470   323.0      0.683      0.656      0.398      0.017     -0.027     -0.060
1072.0000     -3931.885    -3957.062       25.176   319.3      0.885      1.280      0.035      0.186      0.275      0.047
1072.2500     -3930.307    -3955.623       25.316   321.1      1.345      0.667      0.466     -0.292     -0.173     -0.098
1072.5000     -3930.469    -3956.266       25.797   327.2      0.825      1.492      0.476     -0.149      0.033      0.116
1072.7500     -3929.370    -3956.065       26.695   338.6      0.235      0.882      0.033     -0.237     -0.038      0.114
1073.0000     -3929.539    -3957.086       27.547   349.4      0.259      0.784     -0.231     -0.061      0.150      0.146
1073.2500     -3931.346    -3958.617       27.271   345.9      0.988      0.645      0.585      0.175      0.049     -0.128
1073.5000     -3932.260    -3958.921       26.661   338.1      0.422      1.207      0.024      0.014      0.195     -0.140
1073.7500     -3933.334    -3959.846       26.511   336.2      0.698      0.766     -0.164      0.052      0.001      0.054
1074.0000     -3931.626    -3957.402       25.776   326.9      0.679      0.727     -0.230      0.107     -0.591      0.220
1074.2500     -3932.043    -3956.588       24.545   311.3      0.710      0.774      0.336      0.222     -0.325      0.296
1074.5000     -3931.590    -3957.169       25.579   324.4      0.901      1.089      0.291     -0.091     -0.237      0.150
1074.7500     -3931.029    -3956.331       25.302   320.9      0.598      1.106      0.483     -0.310     -0.019      0.145
1075.0000     -3929.715    -3956.512       26.797   339.9      0.774      0.781      0.836     -0.030      0.037      0.093
1075.2500     -3929.961    -3957.119       27.159   344.4      0.048      0.647      0.023     -0.277     -0.206     -0.039
1075.5000     -3929.904    -3956.766       26.861   340.7      0.513      0.825      0.534      0.303     -0.421      0.068
1075.7500     -3930.441    -3956.312       25.871   328.1      0.317      0.419     -0.161      0.250     -0.169     -0.102
1076.0000     -3931.222    -3957.942       26.720   338.9      0.568      0.672     -0.169      0.125     -0.063      0.117
1076.2500     -3930.100    -3956.756       26.656   338.1      0.253      0.783      0.239     -0.054      0.025     -0.013
1076.5000     -3930.061    -3955.910       25.849   327.8      0.423      0.613     -0.089     -0.326     -0.127      0.111
1076.7500     -3931.334    -3957.584       26.249   332.9      1.168      0.862      0.511      0.056      0.377      0.310
1077.0000     -3930.285    -3956.062       25.777   326.9      0.520      1.231      0.537     -0.158     -0.108      0.410
1077.2500     -3930.643    -3956.808       26.165   331.8     -0.016      0.366     -0.210      0.466      0.077      0.061
1077.5000     -3930.373    -3956.843       26.470   335.7      0.160      0.524      0.072      0.016     -0.059      0.053
1077.7500     -3931.174    -3957.246       26.072   330.7      0.446      0.552      0.021     -0.249      0.013     -0.292
1078.0000     -3932.141    -3958.326       26.185   332.1      0.975      1.110      0.555     -0.047     -0.146     -0.070
1078.2500     -3932.101    -3957.551       25.450   322.8      0.654      0.784      0.375      0.185     -0.021      0.061
1078.5000     -3932.775    -3958.440       25.665   325.5      0.696      0.976      0.020      0.123     -0.214     -0.018
1078.7500     -3933.009    -3957.376       24.367   309.0      1.022      0.140      0.408      0.017     -0.071      0.011
1079.0000     -3930.908    -3955.943       25.035   317.5      0.966      0.563      0.138     -0.134     -0.359     -0.041
1079.2500     -3931.058    -3956.943       25.885   328.3      0.859      0.500      0.378     -0.181     -0.076     -0.012
1079.5000     -3930.538    -3956.856       26.318   333.8      0.640      0.825     -0.364      0.289      0.068      0.177
1079.7500     -3930.605    -3956.182       25.577   324.4      0.779      0.905      0.172      0.191      0.329     -0.029
1080.0000     -3930.544    -3955.716       25.172   319.2      0.922      0.788      0.316      0.200     -0.227      0.011
1080.2500     -3928.457    -3953.595       25.139   318.8      0.569      0.713      0.196     -0.061      0.008      0.104
1080.5000     -3929.361    -3955.298       25.936   328.9      0.343      0.870     -0.152     -0.162     -0.075      0.277
1080.7500     -3929.948    -3957.092       27.144   344.2      0.698      0.766      0.268      0.106     -0.055      0.261
1081.0000     -3932.168    -3957.352       25.184   319.4      0.807      0.986      0.160      0.174     -0.112      0.059
1081.2500     -3931.786    -3958.800       27.014   342.6      0.549      0.845      0.000      0.123      0.154     -0.089
1081.5000     -3931.190    -3956.157       24.967   316.6      1.113      0.551     -0.046      0.174      0.096     -0.010
1081.7500     -3930.940    -3956.356       25.417   322.4      0.879      0.545     -0.124      0.156     -0.025     -0.253
1082.0000     -3931.341    -3957.480       26.138   331.5      0.406      0.821     -0.465     -0.068      0.157      0.055
1082.2500     -3930.918    -3957.217       26.298   333.5      0.404      0.992      0.022      0.191     -0.098      0.066
1082.5000     -3931.559    -3957.780       26.222   332.6      0.740      0.850     -0.009     -0.174     -0.139     -0.225
1082.7500     -3931.590    -3957.107       25.517   323.6      0.736      0.573      0.433     -0.281     -0.250      0.011
1083.0000     -3930.518    -3956.376       25.858   327.9      1.206      1.117      0.257     -0.497     -0.459     -0.113
1083.2500     -3928.684    -3956.749       28.065   355.9      0.513      0.785      0.067      0.013      0.310     -0.099
1083.5000     -3929.738    -3955.980       26.242   332.8      0.816      0.683      0.399     -0.023      0.186      0.246
1083.7500     -3927.420    -3953.200       25.780   327.0      0.896      1.452     -0.286      0.351      0.211      0.107
1084.0000     -3928.793    -3956.038       27.245   345.5      0.586      0.889      0.518     -0.113     -0.043      0.132
1084.2500     -3929.106    -3955.353       26.247   332.9      0.495      0.672      0.120     -0.176     -0.308      0.105
1084.5000     -3931.767    -3958.000       26.233   332.7      0.290      0.622     -0.257      0.055     -0.155     -0.388
1084.7500     -3932.920    -3958.967       26.047   330.3      0.870      0.568     -0.112      0.159      0.024      0.025
1085.0000     -3932.890    -3958.172       25.281   320.6      0.885      0.429     -0.212      0.128      0.177     -0.026
1085.2500     -3931.409    -3957.746       26.337   334.0      0.305      0.869     -0.250      0.093     -0.022      0.116
1085.5000     -3932.887    -3958.312       25.425   322.5      0.649      1.237     -0.048     -0.029     -0.132     -0.149
1085.7500     -3933.301    -3958.126       24.825   314.8      0.539      0.711      0.495      0.248     -0.225     -0.098
1086.0000     -3932.599    -3957.609       25.010   317.2      0.727      0.794      0.141     -0.246      0.264      0.014
1086.2500     -3931.264    -3956.909       25.645   325.2      1.034      0.673      0.856      0.167      0.264      0.161
1086.5000     -3932.187    -3956.088       23.901   303.1      0.142      0.216     -0.399     -0.038      0.221     -0.042
1086.7500     -3931.070    -3955.607       24.537   311.2      0.983      1.229      0.219      0.031     -0.057     -0.046
1087.0000     -3929.279    -3955.455       26.175   332.0      0.854      0.679      0.215      0.137     -0.448     -0.013
1087.2500     -3931.380    -3957.229       25.849   327.8      0.917      0.713      0.340      0.445      0.257     -0.455
1087.5000     -3932.117    -3957.416       25.299   320.9      1.020      1.212      0.353      0.228      0.072     -0.172
1087.7500     -3930.585    -3956.042       25.457   322.9      0.732      0.892      0.556     -0.073      0.123     -0.063
1088.0000     -3931.501    -3957.099       25.598   324.6      0.421      0.893      0.540      0.214      0.199     -0.017
1088.2500     -3929.364    -3955.648       26.285   333.4      1.009      0.691      0.252      0.009     -0.003      0.137
1088.5000     -3932.142    -3957.504       25.362   321.7      0.809      0.942      0.267      0.109     -0.134      0.169
1088.7500     -3932.412    -3957.315       24.902   315.8      0.768      0.969      0.753      0.296      0.052      0.249
1089.0000     -3931.447    -3955.481       24.035   304.8      1.017      1.114      0.453     -0.175      0.148      0.272
1089.2500     -3929.248    -3955.493       26.244   332.8      1.274      0.721      0.148      0.010      0.562     -0.073
1089.5000     -3930.603    -3956.708       26.105   331.1      0.836      0.844      0.172     -0.155      0.177     -0.056
1089.7500     -3929.187    -3955.583       26.396   334.8      0.611      0.735      0.337     -0.080     -0.172      0.113
1090.0000     -3927.871    -3954.816       26.945   341.7      0.460      0.574      0.279      0.171     -0.315      0.202
1090.2500     -3929.033    -3955.813       26.780   339.6      0.764      0.806      0.230     -0.000     -0.121      0.381
1090.5000     -3931.366    -3956.596       25.230   320.0      0.647      1.073      0.045     -0.171      0.250     -0.058
1090.7500     -3931.039    -3957.383       26.344   334.1      0.914      0.775      0.478      0.080      0.224     -0.128
1091.0000     -3929.775    -3956.065       26.290   333.4      0.614      0.953      0.900      0.196     -0.018      0.037
1091.2500     -3929.870    -3956.566       26.695   338.6      0.161      1.090     -0.248      0.024      0.249     -0.105
1091.5000     -3928.615    -3955.727       27.112   343.8      0.764      0.883      0.199     -0.170      0.093      0.009
1091.7500     -3928.224    -3954.283       26.059   330.5      1.034      0.990      0.899     -0.232     -0.034      0.045
1092.0000     -3928.430    -3955.096       26.666   338.2      0.734      0.503      0.056      0.004     -0.130      0.115
1092.2500     -3929.244    -3956.257       27.012   342.6      1.308      0.775      0.119      0.139     -0.256      0.083
1092.5000     -3930.248    -3955.557       25.309   321.0      0.439      0.778     -0.593     -0.122     -0.375     -0.028
1092.7500     -3929.902    -3956.010       26.108   331.1      0.987      0.744     -0.002     -0.133     -0.426     -0.148
1093.0000     -3931.231    -3956.652       25.421   322.4      0.540      0.522     -0.673     -0.044     -0.318      0.100
1093.2500     -3929.708    -3955.162       25.454   322.8      0.746      0.887      0.006      0.065     -0.112     -0.152
1093.5000     -3929.858    -3956.724       26.866   340.7      0.738      1.281      0.209      0.016      0.032     -0.116
1093.7500     -3930.716    -3955.758       25.042   317.6      0.873      0.611      0.658      0.055     -0.159      0.017
1094.0000     -3932.511    -3956.784       24.272   307.8      1.019      1.308      0.132     -0.128     -0.262     -0.350
1094.2500     -3929.528    -3956.526       26.997   342.4      0.593      0.583     -0.077     -0.150     -0.008      0.089
1094.5000     -3931.893    -3956.931       25.038   317.5      0.894      1.030      0.510     -0.178     -0.084      0.034
1094.7500     -3928.354    -3954.635       26.281   333.3      0.605      0.838      0.524     -0.201     -0.028      0.177
1095.0000     -3928.538    -3954.360       25.822   327.5      0.680      1.117      0.707      0.121      0.288     -0.148
1095.2500     -3928.067    -3954.803       26.736   339.1      0.456      0.707      0.470     -0.236      0.308      0.072
1095.5000     -3928.202    -3954.942       26.740   339.1      0.436      1.176      0.684     -0.079     -0.027     -0.169
1095.7500     -3929.587    -3955.192       25.605   324.7      0.651      0.588     -0.370      0.212     -0.159     -0.096
1096.0000     -3928.538    -3955.075       26.537   336.6      1.023      0.831      0.520     -0.457     -0.128     -0.212
1096.2500     -3929.298    -3955.956       26.658   338.1      0.794      0.747     -0.154     -0.114     -0.330     -0.082
1096.5000     -3929.940    -3955.734       25.794   327.1      0.722      1.000      0.392      0.350      0.293     -0.297
1096.7500     -3931.682    -3956.795       25.114   318.5      0.911      1.079      0.291      0.064     -0.094      0.037
1097.0000     -3930.352    -3955.668       25.316   321.1      0.888      0.940     -0.153      0.205     -0.005     -0.027
1097.2500     -3929.727    -3957.133       27.406   347.6      0.503      0.744      0.438      0.168      0.036      0.191
1097.5000     -3928.807    -3955.519       26.711   338.8      0.504      0.728     -0.120     -0.096      0.065      0.110
1097.7500     -3927.978    -3955.344       27.366   347.1      0.501      0.154      0.433     -0.211      0.179      0.010
1098.0000     -3930.616    -3956.577       25.961   329.2      0.558      0.704      0.049     -0.076     -0.229      0.020
1098.2500     -3931.334    -3957.208       25.874   328.2      0.909      0.556     -0.218     -0.184      0.140     -0.217
1098.5000     -3928.921    -3955.859       26.939   341.6      1.129      0.775      0.694     -0.015     -0.317      0.083
1098.7500     -3928.840    -3954.372       25.532   323.8      0.314      0.166     -0.204     -0.106      0.124     -0.176
1099.0000     -3929.382    -3956.361       26.979   342.2      0.891      1.385      0.539     -0.078      0.114      0.061
1099.2500     -3930.242    -3955.507       25.265   320.4      0.960      1.266      0.483     -0.168     -0.059      0.059
1099.5000     -3932.736    -3956.732       23.996   304.3      0.851      0.723      0.031     -0.194      0.074      0.217
1099.7500     -3931.792    -3957.012       25.219   319.8      0.742      0.792     -0.024      0.124     -0.285      0.030
1100.0000     -3930.262    -3955.483       25.221   319.9      0.493      0.541      0.037     -0.083     -0.353     -0.105
1100.2500     -3929.116    -3957.381       28.265   358.5      1.092      0.840      0.586      0.109      0.186     -0.030
1100.5000     -3929.393    -3956.721       27.328   346.6      0.520      0.512      0.155      0.029     -0.144      0.228
1100.7500     -3931.771    -3957.743       25.972   329.4      0.436      1.306      0.372     -0.194     -0.085      0.160
1101.0000     -3931.043    -3955.880       24.837   315.0      1.219      1.161      0.403     -0.072     -0.197      0.107
1101.2500     -3929.038    -3956.729       27.691   351.2      0.459      0.239      0.362     -0.124      0.205      0.022
1101.5000     -3930.557    -3957.012       26.454   335.5      0.638      1.223      0.777      0.343     -0.014      0.091
1101.7500     -3929.954    -3955.896       25.942   329.0      0.682      0.383     -0.217     -0.328      0.289     -0.267
1102.0000     -3929.888    -3957.271       27.382   347.3      1.108      0.467      0.397     -0.150     -0.109     -0.274
1102.2500     -3931.401    -3956.963       25.562   324.2      0.959      0.760      0.728     -0.475     -0.021     -0.040
1102.5000     -3932.719    -3957.608       24.889   315.7      0.793      0.689      0.412      0.183     -0.105      0.031
1102.7500     -3931.220    -3957.178       25.958   329.2      0.307      0.546     -0.382     -0.113     -0.571      0.104
1103.0000     -3931.058    -3958.111       27.053   343.1      1.520      1.041      0.393      0.029      0.026      0.109
1103.2500     -3932.088    -3957.713       25.625   325.0      1.071      0.852      0.254      0.311      0.130      0.128
1103.5000     -3931.439    -3957.861       26.422   335.1      0.348      0.775      0.130      0.092      0.383      0.136
1103.7500     -3931.870    -3957.440       25.570   324.3      1.139      1.078      0.335      0.014      0.180     -0.014
1104.0000     -3931.088    -3955.303       24.215   307.1      1.291      0.969      0.270     -0.012      0.102     -0.024
1104.2500     -3930.564    -3957.497       26.933   341.6      0.598      0.642     -0.067     -0.098     -0.130      0.187
1104.5000     -3931.425    -3957.833       26.409   334.9      0.951      0.871      0.509     -0.147      0.079     -0.070
1104.7500     -3931.342    -3957.391       26.049   330.4      0.293      1.038      0.094     -0.082     -0.048      0.190
1105.0000     -3931.749    -3956.602       24.853   315.2      0.564      0.797      0.472      0.118      0.032      0.080
1105.2500     -3931.716    -3957.487       25.771   326.8      0.995      0.824      0.042     -0.180     -0.150     -0.068
1105.5000     -3931.394    -3957.738       26.344   334.1      1.065      0.581      0.506     -0.140      0.001      0.087
1105.7500     -3930.026    -3956.433       26.407   334.9      0.583      1.293      0.678      0.082     -0.236      0.166
1106.0000     -3932.273    -3958.602       26.329   333.9      0.548      0.600      0.476      0.266      0.146      0.188
1106.2500     -3932.689    -3957.658       24.970   316.7      1.026      1.070      0.691      0.561     -0.180     -0.030
1106.5000     -3933.685    -3960.333       26.648   338.0      0.493      0.924      0.119      0.396      0.068     -0.139
1106.7500     -3933.346    -3959.080       25.734   326.4      0.641      0.364      0.415      0.066     -0.317     -0.035
1107.0000     -3934.376    -3959.592       25.216   319.8      1.197      0.937      0.635     -0.030     -0.065      0.076
1107.2500     -3933.948    -3958.582       24.634   312.4      0.956      0.874      0.606     -0.102      0.150     -0.063
1107.5000     -3933.211    -3958.363       25.151   319.0      0.711      0.849      0.403      0.209      0.299      0.225
1107.7500     -3931.876    -3958.623       26.746   339.2      0.300      0.811     -0.160     -0.126     -0.284     -0.267
1108.0000     -3931.670    -3956.571       24.901   315.8      0.621      0.595      0.325     -0.293     -0.160      0.016
1108.2500     -3932.516    -3958.357       25.841   327.7      0.421      0.733     -0.427     -0.230     -0.568      0.043
1108.5000     -3932.222    -3958.091       25.869   328.1      0.671      0.119      0.514     -0.290     -0.209     -0.058
1108.7500     -3933.733    -3957.762       24.029   304.7      0.835      0.791      0.525     -0.067     -0.292      0.018
1109.0000     -3929.082    -3955.927       26.846   340.5      0.586      0.234     -0.250      0.329      0.284      0.201
1109.2500     -3930.526    -3957.731       27.205   345.0      0.898      0.701      0.099     -0.180      0.032      0.258
1109.5000     -3931.389    -3958.073       26.683   338.4      1.498      0.433      0.715     -0.019      0.085      0.085
1109.7500     -3929.530    -3957.619       28.089   356.2      0.576      0.072     -0.248     -0.104      0.300      0.281
1110.0000     -3932.312    -3958.117       25.806   327.3      0.782      1.114      0.452     -0.245      0.130     -0.081
1110.2500     -3932.368    -3959.027       26.659   338.1      0.358      0.263      0.078      0.299     -0.157      0.185
1110.5000     -3932.136    -3958.470       26.335   334.0      0.856      0.433     -0.221      0.142     -0.002      0.092
1110.7500     -3932.410    -3958.447       26.037   330.2      0.991      0.928      0.809     -0.138      0.246     -0.161
1111.0000     -3930.879    -3956.668       25.789   327.1      0.492      0.978     -0.396     -0.088      0.024     -0.114
1111.2500     -3930.859    -3957.484       26.624   337.7      0.605      0.912      0.008      0.240     -0.034      0.021
1111.5000     -3931.003    -3957.379       26.376   334.5      0.708      0.900      0.350      0.161     -0.196      0.058
1111.7500     -3930.594    -3957.550       26.956   341.9      0.156      0.697     -0.343      0.055     -0.074     -0.202
1112.0000     -3931.164    -3956.930       25.766   326.8      0.454      0.199     -0.046     -0.093      0.167      0.050
1112.2500     -3932.025    -3957.213       25.188   319.4      0.676      0.585      0.583     -0.098      0.242     -0.079
1112.5000     -3931.248    -3956.733       25.485   323.2      0.881      1.015      0.552      0.026      0.261      0.077
1112.7500     -3930.698    -3955.469       24.770   314.2      1.100      0.413      0.505      0.267      0.253      0.146
1113.0000     -3930.754    -3957.439       26.685   338.4      0.901      1.122      0.014      0.574      0.085      0.050
1113.2500     -3930.194    -3957.447       27.253   345.6      0.806      0.684      0.006      0.067      0.381      0.148
1113.5000     -3929.735    -3957.141       27.406   347.6      0.552      0.002      0.079     -0.105     -0.002      0.046
1113.7500     -3931.890    -3956.898       25.008   317.2      0.904      0.825      0.421     -0.172     -0.088     -0.104
1114.0000     -3931.159    -3956.478       25.319   321.1      0.827      1.019      0.274      0.251     -0.157     -0.205
1114.2500     -3930.709    -3957.486       26.778   339.6      0.534      0.517     -0.178      0.100      0.036     -0.179
1114.5000     -3931.347    -3956.829       25.481   323.2      0.934      0.647     -0.108     -0.120      0.266      0.061
1114.7500     -3932.565    -3958.305       25.740   326.4      0.929      1.339      0.497     -0.215      0.127     -0.049
1115.0000     -3931.891    -3956.896       25.005   317.1      0.880      0.658      0.491     -0.264      0.086      0.110
1115.2500     -3929.506    -3956.954       27.448   348.1      0.739      1.160      0.198     -0.205     -0.207      0.078
1115.5000     -3931.306    -3956.181       24.875   315.5      1.133      1.318      0.349      0.157      0.158      0.210
1115.7500     -3930.397    -3955.842       25.445   322.7      0.157      0.855      0.015     -0.024      0.000      0.051
1116.0000     -3931.799    -3958.083       26.285   333.4      1.167      1.219      0.525      0.206      0.270      0.102
1116.2500     -3931.973    -3957.505       25.533   323.8      1.174      0.674      0.419     -0.394      0.310      0.120
1116.5000     -3932.768    -3956.924       24.156   306.4      0.714      0.699      0.588     -0.188      0.323     -0.001
1116.7500     -3933.879    -3958.658       24.779   314.3      0.658      1.067     -0.238     -0.401     -0.163     -0.043
1117.0000     -3932.667    -3958.127       25.461   322.9      0.742      0.457      0.719     -0.256      0.135     -0.054
1117.2500     -3932.545    -3957.178       24.633   312.4      0.921      0.945      0.191     -0.104     -0.112     -0.067
1117.5000     -3932.981    -3957.487       24.506   310.8      0.754      0.705      0.124     -0.167      0.066     -0.041
1117.7500     -3930.429    -3956.033       25.604   324.7      0.834      1.072      0.768     -0.037     -0.020      0.157
1118.0000     -3930.984    -3956.820       25.835   327.7      0.524      1.036      0.656     -0.009      0.005     -0.023
1118.2500     -3930.374    -3955.696       25.323   321.2      0.383      0.955      0.619      0.067      0.028      0.112
1118.5000     -3930.708    -3958.127       27.419   347.7      0.400      0.530      0.602      0.094     -0.055      0.072
1118.7500     -3931.686    -3957.108       25.421   322.4      0.837      0.729      0.587     -0.215      0.161     -0.086
1119.0000     -3930.814    -3956.713       25.899   328.5      1.076      1.180      1.029     -0.192      0.148      0.160
1119.2500     -3930.786    -3957.517       26.730   339.0      0.548      1.064      0.644      0.147     -0.077      0.218
1119.5000     -3930.912    -3955.772       24.860   315.3      0.810      0.548      0.378     -0.068     -0.054     -0.071
1119.7500     -3929.521    -3955.727       26.206   332.4      0.629      0.807      0.196      0.299      0.163      0.130
1120.0000     -3928.888    -3957.053       28.165   357.2      0.143      0.513      0.288     -0.073      0.048     -0.044
1120.2500     -3928.078    -3954.562       26.484   335.9      0.814      0.655      0.186     -0.363     -0.133      0.243
1120.5000     -3930.013    -3955.700       25.687   325.8      0.086      0.429     -0.377     -0.143     -0.324     -0.028
1120.7500     -3932.095    -3956.551       24.456   310.2      0.731      0.526      0.569     -0.310     -0.091     -0.112
1121.0000     -3931.108    -3956.915       25.807   327.3      0.707      0.645      0.354     -0.077      0.179     -0.003
1121.2500     -3931.605    -3956.770       25.165   319.2      0.412      0.787     -0.555      0.034      0.254     -0.145
1121.5000     -3931.148    -3956.093       24.945   316.4      1.080      0.513      0.541      0.109      0.384      0.074
1121.7500     -3931.675    -3957.293       25.618   324.9      0.534      0.633     -0.022     -0.224     -0.139     -0.152
1122.0000     -3929.714    -3955.711       25.996   329.7      0.293      0.767      0.261     -0.073     -0.042      0.167
1122.2500     -3930.627    -3956.213       25.586   324.5      0.426      0.621      0.582      0.007     -0.347      0.166
1122.5000     -3929.877    -3956.137       26.260   333.0      1.034      0.628      0.017     -0.018     -0.112      0.061
1122.7500     -3930.370    -3956.290       25.920   328.7      0.653      0.550      0.843      0.114      0.210      0.087
1123.0000     -3930.884    -3956.636       25.752   326.6      0.452      1.092      0.186      0.290      0.061     -0.135
1123.2500     -3931.735    -3956.522       24.788   314.4      1.015      0.779      0.711      0.185     -0.097      0.257
1123.5000     -3930.200    -3956.091       25.891   328.4      0.872      0.723      0.498     -0.001     -0.130     -0.027
1123.7500     -3929.328    -3954.517       25.188   319.5      0.866      0.676      0.437      0.025     -0.036     -0.021
1124.0000     -3929.592    -3955.203       25.610   324.8      1.023      1.108      0.959      0.137      0.096      0.015
1124.2500     -3930.462    -3957.788       27.326   346.6      1.063      0.436     -0.128      0.064     -0.094     -0.115
1124.5000     -3930.101    -3957.841       27.740   351.8      0.645      1.142      0.695      0.248     -0.163      0.086
1124.7500     -3929.414    -3956.040       26.626   337.7      0.565      0.924      0.671     -0.033     -0.151      0.082
1125.0000     -3929.329    -3955.854       26.525   336.4      0.911      1.256      0.761      0.091      0.063     -0.115
1125.2500     -3928.725    -3956.371       27.645   350.6      0.534      0.807      0.457      0.101      0.225      0.031
1125.5000     -3928.964    -3956.345       27.382   347.3      1.038      0.828      0.410     -0.143      0.514      0.095
1125.7500     -3929.298    -3954.724       25.425   322.5      1.037      0.685      0.897     -0.113      0.400     -0.035
1126.0000     -3932.271    -3957.297       25.027   317.4      0.635      0.305     -0.386      0.261      0.023      0.131
1126.2500     -3931.537    -3956.360       24.823   314.8      0.554      0.382     -0.146      0.060     -0.234     -0.020
1126.5000     -3930.747    -3956.619       25.873   328.1      0.307      0.672     -0.114      0.243     -0.091      0.005
1126.7500     -3928.549    -3955.102       26.553   336.8      0.928      0.660      0.429      0.056     -0.255     -0.251
1127.0000     -3930.552    -3957.541       26.989   342.3      0.559      0.289      0.088     -0.042     -0.125      0.201
1127.2500     -3930.311    -3955.898       25.587   324.5      0.868      0.953      0.203     -0.335     -0.087      0.271
1127.5000     -3930.956    -3955.901       24.945   316.4      1.113      0.903      0.603      0.105      0.258      0.024
1127.7500     -3929.905    -3956.629       26.724   338.9      0.952      0.327      0.102     -0.181     -0.109     -0.310
1128.0000     -3931.217    -3956.769       25.552   324.1      0.950      0.954      0.396     -0.286      0.147     -0.064
1128.2500     -3931.271    -3956.368       25.097   318.3      0.807      0.676     -0.054     -0.076     -0.018      0.245
1128.5000     -3928.859    -3954.575       25.716   326.1      0.996      0.823     -0.253     -0.052     -0.026     -0.055
1128.7500     -3929.764    -3954.429       24.664   312.8      0.769      0.483      0.460      0.035      0.020     -0.338
1129.0000     -3929.129    -3955.412       26.284   333.3      0.720      0.315      0.348      0.196     -0.039      0.184
1129.2500     -3928.750    -3954.746       25.996   329.7      0.337      0.500     -0.249      0.098      0.250      0.085
1129.5000     -3928.208    -3954.823       26.615   337.5      0.893      0.753      0.036     -0.028      0.248     -0.086
1129.7500     -3931.863    -3956.200       24.338   308.7      0.843      0.457      0.274     -0.165      0.050     -0.070
1130.0000     -3930.707    -3957.333       26.626   337.7      0.358      0.874      0.051      0.101     -0.190      0.203
1130.2500     -3931.799    -3956.415       24.616   312.2      0.821      1.033      0.213     -0.070      0.112      0.240
1130.5000     -3930.697    -3956.735       26.038   330.2      0.968      0.895     -0.058      0.063     -0.090     -0.054
1130.7500     -3932.506    -3956.182       23.676   300.3      1.120      0.879      0.173      0.053     -0.065      0.007
1131.0000     -3932.039    -3956.411       24.372   309.1      0.770      0.935      0.192      0.078     -0.283      0.035
1131.2500     -3931.995    -3957.359       25.364   321.7      0.989      0.185      0.072      0.061     -0.006      0.195
1131.5000     -3932.651    -3957.189       24.539   311.2      0.607      1.103      0.621      0.055      0.300     -0.033
1131.7500     -3932.313    -3956.108       23.796   301.8      0.609      1.131      0.465     -0.434      0.232      0.017
1132.0000     -3931.555    -3956.736       25.182   319.4      0.095      0.496     -0.080     -0.124      0.344     -0.061
1132.2500     -3931.967    -3957.085       25.118   318.6      0.788      0.694      0.522     -0.193     -0.041      0.078
1132.5000     -3930.313    -3956.895       26.582   337.1      0.270      1.012      0.619     -0.088     -0.050     -0.026
1132.7500     -3929.704    -3955.651       25.947   329.1      0.591      0.512      0.104      0.131      0.727     -0.144
1133.0000     -3928.935    -3955.355       26.421   335.1      1.138      0.208      0.344     -0.226      0.057     -0.252
1133.2500     -3928.564    -3954.570       26.006   329.8      0.975      1.119      0.217     -0.112      0.012      0.051
1133.5000     -3930.662    -3956.372       25.710   326.1      1.197      0.235      0.618      0.263     -0.199      0.103
1133.7500     -3931.827    -3956.413       24.585   311.8      0.859      0.502      0.174      0.173     -0.165      0.259
1134.0000     -3929.846    -3955.315       25.469   323.0      1.070      0.435      0.608      0.246      0.126      0.214
1134.2500     -3929.454    -3956.560       27.106   343.8      0.937      0.693      1.238      0.150      0.256      0.082
1134.5000     -3930.902    -3957.200       26.298   333.5      0.430      0.727      0.224     -0.050      0.273     -0.075
1134.7500     -3930.542    -3956.731       26.189   332.1      0.566      1.158      0.184     -0.204      0.187      0.190
1135.0000     -3930.216    -3955.967       25.751   326.6      0.650      1.022      0.371      0.140     -0.056     -0.099
1135.2500     -3930.144    -3955.921       25.777   326.9      1.060      1.117     -0.302      0.041     -0.057      0.051
1135.5000     -3931.450    -3957.312       25.862   328.0      0.521      0.857      0.463      0.181     -0.048      0.058
1135.7500     -3928.956    -3954.385       25.428   322.5      1.302      0.734      0.074      0.361      0.279      0.062
1136.0000     -3929.399    -3955.399       26.001   329.8      0.742      1.132      0.142      0.175     -0.158     -0.040
1136.2500     -3931.060    -3956.680       25.620   324.9      0.524      0.802      0.741      0.067     -0.034     -0.455
1136.5000     -3931.449    -3957.746       26.297   333.5      0.871      1.151      0.143      0.102     -0.234     -0.077
1136.7500     -3929.598    -3955.843       26.245   332.9      1.029      0.922      0.645      0.077     -0.078      0.106
1137.0000     -3929.938    -3956.615       26.677   338.3      0.518      0.376     -0.020      0.062      0.044     -0.094
1137.2500     -3930.983    -3957.588       26.605   337.4      0.673      0.838      0.378      0.089     -0.042      0.029
1137.5000     -3930.725    -3957.073       26.347   334.2      1.327      1.376      0.792      0.116     -0.122      0.023
1137.7500     -3931.033    -3957.466       26.433   335.2      0.563      0.991      0.234     -0.115      0.279     -0.258
1138.0000     -3929.699    -3955.134       25.435   322.6      0.592      1.223      0.568      0.148      0.077     -0.225
1138.2500     -3929.172    -3956.017       26.846   340.5      0.235      0.058      0.521     -0.169      0.150      0.052
1138.5000     -3930.295    -3956.799       26.504   336.1      0.530      1.135      0.246      0.114      0.041     -0.030
1138.7500     -3930.672    -3957.063       26.391   334.7      0.783      0.737      0.218     -0.499      0.296      0.129
1139.0000     -3930.928    -3956.039       25.111   318.5      0.238      1.029     -0.166      0.012      0.142      0.014
1139.2500     -3929.982    -3956.111       26.130   331.4      1.090      0.659      0.271     -0.174     -0.144      0.262
1139.5000     -3930.512    -3955.151       24.639   312.5      0.846      1.170      0.249     -0.459     -0.074     -0.143
1139.7500     -3931.562    -3956.889       25.327   321.2      0.736      0.886      0.162     -0.164      0.324      0.041
1140.0000     -3931.895    -3958.066       26.171   331.9      0.687      1.187     -0.221      0.081      0.009     -0.167
1140.2500     -3934.265    -3958.482       24.218   307.1      0.702      1.075      0.232      0.312      0.136      0.055
1140.5000     -3933.153    -3957.483       24.330   308.6      0.925      1.143      0.616     -0.171     -0.071     -0.021
1140.7500     -3931.161    -3957.318       26.158   331.7      1.133      0.675      0.087      0.177      0.103      0.321
1141.0000     -3932.501    -3958.036       25.535   323.9      0.348      0.847     -0.203     -0.068      0.259     -0.109
1141.2500     -3932.124    -3957.171       25.047   317.7      0.824      0.799      0.697     -0.068     -0.219     -0.295
1141.5000     -3931.209    -3956.658       25.450   322.8      0.753      1.182      0.435     -0.085      0.041      0.110
1141.7500     -3930.042    -3954.826       24.785   314.3      0.448      1.155      0.258     -0.102     -0.434     -0.180
1142.0000     -3929.487    -3953.777       24.290   308.1      0.932      0.942      0.365      0.332     -0.066      0.244
1142.2500     -3929.349    -3955.671       26.322   333.8      0.532      1.126      0.390      0.234     -0.204      0.013
1142.5000     -3929.484    -3955.102       25.618   324.9      0.738      1.226      0.357     -0.082     -0.090     -0.121
1142.7500     -3929.894    -3955.986       26.092   330.9      0.284      0.916     -0.119     -0.067      0.328      0.059
1143.0000     -3930.384    -3955.784       25.400   322.1      0.782      1.284      0.614     -0.233     -0.055     -0.246
1143.2500     -3929.707    -3956.146       26.439   335.3      0.247      0.944      0.045     -0.046      0.116      0.138
1143.5000     -3929.001    -3955.169       26.168   331.9      0.713      0.764      0.223     -0.192     -0.148     -0.098
1143.7500     -3926.879    -3954.117       27.237   345.4      0.899      1.186      0.477      0.056      0.146     -0.009
1144.0000     -3929.283    -3956.615       27.332   346.6      0.276      1.480      0.050     -0.189     -0.002      0.196
1144.2500     -3930.447    -3955.793       25.346   321.5      0.621      1.032      0.136      0.008     -0.147      0.044
1144.5000     -3929.703    -3955.676       25.973   329.4      0.610      0.844      0.264      0.022     -0.109      0.176
1144.7500     -3929.037    -3956.768       27.730   351.7      0.596      0.571      0.437      0.163     -0.029     -0.236
1145.0000     -3929.172    -3955.155       25.984   329.5      0.760      1.483      0.719      0.001      0.159      0.005
1145.2500     -3927.734    -3953.982       26.248   332.9      0.441      0.141      0.294      0.197      0.341      0.000
1145.5000     -3926.777    -3954.232       27.456   348.2      0.876      0.748     -0.003     -0.022     -0.006      0.043
1145.7500     -3929.949    -3955.756       25.807   327.3      1.071      1.126      0.692      0.117      0.078     -0.014
1146.0000     -3932.265    -3956.957       24.692   313.2      0.114      0.899     -0.296      0.506     -0.179      0.042
1146.2500     -3931.489    -3957.241       25.752   326.6      0.448      0.605      0.173      0.020     -0.090      0.003
1146.5000     -3930.628    -3956.424       25.795   327.2      0.884      0.894     -0.047     -0.009     -0.351      0.148
1146.7500     -3931.153    -3957.280       26.128   331.4      0.555      0.924      0.499     -0.111      0.074      0.191
1147.0000     -3931.549    -3957.035       25.485   323.2      0.776      1.256      0.572     -0.007     -0.146     -0.001
1147.2500     -3930.515    -3956.075       25.560   324.2      0.252      0.483     -0.176      0.025     -0.012      0.071
1147.5000     -3930.290    -3956.398       26.108   331.1      0.806      0.702      0.244      0.108      0.130     -0.134
1147.7500     -3929.208    -3956.902       27.694   351.2      0.727      0.686      0.733     -0.188      0.088      0.167
1148.0000     -3932.309    -3958.023       25.715   326.1      0.211      0.733     -0.234      0.227      0.102     -0.105
1148.2500     -3932.413    -3958.347       25.934   328.9      0.828      1.071      0.519      0.308     -0.023      0.043
1148.5000     -3930.482    -3956.682       26.200   332.3      0.541      0.714     -0.108      0.123     -0.403      0.090
1148.7500     -3928.684    -3957.355       28.671   363.6      0.601      0.961      0.282     -0.011      0.081      0.232
1149.0000     -3930.955    -3956.614       25.659   325.4      1.006      1.395      0.883     -0.027      0.337      0.131
1149.2500     -3930.777    -3956.628       25.851   327.9      0.110      0.830     -0.047     -0.087      0.265     -0.006
1149.5000     -3932.028    -3956.729       24.701   313.3      0.600      1.071      1.034      0.140     -0.115     -0.214
1149.7500     -3928.861    -3955.512       26.650   338.0      0.630      1.216      0.572      0.181     -0.162      0.094
1150.0000     -3929.629    -3954.438       24.809   314.6      0.605      1.318     -0.202     -0.095     -0.094     -0.133
1150.2500     -3928.454    -3955.684       27.230   345.3      0.799      0.740      0.415     -0.013     -0.048     -0.058
1150.5000     -3928.974    -3954.186       25.211   319.7      0.654      1.033      0.481      0.024     -0.129     -0.214
1150.7500     -3928.261    -3954.219       25.958   329.2      0.276      0.638     -0.209     -0.118      0.101     -0.131
1151.0000     -3928.442    -3955.627       27.185   344.8      0.239      0.805      0.342     -0.057     -0.303      0.395
1151.2500     -3926.427    -3953.348       26.921   341.4      1.109      0.821      1.169      0.187     -0.367      0.040
1151.5000     -3927.062    -3954.873       27.810   352.7      0.518      0.828     -0.414     -0.149     -0.205     -0.177
1151.7500     -3927.740    -3954.339       26.599   337.3      0.886      0.882      0.731     -0.160      0.338      0.017
1152.0000     -3930.434    -3954.952       24.518   310.9      0.956      1.252      0.719      0.208      0.036      0.034
1152.2500     -3929.631    -3955.318       25.687   325.8      0.339      0.516      0.171     -0.212     -0.152     -0.138
1152.5000     -3929.751    -3956.166       26.415   335.0      0.802      1.042      0.034      0.056      0.074     -0.076
1152.7500     -3930.675    -3955.587       24.912   315.9      0.429      0.472     -0.031     -0.308      0.235      0.080
1153.0000     -3929.637    -3956.464       26.826   340.2      0.929      1.414      0.760      0.030      0.227      0.025
1153.2500     -3930.279    -3955.813       25.534   323.8      0.555      1.207      0.162      0.052      0.154     -0.066
1153.5000     -3930.694    -3957.676       26.982   342.2      0.638      0.956     -0.317     -0.008     -0.499     -0.158
1153.7500     -3931.859    -3957.991       26.133   331.4      0.694      0.937      0.500     -0.139     -0.470     -0.214
1154.0000     -3932.170    -3957.876       25.706   326.0      0.838      1.010      0.439     -0.106     -0.522      0.141
1154.2500     -3930.221    -3956.831       26.609   337.5      0.349      0.652      0.464      0.180     -0.021      0.350
1154.5000     -3932.845    -3958.400       25.555   324.1      0.958      0.924      0.354     -0.044      0.210     -0.229
1154.7500     -3932.523    -3957.519       24.996   317.0      0.854      0.995      0.398      0.299      0.054     -0.212
1155.0000     -3931.374    -3956.648       25.274   320.5      1.003      0.684     -0.325     -0.244     -0.283      0.069
1155.2500     -3931.827    -3958.201       26.374   334.5      0.647      0.482      0.444     -0.139     -0.042      0.250
1155.5000     -3931.921    -3957.887       25.966   329.3      0.933      1.460      0.670      0.004      0.269     -0.040
1155.7500     -3930.784    -3958.548       27.764   352.1      0.982      0.390      0.299     -0.085      0.431      0.059
1156.0000     -3929.192    -3956.017       26.825   340.2      0.595      0.836     -0.209      0.096      0.330     -0.244
1156.2500     -3929.096    -3956.787       27.690   351.2      0.506      0.647      0.403      0.507     -0.082      0.104
1156.5000     -3928.274    -3956.064       27.790   352.5      0.696      1.005      0.008     -0.249     -0.336     -0.011
1156.7500     -3929.844    -3956.295       26.450   335.5      0.728      0.686      0.141     -0.265      0.158     -0.102
1157.0000     -3931.967    -3956.763       24.796   314.5      1.453      1.461      1.304      0.061      0.083      0.231
1157.2500     -3931.227    -3956.897       25.670   325.6      0.116      0.894      0.171     -0.241      0.117      0.182
1157.5000     -3932.333    -3957.406       25.073   318.0      1.105      0.959     -0.093      0.077     -0.012      0.171
1157.7500     -3934.020    -3958.880       24.860   315.3      0.928      1.088      0.058      0.075      0.005      0.133
1158.0000     -3932.839    -3957.539       24.700   313.3      0.400      0.656      0.101      0.072     -0.343     -0.081
1158.2500     -3930.688    -3956.064       25.376   321.8      0.429      1.251      0.371      0.090      0.286     -0.107
1158.5000     -3931.182    -3957.209       26.027   330.1      0.210      0.596     -0.066      0.006      0.143      0.333
1158.7500     -3931.913    -3957.828       25.915   328.7      0.679      0.449      0.094     -0.034     -0.040     -0.192
1159.0000     -3932.639    -3958.421       25.782   327.0      1.125      1.072      0.774      0.192     -0.308     -0.112
1159.2500     -3931.212    -3956.167       24.956   316.5      0.858      0.986      0.188     -0.284     -0.005      0.024
1159.5000     -3932.554    -3958.049       25.495   323.3      0.914      1.307      0.349     -0.236      0.165      0.103
1159.7500     -3931.924    -3957.836       25.913   328.6      0.954      0.748      0.998      0.051      0.173     -0.200
1160.0000     -3931.481    -3958.564       27.083   343.5      0.332      0.869      0.018     -0.108      0.023      0.175
1160.2500     -3931.589    -3958.164       26.575   337.0      0.608      0.421      0.519      0.223     -0.180      0.011
1160.5000     -3932.986    -3957.726       24.740   313.8      0.441      0.815      0.019     -0.001     -0.109      0.123
1160.7500     -3932.726    -3958.151       25.425   322.4      0.903      0.987      0.297      0.055      0.072      0.215
1161.0000     -3933.932    -3958.288       24.356   308.9      0.689      0.740      0.461     -0.082      0.106      0.074
1161.2500     -3932.032    -3958.761       26.728   339.0      0.609      0.951      0.150     -0.112      0.069      0.077
1161.5000     -3931.778    -3956.787       25.009   317.2      0.913      0.686      0.373      0.003      0.132     -0.129
1161.7500     -3930.512    -3957.158       26.646   337.9      0.620      1.104      0.016      0.058      0.223     -0.051
1162.0000     -3930.737    -3956.182       25.445   322.7      0.714      1.188      0.290     -0.101      0.222      0.211
1162.2500     -3930.532    -3956.354       25.822   327.5      1.036      0.493     -0.162      0.012      0.067     -0.133
1162.5000     -3931.257    -3956.213       24.956   316.5      1.241      0.896      0.703     -0.143      0.034      0.050
1162.7500     -3931.714    -3955.994       24.280   307.9      0.774      1.283      0.691      0.051     -0.291      0.331
1163.0000     -3932.443    -3958.353       25.911   328.6      1.116      1.311      0.553      0.078     -0.457     -0.213
1163.2500     -3931.495    -3957.638       26.143   331.6      0.762      1.216      1.226      0.249      0.234      0.107
1163.5000     -3930.520    -3958.429       27.909   354.0      0.758      0.577     -0.284      0.100      0.067      0.367
1163.7500     -3929.748    -3955.990       26.241   332.8      0.368      0.956      0.723      0.142     -0.092     -0.039
1164.0000     -3930.877    -3957.226       26.349   334.2      0.936      0.931     -0.201     -0.035      0.093     -0.110
1164.2500     -3930.323    -3957.520       27.197   344.9      0.519      0.441      0.254      0.029      0.195     -0.106
1164.5000     -3929.720    -3955.670       25.950   329.1      0.570      1.018      0.431     -0.022     -0.076      0.088
1164.7500     -3930.794    -3956.251       25.458   322.9      0.720      1.065      0.243      0.192      0.436      0.059
1165.0000     -3929.796    -3955.438       25.642   325.2      0.930      0.745      0.272     -0.248     -0.064     -0.047
1165.2500     -3931.190    -3957.581       26.390   334.7      0.756      0.671      0.258      0.228      0.068      0.056
1165.5000     -3932.088    -3957.604       25.515   323.6      0.148      0.607     -0.014     -0.235      0.184     -0.381
1165.7500     -3931.365    -3956.950       25.585   324.5      0.648      1.165      0.726      0.098     -0.079     -0.271
1166.0000     -3931.314    -3958.137       26.823   340.2      0.152      0.570     -0.477     -0.295     -0.170     -0.016
1166.2500     -3932.361    -3957.420       25.059   317.8      0.779      0.625      0.311     -0.334     -0.069     -0.145
1166.5000     -3933.910    -3958.288       24.379   309.2      0.873      1.154      0.599     -0.258     -0.403      0.024
1166.7500     -3930.362    -3956.992       26.631   337.7     -0.216      0.473     -0.326     -0.027     -0.097      0.051
1167.0000     -3932.075    -3956.880       24.806   314.6      0.742      0.978      0.202      0.285      0.283     -0.137
1167.2500     -3933.595    -3958.521       24.926   316.1      0.713      0.582     -0.273      0.195      0.261      0.020
1167.5000     -3933.749    -3958.245       24.495   310.7      0.518      0.701     -0.427      0.166      0.051     -0.104
1167.7500     -3931.311    -3956.953       25.642   325.2      1.454      0.937      0.405     -0.194     -0.211      0.114
1168.0000     -3931.308    -3956.683       25.375   321.8      0.523      0.010     -0.167      0.134     -0.171      0.186
1168.2500     -3932.106    -3958.325       26.219   332.5      0.619      0.694     -0.228     -0.024     -0.245     -0.006
1168.5000     -3932.481    -3958.203       25.721   326.2      0.838      0.849      0.170      0.232      0.116     -0.242
1168.7500     -3930.832    -3956.888       26.056   330.5      0.664      0.874      1.019      0.173     -0.088     -0.085
1169.0000     -3931.168    -3957.228       26.061   330.5      0.023      0.748      0.215     -0.015      0.156     -0.029
1169.2500     -3929.918    -3956.890       26.971   342.1      0.068      0.793      0.493      0.036     -0.267     -0.151
1169.5000     -3931.318    -3957.557       26.239   332.8      0.599      1.037      0.834     -0.129     -0.083     -0.019
1169.7500     -3931.929    -3957.487       25.558   324.1      0.350      0.557     -0.510      0.077      0.134      0.142
1170.0000     -3932.042    -3957.589       25.547   324.0      0.530      1.040      0.061      0.248     -0.096      0.035
1170.2500     -3931.490    -3957.532       26.041   330.3      0.357      0.589     -0.144     -0.248     -0.071     -0.013
1170.5000     -3931.822    -3956.753       24.932   316.2      0.646      0.930      0.195     -0.253      0.326      0.043
1170.7500     -3934.026    -3958.588       24.563   311.5      0.435      0.453     -0.208     -0.330     -0.223      0.122
1171.0000     -3933.851    -3959.145       25.294   320.8      0.766      0.870      0.421     -0.124     -0.154     -0.139
1171.2500     -3934.398    -3958.461       24.063   305.2      0.697      0.860     -0.362      0.035     -0.030     -0.028
1171.5000     -3932.173    -3958.355       26.183   332.1      0.639      0.641      0.143      0.148      0.075     -0.089
1171.7500     -3932.163    -3957.433       25.269   320.5      0.867      0.929     -0.056     -0.270     -0.057      0.089
1172.0000     -3930.114    -3956.267       26.153   331.7      0.763      0.777      0.427     -0.018      0.359     -0.147
1172.2500     -3930.626    -3956.122       25.496   323.3      1.184      0.663      0.199     -0.187      0.006      0.009
1172.5000     -3927.787    -3955.509       27.722   351.6      0.659      0.951      0.154     -0.253     -0.282      0.260
1172.7500     -3927.990    -3955.062       27.072   343.3      0.414      1.356      0.292     -0.273     -0.206     -0.045
1173.0000     -3928.442    -3954.776       26.334   334.0      0.578      0.712      0.181      0.181      0.113      0.061
1173.2500     -3929.806    -3956.889       27.083   343.5      1.070      0.935      0.110     -0.049     -0.090     -0.278
1173.5000     -3930.133    -3956.801       26.668   338.2      0.666      0.382     -0.191      0.326      0.172      0.011
1173.7500     -3931.166    -3957.196       26.030   330.1      0.321      0.586     -0.231      0.008     -0.044      0.106
1174.0000     -3931.662    -3957.943       26.281   333.3      0.535      0.589      0.609      0.138     -0.233     -0.067
1174.2500     -3930.858    -3956.745       25.887   328.3      0.765      1.192      0.210     -0.353     -0.068      0.130
1174.5000     -3930.376    -3956.433       26.057   330.5      0.521      0.379     -0.240      0.290      0.071      0.158
1174.7500     -3930.052    -3956.459       26.407   334.9      0.729      1.290      0.559     -0.371     -0.050      0.116
1175.0000     -3931.868    -3957.220       25.352   321.5      0.785      1.261      1.146     -0.115     -0.354     -0.068
1175.2500     -3934.015    -3959.492       25.478   323.1      0.548      1.047     -0.242     -0.136     -0.403      0.269
1175.5000     -3931.242    -3956.858       25.616   324.9      0.520      0.596      0.633     -0.290     -0.038      0.026
1175.7500     -3929.682    -3956.164       26.482   335.9      0.158      0.758      0.562     -0.254      0.327     -0.127
1176.0000     -3930.171    -3955.988       25.816   327.4      1.083      1.074      0.652     -0.188      0.226     -0.074
1176.2500     -3927.616    -3955.457       27.840   353.1      0.826      1.231      0.836      0.104     -0.025      0.017
1176.5000     -3928.754    -3955.227       26.472   335.7      0.795      0.727      0.213     -0.044     -0.168      0.065
1176.7500     -3928.102    -3956.029       27.928   354.2      1.057      0.956      0.220     -0.115     -0.125      0.202
1177.0000     -3927.301    -3954.803       27.502   348.8      0.918      0.827     -0.010      0.329      0.230     -0.271
1177.2500     -3930.594    -3956.993       26.399   334.8      0.936      1.346      0.743     -0.359      0.189     -0.131
1177.5000     -3929.773    -3955.560       25.787   327.0      0.566      1.101     -0.124      0.254      0.362     -0.179
1177.7500     -3929.885    -3957.411       27.526   349.1      0.839      0.728      0.943     -0.052     -0.182     -0.076
1178.0000     -3930.298    -3955.886       25.588   324.5      0.503      0.735      0.017     -0.038     -0.208     -0.004
1178.2500     -3930.778    -3957.855       27.078   343.4      0.408      0.968      0.142     -0.297     -0.096     -0.091
1178.5000     -3930.096    -3956.812       26.716   338.8      1.396      1.079      0.871     -0.196     -0.072      0.033
1178.7500     -3929.292    -3955.580       26.287   333.4      0.623      0.729      0.250      0.038     -0.051      0.095
1179.0000     -3930.904    -3956.842       25.938   329.0      0.833      0.943      0.628     -0.114      0.011     -0.107
1179.2500     -3931.352    -3957.144       25.793   327.1      0.937      1.164      0.259      0.010     -0.305     -0.075
1179.5000     -3930.439    -3956.310       25.871   328.1      0.498      0.611     -0.872     -0.172     -0.132     -0.294
1179.7500     -3931.643    -3957.072       25.429   322.5      0.925      0.471      0.346     -0.073      0.165     -0.033
1180.0000     -3930.999    -3956.670       25.671   325.6     -0.032      1.093      0.086     -0.167     -0.180      0.004
1180.2500     -3931.915    -3956.559       24.644   312.6      0.956      1.094      0.842     -0.059     -0.129      0.198
1180.5000     -3929.064    -3954.337       25.273   320.5      0.621      0.573      0.280      0.147     -0.541     -0.066
1180.7500     -3929.369    -3955.354       25.985   329.6      0.686      0.774      0.146      0.016      0.400     -0.049
1181.0000     -3929.326    -3956.498       27.172   344.6      0.675      0.830      0.286     -0.104      0.180     -0.116
1181.2500     -3930.595    -3956.351       25.756   326.6      0.362      0.861      0.103     -0.243      0.317     -0.117
1181.5000     -3930.150    -3956.096       25.946   329.1      0.529      1.166      0.048     -0.204     -0.163     -0.025
1181.7500     -3930.804    -3956.603       25.799   327.2      0.718      0.853      0.179     -0.227      0.098      0.014
1182.0000     -3929.409    -3955.485       26.077   330.7      1.099      1.193      0.328      0.326     -0.283      0.121
1182.2500     -3930.294    -3956.435       26.141   331.5      0.563      0.375      0.090      0.061     -0.050     -0.007
1182.5000     -3927.671    -3954.810       27.139   344.2      0.303      0.624     -0.111     -0.107      0.140      0.022
1182.7500     -3928.709    -3954.688       25.978   329.5      1.174      1.365      0.520     -0.103      0.140      0.090
1183.0000     -3928.409    -3956.099       27.690   351.2      0.648      0.714      0.214     -0.125      0.222      0.177
1183.2500     -3929.962    -3955.729       25.767   326.8      0.863      0.810      0.335      0.010      0.063      0.139
1183.5000     -3930.045    -3956.281       26.236   332.7      0.626      0.815      0.340      0.103     -0.140      0.206
1183.7500     -3927.976    -3954.867       26.891   341.1      0.244      0.776      0.411     -0.235     -0.184     -0.086
1184.0000     -3929.397    -3955.542       26.145   331.6      0.713      1.231      0.479     -0.043     -0.303      0.314
1184.2500     -3929.212    -3955.724       26.512   336.2      0.762      0.911      0.759      0.155     -0.336      0.004
1184.5000     -3929.727    -3956.797       27.070   343.3      0.612      0.391      0.477      0.202     -0.061      0.127
1184.7500     -3929.303    -3955.697       26.394   334.7      1.016      1.237     -0.104      0.053      0.056     -0.090
1185.0000     -3929.621    -3955.785       26.164   331.8      0.488      0.641     -0.661      0.080     -0.016      0.103
1185.2500     -3929.722    -3954.901       25.180   319.3      1.489      0.748      0.290     -0.212      0.389     -0.236
1185.5000     -3928.945    -3955.210       26.265   333.1      0.539      0.600     -0.368     -0.186     -0.277      0.128
1185.7500     -3929.699    -3955.904       26.205   332.3      0.806      0.572      0.655     -0.061     -0.050      0.218
1186.0000     -3931.247    -3957.066       25.819   327.5      1.264      0.907     -0.356     -0.039     -0.206      0.016
1186.2500     -3933.430    -3958.270       24.840   315.0      0.706      0.871     -0.112      0.063     -0.211      0.017
1186.5000     -3932.081    -3958.007       25.926   328.8      0.933      0.640      0.538      0.021     -0.021      0.313
1186.7500     -3931.241    -3956.466       25.225   319.9      1.390      0.903      0.878      0.019      0.120      0.133
1187.0000     -3931.867    -3956.596       24.729   313.6      0.854      0.541      0.461     -0.188      0.129      0.151
1187.2500     -3931.880    -3957.980       26.100   331.0      1.162      0.881      0.298      0.086     -0.038      0.088
1187.5000     -3932.520    -3957.156       24.636   312.4      0.252      0.890      0.488      0.152      0.011     -0.388
1187.7500     -3931.428    -3956.519       25.091   318.2      0.999      0.701      0.935      0.132     -0.311     -0.231
1188.0000     -3933.257    -3958.630       25.373   321.8      0.273      1.238      0.075     -0.300      0.038     -0.138
1188.2500     -3932.407    -3958.018       25.610   324.8      1.334      0.797      0.872     -0.206     -0.046      0.113
1188.5000     -3932.642    -3957.438       24.796   314.5      0.927      0.769      0.700     -0.157      0.194      0.141
1188.7500     -3931.230    -3957.168       25.938   329.0      0.689      0.899      0.033      0.353      0.025      0.123
1189.0000     -3931.715    -3958.092       26.376   334.5      0.650      0.930      0.243     -0.035     -0.246     -0.189
1189.2500     -3930.363    -3956.540       26.176   332.0      0.457      0.684     -0.005     -0.036     -0.259      0.099
1189.5000     -3933.217    -3957.685       24.468   310.3      0.702      0.910      0.506      0.005      0.114      0.218
1189.7500     -3932.077    -3956.347       24.270   307.8      0.758      0.825      0.276     -0.308      0.193     -0.195
1190.0000     -3931.181    -3956.700       25.519   323.6      0.886      0.607     -0.288     -0.106     -0.163     -0.044
1190.2500     -3931.439    -3958.491       27.052   343.1      0.892      1.354      0.745     -0.331      0.012     -0.119
1190.5000     -3931.519    -3955.085       23.566   298.9      1.024      0.924      0.253     -0.202      0.054     -0.131
1190.7500     -3931.750    -3956.991       25.241   320.1      0.250      0.364      0.396      0.206     -0.015      0.127
1191.0000     -3931.621    -3956.653       25.032   317.5      0.660      1.159      0.468     -0.011      0.168     -0.024
1191.2500     -3928.894    -3954.794       25.900   328.5      0.727      1.504      1.020      0.280     -0.247     -0.204
1191.5000     -3930.308    -3955.613       25.304   320.9      0.826      0.813      0.471      0.077      0.002      0.044
1191.7500     -3929.920    -3955.996       26.076   330.7      0.762      0.908      0.321      0.054      0.065      0.059
1192.0000     -3928.564    -3954.932       26.367   334.4      0.823      0.721      0.087      0.146     -0.082      0.041
1192.2500     -3930.719    -3956.880       26.161   331.8      1.055      0.598      0.527     -0.068      0.145     -0.030
1192.5000     -3930.294    -3956.105       25.811   327.4      0.928      0.843      0.437     -0.258      0.126      0.321
1192.7500     -3931.762    -3957.334       25.572   324.3      0.889      0.360      0.218      0.289     -0.078      0.024
1193.0000     -3932.016    -3957.194       25.179   319.3      0.973      1.442      0.842     -0.193      0.043      0.388
1193.2500     -3933.365    -3958.246       24.881   315.6      0.457      0.543      0.201      0.271      0.077     -0.140
1193.5000     -3931.772    -3957.291       25.519   323.6      1.131      0.858     -0.199      0.114      0.193     -0.049
1193.7500     -3931.417    -3957.486       26.069   330.6      0.830      0.257      0.070      0.344      0.326     -0.025
1194.0000     -3931.452    -3956.943       25.492   323.3      0.223      0.599      0.314      0.111      0.213     -0.056
1194.2500     -3931.621    -3957.203       25.582   324.4      0.613      0.777      0.467      0.179      0.328     -0.045
1194.5000     -3930.779    -3956.042       25.263   320.4      0.703      0.808      0.664      0.237      0.143     -0.258
1194.7500     -3933.148    -3958.437       25.289   320.7      1.341      1.173      0.770     -0.091      0.158     -0.008
1195.0000     -3933.169    -3957.423       24.255   307.6      0.646      1.089      0.501      0.311      0.063     -0.037
1195.2500     -3932.911    -3956.348       23.437   297.2      1.153      0.891      0.643      0.005     -0.008      0.282
1195.5000     -3931.263    -3956.195       24.932   316.2      0.854      0.490      0.570      0.043     -0.147      0.030
1195.7500     -3930.926    -3958.708       27.782   352.4      0.980      0.958      0.278     -0.066      0.277     -0.157
1196.0000     -3932.045    -3956.596       24.552   311.4      1.082      1.162     -0.332     -0.067      0.178     -0.082
1196.2500     -3931.842    -3957.690       25.848   327.8      0.681      0.376      0.034      0.258     -0.144     -0.398
1196.5000     -3930.529    -3957.200       26.671   338.3      0.703      1.218      0.392      0.023     -0.077      0.155
1196.7500     -3928.722    -3955.667       26.945   341.7      1.272      1.079      0.535      0.114     -0.178     -0.143
1197.0000     -3929.298    -3955.223       25.925   328.8      0.671      0.654      0.481     -0.114      0.076     -0.018
1197.2500     -3930.363    -3956.672       26.309   333.7      0.697      0.884      0.291     -0.152     -0.099     -0.078
1197.5000     -3928.373    -3955.373       27.000   342.4      0.514      1.095      0.600      0.187     -0.165     -0.037
1197.7500     -3928.827    -3955.798       26.971   342.1      0.584      0.626      0.543      0.231     -0.086      0.011
1198.0000     -3928.970    -3956.898       27.928   354.2      0.497      1.035     -0.084     -0.045      0.082      0.300
1198.2500     -3929.462    -3956.435       26.972   342.1      0.629      1.119      0.246     -0.206      0.072      0.234
1198.5000     -3930.122    -3956.384       26.263   333.1      0.814      0.890      0.309     -0.075      0.019     -0.108
1198.7500     -3931.295    -3957.241       25.946   329.1      0.160      0.611     -0.054     -0.041      0.185      0.349
1199.0000     -3933.072    -3957.353       24.281   307.9      0.536      0.783      0.856     -0.175      0.152      0.090
1199.2500     -3931.764    -3957.068       25.304   320.9      0.456      0.770     -0.262      0.223      0.024     -0.268
1199.5000     -3932.328    -3958.134       25.807   327.3      0.729      0.730     -0.179      0.038      0.271      0.109
1199.7500     -3932.453    -3957.676       25.222   319.9      0.882      0.731      0.408     -0.115     -0.034      0.085
1200.0000     -3931.586    -3958.096       26.511   336.2      0.641      0.730      0.332     -0.157      0.378      0.033
1200.2500     -3931.227    -3956.893       25.666   325.5      0.564      0.763      0.265     -0.307      0.468      0.075
1200.5000     -3930.717    -3956.873       26.156   331.7      0.854      0.944      0.325     -0.039      0.124     -0.047
1200.7500     -3930.775    -3955.056       24.282   308.0      0.149      0.496     -0.095     -0.153      0.297      0.105
1201.0000     -3930.404    -3957.181       26.776   339.6      0.979      0.797     -0.061      0.145     -0.059      0.071
1201.2500     -3931.132    -3957.127       25.996   329.7      0.563      1.021      0.445     -0.021      0.080     -0.001
1201.5000     -3930.853    -3957.526       26.673   338.3      0.850      1.082      0.523      0.156      0.077      0.242
1201.7500     -3930.438    -3955.933       25.495   323.3      0.907      0.844     -0.088     -0.202      0.180     -0.133
1202.0000     -3931.997    -3957.395       25.398   322.1      0.759      1.024      0.516     -0.041      0.138     -0.089
1202.2500     -3931.172    -3956.144       24.972   316.7      1.069      0.415      0.096      0.146      0.206      0.034
1202.5000     -3931.517    -3956.515       24.998   317.0      0.362      0.945      0.441      0.240      0.088      0.039
1202.7500     -3931.279    -3957.044       25.766   326.8      0.784      1.318      0.444     -0.083      0.248      0.081
1203.0000     -3930.717    -3956.865       26.148   331.6      1.303      1.143      0.047     -0.625     -0.194      0.085
1203.2500     -3929.603    -3956.717       27.114   343.9      1.068      0.447      0.355     -0.022     -0.002      0.067
1203.5000     -3931.167    -3956.988       25.820   327.5      0.655      1.061      0.073     -0.167      0.067     -0.067
1203.7500     -3931.551    -3957.554       26.003   329.8      1.344      1.140      0.161     -0.138      0.062     -0.227
1204.0000     -3930.340    -3956.345       26.005   329.8      1.057      0.440      0.177      0.129     -0.181      0.124
1204.2500     -3931.783    -3957.512       25.728   326.3      0.321      0.321     -0.347      0.017     -0.209     -0.036
1204.5000     -3932.057    -3957.728       25.671   325.6      0.375      0.393      0.496      0.014     -0.108     -0.061
1204.7500     -3932.363    -3956.789       24.426   309.8      0.641      1.134      0.383     -0.150      0.045     -0.089
1205.0000     -3930.177    -3956.952       26.776   339.6      0.920      0.887      0.115      0.286      0.159      0.291
1205.2500     -3930.677    -3956.996       26.320   333.8      0.608      0.689      0.451      0.095      0.109     -0.018
1205.5000     -3931.113    -3957.790       26.677   338.3      1.312      1.379      0.808      0.112     -0.048     -0.238
1205.7500     -3931.100    -3956.755       25.655   325.4      1.466      0.533      0.492     -0.220     -0.205     -0.035
1206.0000     -3930.636    -3956.080       25.443   322.7      1.104      0.876      0.516     -0.107      0.205     -0.047
1206.2500     -3932.214    -3958.456       26.241   332.8      0.565      0.440      0.177      0.109      0.177     -0.096
1206.5000     -3931.745    -3958.591       26.846   340.5      0.743      0.656      0.867      0.061     -0.106      0.079
1206.7500     -3932.977    -3958.104       25.127   318.7      0.797      1.005      0.606      0.058     -0.124      0.147
1207.0000     -3931.840    -3957.983       26.143   331.6      0.519      1.195      0.113      0.263      0.084      0.023
1207.2500     -3930.990    -3957.927       26.937   341.6      0.830      0.211      0.304     -0.105      0.111      0.269
1207.5000     -3931.201    -3958.394       27.193   344.9      0.404      1.081      0.615      0.021      0.598     -0.014
1207.7500     -3931.838    -3957.378       25.540   323.9      0.784      1.247      0.617      0.126      0.179      0.053
1208.0000     -3930.193    -3957.678       27.484   348.6      0.663      1.331      0.729      0.088      0.364     -0.122
1208.2500     -3929.123    -3957.051       27.927   354.2      0.831      0.684      0.276      0.140      0.115      0.151
1208.5000     -3932.182    -3957.751       25.569   324.3      1.179      1.271      0.326      0.028      0.204      0.164
1208.7500     -3932.167    -3956.992       24.825   314.8      0.872      0.770      0.348     -0.051      0.095     -0.088
1209.0000     -3931.246    -3957.146       25.900   328.5      0.767      0.877      1.004     -0.127     -0.051      0.139
1209.2500     -3931.092    -3957.489       26.398   334.8      0.497      1.288      0.316     -0.005     -0.022     -0.112
1209.5000     -3931.318    -3957.265       25.947   329.1      0.746      0.193     -0.127     -0.081      0.087     -0.120
1209.7500     -3929.543    -3955.528       25.986   329.6      0.839      0.654      0.318      0.188      0.086      0.270
1210.0000     -3931.461    -3956.786       25.325   321.2     -0.009      1.207      0.282     -0.168      0.004     -0.151
1210.2500     -3928.826    -3956.070       27.245   345.5      0.896      1.074      0.152      0.084     -0.210     -0.202
1210.5000     -3929.212    -3955.748       26.536   336.5      0.695      0.788      1.017      0.069      0.342     -0.311
1210.7500     -3930.481    -3956.769       26.287   333.4      0.539      0.983      0.610      0.220      0.402     -0.026
1211.0000     -3932.443    -3957.866       25.424   322.4      0.384      0.693     -0.077      0.063      0.292     -0.308
1211.2500     -3929.650    -3957.136       27.486   348.6      0.371      0.663      0.342      0.039     -0.054     -0.082
1211.5000     -3929.843    -3956.319       26.475   335.8      0.420      1.100      0.203      0.052      0.283      0.117
1211.7500     -3930.621    -3957.281       26.661   338.1      0.561      0.265     -0.268      0.313      0.201      0.307
1212.0000     -3930.217    -3956.100       25.882   328.3      1.072      0.872      0.330      0.103      0.150     -0.200
1212.2500     -3930.575    -3957.408       26.833   340.3      0.995      1.098      0.440      0.292     -0.207      0.012
1212.5000     -3928.363    -3954.771       26.408   334.9      0.479      0.722     -0.014     -0.183     -0.063      0.114
1212.7500     -3928.904    -3955.090       26.186   332.1      0.846      0.948      1.056     -0.267      0.185      0.043
1213.0000     -3930.741    -3955.865       25.123   318.6      0.469      0.928      0.058     -0.085     -0.133     -0.005
1213.2500     -3929.156    -3955.189       26.033   330.2      1.036      0.784      0.187      0.174      0.400     -0.012
1213.5000     -3929.648    -3955.852       26.203   332.3      0.987      0.400      0.653     -0.063     -0.324      0.249
1213.7500     -3927.690    -3955.410       27.720   351.6      0.715      1.064      0.449     -0.084      0.257      0.267
1214.0000     -3929.683    -3955.821       26.138   331.5      0.800      0.922     -0.072      0.072      0.057      0.066
1214.2500     -3927.599    -3954.287       26.687   338.5      0.184      0.867     -0.396     -0.014     -0.083     -0.126
1214.5000     -3929.892    -3955.868       25.976   329.4      0.919      1.280      0.403      0.241      0.064      0.098
1214.7500     -3929.549    -3955.402       25.853   327.9      0.839      0.609      0.687     -0.071      0.149     -0.155
1215.0000     -3928.355    -3956.247       27.892   353.7      1.022      0.937      0.750      0.261      0.329     -0.068
1215.2500     -3929.008    -3956.129       27.120   344.0      0.780      0.937      0.471      0.021      0.096     -0.030
1215.5000     -3929.025    -3955.409       26.383   334.6      0.795      1.128      0.156     -0.098     -0.313      0.160
1215.7500     -3930.585    -3956.562       25.977   329.5      0.414      0.816      0.299      0.270      0.101      0.068
1216.0000     -3930.181    -3956.897       26.716   338.8      0.255      0.723     -0.209      0.108     -0.037      0.108
1216.2500     -3929.756    -3956.190       26.434   335.2      0.534      0.470      0.280     -0.082     -0.261      0.015
1216.5000     -3929.779    -3955.612       25.833   327.6      0.498      0.967      0.143     -0.236     -0.124     -0.142
1216.7500     -3929.630    -3956.203       26.573   337.0      0.577      0.665      0.410      0.009     -0.523      0.411
1217.0000     -3930.298    -3955.563       25.264   320.4      1.006      0.659      0.689     -0.099     -0.123     -0.191
1217.2500     -3930.019    -3955.468       25.449   322.8      0.570      0.521      0.557     -0.120     -0.336      0.038
1217.5000     -3929.252    -3956.613       27.361   347.0      0.625      1.196     -0.061      0.217     -0.179      0.224
1217.7500     -3928.501    -3955.146       26.645   337.9      0.365      0.464      0.121     -0.093     -0.444     -0.066
1218.0000     -3930.059    -3956.173       26.114   331.2      0.849      0.873     -0.192      0.066     -0.207     -0.358
1218.2500     -3929.795    -3956.751       26.957   341.9      0.756      0.557      0.194     -0.428     -0.141      0.002
1218.5000     -3930.672    -3955.717       25.045   317.6      0.654      1.194      0.085      0.190     -0.211     -0.256
1218.7500     -3931.885    -3958.206       26.322   333.8      1.047      1.158      0.671     -0.011      0.012     -0.143
1219.0000     -3929.928    -3955.453       25.525   323.7      0.754      1.280      0.269      0.218     -0.119     -0.096
1219.2500     -3929.858    -3956.086       26.228   332.6      0.582      0.825      0.161      0.117      0.274      0.192
1219.5000     -3929.979    -3955.581       25.602   324.7      1.016      0.931      0.547     -0.060      0.206      0.190
1219.7500     -3930.645    -3956.478       25.833   327.6      0.768      0.271     -0.014     -0.028      0.140      0.097
1220.0000     -3931.065    -3956.523       25.458   322.9      0.526      1.235      0.748     -0.168      0.333      0.187
1220.2500     -3930.267    -3956.383       26.116   331.2      0.777      0.946      0.904     -0.099      0.084      0.202
1220.5000     -3931.767    -3956.832       25.065   317.9      0.810      1.257      0.521     -0.113     -0.003      0.059
1220.7500     -3929.821    -3956.322       26.500   336.1      0.549      0.567      0.188      0.340      0.269      0.010
1221.0000     -3930.881    -3957.130       26.249   332.9      0.598      0.632     -0.075     -0.102      0.019     -0.372
1221.2500     -3931.253    -3957.786       26.533   336.5      0.825      1.266      0.453      0.050      0.031      0.085
1221.5000     -3930.665    -3957.499       26.834   340.3      0.632      0.260      0.537     -0.052     -0.131      0.088
1221.7500     -3932.990    -3959.103       26.113   331.2      0.731      1.103      0.704     -0.095      0.359      0.233
1222.0000     -3933.584    -3958.383       24.799   314.5      0.705      1.036      0.288     -0.208      0.054      0.241
1222.2500     -3932.161    -3957.890       25.728   326.3      0.605     -0.044     -0.416      0.036      0.043      0.055
1222.5000     -3931.629    -3958.053       26.424   335.1      0.999      1.197      0.649     -0.002     -0.476      0.100
1222.7500     -3930.934    -3957.249       26.315   333.7      1.181      0.464     -0.198     -0.392     -0.109     -0.157
1223.0000     -3932.416    -3958.064       25.648   325.3      0.965      0.974      0.003     -0.002     -0.071      0.009
1223.2500     -3932.711    -3958.354       25.643   325.2      1.011      1.185      0.760      0.232      0.045     -0.122
1223.5000     -3931.058    -3956.187       25.129   318.7      0.532      0.059     -0.196     -0.197     -0.263     -0.166
1223.7500     -3931.392    -3956.857       25.465   323.0      0.961      0.388      0.188     -0.003      0.087      0.226
1224.0000     -3930.154    -3957.438       27.284   346.0      0.172      0.827     -0.007     -0.198      0.110     -0.065
1224.2500     -3932.450    -3958.960       26.510   336.2      0.604      0.766      0.593      0.101      0.102     -0.062
1224.5000     -3931.589    -3957.769       26.180   332.0      1.050      0.801      0.574     -0.053      0.048      0.311
1224.7500     -3931.524    -3957.348       25.824   327.5      0.394      0.779     -0.126     -0.099      0.245      0.239
1225.0000     -3932.876    -3959.239       26.363   334.4      1.027      0.914      0.444     -0.005     -0.261     -0.128
1225.2500     -3932.082    -3959.085       27.003   342.5      1.016      0.636      0.373      0.035     -0.469      0.099
1225.5000     -3932.267    -3957.211       24.944   316.3      0.303      0.714     -0.030      0.103      0.126      0.167
1225.7500     -3931.477    -3957.815       26.339   334.0      0.781      0.558      0.203      0.355      0.096      0.100
1226.0000     -3929.626    -3956.410       26.784   339.7      1.156      0.807      0.287      0.048      0.270     -0.167
1226.2500     -3927.355    -3955.635       28.280   358.7      0.327      0.709      0.286      0.236      0.332      0.120
1226.5000     -3929.906    -3956.590       26.684   338.4      0.893      1.010      0.381      0.057      0.142      0.076
1226.7500     -3931.609    -3957.584       25.976   329.4      0.767      0.545      0.375     -0.019     -0.107     -0.181
1227.0000     -3931.674    -3956.932       25.258   320.3      0.556      0.474      0.420     -0.086      0.313     -0.089
1227.2500     -3929.828    -3955.209       25.382   321.9      0.930      1.228      0.410     -0.127     -0.150     -0.052
1227.5000     -3929.745    -3955.553       25.808   327.3      0.563      0.763      0.008     -0.099     -0.462      0.077
1227.7500     -3929.124    -3955.069       25.945   329.0      0.265      0.936      0.831      0.004     -0.019     -0.375
1228.0000     -3928.645    -3955.789       27.144   344.3      0.261      0.472      0.056     -0.387     -0.335     -0.164
1228.2500     -3931.159    -3956.785       25.626   325.0      0.425      0.525     -0.101      0.095      0.075      0.197
1228.5000     -3930.098    -3954.581       24.483   310.5     -0.035      0.809      0.369      0.012      0.632     -0.240
1228.7500     -3931.964    -3957.270       25.306   320.9      1.074      0.553      0.533      0.097      0.487      0.137
1229.0000     -3930.926    -3956.494       25.567   324.3      0.967      0.931      0.437     -0.010      0.133     -0.056
1229.2500     -3929.039    -3954.596       25.557   324.1      0.365      0.652      0.449     -0.195     -0.175      0.066
1229.5000     -3929.242    -3955.107       25.865   328.0      1.101      0.949      0.220     -0.032     -0.042      0.049
1229.7500     -3931.158    -3955.721       24.564   311.5      0.503      0.569      0.524     -0.257      0.083     -0.022
1230.0000     -3929.746    -3956.780       27.034   342.9      0.817      0.661      0.480      0.154      0.222     -0.219
1230.2500     -3930.460    -3956.496       26.036   330.2      0.646      1.268      0.198     -0.233      0.181     -0.055
1230.5000     -3930.909    -3956.210       25.300   320.9      0.691      0.493      0.189      0.097      0.271     -0.040
1230.7500     -3930.156    -3957.265       27.109   343.8      1.070      0.872      0.714     -0.042      0.049     -0.140
1231.0000     -3929.203    -3954.595       25.392   322.0      0.445      0.422     -0.649     -0.021     -0.110     -0.244
1231.2500     -3928.485    -3954.478       25.992   329.6      0.544      0.709     -0.391     -0.076     -0.030      0.248
1231.5000     -3929.737    -3955.458       25.721   326.2      0.849      0.819      0.562      0.052      0.330     -0.053
1231.7500     -3928.283    -3954.316       26.034   330.2      0.498      0.568      0.249      0.348     -0.102     -0.102
1232.0000     -3929.298    -3954.993       25.695   325.9      0.671      0.576      0.432      0.293      0.036      0.105
1232.2500     -3929.272    -3955.300       26.028   330.1      0.903      0.953      0.759      0.270     -0.169     -0.083
1232.5000     -3930.130    -3955.552       25.422   322.4      0.832      0.446      0.165      0.018      0.090     -0.210
1232.7500     -3930.546    -3955.526       24.980   316.8      0.561      0.621      0.345     -0.201     -0.014     -0.014
1233.0000     -3928.794    -3955.789       26.994   342.4      0.677      0.676      0.470     -0.236     -0.109      0.168
1233.2500     -3927.941    -3954.383       26.442   335.4      0.881      0.797      0.365      0.067     -0.228     -0.008
1233.5000     -3928.769    -3956.482       27.713   351.5      0.215      0.829      0.029      0.078      0.185     -0.108
1233.7500     -3931.030    -3956.135       25.105   318.4      0.762      0.798      0.010     -0.023      0.186     -0.181
1234.0000     -3931.900    -3957.696       25.796   327.2      1.310      0.592      0.248      0.163      0.132     -0.026
1234.2500     -3931.405    -3956.226       24.820   314.8      0.387      0.349     -0.346      0.309     -0.316      0.136
1234.5000     -3930.020    -3955.950       25.930   328.9      0.756      0.957      0.481     -0.319      0.070     -0.209
1234.7500     -3930.044    -3956.396       26.352   334.2      0.614      0.997     -0.146     -0.149     -0.143      0.103
1235.0000     -3931.264    -3957.925       26.661   338.1      0.359      0.222     -0.152     -0.035     -0.011     -0.165
1235.2500     -3930.856    -3956.871       26.015   329.9      1.043      1.048      0.713      0.022      0.050     -0.247
1235.5000     -3930.061    -3956.536       26.475   335.8      0.326      0.341     -0.203      0.383     -0.138     -0.021
1235.7500     -3930.114    -3956.514       26.400   334.8      0.829      0.820      0.433     -0.034      0.149     -0.163
1236.0000     -3929.724    -3955.757       26.033   330.2      0.976      0.812      0.464      0.296     -0.194     -0.092
1236.2500     -3930.017    -3955.838       25.821   327.5      0.189      0.913     -0.272      0.080     -0.030      0.051
1236.5000     -3930.459    -3956.820       26.361   334.3      1.183      0.899      0.904      0.267     -0.163      0.087
1236.7500     -3930.905    -3956.716       25.811   327.4      0.805      0.366      0.116      0.032     -0.198      0.024
1237.0000     -3930.469    -3956.943       26.474   335.8      0.744      1.033      0.359      0.068      0.059      0.158
1237.2500     -3930.067    -3956.291       26.223   332.6      0.630      0.431     -0.033     -0.032     -0.261      0.239
1237.5000     -3929.321    -3955.961       26.640   337.9      0.514      0.372      0.123      0.096     -0.247     -0.055
1237.7500     -3930.472    -3955.414       24.942   316.3      0.617      0.425      0.314      0.274      0.041      0.081
1238.0000     -3930.883    -3956.377       25.495   323.3      0.377      0.896      0.228      0.029      0.272     -0.180
1238.2500     -3933.608    -3958.247       24.639   312.5      0.716      0.383     -0.136     -0.084      0.178     -0.084
1238.5000     -3931.437    -3956.769       25.332   321.3      0.921      0.846      0.201      0.133     -0.093     -0.077
1238.7500     -3931.746    -3957.412       25.666   325.5      0.766      0.514      0.530     -0.016     -0.306     -0.022
1239.0000     -3929.127    -3955.618       26.491   336.0      1.097      0.888     -0.020     -0.102      0.081     -0.134
1239.2500     -3928.889    -3955.723       26.834   340.3      1.088      1.341      1.053     -0.217     -0.106      0.216
1239.5000     -3929.258    -3955.522       26.264   333.1      0.889      0.298      0.396      0.253      0.263     -0.011
1239.7500     -3930.416    -3955.681       25.264   320.4      0.584      1.037      0.352      0.152      0.237      0.129
1240.0000     -3929.260    -3955.551       26.291   333.4      0.947      0.692      0.410     -0.259      0.316      0.154
1240.2500     -3928.671    -3955.518       26.847   340.5      1.566      0.908      0.455      0.272     -0.228      0.126
1240.5000     -3929.480    -3955.833       26.352   334.2      1.083      1.069      0.405      0.274      0.265      0.126
1240.7500     -3931.260    -3956.774       25.514   323.6      0.706      1.116      0.302      0.032      0.221      0.176
1241.0000     -3930.092    -3956.237       26.145   331.6      0.377      0.785      0.242      0.002      0.200      0.102
1241.2500     -3929.368    -3955.721       26.354   334.2      0.894      0.568      0.060     -0.079      0.052      0.007
1241.5000     -3929.368    -3956.481       27.113   343.9      1.040      0.960      0.787      0.329     -0.055      0.217
1241.7500     -3928.017    -3955.313       27.296   346.2      0.755      0.598     -0.161     -0.008     -0.221     -0.025
1242.0000     -3929.906    -3957.255       27.349   346.9      0.473      0.814     -0.277     -0.183     -0.011      0.282
1242.2500     -3929.416    -3956.855       27.439   348.0      0.913      0.871     -0.022      0.017     -0.157     -0.030
1242.5000     -3930.874    -3957.806       26.932   341.6      0.364      1.040      0.048     -0.243     -0.088     -0.103
1242.7500     -3931.198    -3957.469       26.271   333.2      0.125      0.960      0.378      0.125      0.114      0.082
1243.0000     -3929.984    -3956.798       26.815   340.1      0.295      1.213      0.563     -0.075      0.091     -0.132
1243.2500     -3932.779    -3957.707       24.927   316.1      1.009      1.361      1.127      0.100     -0.191      0.038
1243.5000     -3930.813    -3956.581       25.768   326.8      1.047      0.302      0.237      0.207      0.184     -0.317
1243.7500     -3931.193    -3957.689       26.497   336.0      0.409      0.867     -0.333      0.186     -0.247     -0.130
1244.0000     -3929.620    -3956.589       26.969   342.0      1.122      0.782      0.689      0.015     -0.336     -0.130
1244.2500     -3929.176    -3955.820       26.645   337.9      0.811      1.083     -0.005      0.106     -0.013      0.253
1244.5000     -3929.550    -3956.119       26.569   337.0      0.894      1.122      0.017     -0.053     -0.222     -0.210
1244.7500     -3930.326    -3955.960       25.634   325.1      0.446      1.055      0.409     -0.079     -0.061     -0.121
1245.0000     -3930.712    -3955.794       25.082   318.1      0.405      0.424     -0.232      0.184      0.064     -0.042
1245.2500     -3930.250    -3956.329       26.079   330.7      1.145      1.227      0.310      0.167      0.071     -0.121
1245.5000     -3929.690    -3956.196       26.506   336.2      0.990      1.041      0.402     -0.036     -0.146      0.001
1245.7500     -3929.805    -3956.124       26.320   333.8      0.790      1.314      0.352     -0.263     -0.154      0.144
1246.0000     -3931.088    -3955.989       24.901   315.8      0.828      0.829      0.467     -0.034     -0.178      0.250
1246.2500     -3931.516    -3956.298       24.782   314.3      0.555      0.438      0.212     -0.003     -0.229      0.001
1246.5000     -3932.484    -3957.977       25.493   323.3      0.913      1.694     -0.128      0.120     -0.398      0.074
1246.7500     -3931.094    -3956.763       25.670   325.6      0.843      1.256      0.667      0.124     -0.299     -0.138
1247.0000     -3931.010    -3955.320       24.310   308.3      0.486      0.805     -0.160      0.021     -0.356      0.154
1247.2500     -3929.583    -3956.602       27.019   342.7      0.816      1.308      0.781     -0.110     -0.194     -0.101
1247.5000     -3930.779    -3955.412       24.633   312.4      0.655      1.075      0.315     -0.007     -0.413      0.132
1247.7500     -3930.250    -3955.945       25.696   325.9      0.555      0.788     -0.004     -0.229     -0.182      0.188
1248.0000     -3931.009    -3956.944       25.935   328.9      1.219      1.194      0.285     -0.369      0.150     -0.001
1248.2500     -3931.013    -3955.685       24.672   312.9      0.622      1.040      0.434      0.091      0.155      0.213
1248.5000     -3930.192    -3956.353       26.160   331.8      0.726      1.013      0.219     -0.474      0.262     -0.112
1248.7500     -3930.796    -3956.803       26.007   329.8      0.509      0.708      0.516     -0.015     -0.132      0.016
1249.0000     -3930.854    -3956.314       25.461   322.9      0.464      0.699     -0.312      0.000      0.205     -0.199
1249.2500     -3930.152    -3957.127       26.975   342.1      1.014      1.254      0.348      0.121      0.010     -0.101
1249.5000     -3929.437    -3955.711       26.274   333.2      0.145      0.866     -0.233      0.107     -0.148      0.051
1249.7500     -3931.048    -3957.445       26.397   334.8      0.993      1.155      0.459      0.324     -0.125     -0.026
1250.0000     -3927.038    -3954.533       27.495   348.7      0.354      0.571     -0.174     -0.111      0.051      0.226
1250.2500     -3929.327    -3955.433       26.105   331.1      1.063      0.445      0.504      0.077     -0.087      0.032
1250.5000     -3929.052    -3955.258       26.206   332.4      0.579      1.091      0.815     -0.084      0.235      0.038
1250.7500     -3930.008    -3956.801       26.793   339.8      0.379      0.703      0.075      0.011      0.026     -0.245
1251.0000     -3930.672    -3957.123       26.450   335.5      1.024      0.855      0.500     -0.274     -0.355      0.135
1251.2500     -3930.406    -3956.614       26.208   332.4      0.511      0.822     -0.273      0.006     -0.249      0.014
1251.5000     -3931.913    -3956.630       24.717   313.5      0.699      1.131      0.227      0.235      0.145     -0.045
1251.7500     -3933.110    -3957.955       24.845   315.1      0.825      0.681      0.322      0.144     -0.251      0.003
1252.0000     -3931.672    -3956.345       24.674   312.9      0.984      0.841      0.151     -0.071      0.048      0.076
1252.2500     -3931.131    -3955.619       24.488   310.6      1.193      1.134      0.044     -0.108      0.174      0.083
1252.5000     -3930.646    -3956.341       25.695   325.9      0.852      0.764      0.179     -0.144     -0.020     -0.030
1252.7500     -3930.418    -3956.129       25.711   326.1      0.890      0.584      0.113      0.173      0.062      0.005
1253.0000     -3930.658    -3957.087       26.429   335.2      0.518      0.919      0.327     -0.015     -0.095      0.021
1253.2500     -3932.903    -3958.296       25.393   322.0      0.943      0.818      0.577     -0.125     -0.276      0.070
1253.5000     -3932.620    -3957.124       24.504   310.8      1.446      0.935      0.802      0.123     -0.176      0.314
1253.7500     -3933.636    -3957.628       23.992   304.3      0.502      1.096      0.659     -0.028     -0.062      0.042
1254.0000     -3931.017    -3957.161       26.143   331.6      1.148      1.179      0.845      0.133      0.020     -0.140
1254.2500     -3930.783    -3956.052       25.269   320.5      0.373      1.004     -0.123     -0.205     -0.181      0.036
1254.5000     -3931.699    -3957.764       26.065   330.6      0.938      1.462      0.418     -0.272      0.145      0.121
1254.7500     -3929.687    -3955.928       26.240   332.8      0.706      0.718      0.179      0.128     -0.202      0.240
1255.0000     -3928.109    -3955.828       27.719   351.6      0.497      0.513     -0.418     -0.012      0.018     -0.158
1255.2500     -3930.959    -3956.443       25.484   323.2      1.183      0.863      0.821     -0.379      0.276     -0.420
1255.5000     -3931.306    -3955.854       24.549   311.3      0.677      0.845      0.145     -0.103     -0.030     -0.140
1255.7500     -3930.486    -3957.041       26.555   336.8      0.865      1.335      0.380     -0.203      0.061     -0.113
1256.0000     -3931.934    -3957.444       25.510   323.5      0.729      0.528      0.588     -0.162     -0.266     -0.141
1256.2500     -3932.772    -3957.061       24.289   308.1      0.162      0.860      0.480     -0.269     -0.063      0.105
1256.5000     -3930.959    -3956.488       25.529   323.8      1.363      0.840      0.411     -0.245     -0.109      0.333
1256.7500     -3930.326    -3957.203       26.876   340.9      0.400      0.902      0.146     -0.244      0.073      0.342
1257.0000     -3931.132    -3957.428       26.296   333.5      1.059      0.890      1.039      0.113      0.171      0.057
1257.2500     -3929.422    -3956.530       27.108   343.8      0.876      1.299      0.336      0.196     -0.208      0.257
1257.5000     -3929.794    -3956.125       26.331   333.9      0.670      1.280      0.254      0.173     -0.224      0.162
1257.7500     -3930.365    -3956.539       26.174   332.0      1.356      0.509      0.695     -0.352      0.153     -0.025
1258.0000     -3929.112    -3955.163       26.051   330.4      0.730      0.761      0.210     -0.178      0.351     -0.142
1258.2500     -3928.668    -3955.095       26.427   335.2      0.893      1.542      0.581      0.003     -0.138     -0.118
1258.5000     -3927.925    -3954.547       26.622   337.6      0.675      0.733      0.197     -0.038     -0.214     -0.017
1258.7500     -3928.732    -3954.295       25.563   324.2      1.145      1.081      0.771     -0.003     -0.426      0.190
1259.0000     -3929.509    -3956.129       26.620   337.6      0.464      0.654     -0.152     -0.224     -0.073      0.271
1259.2500     -3928.571    -3954.820       26.249   332.9      1.118      0.654      0.252      0.147     -0.013     -0.018
1259.5000     -3929.237    -3954.873       25.636   325.1      1.282      0.962      0.925      0.124      0.176     -0.187
1259.7500     -3928.549    -3954.983       26.434   335.2      0.510      1.041      0.036     -0.139      0.098     -0.039
1260.0000     -3930.776    -3956.502       25.726   326.3      0.874      0.860      0.572     -0.177      0.072      0.160
1260.2500     -3929.772    -3956.368       26.596   337.3      1.237      0.822      0.575     -0.048     -0.270     -0.098
1260.5000     -3929.380    -3955.866       26.486   335.9      0.870      1.024      0.305     -0.196     -0.004     -0.201
1260.7500     -3929.799    -3955.472       25.673   325.6      0.687      0.855      0.279     -0.024      0.045     -0.210
1261.0000     -3928.887    -3954.593       25.705   326.0      1.255      1.013      0.446     -0.002      0.022     -0.022
1261.2500     -3928.411    -3955.680       27.269   345.8      1.224      1.187      0.304      0.136     -0.373      0.058
1261.5000     -3929.372    -3956.188       26.816   340.1      1.019      0.736      0.508     -0.188     -0.096      0.124
1261.7500     -3928.184    -3955.015       26.831   340.3      0.653      0.657     -0.021     -0.218     -0.026     -0.358
1262.0000     -3927.667    -3956.183       28.516   361.7      1.320      0.754      0.748      0.057      0.057     -0.186
1262.2500     -3929.273    -3955.993       26.721   338.9      0.978      1.147      0.194     -0.050      0.094     -0.117
1262.5000     -3930.617    -3956.281       25.664   325.5      0.906      0.802     -0.297      0.189     -0.045     -0.102
1262.7500     -3930.517    -3955.907       25.390   322.0      0.188      0.625      0.133     -0.060     -0.235      0.072
1263.0000     -3928.926    -3956.736       27.811   352.7      0.828      1.112      0.502     -0.171     -0.160     -0.152
1263.2500     -3929.885    -3955.282       25.398   322.1      0.824      0.469      0.376      0.014      0.142     -0.221
1263.5000     -3928.964    -3955.897       26.933   341.6      0.453      1.008     -0.141     -0.253      0.376     -0.189
1263.7500     -3927.640    -3955.183       27.543   349.3     -0.064      0.667      0.189      0.100     -0.079     -0.012
1264.0000     -3929.464    -3955.760       26.296   333.5      0.683      0.573      0.680      0.189      0.099     -0.278
1264.2500     -3930.881    -3956.219       25.339   321.4      1.135      0.642      0.698      0.163     -0.250      0.088
1264.5000     -3931.094    -3956.708       25.614   324.8      0.787      1.092     -0.094     -0.208      0.236      0.094
1264.7500     -3931.118    -3957.705       26.587   337.2      0.830      0.744      0.688      0.041     -0.078      0.270
1265.0000     -3929.614    -3954.366       24.751   313.9      0.877      0.901      0.270     -0.120     -0.244     -0.151
1265.2500     -3928.903    -3955.633       26.730   339.0      0.541      0.580     -0.766      0.095     -0.351     -0.166
1265.5000     -3928.099    -3955.206       27.107   343.8      0.592      1.001      0.500     -0.123     -0.130      0.046
1265.7500     -3930.677    -3957.671       26.994   342.4      0.990      0.589      0.070     -0.516     -0.305     -0.145
1266.0000     -3930.100    -3956.350       26.250   332.9      0.952      0.737      0.030     -0.361      0.092      0.271
1266.2500     -3929.349    -3955.342       25.993   329.7      0.569      0.931     -0.125     -0.042     -0.116      0.039
1266.5000     -3929.017    -3956.019       27.002   342.4     -0.106      0.463      0.047      0.242     -0.338     -0.110
1266.7500     -3930.790    -3957.206       26.415   335.0      1.218      1.262      0.211      0.045     -0.282      0.101
1267.0000     -3929.888    -3956.150       26.262   333.1      0.323      0.885      0.344     -0.152      0.240     -0.089
1267.2500     -3928.910    -3955.808       26.898   341.1      0.685      0.727      0.470      0.050     -0.008      0.148
1267.5000     -3928.673    -3954.570       25.897   328.4      0.980      0.608      0.205     -0.027      0.533     -0.230
1267.7500     -3928.431    -3954.349       25.918   328.7      0.951      0.836      0.701      0.034     -0.348     -0.130
1268.0000     -3929.992    -3955.061       25.069   317.9      1.465      1.142      0.751      0.204     -0.037     -0.039
1268.2500     -3932.575    -3957.282       24.707   313.4      0.764      0.428     -0.054      0.272     -0.088     -0.434
1268.5000     -3931.476    -3956.536       25.060   317.8      0.748      1.569      0.046     -0.113      0.057     -0.109
1268.7500     -3930.227    -3956.257       26.029   330.1      0.980      0.907      0.187      0.051      0.245     -0.254
1269.0000     -3928.509    -3954.850       26.341   334.1      0.715      1.202     -0.287     -0.150      0.080      0.093
1269.2500     -3928.991    -3955.251       26.261   333.1      0.871      1.082      0.672      0.264      0.009     -0.179
1269.5000     -3929.858    -3956.621       26.763   339.4      0.974      1.022      0.626      0.185      0.240      0.133
1269.7500     -3928.344    -3954.715       26.371   334.5      0.859      1.225      0.250     -0.154      0.170     -0.161
1270.0000     -3929.624    -3956.589       26.965   342.0      0.751      1.031      0.017     -0.363      0.091     -0.220
1270.2500     -3929.222    -3954.809       25.586   324.5      0.674      0.979      0.063     -0.219      0.087      0.007
1270.5000     -3928.907    -3954.498       25.591   324.6      1.142      1.134      0.288      0.221     -0.185     -0.283
1270.7500     -3930.424    -3957.309       26.885   341.0      0.621      1.261      0.264      0.227     -0.253      0.113
1271.0000     -3928.887    -3954.211       25.324   321.2      1.124      0.873      0.269     -0.058      0.048      0.057
1271.2500     -3928.897    -3956.290       27.394   347.4      0.968      0.764      0.556     -0.083      0.160      0.288
1271.5000     -3929.766    -3956.406       26.640   337.9      0.284      0.597     -0.388      0.266      0.023      0.257
1271.7500     -3929.374    -3956.844       27.470   348.4      0.597      0.626     -0.229      0.102     -0.330     -0.287
1272.0000     -3929.634    -3956.638       27.004   342.5      1.482      0.484      0.320      0.255     -0.116     -0.193
1272.2500     -3931.030    -3956.875       25.845   327.8      0.695      0.979     -0.322      0.224     -0.061     -0.204
1272.5000     -3931.894    -3957.215       25.321   321.1      0.051      1.058      0.194     -0.137      0.188      0.270
1272.7500     -3931.363    -3957.029       25.666   325.5      0.562      0.524      0.713      0.101      0.105     -0.010
1273.0000     -3931.627    -3958.032       26.405   334.9      0.912      1.213      0.106      0.156      0.244      0.048
1273.2500     -3931.775    -3957.357       25.582   324.4      0.810      1.277      0.638     -0.255     -0.125      0.200
1273.5000     -3930.349    -3955.731       25.382   321.9      0.324      0.665      0.122     -0.027     -0.227     -0.009
1273.7500     -3932.187    -3958.228       26.041   330.3      0.672      1.017      0.334      0.079     -0.089      0.177
1274.0000     -3929.671    -3955.971       26.299   333.5      0.459      0.929      0.462      0.322     -0.168      0.226
1274.2500     -3930.598    -3955.298       24.700   313.3      0.715      0.544     -0.340      0.237      0.340     -0.068
1274.5000     -3930.862    -3956.926       26.065   330.6      0.859      1.374     -0.279      0.043     -0.167      0.212
1274.7500     -3931.129    -3957.375       26.247   332.9      0.732      0.493     -0.198     -0.469     -0.128      0.341
1275.0000     -3929.911    -3955.880       25.970   329.4      0.758      1.146      0.287     -0.226     -0.144      0.059
1275.2500     -3928.194    -3954.825       26.631   337.8      0.774      0.720      0.156     -0.204     -0.023      0.368
1275.5000     -3928.549    -3956.045       27.496   348.7      0.700      0.370     -0.391     -0.203      0.180      0.113
1275.7500     -3930.068    -3956.117       26.049   330.4      0.989      0.475      0.006     -0.046      0.039     -0.008
1276.0000     -3931.355    -3957.134       25.778   326.9      0.506      0.714     -0.597     -0.493     -0.037      0.205
1276.2500     -3932.320    -3958.154       25.833   327.6      0.964      0.709      0.326      0.107     -0.151      0.131
1276.5000     -3930.856    -3956.566       25.710   326.1      0.270      1.383      0.780     -0.110     -0.266      0.004
1276.7500     -3929.787    -3956.710       26.923   341.5      0.674      0.546     -0.024      0.361     -0.031     -0.087
1277.0000     -3929.421    -3954.709       25.288   320.7      1.299      0.923     -0.053      0.156     -0.273      0.304
1277.2500     -3928.501    -3955.040       26.540   336.6      0.784      0.854      0.035      0.001     -0.143      0.198
1277.5000     -3929.991    -3956.776       26.786   339.7      0.530      0.937      0.285     -0.042     -0.021      0.014
1277.7500     -3928.130    -3954.158       26.027   330.1      1.109      1.440      0.420      0.028      0.150      0.014
1278.0000     -3926.677    -3953.960       27.282   346.0      1.001      0.840      0.636     -0.085     -0.196      0.226
1278.2500     -3928.215    -3954.999       26.783   339.7      1.491      1.096      0.831      0.151      0.231      0.267
1278.5000     -3928.433    -3954.080       25.646   325.3      0.870      1.000      0.559      0.089      0.119      0.260
1278.7500     -3928.005    -3953.817       25.812   327.4      1.112      1.056      0.170      0.006     -0.334     -0.207
1279.0000     -3929.488    -3956.021       26.532   336.5      0.902      0.612      0.334      0.296     -0.316     -0.306
1279.2500     -3931.430    -3957.497       26.066   330.6      0.706      0.606      0.149     -0.060     -0.256     -0.195
1279.5000     -3931.382    -3956.947       25.565   324.2      0.792      0.616      0.721     -0.083      0.032      0.166
1279.7500     -3931.454    -3957.175       25.721   326.2      0.433      0.786     -0.067      0.166      0.457     -0.060
1280.0000     -3930.221    -3956.827       26.606   337.4      1.032      1.146      0.551     -0.028      0.296     -0.082
1280.2500     -3931.040    -3956.451       25.411   322.3      0.990      1.407      0.829     -0.247      0.252     -0.044
1280.5000     -3931.419    -3957.039       25.620   324.9      0.946      0.843      0.624      0.257     -0.085     -0.068
1280.7500     -3930.326    -3955.044       24.718   313.5      0.437      1.109      0.447     -0.004     -0.131     -0.013
1281.0000     -3928.979    -3955.753       26.773   339.6      1.163      0.651      0.530     -0.183      0.202     -0.031
1281.2500     -3929.341    -3956.821       27.480   348.5      0.181      0.858     -0.122      0.207      0.418      0.012
1281.5000     -3929.775    -3955.798       26.023   330.0      0.437      0.558      0.155     -0.168     -0.156     -0.117
1281.7500     -3930.351    -3955.741       25.389   322.0      0.145      0.744      0.361      0.028     -0.165     -0.028
1282.0000     -3930.989    -3955.581       24.592   311.9      0.624      1.057      0.390     -0.164     -0.234     -0.060
1282.2500     -3929.852    -3954.861       25.009   317.2      0.442      0.881      0.770     -0.216     -0.011      0.115
1282.5000     -3927.765    -3953.464       25.699   325.9      0.551      0.714      0.579     -0.229     -0.299     -0.108
1282.7500     -3926.600    -3952.995       26.395   334.8      0.418      0.882      0.650     -0.030      0.218      0.173
1283.0000     -3928.203    -3953.149       24.945   316.4      0.872      0.703      0.069     -0.155      0.493     -0.171
1283.2500     -3926.866    -3953.470       26.604   337.4      0.556      0.841      0.474     -0.194      0.179      0.104
1283.5000     -3927.494    -3954.001       26.507   336.2      0.511      0.776      0.065      0.118     -0.311      0.415
1283.7500     -3930.760    -3955.878       25.118   318.6      0.895      1.271      0.716      0.039     -0.423     -0.231
1284.0000     -3928.343    -3953.353       25.009   317.2      0.297      1.027      0.021     -0.059      0.089     -0.213
1284.2500     -3929.660    -3955.722       26.061   330.5      1.048      1.135      0.749     -0.210      0.042     -0.141
1284.5000     -3929.987    -3954.857       24.870   315.4      0.408      0.264      0.164      0.362      0.015     -0.104
1284.7500     -3928.888    -3955.413       26.525   336.4      0.458      1.192      0.298      0.189      0.028      0.064
1285.0000     -3928.439    -3953.918       25.479   323.1      0.599      0.713      0.506      0.213     -0.033      0.066
1285.2500     -3926.841    -3954.625       27.784   352.4      0.115      0.298      0.280      0.012      0.563      0.075
1285.5000     -3926.679    -3954.167       27.488   348.6      0.892      1.083      0.604      0.276      0.240     -0.175
1285.7500     -3928.618    -3954.334       25.716   326.1      0.277      0.730     -0.250     -0.284      0.251      0.112
1286.0000     -3927.261    -3954.692       27.431   347.9      0.883      1.141      0.062     -0.116      0.285      0.077
1286.2500     -3928.102    -3953.690       25.589   324.5      0.881      0.884     -0.110      0.100     -0.037     -0.108
1286.5000     -3927.693    -3955.234       27.541   349.3      0.232      0.733      0.286      0.091     -0.067     -0.227
1286.7500     -3928.267    -3953.575       25.307   321.0      0.700      1.466      1.044      0.231     -0.178     -0.140
1287.0000     -3930.391    -3955.882       25.491   323.3      0.167      0.864     -0.065      0.241      0.497     -0.024
1287.2500     -3930.693    -3955.794       25.101   318.3      1.100      0.746      0.585     -0.031     -0.023      0.136
1287.5000     -3929.074    -3954.790       25.716   326.1      0.603      1.049      0.144      0.185     -0.019      0.049
1287.7500     -3930.098    -3956.057       25.959   329.2      0.755      0.881      0.021      0.170     -0.064     -0.182
1288.0000     -3930.974    -3956.030       25.056   317.8      0.419      0.944      0.239      0.061     -0.039     -0.070
1288.2500     -3929.907    -3956.157       26.250   332.9      0.629      1.467      0.512     -0.076     -0.015      0.083
1288.5000     -3929.743    -3955.322       25.579   324.4      0.497      0.645      0.254      0.094     -0.020     -0.007
1288.7500     -3930.783    -3955.562       24.778   314.3      0.511      1.559      0.244     -0.342     -0.185      0.025
1289.0000     -3930.479    -3955.460       24.981   316.8      0.955      0.764      0.177      0.010     -0.190     -0.262
1289.2500     -3928.589    -3955.488       26.899   341.1      0.951      1.017      0.228     -0.016      0.033      0.040
1289.5000     -3928.571    -3954.394       25.823   327.5      0.346      0.905      0.350      0.121      0.025      0.049
1289.7500     -3928.356    -3955.249       26.893   341.1      0.443      1.022      0.457      0.210      0.223      0.185
1290.0000     -3928.992    -3955.478       26.486   335.9      0.877      0.860      0.514     -0.261      0.084     -0.101
1290.2500     -3929.668    -3955.821       26.153   331.7      0.676      0.732      0.643      0.054     -0.153      0.200
1290.5000     -3927.855    -3954.861       27.006   342.5      1.042      1.131      0.235      0.132     -0.252      0.109
1290.7500     -3927.593    -3954.026       26.433   335.2      0.400      0.027      0.165      0.278      0.111      0.056
1291.0000     -3928.734    -3955.564       26.831   340.3      0.530      1.202      0.569      0.103      0.092      0.040
1291.2500     -3929.733    -3956.283       26.551   336.7      0.919      1.082      0.436     -0.086     -0.230      0.127
1291.5000     -3931.029    -3956.684       25.655   325.4      0.876      1.018      0.347     -0.034     -0.199      0.014
1291.7500     -3930.856    -3956.257       25.400   322.1      0.616      1.057      0.265     -0.143      0.024     -0.177
1292.0000     -3929.555    -3955.639       26.084   330.8      0.761      0.949      0.487     -0.056      0.071     -0.050
1292.2500     -3930.716    -3957.189       26.472   335.7      0.814      0.888     -0.220     -0.169     -0.154      0.047
1292.5000     -3932.412    -3957.716       25.305   320.9      0.685      0.945      0.410     -0.035     -0.094      0.237
1292.7500     -3930.671    -3955.555       24.884   315.6      0.735      0.931      0.174      0.068     -0.232     -0.143
1293.0000     -3931.286    -3956.772       25.486   323.2      0.826      0.718      0.201      0.058     -0.059     -0.025
1293.2500     -3928.265    -3954.910       26.645   337.9      0.830      1.272      0.767     -0.067      0.025      0.207
1293.5000     -3929.645    -3956.177       26.532   336.5      0.671      0.952      0.370     -0.052     -0.212     -0.082
1293.7500     -3929.579    -3954.993       25.414   322.3      0.507      0.881      0.204     -0.006     -0.406     -0.153
1294.0000     -3930.760    -3956.733       25.973   329.4      0.949      1.312      0.055     -0.034     -0.314      0.092
1294.2500     -3932.000    -3957.270       25.270   320.5      1.009      1.033      0.340      0.391     -0.331     -0.117
1294.5000     -3931.025    -3956.697       25.672   325.6      0.881      0.796      0.119      0.097     -0.169     -0.103
1294.7500     -3931.099    -3958.094       26.994   342.4      0.913      0.931      0.461     -0.009     -0.303      0.281
1295.0000     -3930.921    -3956.631       25.710   326.1      0.243      0.486      0.151     -0.012     -0.075     -0.122
1295.2500     -3931.966    -3957.464       25.498   323.4      0.962      1.549      0.942      0.072     -0.238     -0.279
1295.5000     -3930.653    -3956.510       25.857   327.9      1.154      1.339      0.572     -0.305     -0.359      0.259
1295.7500     -3930.997    -3956.202       25.205   319.7      0.960      0.764      0.254      0.077      0.253      0.060
1296.0000     -3930.865    -3957.282       26.417   335.0      0.561      0.788      0.161     -0.143      0.239     -0.279
1296.2500     -3929.702    -3956.050       26.348   334.2      0.655      0.448     -0.325      0.094      0.109     -0.037
1296.5000     -3928.504    -3956.403       27.899   353.8      0.675      0.567     -0.007      0.132     -0.145      0.089
1296.7500     -3929.339    -3955.804       26.464   335.6      0.663      1.142      0.434      0.130      0.224     -0.091
1297.0000     -3929.925    -3957.059       27.134   344.1      1.223      0.635      0.436     -0.252     -0.045      0.329
1297.2500     -3932.370    -3958.247       25.876   328.2      0.435      0.974     -0.064     -0.107      0.287      0.222
1297.5000     -3931.534    -3957.369       25.834   327.6      0.477      1.085      0.023     -0.301     -0.248     -0.037
1297.7500     -3930.541    -3956.239       25.698   325.9      0.615      1.145      0.064     -0.023     -0.112      0.056
1298.0000     -3931.664    -3956.875       25.210   319.7      0.586      0.790      0.216     -0.079      0.362      0.108
1298.2500     -3932.489    -3957.010       24.522   311.0      0.790      1.003      0.099     -0.161      0.192      0.115
1298.5000     -3932.224    -3957.175       24.951   316.4      0.455      0.725      0.266      0.270      0.171     -0.147
1298.7500     -3930.325    -3956.984       26.659   338.1      0.914      0.850      0.600     -0.245     -0.241     -0.156
1299.0000     -3931.169    -3956.486       25.317   321.1      0.543      0.804      0.162     -0.051     -0.224     -0.192
1299.2500     -3930.547    -3955.483       24.936   316.3      1.044      0.866      0.700     -0.014     -0.141      0.326
1299.5000     -3932.275    -3957.118       24.843   315.1      0.692      1.092      0.161      0.036      0.225      0.027
1299.7500     -3934.022    -3958.828       24.806   314.6      0.865      0.861      0.247     -0.419      0.157      0.383
1300.0000     -3932.648    -3957.719       25.071   318.0      0.751      0.593      0.587      0.337     -0.109     -0.013
1300.2500     -3934.183    -3959.173       24.990   316.9      0.720      1.163      0.057      0.257     -0.132     -0.051
1300.5000     -3932.303    -3957.423       25.120   318.6      0.835      1.166      0.494      0.117     -0.098     -0.022
1300.7500     -3932.793    -3957.858       25.065   317.9      0.705      1.267     -0.006      0.161     -0.238      0.246
1301.0000     -3932.921    -3957.436       24.515   310.9      0.453      0.871      0.114      0.034     -0.123     -0.068
1301.2500     -3933.543    -3957.853       24.310   308.3      0.582      1.534      0.568      0.128      0.172     -0.115
1301.5000     -3934.610    -3959.962       25.352   321.5      0.314      0.936     -0.003     -0.216      0.334      0.008
1301.7500     -3933.502    -3958.872       25.369   321.7      0.881      0.525      0.150     -0.210      0.152      0.103
1302.0000     -3933.062    -3957.895       24.833   314.9      0.921      0.948      0.461     -0.169      0.141      0.094
1302.2500     -3932.590    -3957.622       25.032   317.5      0.770      0.412      0.058     -0.378      0.116      0.161
1302.5000     -3933.666    -3958.428       24.761   314.0      1.080      1.016      0.138     -0.104      0.058     -0.078
1302.7500     -3933.466    -3959.403       25.937   328.9      0.779      0.873      0.242      0.112     -0.030      0.315
1303.0000     -3931.818    -3957.494       25.676   325.6      1.153      1.259     -0.273      0.173     -0.395      0.254
1303.2500     -3932.283    -3958.231       25.948   329.1      0.345      1.290      0.281     -0.133     -0.056      0.236
1303.5000     -3931.640    -3958.545       26.904   341.2      0.088      0.960     -0.397      0.056     -0.011     -0.032
1303.7500     -3931.074    -3957.150       26.076   330.7      0.788      0.721      0.015     -0.013     -0.149      0.046
1304.0000     -3931.902    -3957.500       25.598   324.7      0.224      0.817     -0.085      0.170      0.062     -0.266
1304.2500     -3931.257    -3956.825       25.568   324.3      0.703      0.930      0.346      0.088     -0.054     -0.077
1304.5000     -3931.568    -3957.325       25.757   326.7      0.445      1.450      0.275      0.095     -0.513      0.290
1304.7500     -3934.430    -3959.800       25.370   321.8      0.719      0.808     -0.118     -0.283      0.152      0.104
1305.0000     -3933.135    -3958.132       24.997   317.0      0.876      0.665      0.213     -0.396      0.047      0.080
1305.2500     -3933.126    -3957.559       24.432   309.9      0.145      0.533      0.237      0.022      0.101     -0.041
1305.5000     -3934.201    -3959.497       25.296   320.8      0.801      0.859     -0.508      0.426     -0.311     -0.267
1305.7500     -3932.179    -3957.919       25.741   326.5      0.777      0.903      0.433      0.223      0.319     -0.128
1306.0000     -3931.287    -3957.725       26.439   335.3      0.448      0.679     -0.100      0.151      0.427      0.016
1306.2500     -3930.620    -3957.120       26.500   336.1      0.744      1.200      0.362     -0.102      0.490      0.009
1306.5000     -3930.777    -3956.608       25.831   327.6      0.414      0.879     -0.016      0.126      0.254      0.046
1306.7500     -3931.594    -3957.640       26.046   330.3      0.819      0.582      0.244      0.013     -0.193     -0.051
1307.0000     -3932.216    -3958.143       25.927   328.8      1.077      0.947     -0.030      0.057     -0.053      0.176
1307.2500     -3932.722    -3957.603       24.881   315.6      0.665      0.583      0.380     -0.190     -0.224     -0.037
1307.5000     -3932.895    -3958.281       25.386   322.0      0.761      1.032      0.500     -0.010     -0.063     -0.200
1307.7500     -3932.213    -3957.024       24.812   314.7      1.083      1.209      0.665     -0.261     -0.228      0.127
1308.0000     -3931.128    -3958.611       27.484   348.6      0.015      0.980     -0.068     -0.019      0.018      0.315
1308.2500     -3929.795    -3957.256       27.460   348.3      1.079      1.136      0.723     -0.023      0.057     -0.005
1308.5000     -3931.580    -3956.934       25.354   321.6      0.429      0.851      0.139     -0.016      0.270      0.239
1308.7500     -3932.348    -3957.355       25.008   317.2      0.445      1.030      0.024     -0.195      0.291     -0.050
1309.0000     -3931.870    -3958.137       26.267   333.1      1.106      0.703      0.416     -0.059      0.312     -0.255
1309.2500     -3932.759    -3958.217       25.458   322.9      1.248      1.338      0.459     -0.249     -0.231     -0.108
1309.5000     -3933.260    -3957.977       24.717   313.5      0.852      1.316      0.337      0.125     -0.251     -0.001
1309.7500     -3933.195    -3959.244       26.048   330.4      0.756      1.080      0.187      0.055     -0.479      0.160
1310.0000     -3930.319    -3957.335       27.016   342.6      0.539      1.290      0.710      0.150      0.095     -0.085
1310.2500     -3930.809    -3957.455       26.645   337.9      0.667      1.334     -0.040     -0.094      0.035      0.124
1310.5000     -3931.902    -3958.012       26.110   331.1      1.067      1.164      0.303      0.065      0.389     -0.042
1310.7500     -3929.516    -3958.158       28.642   363.3      1.041      0.842     -0.010     -0.355      0.316      0.037
1311.0000     -3929.804    -3955.665       25.860   328.0      0.701      0.834      0.056     -0.237     -0.303     -0.143
1311.2500     -3929.760    -3956.755       26.996   342.4      0.923      1.676      0.322     -0.426     -0.212     -0.009
1311.5000     -3930.773    -3955.881       25.107   318.4      0.817      0.631      0.206     -0.083     -0.138      0.027
1311.7500     -3931.209    -3958.208       26.999   342.4      0.829      1.434      0.723     -0.069     -0.083     -0.075
1312.0000     -3931.106    -3956.957       25.851   327.9      0.537      0.145      0.355      0.161      0.007     -0.049
1312.2500     -3930.275    -3957.070       26.795   339.8      0.247      1.371      0.275      0.146      0.359      0.092
1312.5000     -3930.236    -3956.237       26.002   329.8      0.179      0.402     -0.019     -0.132      0.381      0.147
1312.7500     -3930.735    -3957.881       27.146   344.3      0.391      0.917      0.578     -0.256      0.125      0.117
1313.0000     -3930.196    -3957.570       27.374   347.2      0.550      0.462      0.354     -0.205     -0.065     -0.195
1313.2500     -3930.039    -3956.700       26.662   338.1      0.180      0.735     -0.157      0.086      0.429      0.120
1313.5000     -3930.806    -3957.414       26.608   337.5      0.793      0.665      0.358      0.416      0.026     -0.056
1313.7500     -3931.808    -3958.022       26.215   332.5      0.738      0.845      0.310     -0.077      0.041      0.077
1314.0000     -3930.966    -3958.252       27.285   346.0      0.650      0.542      0.290     -0.169     -0.028      0.076
1314.2500     -3931.331    -3956.361       25.030   317.4      0.325      0.719      0.155     -0.107     -0.280      0.072
1314.5000     -3931.824    -3957.742       25.919   328.7      0.651      0.679      0.011      0.482     -0.000     -0.159
1314.7500     -3931.096    -3958.410       27.314   346.4      0.753      0.469     -0.238      0.011      0.285     -0.087
1315.0000     -3930.061    -3956.362       26.301   333.6      0.463      0.761     -0.042      0.084      0.004      0.208
1315.2500     -3931.399    -3957.493       26.094   330.9      0.760      0.904      0.345     -0.210     -0.216      0.206
1315.5000     -3933.271    -3958.920       25.648   325.3      0.692      0.491      0.627     -0.144     -0.383      0.138
1315.7500     -3931.125    -3956.648       25.523   323.7      0.925      0.976      0.447     -0.339     -0.148      0.450
1316.0000     -3931.547    -3957.477       25.930   328.9      0.974      0.749     -0.015     -0.022      0.151     -0.209
1316.2500     -3933.005    -3959.431       26.426   335.1      1.280      0.850      0.236      0.011     -0.403     -0.221
1316.5000     -3931.777    -3958.068       26.291   333.4      0.458      0.969     -0.118      0.067     -0.019      0.004
1316.7500     -3930.415    -3956.571       26.156   331.7      0.916      1.206      0.522      0.057      0.179      0.062
1317.0000     -3929.688    -3955.094       25.406   322.2      0.949      1.272      0.724     -0.193      0.038      0.027
1317.2500     -3930.766    -3956.988       26.222   332.6      0.336      0.321      0.801      0.114      0.306     -0.052
1317.5000     -3931.034    -3955.633       24.599   312.0      0.370      0.977      0.253     -0.109      0.043      0.030
1317.7500     -3930.655    -3956.156       25.500   323.4      0.455      1.098      0.765     -0.019      0.080      0.077
1318.0000     -3931.747    -3956.983       25.237   320.1      0.824      0.728      0.596      0.038     -0.214     -0.088
1318.2500     -3929.623    -3955.217       25.593   324.6      0.676      1.051      0.534      0.173     -0.209      0.244
1318.5000     -3929.917    -3956.433       26.516   336.3      0.576      0.649     -0.114     -0.028      0.024      0.137
1318.7500     -3930.409    -3956.659       26.251   332.9      1.008      1.085      0.144      0.399      0.041      0.013
1319.0000     -3930.173    -3956.507       26.334   334.0      1.423      0.823      0.546     -0.132     -0.226     -0.071
1319.2500     -3929.166    -3954.577       25.410   322.3     -0.063      1.058      0.025      0.116      0.123      0.078
1319.5000     -3926.062    -3952.200       26.138   331.5      1.025      1.189      0.306     -0.207     -0.192     -0.009
1319.7500     -3925.939    -3953.906       27.967   354.7      0.230      0.979     -0.134     -0.148      0.232      0.048
1320.0000     -3927.090    -3954.189       27.100   343.7      0.620      0.786      1.236     -0.058      0.174     -0.070
1320.2500     -3928.964    -3953.908       24.944   316.4      1.304      1.900      0.557     -0.068      0.239      0.033
1320.5000     -3928.134    -3953.540       25.406   322.2      1.043      0.718     -0.052      0.401     -0.251      0.101
1320.7500     -3928.257    -3953.296       25.039   317.6      0.591      0.866     -0.106      0.185     -0.440      0.305
1321.0000     -3928.737    -3954.167       25.430   322.5      0.961      0.731     -0.126     -0.003     -0.579     -0.303
1321.2500     -3929.845    -3956.111       26.266   333.1      0.525      0.209      0.291      0.045      0.235     -0.276
1321.5000     -3930.702    -3955.803       25.101   318.4      0.640      0.549      0.235      0.091      0.296     -0.164
1321.7500     -3931.829    -3957.675       25.845   327.8      1.183      0.980      0.603      0.111     -0.042      0.125
1322.0000     -3931.362    -3957.100       25.738   326.4      0.865      0.744      0.305     -0.356     -0.186      0.100
1322.2500     -3931.309    -3956.496       25.187   319.4      1.095      0.863      0.008      0.038      0.287      0.053
1322.5000     -3929.370    -3956.409       27.039   342.9      0.685      1.104      0.137     -0.169      0.104      0.517
1322.7500     -3929.986    -3956.412       26.426   335.1      0.472      0.924     -0.262     -0.093      0.720      0.260
1323.0000     -3928.597    -3955.077       26.480   335.8      0.633      0.845      0.808     -0.203      0.125     -0.082
1323.2500     -3929.444    -3956.851       27.407   347.6      0.783      1.209     -0.130     -0.101     -0.155      0.180
1323.5000     -3928.746    -3957.034       28.288   358.8      1.012      0.519      0.215     -0.287     -0.201     -0.169
1323.7500     -3930.568    -3955.974       25.406   322.2      0.433      0.301      0.361     -0.059      0.137     -0.191
1324.0000     -3932.047    -3956.411       24.365   309.0      0.435      0.710     -0.340     -0.235      0.404     -0.070
1324.2500     -3931.381    -3956.962       25.581   324.4      0.854      0.875     -0.330     -0.042      0.077     -0.067
1324.5000     -3930.315    -3956.348       26.033   330.2      1.170      0.489     -0.255     -0.118     -0.051     -0.113
1324.7500     -3929.644    -3955.964       26.321   333.8      0.642      1.188     -0.024     -0.001      0.066      0.214
1325.0000     -3930.498    -3956.756       26.258   333.0      0.743      0.648     -0.351     -0.178      0.211     -0.135
1325.2500     -3929.822    -3955.070       25.248   320.2      0.475      0.588      0.150      0.114      0.110     -0.103
1325.5000     -3931.034    -3956.721       25.687   325.8      0.306      1.036      0.489     -0.169     -0.071     -0.076
1325.7500     -3929.260    -3956.123       26.864   340.7      0.841      0.816      0.061     -0.103     -0.076     -0.038
1326.0000     -3929.460    -3955.754       26.294   333.5      1.251      0.885     -0.062     -0.009     -0.315     -0.129
1326.2500     -3929.070    -3955.167       26.097   331.0      0.852      1.225     -0.032     -0.335      0.149     -0.262
1326.5000     -3928.562    -3955.534       26.973   342.1      0.461      0.546     -0.014      0.055      0.070      0.122
1326.7500     -3927.776    -3955.012       27.236   345.4      0.680      1.014      0.445      0.366      0.011      0.097
1327.0000     -3928.605    -3955.215       26.610   337.5      0.307      0.532      0.153      0.026     -0.114      0.131
1327.2500     -3927.881    -3954.985       27.104   343.7      0.475      0.648      0.371      0.053      0.092      0.141
1327.5000     -3929.604    -3955.843       26.239   332.8      0.558      0.598      0.507      0.190      0.092      0.184
1327.7500     -3930.575    -3956.212       25.637   325.1      0.451      0.823      0.404      0.150      0.015     -0.295
1328.0000     -3929.861    -3955.488       25.627   325.0      1.651      1.022      0.912      0.070     -0.058     -0.015
1328.2500     -3931.458    -3957.265       25.806   327.3      0.787      1.270      0.147      0.168     -0.062     -0.067
1328.5000     -3930.649    -3955.628       24.979   316.8      1.013      0.893      0.581      0.393     -0.163      0.348
1328.7500     -3930.267    -3956.337       26.070   330.6      0.265      0.739      0.327     -0.127     -0.103      0.042
1329.0000     -3930.393    -3956.427       26.034   330.2      1.022      0.808      0.625     -0.241      0.081      0.098
1329.2500     -3929.385    -3955.388       26.003   329.8      0.786      0.647      0.199      0.135     -0.202     -0.055
1329.5000     -3928.654    -3954.527       25.873   328.1      0.340      0.409      0.338      0.185     -0.210     -0.215
1329.7500     -3928.807    -3955.610       26.803   339.9      0.650      0.857     -0.001      0.030      0.102     -0.073
1330.0000     -3929.362    -3956.508       27.146   344.3      1.075      0.568      0.535     -0.107      0.192      0.123
1330.2500     -3929.133    -3955.198       26.065   330.6      0.853      1.025      0.555     -0.151      0.125     -0.215
1330.5000     -3929.194    -3955.336       26.141   331.5      1.111      0.903      0.494      0.124      0.084     -0.256
1330.7500     -3929.466    -3955.882       26.416   335.0      0.852      1.253      0.043      0.059      0.165     -0.179
1331.0000     -3930.282    -3956.412       26.129   331.4      0.611      0.267     -0.255     -0.369      0.396      0.167
1331.2500     -3930.734    -3957.198       26.464   335.6      0.901      0.919     -0.203      0.030     -0.126     -0.014
1331.5000     -3929.328    -3955.542       26.214   332.5      0.612      0.811      0.294      0.073      0.002     -0.082
1331.7500     -3928.516    -3954.563       26.047   330.3      0.878      0.650      0.943      0.103      0.031      0.174
1332.0000     -3928.341    -3955.064       26.722   338.9      0.521      0.451     -0.196      0.148      0.113      0.002
1332.2500     -3928.857    -3954.616       25.759   326.7      0.825      1.155      0.074      0.213     -0.018      0.168
1332.5000     -3930.144    -3957.085       26.941   341.7      1.101      0.899      0.369      0.105     -0.127      0.084
1332.7500     -3929.660    -3956.069       26.410   334.9      0.834      1.215      0.174     -0.035      0.090     -0.248
1333.0000     -3928.350    -3954.494       26.144   331.6      0.897      1.374      0.744     -0.016      0.303     -0.132
1333.2500     -3928.458    -3956.227       27.768   352.2      0.572      0.783      0.480      0.038      0.105     -0.153
1333.5000     -3930.779    -3955.967       25.187   319.4      0.572      0.888     -0.125     -0.082      0.287      0.287
1333.7500     -3931.690    -3957.422       25.732   326.3      0.634      1.169      0.158     -0.033     -0.109      0.371
1334.0000     -3932.115    -3957.160       25.045   317.6      0.716      0.809      0.166     -0.047      0.044     -0.025
1334.2500     -3930.048    -3956.610       26.563   336.9      0.486      0.792      0.066      0.062     -0.044      0.133
1334.5000     -3929.338    -3957.324       27.986   354.9      1.140      0.881      0.297      0.018      0.129     -0.153
1334.7500     -3928.310    -3956.515       28.206   357.7      0.318      0.534     -0.090      0.008     -0.049     -0.360
1335.0000     -3930.022    -3957.076       27.054   343.1      0.354      0.665      0.592      0.032     -0.088     -0.006
1335.2500     -3929.522    -3956.168       26.647   337.9      1.023      0.745      0.339      0.296     -0.112      0.125
1335.5000     -3930.377    -3955.963       25.586   324.5      1.083      0.329      0.022     -0.125      0.551     -0.022
1335.7500     -3930.708    -3956.061       25.353   321.5      1.085      0.740      0.000     -0.161     -0.122     -0.056
1336.0000     -3931.332    -3955.787       24.455   310.2      0.804      0.581     -0.146     -0.221      0.005      0.281
1336.2500     -3931.746    -3957.994       26.248   332.9      0.426      0.703      0.394     -0.307      0.060      0.105
1336.5000     -3933.135    -3958.139       25.005   317.1      0.592      0.897     -0.134      0.056      0.199     -0.086
1336.7500     -3930.551    -3957.262       26.711   338.8      0.496      0.527      0.101      0.203      0.211     -0.140
1337.0000     -3931.889    -3956.615       24.726   313.6      0.731      0.409      0.456     -0.081      0.094     -0.124
1337.2500     -3931.161    -3956.219       25.059   317.8      0.659      1.072     -0.072     -0.228      0.151     -0.008
1337.5000     -3929.664    -3955.381       25.717   326.2      0.697      0.486      0.545     -0.025      0.246     -0.102
1337.7500     -3931.110    -3956.277       25.167   319.2      0.898      0.382      0.413      0.225      0.199     -0.044
1338.0000     -3932.526    -3958.376       25.850   327.8      0.666      1.159      0.551     -0.160      0.139      0.024
1338.2500     -3932.417    -3957.749       25.333   321.3      0.902      0.893      0.214      0.148     -0.086     -0.111
1338.5000     -3931.365    -3956.768       25.403   322.2      1.185      0.933      0.478     -0.006      0.018     -0.023
1338.7500     -3930.748    -3956.501       25.753   326.6      0.389      0.807      0.369      0.068      0.319     -0.045
1339.0000     -3930.794    -3956.668       25.874   328.2      0.699      1.076      0.699     -0.061     -0.058      0.091
1339.2500     -3932.403    -3956.861       24.458   310.2      1.105      1.395      0.316      0.033     -0.230     -0.014
1339.5000     -3931.553    -3956.120       24.567   311.6      0.679      1.076     -0.169      0.200     -0.015     -0.165
1339.7500     -3929.882    -3955.516       25.634   325.1      1.315      0.338      0.384      0.492     -0.159      0.122
1340.0000     -3929.075    -3955.174       26.099   331.0      0.950      0.641      0.393      0.232      0.184     -0.156
1340.2500     -3928.209    -3955.409       27.200   345.0      0.902      0.912      0.733     -0.158     -0.178      0.084
1340.5000     -3932.241    -3956.725       24.484   310.5      0.449      1.174     -0.024     -0.099      0.091      0.010
1340.7500     -3931.523    -3957.458       25.935   328.9      1.135      0.646      0.806     -0.015     -0.246     -0.094
1341.0000     -3932.136    -3956.425       24.290   308.1      1.264      0.849      0.374     -0.103      0.219      0.238
1341.2500     -3933.049    -3958.035       24.986   316.9      0.875      0.882      0.533     -0.081     -0.222     -0.266
1341.5000     -3930.449    -3955.757       25.308   321.0      0.407      1.054      0.247     -0.140     -0.155     -0.020
1341.7500     -3930.956    -3956.410       25.454   322.8      0.427      0.597     -0.256     -0.229      0.030     -0.005
1342.0000     -3930.796    -3957.714       26.918   341.4      1.086      1.263      0.415      0.112      0.073      0.137
1342.2500     -3931.601    -3957.023       25.422   322.4      0.906      0.828     -0.003     -0.032     -0.018      0.206
1342.5000     -3931.012    -3956.476       25.463   322.9      0.630      0.535     -0.175     -0.154      0.113      0.110
1342.7500     -3931.428    -3956.272       24.844   315.1      0.570      0.862     -0.081     -0.001     -0.034     -0.004
1343.0000     -3930.418    -3955.269       24.851   315.2      0.784      0.590      0.126      0.097     -0.283     -0.115
1343.2500     -3930.352    -3957.419       27.067   343.3      0.949      0.867      0.741     -0.065     -0.248      0.230
1343.5000     -3930.982    -3957.329       26.347   334.1      0.936      1.038      0.060     -0.078      0.087      0.060
1343.7500     -3930.098    -3956.016       25.918   328.7      0.638      0.596     -0.058      0.083      0.163     -0.223
1344.0000     -3930.235    -3956.582       26.346   334.1      1.311      0.980      0.823      0.098      0.320     -0.348
1344.2500     -3930.329    -3957.117       26.788   339.7      0.314      0.723     -0.144     -0.237     -0.120     -0.300
1344.5000     -3931.079    -3956.334       25.255   320.3      1.014      1.353      0.733     -0.025      0.343     -0.062
1344.7500     -3930.747    -3955.486       24.739   313.8      1.698      0.802      0.178      0.043      0.337      0.088
1345.0000     -3930.531    -3956.725       26.194   332.2      0.099      0.989     -0.328     -0.101     -0.087     -0.035
1345.2500     -3929.948    -3956.109       26.161   331.8      0.777      0.892      0.207      0.114      0.042      0.017
1345.5000     -3929.899    -3956.607       26.708   338.7      0.183      0.656      0.147      0.055     -0.147      0.189
1345.7500     -3929.742    -3955.826       26.083   330.8      0.349      1.068      0.098     -0.078      0.071      0.119
1346.0000     -3928.886    -3956.593       27.707   351.4      0.761      0.440     -0.358     -0.061      0.120     -0.196
1346.2500     -3930.499    -3956.620       26.122   331.3      0.804      0.854     -0.361      0.447      0.511      0.031
1346.5000     -3929.116    -3956.128       27.012   342.6      0.683      0.867      0.603      0.329      0.098      0.147
1346.7500     -3928.775    -3957.151       28.376   359.9      0.573      1.162     -0.331      0.355     -0.096     -0.163
1347.0000     -3927.087    -3955.172       28.085   356.2      1.155      0.653      0.171      0.157      0.158     -0.097
1347.2500     -3927.371    -3955.685       28.314   359.1      1.455      0.597      0.606      0.181      0.003     -0.158
1347.5000     -3928.087    -3956.065       27.978   354.8      0.559      1.087      0.471      0.127     -0.198     -0.009
1347.7500     -3929.829    -3955.726       25.897   328.4      1.103      0.359      0.301      0.037     -0.060     -0.212
1348.0000     -3930.025    -3956.618       26.593   337.3      0.983      0.586     -0.253      0.229      0.239      0.101
1348.2500     -3930.766    -3955.319       24.553   311.4      1.207      1.045      0.271      0.126      0.135     -0.073
1348.5000     -3930.256    -3955.811       25.555   324.1      0.438      0.839      0.079     -0.073     -0.365     -0.130
1348.7500     -3930.861    -3957.128       26.268   333.1      0.486      0.438      0.344     -0.041     -0.221      0.100
1349.0000     -3932.090    -3957.729       25.638   325.2      0.992      1.297      0.528     -0.205     -0.146     -0.116
1349.2500     -3931.316    -3956.861       25.545   324.0      0.412      0.546      0.034     -0.006      0.035      0.196
1349.5000     -3932.090    -3957.065       24.975   316.7      1.108      0.851      1.000      0.133     -0.033      0.092
1349.7500     -3930.114    -3955.404       25.290   320.7      0.094      0.414     -0.372      0.117     -0.437     -0.162
1350.0000     -3929.846    -3955.600       25.753   326.6      0.596      1.274      0.379     -0.162      0.075     -0.018
1350.2500     -3929.418    -3955.698       26.279   333.3      0.713      1.236      0.356     -0.053      0.191     -0.272
1350.5000     -3930.983    -3957.105       26.122   331.3      0.708      0.871      0.324      0.197      0.082     -0.086
1350.7500     -3931.008    -3957.648       26.640   337.9      0.701      0.413     -0.080     -0.040     -0.011     -0.209
1351.0000     -3931.546    -3957.715       26.169   331.9      0.752      0.999     -0.205      0.298     -0.172      0.049
1351.2500     -3929.188    -3955.909       26.721   338.9      1.306      0.822      0.334      0.237     -0.080      0.299
1351.5000     -3930.284    -3956.757       26.474   335.8      0.743      1.007     -0.028      0.071      0.048      0.046
1351.7500     -3929.934    -3955.603       25.669   325.5     -0.085      0.670      0.065      0.092      0.113     -0.026
1352.0000     -3929.912    -3956.179       26.267   333.1      0.946      1.121      0.504      0.101      0.395     -0.086
1352.2500     -3928.383    -3953.018       24.634   312.4      0.717      0.841     -0.207     -0.268      0.056      0.030
1352.5000     -3930.559    -3955.903       25.343   321.4      0.176      1.214     -0.280     -0.062     -0.246     -0.001
1352.7500     -3932.512    -3958.119       25.606   324.8      0.692      1.023      0.794     -0.233     -0.090      0.074
1353.0000     -3932.207    -3957.239       25.032   317.5      0.824      1.451      0.960     -0.081     -0.129      0.148
1353.2500     -3931.200    -3956.981       25.781   327.0      0.832      0.624     -0.437     -0.007      0.086      0.026
1353.5000     -3930.088    -3957.508       27.421   347.8      0.783      0.784      0.627      0.019      0.192     -0.158
1353.7500     -3928.802    -3955.356       26.554   336.8      1.217      1.105      0.930     -0.149     -0.087      0.086
1354.0000     -3930.088    -3954.930       24.842   315.1      1.129      0.426      0.456      0.100     -0.362      0.069
1354.2500     -3931.923    -3956.857       24.934   316.2      0.803      0.998      0.253     -0.188      0.258     -0.438
1354.5000     -3932.019    -3956.715       24.696   313.2      0.933      0.569      0.394     -0.269      0.247     -0.080
1354.7500     -3932.458    -3957.865       25.407   322.2      0.654      0.447      0.547     -0.242      0.408     -0.171
1355.0000     -3930.368    -3956.211       25.843   327.8      0.646      0.614     -0.304     -0.430      0.474     -0.236
1355.2500     -3930.238    -3956.657       26.419   335.1      0.244      0.797     -0.145     -0.042     -0.484     -0.175
1355.5000     -3931.224    -3955.736       24.512   310.9      0.819      1.023      0.292      0.315     -0.214     -0.329
1355.7500     -3930.296    -3955.851       25.555   324.1      1.115      1.024      0.714      0.348      0.020     -0.054
1356.0000     -3929.894    -3956.588       26.694   338.5      0.250      0.461     -0.233      0.093      0.278     -0.110
1356.2500     -3929.547    -3955.943       26.396   334.8      0.478      0.572     -0.246     -0.177     -0.241     -0.102
1356.5000     -3929.170    -3955.596       26.426   335.1      0.672      0.873      0.702     -0.246      0.022      0.003
1356.7500     -3930.416    -3955.304       24.888   315.6      0.355      0.608     -0.586     -0.126      0.177      0.102
1357.0000     -3929.438    -3955.510       26.073   330.7      0.846      0.837      0.526      0.247      0.084     -0.054
1357.2500     -3930.156    -3957.879       27.723   351.6      0.877      0.707      0.274      0.322     -0.349     -0.002
1357.5000     -3930.805    -3956.074       25.269   320.5      0.594      0.899     -0.061     -0.014     -0.415      0.197
1357.7500     -3930.419    -3956.773       26.354   334.2      0.779     -0.053      0.219     -0.362      0.005      0.245
1358.0000     -3929.326    -3956.191       26.866   340.7      0.377      0.738      0.606     -0.127     -0.140     -0.020
1358.2500     -3929.483    -3955.438       25.956   329.2      0.686      0.798      0.181     -0.265     -0.069      0.070
1358.5000     -3930.720    -3955.997       25.277   320.6      0.888      0.836      0.303      0.249      0.198      0.023
1358.7500     -3930.275    -3955.163       24.888   315.6      0.816      0.630     -0.198      0.195     -0.413     -0.085
1359.0000     -3930.710    -3956.765       26.055   330.4      1.054      1.101      0.167      0.136     -0.141     -0.013
1359.2500     -3930.120    -3956.344       26.224   332.6      0.494      0.503     -0.314      0.016     -0.224      0.040
1359.5000     -3929.984    -3956.318       26.334   334.0      0.987      0.583      0.134      0.003      0.275      0.045
1359.7500     -3930.566    -3956.682       26.116   331.2      1.032      1.154      0.096     -0.059     -0.053     -0.027
1360.0000     -3930.857    -3956.579       25.722   326.2      0.329      0.777     -0.425     -0.012      0.172      0.172
1360.2500     -3931.131    -3956.941       25.810   327.3      0.611      0.878      0.336     -0.045     -0.000      0.050
1360.5000     -3931.540    -3957.801       26.262   333.1      0.812      1.136      0.971     -0.335      0.049      0.446
1360.7500     -3932.427    -3957.677       25.250   320.2      0.894      0.799      0.369     -0.232      0.219     -0.069
1361.0000     -3929.948    -3957.526       27.579   349.8      1.145      0.798      1.084     -0.109      0.063     -0.084
1361.2500     -3929.769    -3955.754       25.985   329.6      0.713      0.630      0.398     -0.108     -0.011     -0.029
1361.5000     -3930.425    -3957.247       26.821   340.2      0.630      0.624      0.066     -0.088      0.073      0.108
1361.7500     -3930.768    -3957.460       26.692   338.5      0.860      1.024      0.269      0.241     -0.344      0.017
1362.0000     -3931.845    -3957.556       25.711   326.1      0.141      0.806     -0.162     -0.027     -0.451     -0.013
1362.2500     -3931.557    -3957.293       25.736   326.4      0.679      0.599      0.471     -0.145     -0.127     -0.091
1362.5000     -3932.332    -3957.354       25.022   317.3      0.369      0.718     -0.404      0.196      0.113     -0.309
1362.7500     -3931.461    -3958.302       26.841   340.4      0.932      0.454     -0.076     -0.001     -0.004     -0.214
1363.0000     -3932.250    -3959.271       27.021   342.7      0.896      0.441      0.061     -0.011      0.120     -0.025
1363.2500     -3932.245    -3957.747       25.502   323.4      0.669      0.559     -0.459      0.229     -0.050      0.069
1363.5000     -3932.550    -3959.089       26.539   336.6      1.200      0.824      0.118      0.176      0.053      0.083
1363.7500     -3931.002    -3955.884       24.881   315.6      0.443      0.631      0.120     -0.069      0.149      0.029
1364.0000     -3932.045    -3956.620       24.575   311.7      0.235      0.639      0.400      0.043      0.022     -0.251
1364.2500     -3931.511    -3957.854       26.343   334.1      0.392      0.608     -0.359      0.018     -0.398     -0.144
1364.5000     -3931.012    -3957.384       26.372   334.5      0.722      0.615      0.493     -0.001      0.022      0.019
1364.7500     -3930.744    -3956.235       25.491   323.3      0.587      1.187      0.028     -0.016     -0.174     -0.111
1365.0000     -3932.131    -3957.438       25.307   321.0      0.660      0.864      0.424     -0.066      0.034     -0.090
1365.2500     -3931.079    -3957.920       26.841   340.4      0.433      0.552     -0.074      0.058     -0.155     -0.026
1365.5000     -3930.872    -3957.088       26.216   332.5      0.184      0.402     -0.021      0.142     -0.012      0.122
1365.7500     -3931.448    -3957.560       26.112   331.2      0.658      1.004      0.479      0.216      0.235     -0.259
1366.0000     -3929.686    -3955.783       26.098   331.0      0.105      0.375      0.182     -0.067      0.036     -0.121
1366.2500     -3930.247    -3957.195       26.948   341.8      0.041      0.905      0.151      0.047     -0.019      0.243
1366.5000     -3931.320    -3956.417       25.096   318.3      0.804      0.706      0.836      0.168      0.088     -0.231
1366.7500     -3931.211    -3957.603       26.392   334.7      0.591      0.802      0.172     -0.128      0.388      0.052
1367.0000     -3932.240    -3957.734       25.493   323.3      0.492      1.217      0.302     -0.366      0.317      0.306
1367.2500     -3929.890    -3956.303       26.413   335.0      1.050      0.768      0.184      0.134      0.085     -0.058
1367.5000     -3929.874    -3957.025       27.151   344.3      0.541      0.961     -0.664      0.430      0.002     -0.118
1367.7500     -3928.964    -3956.265       27.301   346.3      0.488      0.587      0.039      0.158     -0.008     -0.156
1368.0000     -3930.119    -3955.096       24.977   316.8      0.364      0.274      0.065      0.274     -0.245      0.250
1368.2500     -3928.678    -3954.560       25.881   328.2      0.666      0.742      0.638      0.092     -0.031     -0.316
1368.5000     -3929.192    -3955.901       26.709   338.7      0.556      0.364     -0.086     -0.109      0.037     -0.232
1368.7500     -3929.642    -3955.900       26.258   333.0      0.677      1.201     -0.191     -0.055      0.013     -0.349
1369.0000     -3930.831    -3956.628       25.797   327.2      0.582      0.567      0.293     -0.018     -0.185     -0.402
1369.2500     -3931.831    -3956.904       25.073   318.0      0.661      0.492     -0.266      0.244      0.159      0.055
1369.5000     -3930.658    -3956.686       26.028   330.1      1.008      0.635      0.120      0.207      0.143     -0.004
1369.7500     -3929.142    -3956.266       27.125   344.0      0.480      0.797      0.022     -0.056     -0.134      0.127
1370.0000     -3929.377    -3956.089       26.712   338.8      0.904      0.536      0.353      0.075     -0.586      0.162
1370.2500     -3930.494    -3956.220       25.727   326.3      0.464      0.339     -0.251     -0.007     -0.110      0.103
1370.5000     -3930.777    -3957.651       26.874   340.8      0.654      0.605      0.178     -0.323      0.067      0.093
1370.7500     -3929.133    -3955.587       26.454   335.5      0.731      0.762      0.545      0.284      0.168      0.007
1371.0000     -3928.855    -3955.938       27.083   343.5      0.529      0.539      0.272      0.252     -0.118     -0.126
1371.2500     -3929.495    -3956.171       26.676   338.3      0.654      0.813      0.134      0.081     -0.333     -0.079
1371.5000     -3930.118    -3956.232       26.114   331.2      0.849      1.188     -0.163      0.162     -0.040      0.343
1371.7500     -3930.323    -3956.149       25.826   327.5      1.124      0.909     -0.037      0.249      0.098      0.034
1372.0000     -3930.150    -3956.754       26.605   337.4      0.521      0.970      0.320     -0.224      0.366      0.012
1372.2500     -3930.529    -3956.282       25.754   326.6      0.481      0.470      0.608      0.009      0.321      0.178
1372.5000     -3931.584    -3957.285       25.701   326.0     -0.133      0.261      0.216      0.092     -0.104     -0.008
1372.7500     -3930.861    -3956.368       25.507   323.5      0.451      1.319      0.246      0.042     -0.230      0.014
1373.0000     -3929.998    -3955.031       25.034   317.5      0.897      0.354      0.342     -0.282      0.038     -0.099
1373.2500     -3930.016    -3956.603       26.586   337.2      0.623      0.214      0.169     -0.021     -0.070     -0.165
1373.5000     -3932.123    -3958.340       26.217   332.5      0.430      0.755     -0.205     -0.077      0.122      0.040
1373.7500     -3929.465    -3955.935       26.469   335.7      0.685      0.655      0.009      0.110      0.307      0.139
1374.0000     -3930.855    -3958.547       27.692   351.2      0.731      0.770     -0.178      0.152     -0.286      0.129
1374.2500     -3933.914    -3957.898       23.985   304.2      0.055      0.718      0.060     -0.218      0.142      0.008
1374.5000     -3933.018    -3959.609       26.591   337.2      0.956      0.384      0.237     -0.176     -0.082      0.124
1374.7500     -3931.554    -3957.850       26.296   333.5      0.468      0.373      0.047     -0.030      0.129     -0.061
1375.0000     -3932.221    -3957.473       25.251   320.3      0.695      0.867      0.194     -0.142      0.129     -0.106
1375.2500     -3930.936    -3957.577       26.641   337.9      0.814      0.723      0.106      0.258     -0.106      0.079
1375.5000     -3932.016    -3958.328       26.312   333.7      0.584      0.578     -0.235      0.019      0.102     -0.075
1375.7500     -3932.553    -3958.727       26.174   332.0      0.368      0.692      0.305      0.209      0.333     -0.255
1376.0000     -3934.148    -3959.047       24.899   315.8      0.396      0.278     -0.328      0.005      0.388     -0.059
1376.2500     -3933.570    -3958.702       25.133   318.7      0.359      1.065      0.617     -0.179     -0.021     -0.117
1376.5000     -3932.157    -3957.260       25.103   318.4      0.720      0.638      0.132      0.076      0.094     -0.065
1376.7500     -3931.688    -3957.646       25.959   329.2      0.799      0.955      0.071     -0.134      0.029     -0.161
1377.0000     -3930.963    -3957.036       26.073   330.7      1.120      0.381      0.405     -0.102      0.015      0.209
1377.2500     -3931.673    -3957.409       25.736   326.4      0.399      0.780      0.635     -0.349      0.241     -0.259
1377.5000     -3931.896    -3957.710       25.814   327.4      0.448      0.502     -0.031     -0.143      0.126      0.142
1377.7500     -3932.299    -3958.948       26.650   338.0      0.792      0.828      0.640      0.246      0.250      0.024
1378.0000     -3932.822    -3958.792       25.969   329.4      0.677      0.610      0.279      0.188      0.108     -0.198
1378.2500     -3931.814    -3957.560       25.746   326.5      1.307      0.740      0.202     -0.212      0.109      0.171
1378.5000     -3932.713    -3958.677       25.964   329.3      1.116      0.975      0.302      0.020     -0.213     -0.150
1378.7500     -3932.558    -3958.308       25.750   326.6      1.470      0.821     -0.386      0.055     -0.279      0.325
1379.0000     -3932.446    -3959.313       26.868   340.7      1.273      0.882      0.379     -0.133     -0.158     -0.013
1379.2500     -3931.268    -3958.345       27.077   343.4      1.152      0.866      0.378     -0.052      0.114     -0.045
1379.5000     -3930.748    -3956.908       26.160   331.8      0.264      0.345     -0.020      0.129      0.267     -0.120
1379.7500     -3930.469    -3957.614       27.145   344.3      0.635      0.824      0.673      0.157     -0.043      0.248
1380.0000     -3930.387    -3957.886       27.500   348.8      0.416      0.881      0.466      0.447     -0.089     -0.249
1380.2500     -3929.950    -3957.492       27.543   349.3      0.417      0.401      0.370      0.006      0.107      0.447
1380.5000     -3932.799    -3957.924       25.125   318.7      0.470      0.490     -0.496      0.169     -0.120     -0.171
1380.7500     -3932.368    -3959.443       27.075   343.4      1.031      0.980      0.301     -0.211     -0.230      0.296
1381.0000     -3933.309    -3958.261       24.952   316.5      0.721      0.904     -0.237      0.029      0.182      0.320
1381.2500     -3931.792    -3957.731       25.939   329.0      0.301      0.632      0.507     -0.192      0.176     -0.073
1381.5000     -3930.077    -3955.790       25.712   326.1      0.529      0.652      0.116      0.151      0.018     -0.195
1381.7500     -3929.769    -3956.224       26.455   335.5      0.467      0.978      0.086      0.185     -0.148     -0.152
1382.0000     -3931.118    -3956.361       25.243   320.1      0.427      0.886      0.212      0.041      0.074      0.036
1382.2500     -3931.788    -3957.279       25.491   323.3      0.758      0.760      0.388     -0.306     -0.234      0.055
1382.5000     -3932.444    -3956.767       24.322   308.5      0.616      0.614     -0.060      0.113     -0.251     -0.181
1382.7500     -3930.801    -3957.364       26.563   336.9      0.852      1.092     -0.202      0.265      0.207      0.188
1383.0000     -3930.648    -3956.396       25.748   326.6      0.595      0.596      0.409      0.146     -0.155      0.381
1383.2500     -3930.999    -3956.095       25.096   318.3      0.594      1.015      0.004      0.107      0.121     -0.141
1383.5000     -3928.231    -3955.467       27.236   345.4      0.860      1.036      0.539      0.256      0.183      0.024
1383.7500     -3928.083    -3954.828       26.744   339.2      0.904      1.088     -0.192      0.073      0.419     -0.156
1384.0000     -3929.497    -3955.574       26.077   330.7      0.343      0.959     -0.514     -0.024      0.212      0.057
1384.2500     -3929.776    -3956.770       26.994   342.3      0.500      0.397     -0.172      0.372     -0.038     -0.021
1384.5000     -3930.072    -3956.207       26.134   331.5      1.041      1.261      0.891      0.165     -0.124     -0.125
1384.7500     -3929.829    -3956.321       26.492   336.0      1.264      0.916     -0.326      0.085     -0.362     -0.141
1385.0000     -3929.350    -3956.234       26.884   341.0      0.657      0.612     -0.673      0.367     -0.561      0.135
1385.2500     -3930.743    -3956.818       26.075   330.7      0.588      0.642      0.306      0.180     -0.305     -0.217
1385.5000     -3929.832    -3956.689       26.857   340.6      0.354      0.360      0.081      0.138      0.144     -0.120
1385.7500     -3929.624    -3956.091       26.467   335.7      0.699      0.971      0.119     -0.273     -0.096      0.060
1386.0000     -3930.782    -3956.635       25.853   327.9      0.174      0.905      0.158     -0.184      0.085      0.240
1386.2500     -3927.900    -3955.015       27.115   343.9      0.349      0.529     -0.369     -0.170      0.302      0.092
1386.5000     -3928.545    -3955.343       26.797   339.9      0.891      1.253      0.905     -0.316      0.127     -0.270
1386.7500     -3929.780    -3956.260       26.480   335.8      0.420      1.041      0.488      0.037      0.170     -0.045
1387.0000     -3930.878    -3956.467       25.589   324.5      0.866      0.762      0.776     -0.047      0.112     -0.035
1387.2500     -3930.892    -3957.622       26.730   339.0      0.574      1.141      0.084     -0.138     -0.217      0.072
1387.5000     -3930.623    -3956.672       26.049   330.4      0.653      0.062      0.711      0.276     -0.160     -0.375
1387.7500     -3931.461    -3957.311       25.850   327.8      0.535      1.098      0.494      0.031     -0.427      0.073
1388.0000     -3931.399    -3958.235       26.836   340.4      0.890      1.327      0.177      0.273     -0.190     -0.080
1388.2500     -3930.867    -3958.228       27.361   347.0      0.434      0.665      0.345     -0.042     -0.069     -0.010
1388.5000     -3930.895    -3958.820       27.926   354.2      0.703      0.911      0.848      0.013      0.036      0.141
1388.7500     -3932.035    -3958.300       26.265   333.1      0.757      0.559      0.092      0.252     -0.116      0.069
1389.0000     -3932.607    -3959.151       26.544   336.7      0.497      0.864      0.376      0.348     -0.005      0.100
1389.2500     -3932.852    -3959.586       26.734   339.1      0.839      1.356      0.512      0.265      0.031     -0.054
1389.5000     -3932.105    -3957.973       25.868   328.1      0.565      0.782      0.041      0.065      0.246      0.011
1389.7500     -3933.696    -3958.367       24.671   312.9      1.011      1.186      0.407     -0.149      0.239      0.165
1390.0000     -3932.037    -3957.866       25.829   327.6      1.161      0.694      0.789     -0.069     -0.098      0.085
1390.2500     -3931.341    -3958.008       26.667   338.2      0.902      0.955      0.540      0.125      0.338     -0.129
1390.5000     -3933.767    -3958.967       25.200   319.6      0.879      1.592      0.994      0.251     -0.009      0.237
1390.7500     -3932.089    -3958.317       26.228   332.6      1.009      0.712      0.030      0.148     -0.011     -0.088
1391.0000     -3933.021    -3958.425       25.404   322.2      0.936      1.123      0.437     -0.101     -0.230      0.210
1391.2500     -3932.886    -3957.641       24.756   314.0      0.764      1.203      0.326      0.007      0.107     -0.107
1391.5000     -3932.322    -3958.290       25.968   329.3      0.646      0.738      0.473     -0.008      0.257     -0.161
1391.7500     -3932.983    -3959.223       26.240   332.8      1.013      0.917      0.185      0.389     -0.044      0.051
1392.0000     -3933.692    -3959.052       25.361   321.6      0.878      0.738      0.294      0.319     -0.231      0.061
1392.2500     -3933.028    -3958.243       25.214   319.8      0.813      0.741      0.714     -0.308     -0.018     -0.016
1392.5000     -3932.192    -3959.285       27.094   343.6      0.707      0.736      0.606     -0.180      0.222     -0.065
1392.7500     -3932.196    -3957.116       24.920   316.1      0.595      0.568      0.180      0.228      0.155     -0.049
1393.0000     -3932.086    -3959.241       27.155   344.4      0.692      0.615      0.340      0.200     -0.236      0.305
1393.2500     -3931.272    -3957.392       26.120   331.3      0.385      0.729      0.105     -0.032      0.040      0.088
1393.5000     -3931.954    -3958.016       26.061   330.5      0.631      1.043     -0.021     -0.283      0.197     -0.033
1393.7500     -3932.759    -3957.908       25.149   319.0      0.343      0.883      0.310     -0.183      0.030      0.373
1394.0000     -3933.002    -3957.646       24.644   312.5      0.501      0.883     -0.155     -0.073      0.219      0.022
1394.2500     -3931.592    -3957.769       26.177   332.0      0.645      1.244      0.199      0.178     -0.159      0.131
1394.5000     -3931.285    -3957.083       25.799   327.2      1.029      0.628      0.398      0.147     -0.497      0.148
1394.7500     -3930.385    -3955.725       25.340   321.4      0.568      1.274      0.517      0.142     -0.149      0.227
1395.0000     -3930.087    -3957.671       27.584   349.8      0.998      0.595      0.424      0.009      0.085      0.100
1395.2500     -3928.399    -3954.659       26.260   333.0      1.073      1.402      0.862      0.137     -0.177     -0.140
1395.5000     -3929.583    -3957.530       27.947   354.4      1.307      1.076      0.549     -0.109     -0.083     -0.188
1395.7500     -3928.968    -3957.901       28.933   366.9      0.539      0.925     -0.029      0.092     -0.251     -0.058
1396.0000     -3931.983    -3958.640       26.657   338.1      0.855      0.774      0.335      0.044      0.049     -0.047
1396.2500     -3929.953    -3955.819       25.867   328.1      0.684      0.353      0.322     -0.030      0.088     -0.068
1396.5000     -3932.149    -3957.489       25.340   321.4      0.796      1.039      0.695      0.366     -0.238      0.025
1396.7500     -3930.913    -3957.792       26.879   340.9      0.288      1.411      0.457     -0.062     -0.007      0.050
1397.0000     -3932.077    -3957.776       25.699   325.9      0.641      1.100      0.375      0.063      0.014      0.149
1397.2500     -3931.864    -3956.941       25.077   318.0      0.986      1.237      0.361     -0.132     -0.162     -0.116
1397.5000     -3932.236    -3956.562       24.327   308.5      0.570      1.031     -0.632     -0.094     -0.015      0.192
1397.7500     -3932.577    -3957.996       25.420   322.4      0.524      0.550      0.342      0.109      0.397      0.261
1398.0000     -3931.300    -3957.287       25.987   329.6      0.731      0.623      0.633      0.117      0.642      0.044
1398.2500     -3931.380    -3957.753       26.373   334.5      0.535      1.518      0.378     -0.295      0.328      0.089
1398.5000     -3932.617    -3956.869       24.252   307.6      0.426      1.143      0.887     -0.098     -0.110      0.008
1398.7500     -3934.155    -3959.107       24.952   316.5      0.978      0.595      0.634     -0.236     -0.164      0.019
1399.0000     -3933.103    -3957.219       24.115   305.8      0.543      0.803      0.159     -0.142     -0.199      0.138
1399.2500     -3933.390    -3959.874       26.484   335.9      0.983      0.824      0.234      0.077     -0.132     -0.088
1399.5000     -3932.424    -3958.569       26.145   331.6      0.615      1.154      0.523      0.140      0.165      0.121
1399.7500     -3933.434    -3957.925       24.491   310.6      0.606      0.566      0.757     -0.205     -0.064      0.147
1400.0000     -3931.525    -3957.390       25.866   328.0      0.487      0.562      0.205     -0.116      0.105      0.270
1400.2500     -3932.131    -3957.973       25.842   327.7      1.002      0.671      0.505      0.034     -0.030      0.317
1400.5000     -3931.598    -3958.380       26.782   339.7      0.677      0.548      0.270     -0.236     -0.197      0.113
1400.7500     -3930.418    -3956.498       26.080   330.8      1.250      0.542      0.088      0.282     -0.166     -0.006
1401.0000     -3933.167    -3958.188       25.021   317.3      1.454      0.880     -0.216      0.034      0.095      0.037
1401.2500     -3934.822    -3960.209       25.387   322.0      0.752      0.614      0.413      0.071      0.114      0.169
1401.5000     -3932.708    -3958.747       26.038   330.2      0.927      0.895      0.509      0.013      0.134     -0.073
1401.7500     -3931.879    -3957.554       25.675   325.6      0.609      0.596     -0.301     -0.032     -0.135      0.207
1402.0000     -3932.685    -3957.910       25.225   319.9      0.664      0.936      0.718      0.133     -0.022     -0.037
1402.2500     -3932.921    -3957.479       24.558   311.5      0.986      0.933      0.376     -0.008     -0.209      0.196
1402.5000     -3932.170    -3957.112       24.942   316.3      1.115      0.630     -0.200     -0.057     -0.323      0.270
1402.7500     -3934.638    -3959.087       24.449   310.1      1.203      0.927      0.367      0.055     -0.013      0.164
1403.0000     -3934.588    -3959.092       24.504   310.8      0.498      1.055      0.222     -0.218     -0.348     -0.091
1403.2500     -3933.737    -3959.527       25.790   327.1      0.769      0.784      0.107     -0.037     -0.402     -0.162
1403.5000     -3934.219    -3958.792       24.573   311.6      0.696      0.580      0.022      0.393      0.059      0.001
1403.7500     -3933.055    -3959.545       26.490   336.0      0.772      0.714      0.529      0.385      0.150     -0.180
1404.0000     -3932.593    -3958.313       25.720   326.2      0.744      1.415      0.109      0.288      0.347     -0.071
1404.2500     -3933.712    -3958.272       24.560   311.5      0.659      0.206     -0.253      0.472      0.310      0.056
1404.5000     -3931.265    -3957.571       26.305   333.6      1.189      0.845      0.362      0.125     -0.059     -0.062
1404.7500     -3929.933    -3956.957       27.024   342.7      0.720      0.650     -0.034     -0.076      0.021      0.080
1405.0000     -3933.602    -3958.083       24.480   310.5      0.718      0.295      0.117     -0.140     -0.209      0.069
1405.2500     -3932.914    -3957.504       24.590   311.9      0.951      0.901      0.529      0.058      0.127     -0.269
1405.5000     -3934.080    -3959.157       25.077   318.0      0.815      1.451      0.778      0.012      0.269     -0.058
1405.7500     -3933.153    -3959.188       26.035   330.2      0.751      1.035      0.054     -0.238      0.012      0.242
1406.0000     -3932.630    -3957.431       24.801   314.5      0.752      0.248      0.842     -0.031      0.077     -0.099
1406.2500     -3929.802    -3957.207       27.404   347.6      0.552      0.857      0.717      0.003     -0.140     -0.126
1406.5000     -3930.414    -3957.974       27.560   349.5      0.787      0.954      0.955      0.035      0.189      0.086
1406.7500     -3931.287    -3957.428       26.141   331.5      1.184      0.803      0.318      0.167      0.212     -0.117
1407.0000     -3931.255    -3957.528       26.273   333.2     -0.012      0.507     -0.217      0.128      0.221      0.112
1407.2500     -3929.705    -3955.150       25.445   322.7      1.046      1.052      0.633      0.006     -0.014     -0.193
1407.5000     -3929.984    -3956.322       26.338   334.0      0.713      0.813      0.833     -0.208     -0.195     -0.058
1407.7500     -3930.712    -3958.208       27.496   348.7      0.512      1.007     -0.451     -0.123      0.213      0.313
1408.0000     -3931.859    -3958.620       26.761   339.4      0.495      0.346      0.019     -0.381      0.196     -0.339
1408.2500     -3932.760    -3958.576       25.816   327.4      0.754      0.676     -0.067      0.058      0.359     -0.179
1408.5000     -3932.669    -3958.247       25.578   324.4      0.592      1.095      0.587      0.062     -0.047     -0.064
1408.7500     -3930.417    -3957.798       27.381   347.3      0.273      0.403      0.084      0.128     -0.233     -0.149
1409.0000     -3931.761    -3958.142       26.381   334.6      1.211      0.972      0.822      0.423     -0.240     -0.096
1409.2500     -3931.921    -3958.103       26.182   332.1      0.639      0.953      0.354      0.049     -0.029      0.081
1409.5000     -3933.517    -3959.082       25.565   324.2      0.194      0.148     -0.015     -0.123      0.140     -0.075
1409.7500     -3932.814    -3958.803       25.989   329.6      0.756      0.775      0.217     -0.161     -0.037     -0.065
1410.0000     -3932.111    -3957.772       25.661   325.4      0.970      0.971      0.190     -0.030     -0.297      0.109
1410.2500     -3932.324    -3957.166       24.842   315.1      0.749      0.596      0.772      0.166      0.015      0.016
1410.5000     -3932.775    -3959.176       26.401   334.8      0.913      0.597      0.123     -0.050      0.040      0.072
1410.7500     -3934.557    -3959.472       24.915   316.0      0.666      0.636      0.222      0.190      0.392      0.138
1411.0000     -3932.733    -3958.849       26.116   331.2      0.731      0.869     -0.207      0.159      0.164     -0.049
1411.2500     -3932.439    -3957.996       25.557   324.1      1.029      1.099      0.295     -0.144      0.160     -0.067
1411.5000     -3934.449    -3959.072       24.623   312.3      0.534      0.527     -0.480      0.114     -0.069     -0.213
1411.7500     -3933.648    -3958.536       24.887   315.6      0.593      0.408      0.195      0.172      0.086      0.035
1412.0000     -3931.483    -3958.343       26.861   340.7      0.858      0.932      0.310     -0.037      0.352      0.107
1412.2500     -3932.029    -3958.369       26.340   334.1      0.301      0.850     -0.036      0.014      0.044      0.068
1412.5000     -3932.278    -3958.054       25.776   326.9      1.027      0.450      0.522     -0.265     -0.102     -0.094
1412.7500     -3931.554    -3956.191       24.638   312.5      0.840      0.720      0.426     -0.377      0.228     -0.130
1413.0000     -3929.724    -3956.393       26.668   338.2      0.011      1.002     -0.098      0.070     -0.397      0.207
1413.2500     -3929.516    -3955.736       26.220   332.5      0.501      0.365     -0.263     -0.024     -0.167     -0.094
1413.5000     -3928.423    -3956.257       27.835   353.0      0.906      0.790      0.511     -0.046      0.155      0.010
1413.7500     -3929.785    -3956.217       26.431   335.2      0.812      0.651      0.471      0.012      0.013     -0.248
1414.0000     -3932.714    -3958.291       25.576   324.4      0.763      0.921     -0.382     -0.024     -0.091      0.054
1414.2500     -3931.098    -3956.521       25.423   322.4      0.874      0.248     -0.017      0.158      0.067     -0.051
1414.5000     -3931.516    -3956.155       24.638   312.5      0.756      1.218      0.436      0.144      0.188     -0.065
1414.7500     -3931.042    -3957.053       26.011   329.9      0.726      0.832      0.321     -0.098      0.001      0.099
1415.0000     -3930.131    -3956.960       26.829   340.3      0.537      0.617     -0.200     -0.029     -0.064     -0.001
1415.2500     -3928.887    -3954.627       25.740   326.5      1.097      1.208      0.098      0.078     -0.429     -0.085
1415.5000     -3931.311    -3957.849       26.538   336.6      0.739      0.897      0.059     -0.204     -0.287     -0.082
1415.7500     -3931.833    -3957.589       25.757   326.7      0.910      0.689      0.502     -0.107      0.283     -0.093
1416.0000     -3932.526    -3958.638       26.112   331.2      0.296      0.527      0.209     -0.109      0.204      0.044
1416.2500     -3932.635    -3959.046       26.411   335.0      0.870      0.287      0.605     -0.132      0.151     -0.180
1416.5000     -3932.861    -3957.918       25.057   317.8      0.486      0.786      0.205     -0.187     -0.189     -0.174
1416.7500     -3933.196    -3958.059       24.863   315.3      0.468      0.770      0.143      0.007     -0.169      0.017
1417.0000     -3931.925    -3957.990       26.065   330.6      0.315      0.856      0.560      0.193     -0.080     -0.094
1417.2500     -3931.624    -3956.708       25.084   318.1      0.213      1.018      0.668     -0.122      0.127     -0.052
1417.5000     -3932.696    -3957.750       25.055   317.8      0.080      0.411      0.460      0.046     -0.062     -0.038
1417.7500     -3931.696    -3957.688       25.993   329.7      0.641      1.122      0.238     -0.106     -0.377      0.082
1418.0000     -3932.175    -3957.545       25.370   321.8      0.473      0.840      0.129      0.089     -0.076      0.042
1418.2500     -3929.890    -3957.651       27.761   352.1      0.707      1.009     -0.119      0.219      0.144     -0.133
1418.5000     -3929.701    -3956.726       27.025   342.7      0.873      1.175      0.288     -0.191      0.056      0.077
1418.7500     -3931.836    -3957.677       25.841   327.7      0.936     -0.037      0.414      0.018     -0.141     -0.239
1419.0000     -3930.370    -3957.244       26.874   340.8      0.778      1.197      0.159     -0.176     -0.563      0.069
1419.2500     -3930.649    -3955.696       25.048   317.7      0.254      0.163     -0.079      0.319     -0.098     -0.349
1419.5000     -3931.802    -3957.293       25.491   323.3      0.466      0.846      0.604     -0.054     -0.144     -0.083
1419.7500     -3933.004    -3957.175       24.171   306.6      0.824      1.177      1.201      0.079      0.196     -0.286
1420.0000     -3931.077    -3957.191       26.113   331.2      0.266      0.609     -0.038     -0.076     -0.008     -0.127
1420.2500     -3930.991    -3957.537       26.545   336.7      1.026      1.305      0.288      0.037     -0.009      0.265
1420.5000     -3931.292    -3957.037       25.745   326.5      0.195      0.842     -0.458     -0.232     -0.028     -0.014
1420.7500     -3930.551    -3956.740       26.190   332.2      1.105      0.824      0.220     -0.170     -0.157     -0.139
1421.0000     -3930.962    -3956.968       26.007   329.8      0.925      0.952      0.470      0.039      0.008     -0.035
1421.2500     -3930.043    -3955.929       25.886   328.3      0.818      0.233      0.001      0.218     -0.035      0.117
1421.5000     -3930.902    -3956.267       25.365   321.7      0.358      0.697     -0.305      0.335      0.071     -0.131
1421.7500     -3931.011    -3957.330       26.320   333.8      1.057      0.789      0.374     -0.028     -0.076      0.152
1422.0000     -3931.851    -3958.434       26.583   337.1     -0.227      0.537     -0.545     -0.261     -0.221     -0.006
1422.2500     -3930.341    -3957.210       26.870   340.8      0.557      0.439      0.364     -0.228     -0.070     -0.103
1422.5000     -3930.158    -3956.464       26.306   333.6      0.166      0.600     -0.189     -0.019      0.159      0.026
1422.7500     -3929.197    -3955.567       26.370   334.4      0.444      0.670      0.112     -0.026     -0.454     -0.112
1423.0000     -3931.502    -3956.537       25.036   317.5      0.933      1.098      0.166     -0.239     -0.096      0.230
1423.2500     -3931.313    -3958.682       27.369   347.1      0.309      0.317     -0.091     -0.169     -0.183      0.057
1423.5000     -3931.722    -3958.048       26.326   333.9      0.574      0.687      0.369      0.002     -0.063      0.107
1423.7500     -3932.605    -3958.489       25.884   328.3      0.569      0.624      0.184      0.099      0.153      0.271
1424.0000     -3932.884    -3957.872       24.988   316.9      0.678      1.276      0.851      0.070     -0.076      0.239
1424.2500     -3932.195    -3958.081       25.886   328.3      0.533      0.726      0.272     -0.209     -0.038     -0.113
1424.5000     -3930.389    -3957.870       27.481   348.5      0.711      1.377      0.024     -0.142      0.234     -0.021
1424.7500     -3929.675    -3955.984       26.309   333.7      0.643      0.622      0.174     -0.002      0.153     -0.075
1425.0000     -3929.651    -3957.053       27.402   347.5      0.509      0.760      0.382     -0.132      0.005      0.060
1425.2500     -3929.724    -3956.746       27.022   342.7      1.020      1.328      0.251      0.181     -0.121     -0.185
1425.5000     -3929.388    -3957.081       27.692   351.2      0.734      0.810     -0.069      0.268     -0.201     -0.035
1425.7500     -3931.731    -3958.069       26.337   334.0      1.338      1.220      0.959     -0.037     -0.050     -0.202
1426.0000     -3930.747    -3957.657       26.910   341.3      1.093      1.107      0.849     -0.169     -0.013     -0.248
1426.2500     -3929.149    -3954.773       25.624   325.0      0.156      0.345      0.480     -0.125     -0.006      0.410
1426.5000     -3927.703    -3956.042       28.339   359.4      0.599      0.987     -0.054     -0.052     -0.023     -0.046
1426.7500     -3929.265    -3957.144       27.878   353.6      0.629      0.655      0.131      0.204     -0.064     -0.224
1427.0000     -3930.667    -3955.307       24.639   312.5      0.736      1.037      0.541      0.097      0.257      0.022
1427.2500     -3930.586    -3958.221       27.635   350.5      0.990      0.643      0.174     -0.282     -0.097      0.088
1427.5000     -3931.061    -3956.584       25.523   323.7      0.795      1.062     -0.036      0.153     -0.141     -0.126
1427.7500     -3930.523    -3956.728       26.205   332.3      0.460      0.640      0.084     -0.101     -0.158     -0.084
1428.0000     -3930.702    -3956.650       25.948   329.1      0.773      0.999      0.451     -0.206     -0.093     -0.102
1428.2500     -3930.107    -3956.309       26.202   332.3      0.664      0.696      0.327      0.074     -0.042     -0.240
1428.5000     -3932.491    -3956.003       23.513   298.2      0.059      1.060     -0.359      0.465      0.107     -0.216
1428.7500     -3932.503    -3958.560       26.057   330.5      1.139      1.128      0.450      0.051      0.083      0.014
1429.0000     -3931.199    -3957.219       26.020   330.0      1.069      0.688     -0.492      0.549     -0.200     -0.120
1429.2500     -3932.645    -3957.904       25.259   320.3      1.475      0.938     -0.328     -0.044     -0.062     -0.081
1429.5000     -3931.091    -3956.748       25.657   325.4      0.526      0.728      0.526     -0.065      0.065     -0.125
1429.7500     -3930.642    -3957.484       26.842   340.4      0.920      0.793     -0.248     -0.043     -0.117      0.052
1430.0000     -3931.699    -3957.455       25.755   326.6      0.828      1.016      0.431      0.022     -0.189     -0.158
1430.2500     -3933.383    -3959.515       26.132   331.4      0.239      0.583     -0.072      0.144     -0.228     -0.183
1430.5000     -3932.798    -3957.728       24.930   316.2      0.704      0.643      0.359      0.107     -0.141      0.200
1430.7500     -3931.360    -3956.943       25.583   324.5      0.693      1.098      0.479     -0.052      0.129     -0.065
1431.0000     -3931.042    -3957.690       26.649   338.0      0.870      1.234      0.110     -0.096      0.209     -0.265
1431.2500     -3930.806    -3956.440       25.634   325.1      0.918      1.202      0.443     -0.048     -0.278     -0.098
1431.5000     -3932.426    -3957.388       24.962   316.6      0.981      0.936      0.478      0.380     -0.082     -0.031
1431.7500     -3931.903    -3957.445       25.542   323.9      0.806      0.755      0.234      0.378     -0.407     -0.008
1432.0000     -3931.958    -3958.345       26.388   334.7      0.940      0.639      0.808      0.373      0.090     -0.009
1432.2500     -3930.589    -3956.159       25.570   324.3     -0.040      0.980      0.417      0.157     -0.070     -0.070
1432.5000     -3931.401    -3957.823       26.423   335.1      0.784      0.784      0.305     -0.087      0.110      0.201
1432.7500     -3930.732    -3958.546       27.814   352.8      0.400      0.574      0.313      0.049     -0.325      0.058
1433.0000     -3932.324    -3958.370       26.047   330.3      0.370      0.738      0.117      0.350     -0.122     -0.140
1433.2500     -3931.384    -3957.944       26.561   336.9      0.793      0.920      0.603      0.368     -0.196      0.083
1433.5000     -3931.467    -3957.952       26.485   335.9      0.989      0.574     -0.037     -0.095     -0.070      0.133
1433.7500     -3933.824    -3958.949       25.125   318.6      0.617      0.832     -0.155     -0.021     -0.136     -0.039
1434.0000     -3932.221    -3957.513       25.292   320.8      0.663      0.880      0.002     -0.034      0.075     -0.316
1434.2500     -3930.531    -3958.061       27.530   349.1      0.328      0.993      0.206      0.347      0.260     -0.088
1434.5000     -3930.268    -3957.082       26.813   340.1      0.893      0.761      0.714      0.222      0.361     -0.018
1434.7500     -3931.307    -3958.161       26.854   340.6      0.536      0.441      0.414      0.077     -0.068     -0.050
1435.0000     -3930.796    -3956.037       25.241   320.1      0.798      1.427      0.148      0.399     -0.127      0.014
1435.2500     -3931.298    -3957.514       26.216   332.5      0.682      1.022      0.305      0.234      0.024     -0.163
1435.5000     -3933.557    -3959.062       25.505   323.5      0.256      0.800     -0.262      0.300     -0.162     -0.072
1435.7500     -3931.756    -3958.452       26.696   338.6      0.630      1.119     -0.060      0.065     -0.556      0.062
1436.0000     -3931.090    -3956.701       25.611   324.8      1.358      0.732      0.211      0.172     -0.096      0.053
1436.2500     -3931.075    -3956.878       25.803   327.2      0.892      1.017      0.034      0.226      0.006     -0.322
1436.5000     -3931.718    -3956.692       24.974   316.7      1.069      1.226      0.302      0.160     -0.217      0.187
1436.7500     -3931.348    -3958.134       26.786   339.7      1.505      0.750      0.112      0.066     -0.012     -0.010
1437.0000     -3928.392    -3956.033       27.641   350.6      0.963      1.906      0.232      0.041      0.104     -0.229
1437.2500     -3930.661    -3956.567       25.906   328.6      1.274      0.683      0.262     -0.185      0.121     -0.069
1437.5000     -3931.134    -3958.133       26.999   342.4      0.793      1.223      0.496      0.276     -0.284     -0.206
1437.7500     -3932.580    -3958.832       26.252   332.9      0.003      0.890      0.090      0.099     -0.679      0.250
1438.0000     -3934.299    -3960.105       25.807   327.3      0.764      1.124     -0.114      0.101     -0.013     -0.045
1438.2500     -3934.065    -3960.938       26.874   340.8      0.862      0.910      0.457      0.181     -0.156      0.048
1438.5000     -3932.762    -3959.625       26.863   340.7      0.626      1.142     -0.109     -0.031      0.064     -0.159
1438.7500     -3932.453    -3959.081       26.627   337.7      0.654      1.334     -0.186      0.044     -0.012     -0.152
1439.0000     -3931.875    -3957.263       25.388   322.0      0.861      0.706     -0.130      0.135     -0.048     -0.030
1439.2500     -3931.298    -3957.083       25.785   327.0      0.595      0.998     -0.537      0.175      0.083     -0.150
1439.5000     -3930.860    -3957.530       26.670   338.2      0.695      0.992      0.338     -0.286     -0.176      0.087
1439.7500     -3932.119    -3957.772       25.653   325.3      0.557      0.715     -0.167     -0.121     -0.023     -0.057
1440.0000     -3933.480    -3957.724       24.245   307.5      0.781      1.135      0.441     -0.104      0.265      0.046
1440.2500     -3933.702    -3959.333       25.631   325.1      0.282      0.756     -0.180      0.057     -0.145      0.277
1440.5000     -3933.546    -3958.283       24.738   313.7      0.860      1.109      0.604     -0.014     -0.091     -0.031
1440.7500     -3934.925    -3959.100       24.175   306.6      0.436      0.709      0.684     -0.077      0.051      0.135
1441.0000     -3933.867    -3957.810       23.943   303.7      0.039      0.890      0.281      0.010      0.203     -0.188
1441.2500     -3930.933    -3958.509       27.576   349.7      0.883      0.655      0.125     -0.202      0.071      0.148
1441.5000     -3931.589    -3957.845       26.256   333.0      1.154      1.218      0.473     -0.103      0.228     -0.164
1441.7500     -3930.230    -3956.845       26.615   337.5      0.489      0.493      0.159      0.214     -0.049      0.185
1442.0000     -3928.997    -3955.041       26.045   330.3      0.789      0.715      0.215      0.390     -0.171      0.152
1442.2500     -3930.276    -3956.586       26.310   333.7      0.348      0.978     -0.220      0.027      0.133      0.056
1442.5000     -3930.341    -3957.055       26.714   338.8      0.455      0.733     -0.254      0.185      0.596     -0.122
1442.7500     -3930.279    -3957.474       27.194   344.9      0.625      0.503      0.001      0.063      0.162      0.115
1443.0000     -3930.778    -3956.730       25.951   329.1      0.499      0.321     -0.382      0.006     -0.123      0.197
1443.2500     -3931.047    -3957.567       26.520   336.3      0.732      0.883      0.162     -0.026     -0.018      0.161
1443.5000     -3930.637    -3956.732       26.095   331.0      0.523      0.527     -0.345      0.159      0.231     -0.004
1443.7500     -3930.651    -3957.599       26.948   341.8      0.434      0.759     -0.493      0.051      0.154      0.131
1444.0000     -3930.684    -3957.603       26.919   341.4      0.899      1.110     -0.067      0.040      0.223      0.108
1444.2500     -3931.737    -3959.033       27.295   346.2      0.891      0.351      0.212     -0.002     -0.130      0.259
1444.5000     -3931.844    -3957.620       25.776   326.9      0.002      0.833      0.206     -0.082     -0.260     -0.063
1444.7500     -3930.691    -3957.821       27.130   344.1      0.213      1.031      0.020      0.107      0.002     -0.336
1445.0000     -3933.262    -3958.520       25.258   320.3      1.174      0.990      0.621     -0.017      0.030      0.017
1445.2500     -3934.104    -3959.568       25.464   322.9      0.622      0.931      0.572      0.023      0.077      0.051
1445.5000     -3933.638    -3959.459       25.821   327.5      0.321      0.498      0.166     -0.182     -0.057      0.215
1445.7500     -3932.809    -3958.435       25.625   325.0      0.817      0.746      0.806     -0.017     -0.277      0.056
1446.0000     -3930.396    -3956.379       25.983   329.5      0.396      0.957      0.464      0.047      0.152     -0.064
1446.2500     -3931.435    -3956.568       25.133   318.8      0.435      0.787      0.195      0.038      0.139     -0.033
1446.5000     -3932.825    -3957.456       24.631   312.4      0.676      0.670      0.429      0.013     -0.259      0.229
1446.7500     -3933.170    -3958.798       25.628   325.0      1.077      0.821      0.066      0.094     -0.297      0.082
1447.0000     -3932.950    -3958.953       26.003   329.8      0.513      1.164      0.036     -0.145     -0.057      0.007
1447.2500     -3931.042    -3957.180       26.138   331.5      0.918      0.980      0.246      0.142     -0.368     -0.017
1447.5000     -3929.550    -3956.499       26.948   341.8      1.130      0.892      0.535      0.049     -0.186      0.005
1447.7500     -3930.863    -3958.086       27.223   345.3      0.898      1.319      0.286     -0.080     -0.343     -0.117
1448.0000     -3930.925    -3958.662       27.737   351.8      1.259      0.864      0.195     -0.085     -0.026      0.169
1448.2500     -3930.005    -3956.773       26.768   339.5      1.218      0.709      0.625     -0.137     -0.038      0.188
1448.5000     -3929.561    -3957.273       27.711   351.5      0.975      0.888      0.537     -0.278      0.384     -0.080
1448.7500     -3929.617    -3956.858       27.241   345.5      0.002      0.801     -0.212      0.180      0.266     -0.126
1449.0000     -3931.931    -3957.762       25.831   327.6      0.767      1.035      0.338      0.203      0.185      0.089
1449.2500     -3931.992    -3958.093       26.100   331.0      1.122      0.958      0.336      0.024      0.125      0.051
1449.5000     -3930.513    -3956.483       25.971   329.4      0.779      0.598     -0.116     -0.178     -0.534      0.036
1449.7500     -3930.254    -3958.538       28.285   358.7      0.904      0.975     -0.156     -0.193     -0.437     -0.004
1450.0000     -3930.498    -3956.361       25.863   328.0      1.216      1.093      0.206      0.037      0.006      0.091
1450.2500     -3930.555    -3956.437       25.882   328.3      0.839      1.185      0.892      0.179      0.444     -0.003
1450.5000     -3930.591    -3956.931       26.340   334.1      0.625      0.464      0.284      0.060      0.056     -0.136
1450.7500     -3930.672    -3956.331       25.659   325.4      0.836      1.135      0.287     -0.095      0.181     -0.009
1451.0000     -3931.332    -3957.652       26.320   333.8      0.572      0.695      0.624     -0.174     -0.092     -0.109
1451.2500     -3930.387    -3956.749       26.362   334.3      0.948      1.076     -0.065      0.060      0.214     -0.085
1451.5000     -3930.659    -3956.440       25.782   327.0      0.687      0.965     -0.516     -0.047      0.370     -0.006
1451.7500     -3928.812    -3955.796       26.984   342.2      0.683      0.537     -0.538     -0.126      0.176     -0.274
1452.0000     -3929.549    -3956.781       27.231   345.4      0.753      0.804     -0.080      0.024     -0.352     -0.217
1452.2500     -3929.451    -3955.104       25.653   325.3      1.096      0.823      0.142      0.054      0.082     -0.500
1452.5000     -3929.296    -3954.895       25.598   324.7      1.776      1.561      0.371      0.008     -0.095      0.227
1452.7500     -3930.181    -3956.345       26.164   331.8      0.306      0.477      0.110     -0.143     -0.094     -0.047
1453.0000     -3930.664    -3955.533       24.869   315.4      0.809      1.126      0.661     -0.212     -0.039     -0.118
1453.2500     -3930.734    -3956.509       25.775   326.9      0.993      1.227      0.682      0.124     -0.040      0.166
1453.5000     -3930.487    -3956.022       25.535   323.8      0.960      0.916      0.578      0.193     -0.077      0.166
1453.7500     -3930.237    -3956.565       26.328   333.9      0.166      1.016      0.290     -0.055      0.280     -0.056
1454.0000     -3930.620    -3956.638       26.018   330.0      0.976      1.061      0.282     -0.169      0.095     -0.022
1454.2500     -3931.646    -3957.497       25.851   327.9      0.700      1.140      0.079     -0.141      0.114     -0.077
1454.5000     -3931.728    -3957.177       25.449   322.8      0.998      1.054      0.221     -0.560      0.152      0.060
1454.7500     -3932.722    -3958.189       25.467   323.0      0.643      0.805      0.045      0.198     -0.274      0.291
1455.0000     -3931.374    -3956.982       25.608   324.8      1.111      0.808      0.009      0.260     -0.153     -0.006
1455.2500     -3932.933    -3958.395       25.462   322.9      0.954      0.640     -0.387      0.041      0.228      0.227
1455.5000     -3932.845    -3957.776       24.931   316.2      1.022      0.949      0.461     -0.017      0.056      0.156
1455.7500     -3933.268    -3958.154       24.886   315.6      1.123      0.634     -0.111     -0.268      0.238      0.043
1456.0000     -3932.765    -3958.008       25.244   320.2      0.407      0.870      0.104      0.003      0.301     -0.045
1456.2500     -3932.261    -3957.395       25.134   318.8      1.077      0.821      0.562      0.114     -0.252     -0.109
1456.5000     -3931.482    -3958.131       26.649   338.0      0.546      0.553     -0.337      0.330     -0.154      0.123
1456.7500     -3929.738    -3955.984       26.245   332.9      1.139      0.693      0.124      0.165     -0.142     -0.077
1457.0000     -3930.671    -3957.562       26.892   341.1      0.679      0.821      0.109     -0.222     -0.141      0.106
1457.2500     -3931.869    -3957.491       25.622   325.0      0.848      1.374      0.170     -0.341      0.110     -0.162
1457.5000     -3931.424    -3956.651       25.227   319.9      0.934      0.689      0.537     -0.163      0.029     -0.061
1457.7500     -3931.728    -3958.530       26.802   339.9      0.546      0.565      0.178      0.029     -0.000      0.035
1458.0000     -3931.195    -3958.310       27.115   343.9      0.675      1.168      0.230      0.036     -0.178     -0.153
1458.2500     -3932.447    -3959.277       26.830   340.3      0.062      0.430     -0.546     -0.166      0.304     -0.309
1458.5000     -3930.289    -3956.623       26.334   334.0      0.460      0.786      0.115     -0.375     -0.029      0.223
1458.7500     -3929.063    -3956.933       27.870   353.5      0.348      0.870     -0.103     -0.029      0.214     -0.276
1459.0000     -3929.671    -3956.512       26.841   340.4      0.914      0.860      0.384      0.215     -0.273      0.141
1459.2500     -3929.596    -3956.734       27.138   344.2      1.328      1.227      0.248     -0.048     -0.087      0.244
1459.5000     -3929.931    -3956.508       26.577   337.1      0.925      0.644     -0.086      0.003     -0.131      0.169
1459.7500     -3931.146    -3958.031       26.885   341.0      0.334      0.921      0.805      0.124     -0.414      0.067
1460.0000     -3929.772    -3957.350       27.578   349.8      0.488      0.194     -0.497     -0.023     -0.080     -0.005
1460.2500     -3929.368    -3957.336       27.968   354.7      0.995      0.913      0.155      0.003      0.094     -0.112
1460.5000     -3930.151    -3956.608       26.457   335.5      0.927      0.921      0.035     -0.273     -0.293     -0.192
1460.7500     -3931.306    -3958.924       27.618   350.3      0.592      0.429     -0.077     -0.084     -0.030     -0.058
1461.0000     -3931.522    -3958.793       27.271   345.9      0.748      0.931      0.119      0.075      0.650      0.007
1461.2500     -3930.561    -3957.141       26.580   337.1      0.784      1.106      0.021      0.174      0.140     -0.012
1461.5000     -3930.420    -3956.050       25.630   325.1      0.429      1.003      0.055      0.110      0.223     -0.037
1461.7500     -3932.093    -3958.240       26.148   331.6      0.789      0.887      0.018     -0.144     -0.159      0.110
1462.0000     -3930.835    -3957.469       26.635   337.8      0.436      0.880      0.093     -0.036     -0.186     -0.313
1462.2500     -3931.287    -3957.540       26.252   332.9      0.866      0.568      0.003      0.125      0.008     -0.023
1462.5000     -3932.936    -3959.713       26.777   339.6      0.649      0.904     -0.496      0.045      0.046     -0.034
1462.7500     -3932.627    -3958.290       25.662   325.5      0.819      0.787      0.343     -0.312     -0.201      0.016
1463.0000     -3931.340    -3958.156       26.815   340.1      0.441      1.049     -0.204     -0.033     -0.410      0.061
1463.2500     -3930.167    -3956.753       26.587   337.2      0.052      0.820     -0.084     -0.180      0.339      0.120
1463.5000     -3931.089    -3957.380       26.291   333.4      0.873      1.136      0.460     -0.303      0.633     -0.234
1463.7500     -3932.577    -3958.408       25.831   327.6      0.658      0.385      0.408     -0.145      0.147     -0.074
1464.0000     -3932.897    -3958.077       25.180   319.3      0.695      0.756     -0.038      0.122     -0.405      0.182
1464.2500     -3931.517    -3957.410       25.892   328.4      0.873      0.929      0.375      0.027     -0.442      0.019
1464.5000     -3930.441    -3956.386       25.944   329.0      0.574      0.868      0.108      0.189     -0.035      0.154
1464.7500     -3931.092    -3958.149       27.057   343.2      0.856      1.106      0.568     -0.179      0.289      0.357
1465.0000     -3929.171    -3956.553       27.382   347.3      0.464      0.186     -0.525      0.060     -0.063     -0.127
1465.2500     -3931.479    -3958.394       26.915   341.3      0.842      0.404      0.262     -0.181      0.033      0.097
1465.5000     -3930.509    -3957.875       27.365   347.1      0.598      1.237      0.037      0.384      0.115      0.107
1465.7500     -3931.335    -3957.265       25.930   328.9      0.464      0.493      0.134      0.169      0.014     -0.047
1466.0000     -3931.915    -3958.518       26.603   337.4      0.528      0.972     -0.402      0.083      0.113      0.081
1466.2500     -3931.127    -3957.453       26.325   333.9      0.454      0.433      0.069      0.267     -0.079      0.128
1466.5000     -3929.075    -3955.686       26.610   337.5      0.916      1.211      0.606     -0.302     -0.133      0.085
1466.7500     -3929.822    -3956.793       26.972   342.1      0.324      0.132      0.057     -0.010     -0.077      0.013
1467.0000     -3931.664    -3957.040       25.375   321.8      0.488      0.412     -0.018     -0.207     -0.063      0.016
1467.2500     -3930.744    -3958.135       27.390   347.4      1.013      1.010      0.678      0.118      0.077      0.193
1467.5000     -3932.201    -3957.847       25.646   325.3      0.250      0.856     -0.251      0.063      0.136      0.103
1467.7500     -3933.483    -3959.165       25.681   325.7      1.117      0.680      0.353     -0.035      0.016      0.254
1468.0000     -3932.017    -3958.131       26.115   331.2      0.862      0.696      0.088     -0.306      0.003     -0.193
1468.2500     -3932.102    -3958.475       26.373   334.5      0.546      0.784      0.493     -0.046     -0.145      0.111
1468.5000     -3930.737    -3957.514       26.777   339.6      0.425      0.688     -0.103     -0.148     -0.236      0.139
1468.7500     -3932.361    -3958.601       26.240   332.8      0.782      1.127      0.759      0.027     -0.048     -0.007
1469.0000     -3930.413    -3957.616       27.203   345.0      0.753      0.745      0.733     -0.145      0.074      0.005
1469.2500     -3931.053    -3957.527       26.474   335.8      0.396      1.202      0.259     -0.095      0.223      0.115
1469.5000     -3928.689    -3955.419       26.730   339.0      0.382      0.578      0.411     -0.505      0.030      0.031
1469.7500     -3928.304    -3954.350       26.046   330.3      0.492      1.071     -0.200     -0.232      0.002      0.074
1470.0000     -3928.489    -3956.904       28.415   360.4      0.851      0.167      0.102     -0.469      0.078      0.197
1470.2500     -3929.915    -3956.161       26.246   332.9      1.312      0.847      0.553     -0.121     -0.011     -0.028
1470.5000     -3930.545    -3956.919       26.374   334.5      0.158      0.585     -0.406      0.096     -0.140     -0.109
1470.7500     -3929.825    -3957.129       27.304   346.3      0.966      0.686     -0.007     -0.089     -0.208      0.153
1471.0000     -3930.492    -3956.145       25.653   325.3      0.939      0.425      0.124      0.126      0.089     -0.329
1471.2500     -3930.279    -3955.243       24.963   316.6      0.793      0.729      0.643      0.128      0.457     -0.074
1471.5000     -3929.181    -3955.102       25.921   328.7      0.752      1.096     -0.031     -0.241      0.076      0.276
1471.7500     -3929.574    -3956.159       26.585   337.2      0.817      0.833      0.004     -0.060     -0.113      0.111
1472.0000     -3927.807    -3953.976       26.169   331.9      0.787      1.185      0.467     -0.179      0.025      0.083
1472.2500     -3927.440    -3954.034       26.594   337.3      1.064      0.855      0.033     -0.220     -0.026      0.111
1472.5000     -3928.791    -3955.146       26.355   334.2      1.034      0.983     -0.228     -0.042      0.093     -0.031
1472.7500     -3928.427    -3954.854       26.427   335.2      0.756      1.146      0.147     -0.308      0.372      0.049
1473.0000     -3928.914    -3955.375       26.461   335.6      1.199      1.042      0.354     -0.006      0.185      0.182
1473.2500     -3928.445    -3954.544       26.099   331.0      1.113      0.618      0.491     -0.100     -0.026      0.039
1473.5000     -3929.594    -3955.156       25.561   324.2      0.257      0.430     -0.258      0.112     -0.399     -0.144
1473.7500     -3928.290    -3954.219       25.930   328.9      1.077      0.443      0.285      0.312      0.063      0.039
1474.0000     -3926.725    -3953.919       27.194   344.9      0.964      1.143      0.489     -0.028     -0.086     -0.135
1474.2500     -3926.806    -3954.048       27.242   345.5      0.505      0.912      0.516     -0.044      0.146     -0.070
1474.5000     -3926.392    -3954.495       28.103   356.4      0.833      1.257      0.252      0.147      0.322     -0.025
1474.7500     -3927.016    -3954.250       27.234   345.4      0.738      0.281      0.001      0.306     -0.061      0.208
1475.0000     -3928.556    -3955.303       26.747   339.2      0.745      0.885      0.048     -0.062     -0.171     -0.151
1475.2500     -3926.928    -3954.135       27.206   345.0      0.363      0.974      0.390     -0.180     -0.064      0.065
1475.5000     -3928.772    -3955.596       26.824   340.2      0.899      0.714      0.108     -0.225      0.379      0.063
1475.7500     -3929.766    -3954.973       25.207   319.7      0.185      0.572     -0.101     -0.198      0.159      0.132
1476.0000     -3930.555    -3956.576       26.021   330.0      0.726      0.667     -0.160      0.005      0.070     -0.317
1476.2500     -3929.007    -3954.619       25.612   324.8      1.060      0.753      0.726      0.077      0.125     -0.271
1476.5000     -3927.701    -3955.943       28.242   358.2      0.155      0.695     -0.077     -0.069      0.331      0.059
1476.7500     -3929.056    -3955.441       26.386   334.6      1.113      0.808     -0.072     -0.205      0.051      0.183
1477.0000     -3928.121    -3954.952       26.830   340.3      0.283      0.907     -0.006     -0.117     -0.143     -0.050
1477.2500     -3929.968    -3956.673       26.705   338.7      1.070      1.235      0.806     -0.211     -0.061      0.113
1477.5000     -3929.554    -3954.922       25.368   321.7      0.707      0.573     -0.149     -0.059     -0.358      0.082
1477.7500     -3929.966    -3955.631       25.665   325.5      0.861      0.433     -0.649     -0.139     -0.297      0.235
1478.0000     -3929.184    -3955.531       26.347   334.1      0.648      0.510      0.154     -0.183      0.050      0.259
1478.2500     -3930.080    -3957.575       27.496   348.7      0.771      0.651      0.999     -0.012      0.329      0.263
1478.5000     -3930.658    -3956.158       25.500   323.4      1.120      0.726      0.371     -0.256      0.305      0.071
1478.7500     -3931.876    -3956.549       24.673   312.9      0.620      0.909      0.245      0.211      0.147     -0.087
1479.0000     -3932.370    -3957.107       24.737   313.7      0.921      0.918      0.085      0.432      0.092     -0.169
1479.2500     -3933.070    -3959.157       26.087   330.8     -0.071      0.757     -0.094     -0.127     -0.138      0.069
1479.5000     -3932.799    -3958.487       25.687   325.8      0.989      0.886      0.781     -0.091     -0.572     -0.011
1479.7500     -3930.039    -3956.728       26.689   338.5      0.489      1.092     -0.418     -0.229     -0.098      0.178
1480.0000     -3929.444    -3957.153       27.709   351.4      1.140      0.747      0.905     -0.358     -0.157      0.301
1480.2500     -3929.694    -3956.666       26.972   342.1      0.565      0.764      0.144      0.171     -0.088      0.108
1480.5000     -3930.557    -3956.815       26.258   333.0      0.545      0.758      0.208     -0.141     -0.091      0.175
1480.7500     -3931.618    -3957.352       25.734   326.4      1.092      1.185      0.657      0.324     -0.113     -0.239
1481.0000     -3930.304    -3956.861       26.557   336.8      0.559      0.478      0.366      0.283     -0.166      0.235
1481.2500     -3929.417    -3955.101       25.684   325.7      1.348      0.897      0.927     -0.183     -0.224      0.185
1481.5000     -3930.437    -3956.155       25.718   326.2      0.408      0.456      0.573      0.070      0.045      0.136
1481.7500     -3929.799    -3956.861       27.062   343.2      0.625      0.096     -0.030     -0.057      0.123      0.185
1482.0000     -3929.441    -3955.492       26.051   330.4      0.581      1.075      0.381     -0.119      0.104     -0.027
1482.2500     -3929.067    -3956.149       27.083   343.5      1.114      0.978      0.315     -0.036      0.211      0.043
1482.5000     -3931.360    -3956.590       25.230   320.0      1.324      0.830      0.604      0.173     -0.042     -0.395
1482.7500     -3929.827    -3956.072       26.246   332.9      0.843      1.323      0.006      0.085     -0.027     -0.060
1483.0000     -3930.399    -3956.127       25.728   326.3      0.670      1.107      0.341      0.189      0.209     -0.010
1483.2500     -3930.063    -3956.936       26.873   340.8      0.883      0.741      0.357     -0.059      0.190      0.221
1483.5000     -3929.803    -3956.409       26.606   337.4      0.432      1.007     -0.188     -0.151     -0.189      0.110
1483.7500     -3930.610    -3956.211       25.601   324.7      0.800      0.768      0.440     -0.088      0.092      0.111
1484.0000     -3931.840    -3957.464       25.624   325.0      1.073      0.735      0.053      0.031     -0.108      0.046
1484.2500     -3933.828    -3958.477       24.649   312.6      0.856      1.233     -0.307      0.050     -0.095     -0.036
1484.5000     -3932.492    -3957.316       24.825   314.8      0.845      0.960      0.149     -0.218      0.150     -0.011
1484.7500     -3932.779    -3957.766       24.987   316.9      0.750      0.641      0.760     -0.272      0.190     -0.260
1485.0000     -3931.603    -3956.831       25.227   319.9      0.606      1.286      0.415     -0.050      0.105     -0.027
1485.2500     -3932.595    -3956.946       24.351   308.8      0.899      0.484     -0.147     -0.126      0.154      0.132
1485.5000     -3931.850    -3956.381       24.531   311.1      0.777      0.880      0.313     -0.149      0.333      0.038
1485.7500     -3930.896    -3958.264       27.368   347.1      0.747      0.828     -0.301      0.192      0.071     -0.234
1486.0000     -3931.266    -3958.671       27.405   347.6      0.747      1.118     -0.326      0.256     -0.087     -0.078
1486.2500     -3930.028    -3956.856       26.828   340.3      0.487      0.835     -0.436      0.275     -0.005     -0.102
1486.5000     -3930.167    -3957.102       26.934   341.6      1.671      1.050      0.433      0.109     -0.474     -0.001
1486.7500     -3930.611    -3956.198       25.588   324.5      0.393      0.662     -0.068      0.024      0.133     -0.043
1487.0000     -3931.075    -3957.727       26.652   338.0      0.461      1.082      0.202      0.181     -0.229     -0.097
1487.2500     -3932.174    -3959.689       27.515   349.0      0.759      0.487      0.309      0.266     -0.235     -0.021
1487.5000     -3931.783    -3958.229       26.445   335.4      0.599      1.097      0.430     -0.042     -0.037      0.324
1487.7500     -3932.257    -3957.838       25.581   324.4      1.370      1.266      0.890      0.073     -0.196     -0.151
1488.0000     -3932.852    -3959.255       26.403   334.9      0.893      0.778      0.289      0.001      0.196      0.105
1488.2500     -3930.434    -3955.840       25.406   322.2      0.543      0.192     -0.142      0.100      0.109      0.063
1488.5000     -3929.593    -3956.186       26.593   337.3      0.818      0.805      0.294      0.254     -0.084      0.159
1488.7500     -3930.745    -3956.881       26.136   331.5      0.936      1.011      0.459     -0.055      0.007      0.025
1489.0000     -3931.246    -3956.920       25.674   325.6      0.807      0.910      0.786      0.050     -0.097     -0.195
1489.2500     -3931.207    -3957.385       26.178   332.0      0.826      1.050      0.825      0.025     -0.402      0.263
1489.5000     -3932.025    -3957.908       25.883   328.3      0.671      1.253      0.546      0.072     -0.004     -0.081
1489.7500     -3931.515    -3956.265       24.751   313.9      0.468      0.437      0.513      0.319      0.215      0.207
1490.0000     -3932.426    -3957.494       25.068   317.9      0.701      1.087      0.273      0.024      0.030     -0.018
1490.2500     -3933.178    -3957.568       24.390   309.3      0.952      1.288      0.515      0.305     -0.246     -0.146
1490.5000     -3933.297    -3957.494       24.197   306.9      1.038      1.042      0.463      0.328     -0.100      0.347
1490.7500     -3933.480    -3958.934       25.455   322.8      0.695      0.235      0.034     -0.004     -0.327     -0.106
1491.0000     -3932.705    -3957.694       24.989   316.9      0.998      1.163      0.354     -0.122     -0.103     -0.048
1491.2500     -3932.329    -3957.757       25.428   322.5      0.627      0.304      0.232      0.107      0.126     -0.092
1491.5000     -3931.914    -3958.408       26.494   336.0      0.825      0.346      0.222      0.088     -0.236     -0.020
1491.7500     -3930.777    -3955.640       24.863   315.3      1.118      1.907      0.818      0.181     -0.183      0.014
1492.0000     -3930.714    -3956.656       25.942   329.0      0.675      0.667      0.340     -0.128     -0.026     -0.013
1492.2500     -3931.872    -3958.014       26.142   331.5      0.573      0.567      0.224      0.181      0.121      0.130
1492.5000     -3931.624    -3957.307       25.683   325.7      0.446      0.768      0.636      0.317      0.224     -0.039
1492.7500     -3930.203    -3955.941       25.738   326.4      0.509      0.888      0.310      0.147      0.132     -0.091
1493.0000     -3930.573    -3955.811       25.238   320.1      0.562      0.809      0.011      0.032     -0.090      0.105
1493.2500     -3932.086    -3956.415       24.329   308.5      0.753      0.911      0.355     -0.110     -0.131     -0.226
1493.5000     -3932.184    -3955.217       23.033   292.1      0.766      0.767      0.437     -0.188     -0.270     -0.206
1493.7500     -3932.777    -3957.461       24.684   313.1      0.955      0.694     -0.147      0.049     -0.110      0.089
1494.0000     -3931.325    -3956.748       25.423   322.4      0.951      0.944      0.301      0.053     -0.169     -0.140
1494.2500     -3930.961    -3956.218       25.256   320.3      1.033      1.811      0.591      0.256      0.004     -0.082
1494.5000     -3929.000    -3955.648       26.648   338.0      0.868      1.219      0.640     -0.317     -0.311      0.126
1494.7500     -3931.153    -3956.683       25.530   323.8      0.711      1.366      0.400     -0.475      0.024      0.014
1495.0000     -3931.289    -3956.406       25.118   318.6      0.536      0.780      0.184      0.016     -0.264     -0.014
1495.2500     -3929.413    -3955.529       26.116   331.2      0.216      0.594     -0.008     -0.234     -0.033      0.057
1495.5000     -3931.790    -3956.785       24.994   317.0      0.592      1.125      0.410      0.173     -0.194      0.175
1495.7500     -3929.748    -3955.705       25.957   329.2      0.711      0.771     -0.581      0.145     -0.180      0.023
1496.0000     -3931.015    -3957.116       26.101   331.0      0.694      1.250      0.343      0.018     -0.120     -0.152
1496.2500     -3930.602    -3957.211       26.609   337.5      0.140      0.871      0.536     -0.064      0.285      0.390
1496.5000     -3931.273    -3956.589       25.316   321.1      0.352      0.716      0.387     -0.053      0.021     -0.272
1496.7500     -3931.196    -3956.326       25.129   318.7      0.615      0.886      0.001     -0.075      0.046      0.123
1497.0000     -3932.452    -3958.402       25.950   329.1      0.734      0.596     -0.205     -0.051     -0.081      0.479
1497.2500     -3934.598    -3958.677       24.079   305.4      0.330      0.549     -0.408     -0.183     -0.217      0.175
1497.5000     -3933.789    -3958.145       24.356   308.9     -0.003      0.850     -0.558      0.176      0.034      0.111
1497.7500     -3932.563    -3957.667       25.104   318.4      0.620      0.646      0.278     -0.481      0.090     -0.038
1498.0000     -3932.130    -3958.281       26.151   331.7      0.678      0.962      0.068     -0.059      0.053     -0.068
1498.2500     -3932.118    -3957.446       25.328   321.2      0.502      1.408     -0.088     -0.063     -0.493     -0.064
1498.5000     -3932.653    -3957.794       25.142   318.9      0.244      0.961      0.133     -0.133     -0.124      0.183
1498.7500     -3933.120    -3958.576       25.456   322.8      0.401      0.994      0.231      0.119     -0.333     -0.023
1499.0000     -3932.564    -3958.165       25.601   324.7      0.617      0.924      0.852      0.150     -0.292      0.067
1499.2500     -3932.695    -3957.734       25.039   317.6      0.340      1.048      0.583     -0.221     -0.201      0.359
1499.5000     -3932.236    -3957.037       24.802   314.5      0.424      0.802      0.452      0.019      0.417      0.083
1499.7500     -3933.150    -3958.129       24.980   316.8      0.359      1.080      0.234      0.090      0.230     -0.034
1500.0000     -3931.889    -3957.205       25.316   321.1      0.511      0.958     -0.340      0.128      0.032     -0.053
1500.2500     -3930.317    -3957.045       26.728   339.0      0.482      0.739      0.072     -0.048     -0.045     -0.038
1500.5000     -3930.040    -3957.419       27.380   347.2      0.755      0.874      0.528     -0.200     -0.012      0.059
1500.7500     -3929.283    -3956.581       27.297   346.2      0.714      1.314      0.652     -0.074     -0.084      0.040
1501.0000     -3930.291    -3955.828       25.537   323.9      0.961      1.033      0.292     -0.132     -0.015     -0.087
1501.2500     -3928.660    -3955.574       26.914   341.3      0.481      0.653      0.050      0.143     -0.105     -0.061
1501.5000     -3927.709    -3954.534       26.825   340.2      0.991      0.834      0.628     -0.121      0.177      0.272
1501.7500     -3927.915    -3954.275       26.360   334.3      1.010      0.991      1.179     -0.141      0.017     -0.023
1502.0000     -3928.959    -3956.411       27.452   348.2      0.408      0.368      0.191      0.241      0.093      0.073
1502.2500     -3928.141    -3955.026       26.885   341.0      1.238      0.760      0.787      0.239     -0.310     -0.212
1502.5000     -3928.559    -3954.459       25.900   328.5      0.210      0.851     -0.051      0.079     -0.242     -0.105
1502.7500     -3929.081    -3955.774       26.693   338.5      0.880      0.528      0.117     -0.037      0.281      0.059
1503.0000     -3930.440    -3955.332       24.891   315.7      1.039      1.404      0.497     -0.075     -0.019     -0.042
1503.2500     -3929.790    -3955.587       25.797   327.2      0.710      0.357      0.030     -0.394      0.077     -0.053
1503.5000     -3931.088    -3956.875       25.786   327.0      0.645      0.969      0.415     -0.116     -0.134     -0.180
1503.7500     -3932.779    -3957.293       24.514   310.9      0.361      1.005      0.230     -0.074      0.291      0.027
1504.0000     -3931.637    -3957.865       26.228   332.6      0.894      1.107      0.238      0.297      0.384      0.283
1504.2500     -3930.250    -3956.694       26.444   335.4      0.928      1.105      0.217     -0.063      0.154      0.240
1504.5000     -3930.565    -3956.323       25.758   326.7      0.361      0.739      0.503     -0.042     -0.146      0.053
1504.7500     -3929.803    -3955.530       25.727   326.3      0.576      0.990      0.250     -0.007      0.002      0.017
1505.0000     -3929.345    -3953.744       24.399   309.4      1.105      0.101      0.114      0.283     -0.216      0.157
1505.2500     -3928.370    -3955.107       26.737   339.1      0.681      1.151      0.394     -0.128      0.024      0.231
1505.5000     -3929.172    -3955.982       26.810   340.0      0.683      0.621      0.724      0.508      0.065     -0.415
1505.7500     -3929.929    -3956.076       26.147   331.6     -0.017      0.381     -0.050      0.087      0.683     -0.049
1506.0000     -3929.446    -3956.206       26.760   339.4      0.234      0.640      0.235     -0.034      0.274     -0.226
1506.2500     -3929.127    -3954.973       25.846   327.8      0.419      0.911      0.064     -0.206      0.067      0.103
1506.5000     -3930.439    -3955.032       24.593   311.9      0.841      1.012      0.014     -0.079     -0.082     -0.049
1506.7500     -3929.934    -3955.735       25.801   327.2      0.989      0.845     -0.034     -0.090     -0.268     -0.233
1507.0000     -3927.889    -3953.769       25.880   328.2      0.525      0.878     -0.200      0.378      0.110      0.183
1507.2500     -3929.994    -3955.672       25.678   325.7      0.856      0.819      0.368      0.319      0.248     -0.092
1507.5000     -3929.869    -3955.870       26.001   329.8      0.819      1.098      0.306     -0.061      0.359      0.034
1507.7500     -3931.938    -3957.462       25.525   323.7      0.552      0.533     -0.119     -0.150      0.030      0.004
1508.0000     -3933.107    -3958.092       24.984   316.9      0.859      0.803      0.249      0.105      0.127     -0.119
1508.2500     -3932.587    -3956.583       23.996   304.3      0.754      0.989      0.275     -0.082     -0.299      0.006
1508.5000     -3929.622    -3955.671       26.049   330.4      0.656      1.191     -0.124      0.031     -0.079      0.121
1508.7500     -3931.118    -3956.330       25.211   319.7      0.667      1.102     -0.082      0.012     -0.277      0.075
1509.0000     -3930.357    -3956.757       26.400   334.8      0.611      0.465     -0.649     -0.043      0.054      0.256
1509.2500     -3930.290    -3956.441       26.151   331.7      0.554      0.851     -0.261      0.119     -0.300      0.072
1509.5000     -3931.676    -3955.927       24.251   307.6     -0.129      1.712      0.569     -0.154     -0.208      0.123
1509.7500     -3929.439    -3956.136       26.698   338.6      0.252      0.578     -0.049      0.320      0.192     -0.158
1510.0000     -3931.929    -3957.642       25.713   326.1      0.162      0.846      0.585      0.118     -0.261      0.085
1510.2500     -3931.740    -3956.748       25.008   317.2      0.996      1.066      0.407     -0.126     -0.021     -0.178
1510.5000     -3932.934    -3958.767       25.832   327.6      0.817      0.352      0.055     -0.072      0.454      0.189
1510.7500     -3932.178    -3956.595       24.416   309.7      0.681      1.160     -0.108     -0.094      0.229     -0.102
1511.0000     -3930.621    -3956.896       26.274   333.2      0.569      0.635      0.345      0.165     -0.017     -0.213
1511.2500     -3930.570    -3957.051       26.480   335.8      0.985      1.108      0.255      0.083     -0.111      0.080
1511.5000     -3930.853    -3955.389       24.536   311.2      0.228      0.408     -0.171      0.272     -0.271      0.089
1511.7500     -3930.323    -3956.992       26.669   338.2      0.403      0.707      0.079      0.294      0.133     -0.003
1512.0000     -3929.562    -3956.506       26.944   341.7      0.659      1.025      0.301      0.008      0.187      0.131
1512.2500     -3929.452    -3955.307       25.855   327.9      1.231      0.624      0.389     -0.398      0.137      0.100
1512.5000     -3928.650    -3953.675       25.025   317.4      0.782      0.964      0.326     -0.172      0.098     -0.037
1512.7500     -3927.151    -3955.194       28.043   355.7      0.550      0.725      0.231     -0.013      0.121     -0.257
1513.0000     -3924.859    -3951.570       26.711   338.8      0.149      0.550      0.006      0.003     -0.251      0.208
1513.2500     -3927.740    -3955.787       28.046   355.7      0.797      0.834     -0.005     -0.134      0.052     -0.061
1513.5000     -3929.251    -3955.354       26.103   331.1      0.784      0.573      0.242      0.014     -0.173      0.070
1513.7500     -3928.992    -3956.282       27.290   346.1      0.427      1.194     -0.580     -0.026      0.079     -0.168
1514.0000     -3927.736    -3954.616       26.880   340.9      0.305      0.702      0.231      0.032     -0.049     -0.098
1514.2500     -3927.807    -3954.950       27.144   344.2      0.675      0.294      0.127      0.102     -0.150      0.020
1514.5000     -3929.280    -3957.159       27.878   353.6      0.135      0.852     -0.603      0.408     -0.198      0.402
1514.7500     -3931.227    -3957.200       25.974   329.4      0.952      0.980      0.639      0.205     -0.227      0.284
1515.0000     -3931.053    -3955.408       24.355   308.9      0.235      0.477      0.153     -0.231     -0.185     -0.146
1515.2500     -3932.441    -3957.271       24.830   314.9      0.711      0.958      0.267     -0.300     -0.113      0.044
1515.5000     -3931.129    -3955.841       24.712   313.4      1.003      1.095     -0.041      0.092      0.136     -0.117
1515.7500     -3933.326    -3957.210       23.884   302.9      0.834      0.291      0.371     -0.077     -0.237     -0.114
1516.0000     -3931.796    -3957.340       25.544   324.0      0.705      0.601      0.145      0.151     -0.177      0.165
1516.2500     -3931.217    -3956.970       25.753   326.6      0.623      1.125      0.386     -0.048      0.213      0.166
1516.5000     -3931.625    -3957.623       25.998   329.7      0.625      1.134      0.313     -0.035      0.073      0.215
1516.7500     -3931.070    -3956.827       25.757   326.7      0.573      0.941      0.315     -0.045     -0.328     -0.175
1517.0000     -3930.922    -3957.276       26.354   334.2      1.230      1.184      0.462      0.243     -0.035     -0.014
1517.2500     -3932.191    -3958.410       26.219   332.5      0.280      1.310      0.109     -0.099     -0.121      0.171
1517.5000     -3933.391    -3958.024       24.633   312.4      0.465      0.768      0.730     -0.191      0.338      0.051
1517.7500     -3930.052    -3956.107       26.056   330.5      0.318      0.680      0.338     -0.333      0.438     -0.342
1518.0000     -3928.655    -3955.491       26.837   340.4      0.608      0.699      0.737     -0.262      0.435     -0.054
1518.2500     -3932.032    -3957.904       25.872   328.1      0.807      0.902      0.203     -0.108      0.039     -0.072
1518.5000     -3932.509    -3958.621       26.112   331.2      1.041      0.995      0.245      0.338     -0.219      0.247
1518.7500     -3932.619    -3958.562       25.942   329.0      1.090      0.206     -0.336      0.144      0.185      0.251
1519.0000     -3932.052    -3958.302       26.250   332.9      0.284      0.975      0.428     -0.011      0.177      0.207
1519.2500     -3930.758    -3957.754       26.996   342.4      0.971      0.937      1.355     -0.007     -0.156      0.019
1519.5000     -3926.982    -3955.436       28.454   360.9      0.296      0.469      0.247     -0.047     -0.007     -0.135
1519.7500     -3928.380    -3957.035       28.655   363.4      0.513      0.809      0.146      0.123     -0.406     -0.043
1520.0000     -3931.027    -3956.385       25.357   321.6      0.444      0.610      0.599      0.119     -0.101     -0.233
1520.2500     -3932.105    -3957.575       25.469   323.0      0.430      0.777      0.480     -0.018      0.083     -0.085
1520.5000     -3932.539    -3958.323       25.784   327.0      0.565      0.734      0.205     -0.196     -0.019     -0.161
1520.7500     -3934.580    -3958.381       23.800   301.8      0.453      1.179      0.423     -0.026     -0.096     -0.045
1521.0000     -3933.153    -3957.788       24.635   312.4      1.180      1.801      0.574      0.152     -0.000     -0.105
1521.2500     -3931.228    -3956.961       25.733   326.4      0.538      0.758      0.391      0.027     -0.234     -0.042
1521.5000     -3931.001    -3956.634       25.633   325.1      0.909      0.735     -0.586     -0.086     -0.078     -0.088
1521.7500     -3931.826    -3956.562       24.736   313.7      1.150      1.460      0.470     -0.025      0.270     -0.196
1522.0000     -3930.570    -3957.160       26.590   337.2      0.428      0.730      0.060      0.254      0.079     -0.253
1522.2500     -3930.295    -3956.568       26.273   333.2      0.478      0.912      0.627     -0.098      0.155      0.040
1522.5000     -3931.055    -3955.695       24.640   312.5      0.658      0.846      0.491      0.125      0.144     -0.012
1522.7500     -3932.402    -3957.646       25.243   320.1      0.820      0.876      0.450     -0.068      0.310     -0.066
1523.0000     -3931.567    -3957.461       25.894   328.4      0.832      0.995      0.495      0.219      0.168      0.329
1523.2500     -3931.108    -3956.813       25.705   326.0      0.759      0.905      0.675      0.016     -0.061     -0.105
1523.5000     -3930.760    -3957.829       27.069   343.3      0.906      0.796      0.234     -0.148      0.224     -0.029
1523.7500     -3931.006    -3956.698       25.692   325.8      1.202      1.312      0.707     -0.321      0.141     -0.005
1524.0000     -3933.091    -3958.187       25.095   318.3      0.648      0.754      0.352     -0.137      0.290     -0.325
1524.2500     -3933.025    -3957.769       24.744   313.8      0.752      0.918      1.010      0.140      0.287      0.137
1524.5000     -3933.270    -3959.227       25.957   329.2      0.709      1.487      0.851      0.216     -0.372      0.053
1524.7500     -3932.509    -3957.551       25.042   317.6      0.802      0.836      0.692      0.352     -0.002      0.305
1525.0000     -3930.115    -3955.654       25.539   323.9      0.881      1.495      0.480      0.038     -0.310      0.066
1525.2500     -3930.934    -3956.761       25.827   327.6      1.041      0.770      0.811     -0.109      0.255     -0.165
1525.5000     -3931.849    -3957.752       25.903   328.5      0.478      0.446     -0.216      0.012      0.267     -0.432
1525.7500     -3927.676    -3954.461       26.784   339.7      0.613      0.794      0.745      0.171     -0.318      0.123
1526.0000     -3929.055    -3955.575       26.520   336.3      0.989      1.378      0.786      0.337     -0.298     -0.109
1526.2500     -3930.976    -3956.401       25.425   322.5      0.576      1.242     -0.019      0.250      0.094     -0.368
1526.5000     -3931.577    -3957.808       26.231   332.7      0.562      0.799      0.073      0.044     -0.043      0.035
1526.7500     -3931.847    -3957.889       26.041   330.3      1.137      0.969      0.367      0.004     -0.161     -0.158
1527.0000     -3929.885    -3955.486       25.601   324.7      0.514      0.501      0.134     -0.199      0.333     -0.007
1527.2500     -3928.843    -3955.538       26.695   338.6      0.714      0.934     -0.016      0.125      0.031      0.064
1527.5000     -3929.274    -3955.901       26.627   337.7      0.980      0.931      0.252      0.049     -0.135     -0.062
1527.7500     -3928.803    -3955.926       27.124   344.0      0.676      0.668     -0.000      0.066     -0.017      0.060
1528.0000     -3929.243    -3954.850       25.607   324.8      1.061      0.957      0.735      0.320     -0.545     -0.076
1528.2500     -3929.764    -3956.018       26.254   333.0      0.775      1.000     -0.215     -0.021     -0.292     -0.330
1528.5000     -3927.951    -3953.955       26.004   329.8      0.586      0.611     -0.317      0.101      0.327     -0.116
1528.7500     -3925.853    -3954.713       28.861   366.0      0.324      1.007     -0.125     -0.267     -0.023      0.149
1529.0000     -3928.138    -3955.218       27.080   343.4      0.447      0.882      0.157      0.095      0.089      0.024
1529.2500     -3928.016    -3954.715       26.700   338.6      0.150      0.716     -0.252      0.337      0.068      0.219
1529.5000     -3929.136    -3956.055       26.919   341.4      1.047      0.926      0.455      0.227      0.070     -0.093
1529.7500     -3929.558    -3956.246       26.688   338.5      0.683      0.774     -0.165     -0.076      0.243     -0.067
1530.0000     -3931.777    -3956.216       24.439   309.9      0.185      0.070     -0.102     -0.304      0.284      0.040
1530.2500     -3929.652    -3955.829       26.177   332.0      0.819      0.805      0.312     -0.117     -0.119     -0.008
1530.5000     -3929.947    -3955.815       25.868   328.1      0.609      0.717     -0.176     -0.023     -0.073     -0.064
1530.7500     -3929.285    -3956.066       26.780   339.6      0.402      0.709      0.027      0.140     -0.008     -0.015
1531.0000     -3931.096    -3957.269       26.174   331.9      0.775      0.481      0.267      0.420      0.120      0.252
1531.2500     -3931.711    -3956.559       24.847   315.1      0.371      1.050     -0.046      0.069      0.417     -0.161
1531.5000     -3929.174    -3955.770       26.596   337.3      1.297      0.766      0.601     -0.207      0.188     -0.435
1531.7500     -3927.679    -3953.935       26.256   333.0      0.771      0.636      0.537      0.007      0.485     -0.244
1532.0000     -3928.112    -3954.206       26.094   330.9      0.080      1.071     -0.123     -0.265      0.168     -0.046
1532.2500     -3928.552    -3955.520       26.968   342.0      0.663      0.858      0.219      0.012      0.086      0.100
1532.5000     -3928.153    -3955.502       27.349   346.8      0.644      0.733     -0.143     -0.150     -0.066      0.256
1532.7500     -3927.291    -3955.080       27.789   352.4      0.210      0.924     -0.248     -0.059     -0.370     -0.151
1533.0000     -3926.210    -3954.065       27.854   353.3      0.263      0.900      0.309     -0.221     -0.287     -0.056
1533.2500     -3929.213    -3955.573       26.360   334.3      0.675      1.303      0.462     -0.265     -0.192      0.223
1533.5000     -3932.344    -3958.510       26.166   331.9      0.471      0.537      0.542      0.008     -0.242     -0.120
1533.7500     -3933.067    -3957.804       24.737   313.7      0.612      0.520      0.098      0.067     -0.276     -0.330
1534.0000     -3931.286    -3956.292       25.006   317.1      0.615      0.768      0.426      0.358      0.269      0.133
1534.2500     -3929.073    -3956.972       27.899   353.8      0.796      0.849      0.219      0.015      0.197      0.036
1534.5000     -3930.277    -3954.291       24.013   304.6      0.711      1.225      0.165      0.132     -0.024      0.264
1534.7500     -3931.229    -3958.161       26.932   341.6      0.443      0.933      0.470     -0.156      0.432      0.067
1535.0000     -3931.204    -3957.111       25.908   328.6      0.624      0.627      0.022      0.113     -0.050      0.076
1535.2500     -3931.991    -3957.456       25.465   323.0      0.618      0.840     -0.212      0.066     -0.224     -0.112
1535.5000     -3932.191    -3957.622       25.430   322.5      0.519      0.858      0.070     -0.170     -0.144      0.128
1535.7500     -3931.891    -3958.047       26.156   331.7      0.649      0.572      0.041     -0.097      0.130     -0.149
1536.0000     -3929.822    -3955.409       25.587   324.5      0.862      1.131      0.575      0.016      0.038     -0.044
1536.2500     -3930.190    -3956.068       25.878   328.2      0.997      0.658      0.594     -0.172     -0.024     -0.066
1536.5000     -3929.977    -3955.959       25.982   329.5      0.600      0.662      0.584      0.080      0.055      0.426
1536.7500     -3930.085    -3956.085       26.000   329.7      0.586      1.409      0.268     -0.071     -0.325      0.147
1537.0000     -3929.584    -3955.595       26.011   329.9      0.600      0.990      0.905     -0.205     -0.095     -0.145
1537.2500     -3929.839    -3955.413       25.574   324.3      0.448      0.734      0.586     -0.105      0.131     -0.045
1537.5000     -3929.388    -3956.298       26.910   341.3      0.919      0.685      0.219      0.084      0.383     -0.054
1537.7500     -3930.271    -3956.534       26.264   333.1      0.398      0.916      0.091      0.089      0.074      0.106
1538.0000     -3930.433    -3956.275       25.842   327.7      0.570      0.880      0.304      0.339      0.084      0.027
1538.2500     -3930.577    -3956.807       26.230   332.7      1.186      0.207     -0.071      0.026     -0.199     -0.015
1538.5000     -3930.842    -3957.672       26.830   340.3      0.261      0.533     -0.595     -0.369     -0.091      0.108
1538.7500     -3931.705    -3958.771       27.066   343.3      0.739      0.876      0.113     -0.000     -0.215     -0.134
1539.0000     -3932.923    -3957.914       24.991   317.0      0.990      0.854      0.801     -0.077     -0.123     -0.062
1539.2500     -3931.219    -3956.722       25.502   323.4      0.041      0.472     -0.413      0.339     -0.164     -0.033
1539.5000     -3930.414    -3955.204       24.790   314.4      0.512      1.009     -0.275      0.036      0.047     -0.068
1539.7500     -3929.810    -3956.247       26.436   335.3      1.285      0.407      0.253     -0.331     -0.069     -0.166
1540.0000     -3928.277    -3955.536       27.259   345.7      0.883      0.674      0.104     -0.294      0.091      0.094
1540.2500     -3928.345    -3955.011       26.666   338.2      0.163      1.124      0.003     -0.180     -0.091     -0.054
1540.5000     -3929.828    -3956.053       26.226   332.6      1.150      0.407     -0.001      0.091      0.083      0.053
1540.7500     -3930.115    -3954.977       24.862   315.3      1.008      0.776      0.365     -0.061      0.180      0.145
1541.0000     -3929.982    -3955.711       25.729   326.3      0.759      0.831      0.138     -0.111      0.011     -0.212
1541.2500     -3929.708    -3954.827       25.119   318.6      0.628      0.847      0.041     -0.340      0.045      0.346
1541.5000     -3929.029    -3955.638       26.608   337.5      0.311      0.518      0.135     -0.215      0.086      0.054
1541.7500     -3928.659    -3954.093       25.433   322.6      0.728      0.469      0.408      0.190      0.192     -0.136
1542.0000     -3929.699    -3954.947       25.248   320.2      0.410      0.829      0.601      0.254     -0.321     -0.182
1542.2500     -3931.205    -3956.822       25.618   324.9      0.159      0.540     -0.146     -0.200      0.012     -0.046
1542.5000     -3930.656    -3957.065       26.409   334.9      0.888      0.546     -0.098     -0.328     -0.111      0.054
1542.7500     -3929.448    -3954.914       25.466   323.0      0.498      0.878      0.562     -0.085     -0.024     -0.045
1543.0000     -3929.802    -3954.595       24.793   314.4      0.532      0.732      0.162      0.174     -0.196      0.015
1543.2500     -3930.308    -3955.115       24.807   314.6      0.947      1.306      0.555      0.106      0.178      0.085
1543.5000     -3928.971    -3955.953       26.982   342.2      1.123      0.853      0.408      0.050     -0.001      0.288
1543.7500     -3930.228    -3955.567       25.339   321.4      0.310      0.868      0.382      0.179      0.057     -0.030
1544.0000     -3929.792    -3956.709       26.917   341.4      0.757      1.014     -0.064     -0.169     -0.026      0.091
1544.2500     -3929.558    -3956.006       26.448   335.4      0.935      1.150      0.351      0.055      0.136      0.019
1544.5000     -3929.739    -3955.071       25.332   321.3      1.077      0.995      0.233      0.244     -0.063     -0.055
1544.7500     -3928.527    -3955.066       26.539   336.6      1.215      1.027     -0.108      0.109     -0.068     -0.133
1545.0000     -3929.321    -3955.437       26.116   331.2      0.374      0.638     -0.124      0.125     -0.369     -0.029
1545.2500     -3929.229    -3955.828       26.599   337.3      0.416      0.056     -0.356     -0.388     -0.089     -0.288
1545.5000     -3930.231    -3956.045       25.814   327.4      0.809      0.926     -0.003     -0.105      0.140      0.002
1545.7500     -3929.171    -3955.857       26.686   338.4      0.159      0.316     -0.400      0.158     -0.091      0.036
1546.0000     -3929.479    -3956.272       26.793   339.8      0.753      0.784     -0.237      0.404      0.030      0.061
1546.2500     -3932.228    -3957.421       25.193   319.5      0.842      0.403      0.170      0.137      0.052     -0.005
1546.5000     -3932.376    -3957.389       25.012   317.2      0.768      0.566     -0.365     -0.220      0.185     -0.012
1546.7500     -3930.561    -3956.718       26.156   331.7      0.381      0.430      0.667      0.086     -0.243     -0.051
1547.0000     -3929.607    -3956.794       27.188   344.8      0.484      0.490     -0.072     -0.244     -0.228      0.053
1547.2500     -3930.675    -3957.681       27.006   342.5      0.379      0.674     -0.529      0.089      0.080      0.129
1547.5000     -3931.011    -3957.684       26.673   338.3      0.525      0.597     -0.039      0.125      0.131     -0.151
1547.7500     -3931.527    -3958.021       26.493   336.0      0.361      0.648      0.395      0.106      0.099     -0.006
1548.0000     -3932.553    -3957.256       24.703   313.3      0.487      0.930      0.043      0.100     -0.210      0.005
1548.2500     -3931.947    -3957.751       25.804   327.3      0.852      0.960     -0.419     -0.198     -0.083      0.222
1548.5000     -3928.718    -3955.232       26.514   336.3      0.542      0.725     -0.305     -0.044     -0.045     -0.040
1548.7500     -3929.407    -3955.362       25.955   329.2      0.339      0.666      0.144     -0.069     -0.035     -0.084
1549.0000     -3931.216    -3958.243       27.028   342.8      0.380      0.593      0.082      0.326      0.108     -0.047
1549.2500     -3930.358    -3956.068       25.711   326.1      0.028      0.643      0.076      0.220     -0.043     -0.279
1549.5000     -3932.356    -3958.954       26.598   337.3      0.446      0.334     -0.146     -0.052     -0.277     -0.226
1549.7500     -3932.270    -3957.188       24.918   316.0      0.666      0.800     -0.341      0.130      0.065     -0.117
1550.0000     -3930.605    -3957.241       26.637   337.8      0.150      0.707     -0.104      0.272      0.182      0.045
1550.2500     -3930.340    -3956.831       26.491   336.0      0.444      0.633      0.048     -0.021      0.568      0.231
1550.5000     -3931.861    -3957.862       26.001   329.8      0.353      0.375     -0.133      0.037      0.286      0.073
1550.7500     -3931.642    -3957.361       25.719   326.2      0.452      0.889     -0.741     -0.042     -0.066      0.147
1551.0000     -3931.817    -3957.557       25.740   326.5      0.729      1.103      0.354      0.126      0.008     -0.082
1551.2500     -3933.075    -3957.621       24.546   311.3      0.805      0.282      0.007     -0.115     -0.472     -0.336
1551.5000     -3930.686    -3957.661       26.975   342.1      1.083      0.908      0.262      0.232     -0.316      0.079
1551.7500     -3928.974    -3956.064       27.090   343.6      0.285      0.804      0.652      0.503      0.246      0.110
1552.0000     -3929.101    -3955.343       26.242   332.8      0.838      0.965      0.826     -0.170     -0.046     -0.130
1552.2500     -3929.991    -3956.203       26.212   332.4      0.687      0.482      0.514     -0.020      0.256     -0.167
1552.5000     -3931.119    -3956.913       25.794   327.1      0.180      0.770      0.208     -0.398      0.152     -0.005
1552.7500     -3930.062    -3956.102       26.040   330.2      0.607      0.976     -0.006     -0.012      0.155     -0.107
1553.0000     -3928.822    -3955.701       26.880   340.9      0.920      0.486      0.477      0.066     -0.044     -0.170
1553.2500     -3930.116    -3956.189       26.073   330.7      0.989      0.614     -0.278      0.244      0.151     -0.115
1553.5000     -3929.672    -3956.638       26.967   342.0      0.917      1.118     -0.164      0.442      0.286      0.259
1553.7500     -3931.155    -3958.725       27.570   349.7      1.212      0.566      0.165      0.096      0.223      0.036
1554.0000     -3933.033    -3957.787       24.754   313.9      0.633      0.279     -0.232     -0.061      0.261      0.123
1554.2500     -3931.134    -3957.664       26.530   336.5      0.594      1.275      0.371     -0.444      0.103     -0.026
1554.5000     -3929.379    -3955.468       26.088   330.9      1.468      0.477     -0.005     -0.166      0.035      0.157
1554.7500     -3928.983    -3956.215       27.232   345.4      0.784      0.824     -0.314      0.320     -0.033      0.060
1555.0000     -3928.742    -3955.508       26.766   339.5      0.316      0.693     -0.356     -0.009      0.422      0.045
1555.2500     -3929.742    -3956.074       26.331   333.9      0.305      0.450      0.281     -0.092     -0.048      0.136
1555.5000     -3929.467    -3956.589       27.122   344.0      0.466      0.766      0.667      0.185      0.007     -0.292
1555.7500     -3929.244    -3956.470       27.226   345.3      0.837      0.948      0.093     -0.186     -0.220     -0.196
1556.0000     -3929.448    -3956.026       26.578   337.1      0.351      0.874      0.174      0.326      0.080     -0.025
1556.2500     -3930.120    -3956.287       26.167   331.9      0.469      1.006      0.121      0.217     -0.181     -0.272
1556.5000     -3930.935    -3956.516       25.581   324.4      0.910      0.908     -0.116     -0.033     -0.223      0.365
1556.7500     -3930.543    -3957.104       26.560   336.9      0.796      0.564      0.002      0.249      0.074      0.220
1557.0000     -3930.317    -3956.042       25.724   326.2      1.410      1.068      0.365     -0.010      0.059     -0.151
1557.2500     -3930.695    -3956.014       25.319   321.1      0.889      1.023      0.461     -0.034     -0.026     -0.045
1557.5000     -3930.751    -3956.531       25.779   326.9      0.220      1.126      0.198     -0.223     -0.033     -0.100
1557.7500     -3931.451    -3957.387       25.936   328.9      0.407      0.837      0.406     -0.200     -0.186     -0.005
1558.0000     -3930.894    -3956.669       25.776   326.9      0.755      0.886     -0.141      0.002     -0.358     -0.030
1558.2500     -3932.406    -3957.819       25.413   322.3      1.141      0.627      0.589      0.372     -0.204     -0.123
1558.5000     -3930.419    -3956.820       26.401   334.8      0.890      0.982      0.136      0.105     -0.191      0.078
1558.7500     -3931.871    -3958.271       26.400   334.8      0.566      0.763     -0.356     -0.200     -0.245     -0.187
1559.0000     -3932.276    -3958.027       25.751   326.6      0.787      1.170      0.521     -0.212     -0.114     -0.109
1559.2500     -3931.972    -3957.074       25.102   318.4      0.912      0.600      0.290      0.025     -0.054     -0.013
1559.5000     -3933.041    -3958.163       25.122   318.6      1.396      1.394      0.851      0.399      0.155     -0.167
1559.7500     -3932.895    -3958.016       25.121   318.6      0.814      0.814      0.718      0.347     -0.365      0.066
1560.0000     -3932.489    -3957.742       25.253   320.3      1.054      1.037      0.039      0.118     -0.318     -0.025
1560.2500     -3932.951    -3958.139       25.188   319.4      0.570      0.804      0.175     -0.339      0.203      0.134
1560.5000     -3931.365    -3956.200       24.835   315.0      0.844      0.656      0.839     -0.178     -0.150     -0.138
1560.7500     -3932.096    -3958.533       26.436   335.3      0.571      0.971      0.640      0.043      0.312      0.021
1561.0000     -3932.213    -3956.793       24.580   311.7      0.372      0.758     -0.153      0.235      0.097      0.097
1561.2500     -3930.981    -3955.562       24.580   311.7      0.385      1.228     -0.137      0.260      0.243      0.126
1561.5000     -3930.730    -3957.182       26.451   335.5      0.633      0.786      0.101     -0.178      0.121      0.124
1561.7500     -3930.914    -3955.628       24.714   313.4      0.257      0.892      0.053     -0.365      0.051      0.058
1562.0000     -3929.263    -3956.000       26.737   339.1      0.574      1.114      0.221      0.228     -0.075      0.077
1562.2500     -3930.234    -3955.687       25.453   322.8      1.252      0.537      0.361      0.115     -0.264     -0.360
1562.5000     -3930.603    -3957.011       26.409   334.9      0.490      1.008      0.185      0.148      0.069      0.147
1562.7500     -3931.220    -3958.727       27.507   348.9      0.882      0.809      0.225      0.151     -0.044      0.023
1563.0000     -3929.419    -3955.595       26.175   332.0      1.190      0.616      0.700     -0.010      0.013     -0.010
1563.2500     -3930.910    -3957.148       26.238   332.8      0.842      1.146      0.105     -0.230     -0.072      0.238
1563.5000     -3930.604    -3956.560       25.956   329.2      0.463      0.658     -0.093      0.008      0.070     -0.295
1563.7500     -3931.492    -3958.825       27.333   346.6      0.663      0.708     -0.122      0.185      0.233      0.213
1564.0000     -3931.310    -3958.437       27.127   344.0      0.495      0.652     -0.450     -0.095      0.107     -0.026
1564.2500     -3931.417    -3957.340       25.924   328.8      0.874      0.968      0.027     -0.050      0.122     -0.043
1564.5000     -3931.055    -3957.680       26.625   337.7      0.515      0.740      0.289      0.206      0.173      0.100
1564.7500     -3931.399    -3957.662       26.262   333.1      0.854      0.949      0.049     -0.132      0.052      0.079
1565.0000     -3931.304    -3957.039       25.735   326.4      0.325      0.320      0.294      0.075      0.096     -0.142
1565.2500     -3930.068    -3955.837       25.770   326.8      1.329      1.139      0.574     -0.246     -0.135     -0.228
1565.5000     -3932.424    -3957.135       24.711   313.4      0.780      0.328      0.544      0.191      0.443      0.038
1565.7500     -3932.494    -3957.207       24.713   313.4      0.743      0.649      0.348      0.258      0.001      0.055
1566.0000     -3930.933    -3957.444       26.511   336.2      0.051      0.661      0.004      0.121     -0.008      0.015
1566.2500     -3931.045    -3956.541       25.496   323.4      1.160      0.944      0.699      0.133     -0.238      0.206
1566.5000     -3929.436    -3955.910       26.474   335.8      0.486      1.037      0.597     -0.076     -0.285      0.095
1566.7500     -3930.305    -3956.645       26.339   334.0     -0.069      0.745     -0.265     -0.070     -0.443      0.178
1567.0000     -3929.674    -3955.663       25.989   329.6      0.961      1.121      0.507     -0.162      0.048     -0.085
1567.2500     -3929.997    -3956.173       26.176   332.0      0.601      0.645     -0.022      0.264      0.226      0.040
1567.5000     -3928.125    -3955.012       26.887   341.0      1.057      1.173      0.375     -0.044     -0.008     -0.155
1567.7500     -3929.426    -3955.419       25.993   329.7      0.202      0.169     -0.609      0.180     -0.342     -0.066
1568.0000     -3930.997    -3956.812       25.814   327.4      0.404      0.491     -0.069     -0.018     -0.229      0.349
1568.2500     -3931.454    -3956.459       25.005   317.1      0.662      0.678      0.502      0.043     -0.187     -0.040
1568.5000     -3931.121    -3957.164       26.043   330.3      0.754      1.115      0.177     -0.044      0.121      0.023
1568.7500     -3930.553    -3957.251       26.699   338.6      0.406      0.436     -0.394     -0.035     -0.028     -0.119
1569.0000     -3928.773    -3956.310       27.537   349.2      1.065      0.244     -0.208      0.114      0.072      0.281
1569.2500     -3927.279    -3955.531       28.252   358.3      0.725      0.735      0.474      0.002     -0.005      0.032
1569.5000     -3929.061    -3955.260       26.199   332.3      0.516      1.049      0.426     -0.172     -0.134     -0.230
1569.7500     -3929.415    -3956.049       26.633   337.8      0.358      0.809     -0.095      0.058     -0.177     -0.255
1570.0000     -3930.061    -3956.322       26.261   333.1      0.553      0.851      0.536      0.304      0.102      0.253
1570.2500     -3930.225    -3956.309       26.084   330.8      0.570      0.881      0.676      0.236      0.220      0.232
1570.5000     -3929.628    -3955.945       26.317   333.8      1.047      1.058      0.487     -0.214     -0.014      0.146
1570.7500     -3930.690    -3955.937       25.247   320.2      1.052      0.490      0.412     -0.222      0.077      0.095
1571.0000     -3932.482    -3957.650       25.168   319.2      0.626      1.142      0.324     -0.099     -0.067     -0.117
1571.2500     -3930.886    -3956.154       25.268   320.5      1.372      1.471      0.787     -0.040      0.174     -0.251
1571.5000     -3929.372    -3957.703       28.331   359.3      0.876      1.168      0.383      0.088      0.075     -0.034
1571.7500     -3930.514    -3956.481       25.968   329.3      0.889      0.784      0.398      0.396      0.241      0.057
1572.0000     -3929.706    -3956.383       26.677   338.3      0.907      1.271      0.519      0.047     -0.089      0.249
1572.2500     -3928.232    -3954.655       26.423   335.1      0.561      0.757      0.248     -0.081      0.203      0.110
1572.5000     -3928.697    -3955.612       26.915   341.3      1.122      0.850      0.455     -0.316      0.098      0.155
1572.7500     -3929.660    -3956.711       27.052   343.1      0.557      1.340      0.472     -0.137     -0.070     -0.026
1573.0000     -3930.277    -3956.504       26.227   332.6      0.691      0.713     -0.118     -0.281     -0.382     -0.264
1573.2500     -3927.903    -3953.639       25.736   326.4      1.011      0.906      0.703     -0.196      0.072     -0.157
1573.5000     -3928.691    -3955.821       27.130   344.1      0.688      1.183      0.379     -0.143      0.161     -0.011
1573.7500     -3930.389    -3956.170       25.782   327.0      0.590      0.808      0.145      0.073      0.208     -0.072
1574.0000     -3927.743    -3953.874       26.130   331.4      0.696      0.724      0.744      0.275      0.384      0.003
1574.2500     -3927.660    -3953.733       26.072   330.7      0.427      0.638      0.649      0.223      0.264     -0.011
1574.5000     -3928.801    -3955.444       26.643   337.9      0.188      0.575      0.193      0.185      0.082      0.127
1574.7500     -3929.107    -3955.663       26.555   336.8      0.536      0.954     -0.047     -0.090     -0.346     -0.158
1575.0000     -3928.596    -3954.841       26.245   332.9      0.613      0.352      0.557     -0.196     -0.464     -0.345
1575.2500     -3929.176    -3954.373       25.197   319.6      0.958      0.970      0.139     -0.038     -0.189     -0.171
1575.5000     -3929.289    -3954.848       25.559   324.2      1.108      1.053      0.268      0.160     -0.214     -0.226
1575.7500     -3929.040    -3954.634       25.593   324.6      1.045      1.289      0.284      0.015      0.223     -0.082
1576.0000     -3929.187    -3956.265       27.078   343.4      0.878      1.186     -0.025      0.012     -0.015      0.015
1576.2500     -3927.912    -3955.311       27.399   347.5      0.985      0.542      0.070     -0.191     -0.154      0.078
1576.5000     -3927.559    -3955.375       27.816   352.8      0.663      0.976      0.128      0.082     -0.016     -0.043
1576.7500     -3930.144    -3956.090       25.946   329.1      0.869      0.992      0.237     -0.194     -0.153      0.032
1577.0000     -3930.479    -3955.832       25.353   321.5      0.276      1.139      0.730     -0.128      0.019     -0.044
1577.2500     -3930.833    -3955.094       24.260   307.7      0.970      0.559      0.414     -0.004     -0.171     -0.167
1577.5000     -3928.039    -3954.770       26.731   339.0      1.124      0.482      0.202     -0.029      0.168      0.211
1577.7500     -3928.294    -3955.830       27.536   349.2      1.052      1.060      0.431      0.142     -0.141      0.013
1578.0000     -3927.516    -3953.481       25.966   329.3      1.280      1.334      0.873     -0.081      0.174     -0.090
1578.2500     -3927.716    -3954.229       26.514   336.3      0.574      1.104      0.695      0.121      0.024     -0.193
1578.5000     -3926.628    -3953.648       27.020   342.7      0.882      0.704      0.546     -0.140     -0.125      0.170
1578.7500     -3929.736    -3956.209       26.473   335.8      0.682      0.987      0.463     -0.091     -0.086     -0.200
1579.0000     -3930.387    -3957.017       26.630   337.7      0.789      1.003     -0.466     -0.012     -0.168     -0.239
1579.2500     -3929.615    -3955.845       26.230   332.7      1.046      0.890      0.030      0.523     -0.001     -0.397
1579.5000     -3931.545    -3956.637       25.092   318.2      0.899      0.898      1.051      0.247      0.023      0.421
1579.7500     -3929.985    -3954.893       24.908   315.9      0.402      0.768     -0.081      0.277      0.086     -0.118
1580.0000     -3928.633    -3954.748       26.116   331.2      1.053      1.017      0.435     -0.033      0.086      0.098
1580.2500     -3930.176    -3956.856       26.680   338.4      0.703      0.483     -0.250      0.231     -0.487      0.121
1580.5000     -3930.635    -3955.657       25.022   317.3      0.933      1.003      0.165      0.127     -0.328     -0.287
1580.7500     -3930.075    -3955.813       25.738   326.4      1.291      0.812      0.297      0.177     -0.236      0.165
1581.0000     -3931.458    -3956.409       24.952   316.4      0.847      0.003     -0.485      0.089      0.322     -0.010
1581.2500     -3929.835    -3955.390       25.555   324.1      0.747      1.383      0.252      0.246      0.165      0.225
1581.5000     -3930.360    -3956.507       26.147   331.6      0.803      0.787      0.211     -0.187     -0.281     -0.010
1581.7500     -3928.742    -3955.146       26.404   334.9     -0.007      0.512     -0.262      0.261     -0.122     -0.410
1582.0000     -3929.867    -3955.450       25.582   324.4      0.576      1.038      0.485     -0.201      0.188     -0.176
1582.2500     -3930.195    -3956.096       25.900   328.5      0.539      0.853      0.311      0.100      0.044      0.010
1582.5000     -3930.199    -3954.549       24.350   308.8      0.582      0.609      0.080      0.155     -0.400      0.194
1582.7500     -3930.582    -3955.914       25.331   321.3      1.151      0.920      0.157     -0.229     -0.272     -0.068
1583.0000     -3931.180    -3956.936       25.755   326.6      0.853      0.409      0.031     -0.324     -0.200     -0.046
1583.2500     -3930.689    -3956.797       26.109   331.1      0.558      0.451      0.541      0.138      0.446     -0.173
1583.5000     -3930.535    -3957.624       27.089   343.6      0.694      1.144      0.722      0.037      0.022     -0.014
1583.7500     -3930.958    -3957.233       26.275   333.2     -0.130      0.409     -0.150     -0.100     -0.111      0.041
1584.0000     -3931.229    -3957.510       26.282   333.3      0.759      0.426      0.137      0.088      0.044     -0.132
1584.2500     -3933.169    -3957.112       23.943   303.7      1.036      1.011      0.364     -0.033      0.206     -0.112
1584.5000     -3930.635    -3956.759       26.125   331.3      1.037      0.766      0.311      0.034      0.008     -0.003
1584.7500     -3929.329    -3955.988       26.659   338.1      0.555      0.396     -0.170      0.140     -0.062     -0.218
1585.0000     -3930.005    -3955.303       25.299   320.8      0.184      0.606     -0.254     -0.048     -0.385     -0.159
1585.2500     -3930.331    -3957.119       26.788   339.7      0.212      0.690      0.390     -0.137     -0.038      0.165
1585.5000     -3931.171    -3957.251       26.080   330.8      0.595      0.812      0.572     -0.033     -0.164     -0.033
1585.7500     -3930.867    -3956.299       25.432   322.5      0.575      1.157      0.344     -0.041     -0.165     -0.182
1586.0000     -3931.045    -3956.892       25.847   327.8      0.550      1.079      0.067     -0.056     -0.069      0.236
1586.2500     -3931.738    -3957.360       25.621   324.9      1.368      0.949      0.168      0.282     -0.074     -0.256
1586.5000     -3933.112    -3959.134       26.022   330.0      1.001      1.036      0.138     -0.129      0.015     -0.075
1586.7500     -3931.924    -3957.927       26.003   329.8      0.751      0.922      0.130     -0.124      0.286     -0.133
1587.0000     -3930.224    -3955.338       25.115   318.5      0.924      0.757      0.357     -0.058      0.147      0.088
1587.2500     -3930.081    -3957.129       27.048   343.0      1.307      0.855      0.495      0.050     -0.205     -0.010
1587.5000     -3928.106    -3954.932       26.827   340.2      0.858      0.962      0.118      0.104     -0.109     -0.074
1587.7500     -3929.703    -3955.940       26.237   332.7      1.118      1.042      0.389     -0.115      0.039      0.011
1588.0000     -3929.461    -3953.966       24.506   310.8      1.229      0.646      0.003      0.140      0.175      0.003
1588.2500     -3930.163    -3956.319       26.157   331.7      0.831      0.706      0.481     -0.230      0.005     -0.397
1588.5000     -3928.431    -3956.668       28.238   358.1      1.094      0.879      0.002     -0.127     -0.290      0.180
1588.7500     -3931.070    -3956.006       24.936   316.3      0.703      0.556     -0.072      0.289     -0.086     -0.279
1589.0000     -3931.069    -3957.679       26.611   337.5      1.036      0.804      0.289     -0.267     -0.017     -0.018
1589.2500     -3931.819    -3957.349       25.529   323.8      0.485      1.038      0.156     -0.097      0.194      0.057
1589.5000     -3931.406    -3956.364       24.958   316.5      0.662      1.109     -0.033      0.067     -0.121      0.115
1589.7500     -3930.982    -3956.454       25.471   323.0      0.354      0.780      0.326     -0.017     -0.176      0.247
1590.0000     -3932.307    -3957.531       25.224   319.9      0.581      0.868      0.851     -0.039     -0.525     -0.056
1590.2500     -3931.394    -3955.950       24.557   311.4      0.502      1.179      0.294     -0.093     -0.508      0.034
1590.5000     -3931.983    -3957.826       25.843   327.8      1.464      1.169      0.330      0.134      0.007      0.027
1590.7500     -3932.819    -3957.115       24.296   308.1      0.994      1.120     -0.051      0.169     -0.053     -0.056
1591.0000     -3932.433    -3957.731       25.299   320.9      1.196      0.754      0.306      0.101      0.165     -0.083
1591.2500     -3930.698    -3956.021       25.323   321.2      1.017      0.983      0.516      0.209     -0.026      0.002
1591.5000     -3931.182    -3957.720       26.538   336.6      0.712      0.528     -0.312     -0.168      0.099      0.006
1591.7500     -3931.644    -3955.875       24.231   307.3      0.742      0.778      0.224     -0.205     -0.153      0.054
1592.0000     -3931.139    -3957.033       25.894   328.4      0.874      1.033      0.834      0.163      0.054      0.075
1592.2500     -3929.175    -3955.377       26.202   332.3      0.453      0.922      0.282     -0.026      0.105      0.308
1592.5000     -3929.071    -3955.763       26.692   338.5      0.719      0.873      0.532      0.019      0.110      0.146
1592.7500     -3930.433    -3956.362       25.929   328.8      0.831      0.253      0.178      0.189     -0.141      0.186
1593.0000     -3931.307    -3956.394       25.087   318.2      1.066      0.946      0.185     -0.092      0.165      0.180
1593.2500     -3932.335    -3957.667       25.332   321.3      0.827      0.696      0.381     -0.085      0.327      0.323
1593.5000     -3931.428    -3957.439       26.011   329.9      0.839      1.111      0.475      0.161      0.005     -0.063
1593.7500     -3931.833    -3958.137       26.303   333.6      0.997      1.074      0.296      0.480     -0.265     -0.026
1594.0000     -3930.825    -3956.520       25.694   325.9      0.705      0.182     -0.226      0.128     -0.117      0.216
1594.2500     -3930.625    -3957.202       26.577   337.1      0.776      1.443      0.590     -0.218      0.227      0.155
1594.5000     -3931.084    -3956.791       25.706   326.0      0.653      0.648      0.191      0.013      0.442      0.290
1594.7500     -3928.458    -3955.915       27.457   348.2      0.258      0.770      0.009     -0.065      0.318      0.004
1595.0000     -3928.986    -3954.929       25.944   329.0      1.075      0.938      1.027      0.048      0.111      0.207
1595.2500     -3928.633    -3954.676       26.043   330.3      0.584      0.156      0.497      0.048      0.174      0.137
1595.5000     -3928.461    -3955.221       26.760   339.4      0.774      1.178      0.276     -0.055     -0.023     -0.081
1595.7500     -3927.315    -3954.688       27.372   347.2      0.120      0.596      0.372     -0.058      0.127     -0.345
1596.0000     -3929.295    -3956.424       27.130   344.1      1.020      0.820      0.309     -0.083      0.043      0.096
1596.2500     -3931.588    -3957.458       25.870   328.1      1.037      1.012      0.560     -0.131     -0.262     -0.125
1596.5000     -3931.567    -3958.497       26.929   341.5      0.310      1.217      0.374      0.025     -0.430     -0.424
1596.7500     -3929.029    -3955.586       26.557   336.8      0.891      0.647      0.294     -0.039     -0.226     -0.039
1597.0000     -3929.506    -3956.123       26.616   337.6      0.708      0.661     -0.004      0.295     -0.104     -0.220
1597.2500     -3931.088    -3956.871       25.783   327.0      0.757      0.591     -0.038      0.009     -0.006      0.021
1597.5000     -3930.737    -3955.079       24.342   308.7      0.905      1.413      0.775     -0.322      0.140      0.084
1597.7500     -3928.737    -3956.006       27.269   345.8      0.976      0.940      0.544     -0.034      0.008     -0.031
1598.0000     -3929.213    -3955.762       26.549   336.7      0.897      0.676      0.152      0.102     -0.045     -0.054
1598.2500     -3929.750    -3956.688       26.938   341.6      0.777      1.138     -0.004     -0.063      0.294      0.352
1598.5000     -3929.049    -3955.349       26.299   333.5      0.684      0.495      0.722     -0.048     -0.264      0.239
1598.7500     -3930.456    -3956.905       26.449   335.4      1.149      1.080      0.616      0.116      0.324      0.036
1599.0000     -3930.733    -3955.428       24.695   313.2      0.605      1.336      0.075      0.055      0.042      0.069
1599.2500     -3928.773    -3955.603       26.830   340.3      0.838      0.805     -0.186      0.187      0.034      0.356
1599.5000     -3930.059    -3956.739       26.680   338.4      1.105      1.077      0.288     -0.065      0.062      0.164
1599.7500     -3931.433    -3957.186       25.753   326.6      0.499      0.775     -0.076      0.260      0.058      0.067
1600.0000     -3929.307    -3955.644       26.336   334.0      0.824      1.092     -0.079     -0.234      0.269     -0.112
1600.2500     -3930.831    -3957.429       26.598   337.3      0.847      0.521     -0.082     -0.056      0.095     -0.072
1600.5000     -3930.389    -3956.759       26.370   334.4      0.269      0.594     -0.114     -0.097      0.060      0.023
1600.7500     -3928.974    -3956.601       27.627   350.4      0.391      1.140      0.348     -0.110     -0.217     -0.224
1601.0000     -3930.406    -3956.998       26.592   337.3      0.689      0.819     -0.073     -0.089     -0.243     -0.027
1601.2500     -3932.485    -3956.742       24.257   307.6      0.485      0.750      0.559      0.144     -0.048     -0.137
1601.5000     -3930.812    -3956.889       26.077   330.7      0.517      0.482     -0.475     -0.159      0.108      0.023
1601.7500     -3930.711    -3956.179       25.468   323.0      1.158      1.223     -0.071      0.157     -0.279     -0.203
1602.0000     -3930.685    -3956.260       25.576   324.4      1.217      0.980     -0.034      0.132      0.270     -0.108
1602.2500     -3929.536    -3956.185       26.649   338.0      1.105      0.772      0.336      0.232     -0.179     -0.039
1602.5000     -3928.880    -3956.305       27.425   347.8      0.583      0.746     -0.188      0.238     -0.426     -0.037
1602.7500     -3929.404    -3956.279       26.875   340.8      1.101      0.796      0.503      0.560     -0.365      0.132
1603.0000     -3930.574    -3956.935       26.361   334.3      0.686      1.157      0.009      0.158     -0.034      0.086
1603.2500     -3930.903    -3955.914       25.011   317.2      0.862      0.945     -0.280     -0.092     -0.010      0.248
1603.5000     -3932.259    -3957.697       25.438   322.6      0.680      1.417      0.047      0.090     -0.055     -0.119
1603.7500     -3934.439    -3959.004       24.565   311.5      1.032      1.099      0.427      0.040      0.005      0.008
1604.0000     -3932.805    -3959.810       27.005   342.5      0.627      1.132      0.126      0.310     -0.278     -0.050
1604.2500     -3932.239    -3957.608       25.369   321.7      1.189      0.755      0.626     -0.127     -0.029      0.149
1604.5000     -3931.909    -3956.860       24.951   316.4      0.723      0.386     -0.168      0.297      0.298     -0.020
1604.7500     -3932.466    -3957.092       24.626   312.3      0.904      0.552      0.020      0.112      0.173     -0.037
1605.0000     -3931.630    -3957.030       25.399   322.1      0.672      1.018      0.622      0.068     -0.219     -0.167
1605.2500     -3929.188    -3955.746       26.559   336.8      0.358      0.736     -0.077      0.134      0.038      0.123
1605.5000     -3932.455    -3959.089       26.634   337.8      1.101      1.383      0.568     -0.182      0.058     -0.022
1605.7500     -3932.277    -3956.092       23.815   302.0      0.414      0.898      0.542     -0.082      0.516     -0.026
1606.0000     -3930.796    -3957.482       26.686   338.4      0.653      0.508     -0.194      0.399      0.425      0.253
1606.2500     -3931.745    -3958.015       26.270   333.2      0.733      0.739      0.445      0.297     -0.360      0.210
1606.5000     -3931.869    -3957.093       25.225   319.9      0.279      0.552     -0.195      0.285     -0.592     -0.139
1606.7500     -3931.248    -3957.040       25.791   327.1      0.924      0.981      0.682     -0.016      0.109     -0.165
1607.0000     -3932.601    -3956.975       24.374   309.1      0.451      0.516     -0.247     -0.081      0.368      0.021
1607.2500     -3934.354    -3958.938       24.584   311.8      0.530      0.605      0.152      0.002      0.274      0.011
1607.5000     -3932.754    -3958.279       25.524   323.7      0.357      0.826     -0.007      0.371      0.109      0.048
1607.7500     -3930.848    -3956.346       25.498   323.4      0.828      1.164      0.178      0.211     -0.042     -0.008
1608.0000     -3930.910    -3957.415       26.505   336.1      0.746      0.703      0.305     -0.010     -0.338      0.224
1608.2500     -3930.653    -3958.397       27.745   351.9      0.672      0.529     -0.033     -0.316      0.249      0.006
1608.5000     -3931.865    -3958.414       26.549   336.7      0.862      0.755     -0.230     -0.225      0.180     -0.140
1608.7500     -3930.805    -3956.964       26.159   331.8      0.780      0.901      0.466      0.012      0.009      0.276
1609.0000     -3932.834    -3958.791       25.957   329.2      0.898      1.176      0.854      0.379     -0.233      0.093
1609.2500     -3932.421    -3958.140       25.719   326.2      0.798      0.907     -0.127     -0.106     -0.417      0.398
1609.5000     -3932.197    -3958.060       25.863   328.0      0.451      0.443      0.101      0.169     -0.114      0.163
1609.7500     -3931.926    -3957.982       26.057   330.5      0.728      0.946     -0.191      0.204     -0.100      0.042
1610.0000     -3932.547    -3957.928       25.381   321.9      0.291      0.474      0.161      0.156      0.265     -0.121
1610.2500     -3929.104    -3955.656       26.552   336.7      0.388      0.656      0.034      0.196      0.030      0.144
1610.5000     -3929.153    -3957.093       27.940   354.4      0.268      0.494      0.046      0.512     -0.294      0.091
1610.7500     -3930.296    -3956.347       26.051   330.4      0.910      0.286      0.528     -0.059      0.222      0.019
1611.0000     -3931.193    -3957.639       26.445   335.4      0.520      0.464      0.086     -0.030      0.000      0.122
1611.2500     -3931.338    -3957.182       25.844   327.8      0.458      1.135     -0.238     -0.134     -0.308      0.135
1611.5000     -3929.315    -3955.946       26.630   337.7      0.335      0.873     -0.058     -0.350     -0.082      0.206
1611.7500     -3930.387    -3957.779       27.392   347.4      1.027      0.910      0.143     -0.316     -0.259      0.168
1612.0000     -3930.732    -3956.038       25.306   320.9      0.877      1.003      0.529      0.011     -0.067      0.022
1612.2500     -3931.458    -3957.136       25.678   325.7      1.123      0.753      0.368     -0.357      0.038     -0.160
1612.5000     -3930.684    -3956.599       25.915   328.7      0.422      1.136      0.220      0.014     -0.172      0.057
1612.7500     -3930.412    -3955.947       25.534   323.8      1.117      1.031      0.931     -0.002      0.139     -0.031
1613.0000     -3930.825    -3956.849       26.024   330.1      0.549      0.457      0.131      0.231     -0.031     -0.041
1613.2500     -3927.501    -3954.431       26.930   341.5      0.291      0.904      0.100     -0.142      0.114      0.088
1613.5000     -3930.006    -3955.772       25.767   326.8      0.335      0.305      0.110      0.185      0.068      0.030
1613.7500     -3930.896    -3955.705       24.810   314.6      0.775      1.058      0.279      0.094      0.157     -0.343
1614.0000     -3930.821    -3957.563       26.742   339.2      0.806      1.183      0.338     -0.108      0.222     -0.262
1614.2500     -3930.938    -3956.150       25.212   319.8      0.635      0.462      0.057      0.226      0.014     -0.106
1614.5000     -3931.628    -3955.990       24.362   309.0      1.228      1.524      0.496     -0.064     -0.316     -0.034
1614.7500     -3930.204    -3956.633       26.429   335.2      0.650      0.845      0.155     -0.082      0.043      0.041
1615.0000     -3928.924    -3954.813       25.889   328.3      1.120      1.182      0.896     -0.138      0.330      0.052
1615.2500     -3928.388    -3955.023       26.635   337.8      0.888      0.776      0.484     -0.106      0.162     -0.035
1615.5000     -3925.961    -3953.414       27.453   348.2      0.668      0.667     -0.212     -0.021      0.192     -0.080
1615.7500     -3928.771    -3954.767       25.995   329.7      1.202      0.429      0.731      0.109      0.329      0.267
1616.0000     -3929.148    -3955.247       26.099   331.0      0.959      0.935      0.492     -0.041      0.092     -0.100
1616.2500     -3928.896    -3955.764       26.868   340.8      0.641      1.159      0.609      0.298      0.027      0.227
1616.5000     -3930.570    -3955.537       24.966   316.6      1.113      1.072      1.132     -0.014      0.052      0.262
1616.7500     -3931.471    -3957.010       25.539   323.9      1.030      0.923      0.073     -0.301     -0.088      0.034
1617.0000     -3930.012    -3956.141       26.129   331.4      0.631      0.695      0.146      0.226      0.050     -0.165
1617.2500     -3930.171    -3957.457       27.286   346.1      0.673      1.156      0.094      0.075     -0.004     -0.014
1617.5000     -3931.219    -3957.685       26.466   335.7      0.845      0.723      0.040     -0.351     -0.107     -0.010
1617.7500     -3931.873    -3957.948       26.075   330.7      0.693      1.167      0.669     -0.341      0.093     -0.170
1618.0000     -3931.501    -3957.076       25.575   324.4      0.861      0.991      0.262     -0.440      0.155      0.432
1618.2500     -3931.603    -3957.769       26.165   331.8      1.635      1.163      0.564     -0.134     -0.009      0.188
1618.5000     -3931.852    -3956.108       24.256   307.6      1.240      1.184      0.502      0.035      0.316      0.249
1618.7500     -3930.481    -3955.332       24.851   315.2      0.423      1.348     -0.094      0.075     -0.270      0.162
1619.0000     -3930.366    -3956.598       26.232   332.7      1.363      0.924      0.681      0.262     -0.113     -0.269
1619.2500     -3931.707    -3957.500       25.792   327.1      0.680      0.775      0.735      0.431      0.181      0.016
1619.5000     -3931.191    -3957.268       26.076   330.7      0.645      0.582      0.358     -0.139      0.044     -0.127
1619.7500     -3933.464    -3958.663       25.199   319.6      0.852      0.601      0.624     -0.160      0.219     -0.090
1620.0000     -3934.307    -3958.488       24.181   306.7      1.124      1.349      0.050      0.262      0.112      0.126
1620.2500     -3933.913    -3957.356       23.443   297.3      0.936      0.998     -0.090      0.130      0.150      0.136
1620.5000     -3933.186    -3957.655       24.469   310.3      0.330      1.142      0.757      0.203      0.120     -0.157
1620.7500     -3931.441    -3957.417       25.976   329.4      1.044      0.807      0.374      0.072      0.147      0.120
1621.0000     -3931.848    -3955.798       23.950   303.7      0.531      1.014      0.178      0.114      0.129      0.105
1621.2500     -3931.917    -3958.607       26.690   338.5      0.705      0.995      0.070      0.170      0.163      0.083
1621.5000     -3930.978    -3954.400       23.422   297.1      1.193      0.933      0.517     -0.204     -0.150     -0.026
1621.7500     -3930.811    -3956.341       25.530   323.8      0.905      1.290      0.435      0.319      0.136     -0.192
1622.0000     -3930.274    -3955.682       25.408   322.2      0.737      0.951      0.435      0.110     -0.091     -0.024
1622.2500     -3930.730    -3956.623       25.893   328.4      0.620      0.532      0.511      0.091      0.106     -0.067
1622.5000     -3932.954    -3957.910       24.956   316.5      1.018      0.847      0.416     -0.332      0.061      0.035
1622.7500     -3935.149    -3959.187       24.037   304.9      1.288      1.387     -0.062     -0.021      0.313      0.248
1623.0000     -3933.909    -3959.007       25.098   318.3      0.701      0.880      0.446     -0.193      0.342     -0.018
1623.2500     -3932.053    -3957.285       25.232   320.0      0.937      1.298      0.549      0.038      0.194     -0.285
1623.5000     -3931.751    -3957.761       26.010   329.9      1.016      0.806      0.840      0.007      0.146     -0.215
1623.7500     -3929.487    -3956.270       26.783   339.7      1.166      1.099      0.281     -0.125      0.254      0.180
1624.0000     -3930.239    -3957.540       27.301   346.3      0.708      1.332      0.797      0.049      0.259      0.023
1624.2500     -3931.946    -3957.451       25.505   323.5      0.986      1.331      0.346      0.147      0.351     -0.083
1624.5000     -3930.106    -3956.233       26.127   331.4      1.295      0.788      0.480      0.050     -0.068     -0.378
1624.7500     -3930.926    -3956.555       25.630   325.0      1.371      1.781      1.038      0.038      0.008     -0.137
1625.0000     -3930.714    -3957.546       26.832   340.3      0.457      0.835      0.537     -0.234      0.081     -0.184
1625.2500     -3928.394    -3955.176       26.783   339.7      0.911      1.064      0.384     -0.323      0.199     -0.165
1625.5000     -3929.069    -3955.080       26.010   329.9      0.882      1.296      1.006     -0.218     -0.308     -0.244
1625.7500     -3929.921    -3955.410       25.489   323.3      0.466      0.719     -0.019      0.032     -0.135      0.014
1626.0000     -3929.970    -3954.892       24.922   316.1      1.105      1.057      0.762      0.165      0.101     -0.000
1626.2500     -3929.994    -3955.580       25.586   324.5      1.098      0.682      0.197     -0.165      0.312      0.328
1626.5000     -3929.819    -3956.416       26.597   337.3      0.332      1.020     -0.256     -0.096      0.494      0.238
1626.7500     -3928.332    -3955.245       26.913   341.3      0.721      0.920      0.592      0.019      0.195      0.012
1627.0000     -3929.296    -3954.639       25.343   321.4      0.812      0.760      0.191      0.041     -0.208      0.019
1627.2500     -3930.762    -3956.739       25.977   329.5      1.142      0.957      0.718      0.058     -0.243     -0.091
1627.5000     -3931.543    -3956.781       25.238   320.1      0.317      0.980      0.453     -0.036     -0.077     -0.279
1627.7500     -3930.761    -3957.407       26.646   337.9      0.934      0.852      0.750      0.059      0.270      0.293
1628.0000     -3929.614    -3956.870       27.256   345.7      1.069      0.952      0.451      0.134     -0.054      0.226
1628.2500     -3929.019    -3955.729       26.711   338.8      0.472      0.526      0.115     -0.048      0.083     -0.114
1628.5000     -3930.744    -3956.727       25.983   329.5      0.360      1.146      1.019     -0.008     -0.416      0.213
1628.7500     -3930.028    -3955.298       25.270   320.5      0.462      0.719      0.001      0.133     -0.083     -0.171
1629.0000     -3930.026    -3955.888       25.861   328.0      0.742      0.686     -0.148     -0.105      0.124     -0.075
1629.2500     -3929.176    -3954.869       25.693   325.9      0.604      0.760      0.742     -0.059      0.235      0.116
1629.5000     -3930.173    -3957.584       27.411   347.6      0.878      0.641     -0.229      0.264      0.271     -0.091
1629.7500     -3929.699    -3956.651       26.952   341.8      1.421      1.081      0.841      0.274     -0.212     -0.092
1630.0000     -3929.568    -3957.251       27.683   351.1      0.994      1.332      0.546     -0.127     -0.125      0.057
1630.2500     -3931.957    -3958.302       26.344   334.1      1.175      1.128      0.419     -0.086      0.023     -0.243
1630.5000     -3932.254    -3958.087       25.832   327.6      0.818      0.387      0.045      0.071     -0.069     -0.047
1630.7500     -3932.121    -3957.411       25.290   320.7      0.706      1.553      0.432      0.160      0.175     -0.283
1631.0000     -3930.807    -3957.059       26.252   332.9      0.400      0.584     -0.070      0.360     -0.257     -0.075
1631.2500     -3931.863    -3957.906       26.044   330.3      0.320      0.613      0.684     -0.112      0.086     -0.009
1631.5000     -3932.822    -3958.408       25.587   324.5      0.969      1.304      0.389      0.185      0.074      0.172
1631.7500     -3932.312    -3957.582       25.269   320.5      0.172      0.846     -0.448      0.095      0.130      0.038
1632.0000     -3931.393    -3956.804       25.411   322.3      0.630      0.767     -0.148      0.019     -0.130     -0.005
1632.2500     -3930.538    -3957.257       26.719   338.9      0.828      0.984      0.125     -0.077     -0.092      0.009
1632.5000     -3930.400    -3956.819       26.419   335.1      0.603      0.889      0.339     -0.003     -0.143      0.165
1632.7500     -3931.267    -3957.109       25.841   327.7      0.878      0.612      0.858     -0.122      0.249     -0.049
1633.0000     -3931.059    -3958.308       27.249   345.6      1.190      1.038      0.474     -0.110      0.195      0.241
1633.2500     -3930.382    -3956.662       26.279   333.3      0.630      1.054      0.251     -0.015      0.239      0.121
1633.5000     -3930.674    -3955.912       25.239   320.1      0.723      1.355      0.212     -0.279     -0.316      0.030
1633.7500     -3931.791    -3957.287       25.496   323.4      0.999      1.352      0.291     -0.263     -0.377      0.091
1634.0000     -3933.313    -3958.395       25.082   318.1      0.483      0.797      0.319     -0.125     -0.398      0.082
1634.2500     -3931.441    -3957.951       26.509   336.2      1.222      0.924      0.516      0.095     -0.126     -0.088
1634.5000     -3930.325    -3956.969       26.644   337.9      0.714      0.696      0.636      0.283      0.183      0.047
1634.7500     -3931.693    -3956.367       24.674   312.9      0.660      1.370      0.344     -0.217     -0.009     -0.205
1635.0000     -3930.058    -3956.490       26.432   335.2      0.771      0.800      0.845     -0.509     -0.375     -0.072
1635.2500     -3929.295    -3956.408       27.112   343.9      0.389      0.454     -0.104      0.180      0.127     -0.231
1635.5000     -3930.469    -3956.535       26.067   330.6      0.608      0.884     -0.025     -0.105      0.233      0.352
1635.7500     -3931.001    -3956.027       25.026   317.4      1.002      1.176      0.175      0.398      0.090      0.081
1636.0000     -3930.660    -3956.294       25.634   325.1      1.351      0.228      0.213     -0.197     -0.011     -0.092
1636.2500     -3931.920    -3958.134       26.214   332.5      1.032      1.351      0.377      0.169     -0.020     -0.061
1636.5000     -3930.697    -3955.537       24.840   315.0      0.190      0.887      0.380     -0.353     -0.150     -0.297
1636.7500     -3930.400    -3956.411       26.010   329.9      0.391      0.863      0.266     -0.051      0.086     -0.204
1637.0000     -3931.226    -3956.847       25.621   324.9      0.796      0.650      0.124      0.067      0.007      0.095
1637.2500     -3930.830    -3956.092       25.262   320.4      0.635      0.558     -0.329      0.032      0.044      0.044
1637.5000     -3931.192    -3957.473       26.281   333.3      0.946      1.135      0.642      0.101      0.081     -0.134
1637.7500     -3931.501    -3957.626       26.126   331.3      0.230      0.572     -0.179     -0.211     -0.097      0.104
1638.0000     -3931.081    -3957.190       26.109   331.1      1.069      0.791      0.234     -0.175     -0.364     -0.103
1638.2500     -3929.630    -3956.362       26.732   339.0      1.122      0.638     -0.383      0.027     -0.225     -0.001
1638.5000     -3928.958    -3955.671       26.713   338.8      0.730      0.622      0.282      0.171      0.113     -0.068
1638.7500     -3930.467    -3956.013       25.546   324.0      0.909      0.918      0.748     -0.102      0.219     -0.131
1639.0000     -3929.717    -3957.690       27.974   354.8      0.434      1.038      0.047      0.222     -0.103      0.104
1639.2500     -3930.148    -3956.904       26.755   339.3      0.742      0.559      0.076      0.289     -0.452     -0.242
1639.5000     -3931.062    -3958.047       26.985   342.2      0.259      0.946     -0.418      0.114     -0.479     -0.028
1639.7500     -3932.196    -3957.167       24.972   316.7      0.248      0.398     -0.154     -0.000     -0.294      0.018
1640.0000     -3931.225    -3956.418       25.193   319.5      1.064      0.899      0.338      0.108      0.026      0.006
1640.2500     -3929.014    -3956.402       27.389   347.4      0.741      0.757     -0.261     -0.151      0.252     -0.050
1640.5000     -3930.348    -3956.410       26.062   330.5      0.353      0.638     -0.324     -0.265     -0.008     -0.209
1640.7500     -3931.203    -3957.166       25.963   329.3      0.652      0.774      0.357     -0.005     -0.212     -0.043
1641.0000     -3930.236    -3955.821       25.585   324.5      0.706      1.417      0.571     -0.019     -0.224      0.105
1641.2500     -3931.238    -3957.258       26.020   330.0      0.602      0.893      0.432      0.107     -0.156      0.055
1641.5000     -3931.184    -3956.358       25.173   319.3      0.469      0.774      0.464      0.102     -0.000      0.062
1641.7500     -3930.156    -3956.289       26.133   331.4      0.693      0.646      0.387     -0.219      0.154      0.184
1642.0000     -3930.004    -3956.260       26.256   333.0      0.090      0.800      0.515     -0.090      0.057      0.114
1642.2500     -3929.495    -3957.144       27.649   350.7      0.558      0.564     -0.555      0.025      0.079     -0.133
1642.5000     -3929.681    -3956.787       27.105   343.8      1.291      0.844      0.651      0.169     -0.307      0.392
1642.7500     -3930.650    -3956.756       26.106   331.1      0.553      0.964     -0.491      0.166     -0.035      0.174
1643.0000     -3930.094    -3955.285       25.191   319.5      1.431      0.952      0.831     -0.008     -0.258      0.009
1643.2500     -3930.027    -3956.332       26.305   333.6      0.597      1.093     -0.169     -0.043     -0.069     -0.136
1643.5000     -3930.295    -3957.116       26.821   340.2      0.621      0.787      0.008      0.007      0.198     -0.013
1643.7500     -3931.141    -3956.443       25.302   320.9      0.933      0.580      0.233      0.040      0.301      0.022
1644.0000     -3929.855    -3956.064       26.209   332.4      0.900      0.604     -0.028     -0.065      0.163      0.117
1644.2500     -3931.316    -3956.940       25.624   325.0      1.297      0.903      0.693      0.276      0.069      0.053
1644.5000     -3931.382    -3957.049       25.667   325.5      0.451      0.738      0.326      0.153     -0.104     -0.024
1644.7500     -3930.213    -3956.598       26.385   334.6      0.641      1.058     -0.072     -0.359      0.268      0.037
1645.0000     -3930.048    -3956.476       26.428   335.2      1.064      1.132      0.284      0.031      0.184      0.065
1645.2500     -3929.667    -3955.646       25.979   329.5      0.319      1.013      0.003      0.117      0.267     -0.048
1645.5000     -3931.806    -3957.355       25.549   324.0      0.484      1.138     -0.421     -0.007     -0.016      0.071
1645.7500     -3931.875    -3957.512       25.637   325.1      1.513      1.341      0.760     -0.081      0.125     -0.202
1646.0000     -3931.818    -3958.257       26.439   335.3      1.259      0.767      0.123      0.003     -0.067     -0.079
1646.2500     -3929.099    -3956.658       27.558   349.5      0.721      0.956     -0.422     -0.067      0.030     -0.284
1646.5000     -3928.428    -3955.124       26.696   338.6      0.872      0.781      0.708      0.093     -0.059     -0.032
1646.7500     -3930.023    -3956.806       26.784   339.7      1.084      0.754      0.140      0.021     -0.095      0.076
1647.0000     -3931.881    -3956.356       24.475   310.4      1.013      1.322      0.913      0.198     -0.044      0.084
1647.2500     -3931.878    -3956.702       24.824   314.8      0.727      0.869     -0.300      0.329     -0.708      0.073
1647.5000     -3931.099    -3957.504       26.405   334.9      0.663      1.147      0.822     -0.075     -0.011      0.316
1647.7500     -3930.351    -3956.532       26.181   332.0      0.777      0.918      0.095      0.272     -0.138     -0.032
1648.0000     -3930.468    -3955.990       25.522   323.7      0.470      1.133     -0.021      0.070      0.265      0.011
1648.2500     -3929.731    -3957.333       27.602   350.1      0.682      0.948      0.889      0.064      0.226      0.288
1648.5000     -3928.168    -3954.646       26.477   335.8      0.951      0.855      0.429      0.164      0.174      0.025
1648.7500     -3927.783    -3954.506       26.723   338.9      0.896      0.663     -0.634      0.070     -0.167     -0.023
1649.0000     -3927.825    -3955.951       28.126   356.7      0.863      0.686     -0.111     -0.014     -0.221      0.018
1649.2500     -3928.680    -3955.583       26.904   341.2      0.597      1.082      0.454     -0.168      0.174     -0.121
1649.5000     -3929.790    -3956.144       26.354   334.2      0.731      0.646      0.166     -0.091     -0.260     -0.094
1649.7500     -3930.378    -3956.161       25.782   327.0      0.397      1.244      0.501      0.068     -0.507     -0.098
1650.0000     -3931.975    -3956.838       24.862   315.3      1.127      0.505      0.644     -0.026      0.026      0.063
1650.2500     -3933.304    -3958.127       24.824   314.8      0.517      1.049      0.128     -0.184      0.084      0.193
1650.5000     -3933.427    -3958.445       25.018   317.3      0.434      1.298      0.237     -0.007     -0.063      0.053
1650.7500     -3930.964    -3956.802       25.837   327.7      0.998      0.932      0.452      0.168     -0.072      0.020
1651.0000     -3931.049    -3957.240       26.191   332.2      0.812      0.751      0.228      0.227     -0.148     -0.163
1651.2500     -3931.258    -3957.553       26.295   333.5      0.384      0.757      0.004      0.372     -0.163     -0.240
1651.5000     -3933.597    -3958.217       24.619   312.2      0.845      0.828      0.057     -0.307     -0.059      0.139
1651.7500     -3933.070    -3957.566       24.497   310.7      1.195      1.065      0.863     -0.066     -0.052      0.134
1652.0000     -3929.854    -3956.624       26.770   339.5      0.532      0.455     -0.033     -0.116      0.210     -0.026
1652.2500     -3931.641    -3957.397       25.756   326.7      0.605      0.584      0.137     -0.100      0.523      0.025
1652.5000     -3930.885    -3956.662       25.777   326.9      0.723      0.519      0.749     -0.264      0.175      0.043
1652.7500     -3930.155    -3957.210       27.055   343.1      1.251      0.777      0.199     -0.112      0.009      0.095
1653.0000     -3928.581    -3956.755       28.175   357.3      0.788      1.134     -0.111     -0.114     -0.316     -0.012
1653.2500     -3930.903    -3956.991       26.088   330.9      0.778      0.579      0.190     -0.068     -0.281      0.081
1653.5000     -3933.359    -3958.376       25.017   317.3      0.618      1.096      0.246      0.035      0.005     -0.232
1653.7500     -3932.199    -3957.408       25.209   319.7      1.260      0.649      0.224      0.058     -0.094     -0.089
1654.0000     -3931.406    -3956.973       25.568   324.3      0.206      0.687      0.465      0.203      0.475      0.070
1654.2500     -3931.732    -3957.208       25.476   323.1      1.150      1.293      0.638     -0.092      0.030      0.185
1654.5000     -3932.813    -3958.103       25.289   320.7      1.096      1.094     -0.089      0.041     -0.112      0.044
1654.7500     -3933.828    -3958.414       24.586   311.8      1.133      0.837     -0.138      0.059     -0.230     -0.239
1655.0000     -3933.525    -3958.444       24.920   316.0      0.679      1.099     -0.129      0.109     -0.297     -0.266
1655.2500     -3932.683    -3958.117       25.433   322.6      0.984      0.569      0.207     -0.193      0.137     -0.121
1655.5000     -3930.848    -3957.571       26.723   338.9      0.538      1.145      0.241      0.026      0.377      0.146
1655.7500     -3930.101    -3956.857       26.756   339.3      0.315      1.074      0.532     -0.383      0.100     -0.171
1656.0000     -3931.836    -3957.140       25.304   320.9      1.105      1.052      0.462     -0.163     -0.113      0.136
1656.2500     -3932.806    -3958.594       25.787   327.0      0.624      0.683     -0.191     -0.332     -0.221     -0.176
1656.5000     -3933.911    -3958.524       24.613   312.2      0.970      0.779      0.080      0.332      0.173      0.193
1656.7500     -3931.265    -3957.820       26.555   336.8      0.893      0.775      0.397      0.083      0.339      0.083
1657.0000     -3932.214    -3957.287       25.073   318.0      0.687      0.855      0.645      0.140      0.100     -0.071
1657.2500     -3932.413    -3958.778       26.365   334.4      0.472      0.412     -0.114      0.135      0.100      0.311
1657.5000     -3931.676    -3957.696       26.020   330.0      1.170      1.052      0.246     -0.050     -0.245     -0.042
1657.7500     -3930.520    -3956.886       26.367   334.4      0.796      0.880     -0.029     -0.102     -0.199      0.009
1658.0000     -3929.347    -3955.801       26.454   335.5      0.735      0.322     -0.229     -0.178      0.026      0.070
1658.2500     -3927.925    -3955.394       27.468   348.4      1.154      1.173      0.603      0.027      0.096      0.421
1658.5000     -3927.232    -3954.928       27.696   351.3      1.012      1.115     -0.076      0.263     -0.021      0.084
1658.7500     -3928.823    -3955.209       26.386   334.6      0.910      1.111      0.321      0.070     -0.062     -0.164
1659.0000     -3930.690    -3955.957       25.266   320.4      1.192      1.083      0.311      0.145     -0.056     -0.028
1659.2500     -3929.240    -3955.438       26.198   332.3      0.873      0.282     -0.147      0.054     -0.289      0.025
1659.5000     -3930.274    -3956.712       26.438   335.3      0.841      0.622     -0.028     -0.278      0.516     -0.242
1659.7500     -3931.120    -3956.337       25.216   319.8      0.447      0.578     -0.207      0.051      0.405     -0.063
1660.0000     -3930.997    -3956.270       25.273   320.5      0.601      0.603      0.224      0.342     -0.012     -0.064
1660.2500     -3931.224    -3957.113       25.890   328.3      1.280      0.854      0.475      0.099     -0.143     -0.108
1660.5000     -3932.193    -3957.380       25.187   319.4      0.682      0.986     -0.135     -0.087      0.116      0.267
1660.7500     -3934.500    -3958.790       24.290   308.1      1.078      0.956     -0.025      0.016      0.045     -0.150
1661.0000     -3931.608    -3956.784       25.176   319.3      1.189      1.169      0.561     -0.004      0.268     -0.149
1661.2500     -3930.422    -3955.738       25.317   321.1      0.769      0.766      0.022     -0.018      0.169      0.059
1661.5000     -3930.398    -3955.258       24.860   315.3      0.480      0.562      0.054     -0.042     -0.199      0.232
1661.7500     -3931.398    -3956.279       24.881   315.6      0.762      0.904      0.693      0.121     -0.058      0.078
1662.0000     -3929.752    -3956.113       26.360   334.3      0.640      0.844      0.335     -0.023     -0.088     -0.055
1662.2500     -3929.811    -3955.833       26.022   330.0      0.710      0.905     -0.438      0.076     -0.089     -0.030
1662.5000     -3928.606    -3954.776       26.170   331.9      0.670      0.815      0.348     -0.458     -0.342     -0.112
1662.7500     -3928.125    -3953.907       25.782   327.0      0.741      1.086      0.201      0.343     -0.098      0.117
1663.0000     -3931.183    -3955.480       24.297   308.1      0.864      0.393     -0.089     -0.054     -0.299     -0.044
1663.2500     -3931.540    -3957.179       25.639   325.2      0.763      1.619      0.031      0.144     -0.139      0.047
1663.5000     -3932.147    -3957.029       24.882   315.6      0.738      0.511     -0.008     -0.182      0.051     -0.024
1663.7500     -3933.591    -3957.470       23.879   302.8      0.648      0.647      0.453      0.027      0.369      0.068
1664.0000     -3933.234    -3958.128       24.894   315.7      0.807      1.027      0.522     -0.020     -0.068      0.057
1664.2500     -3934.005    -3957.900       23.896   303.1      1.376      1.053      0.863      0.354     -0.229      0.304
1664.5000     -3932.926    -3957.043       24.117   305.9      0.557      0.706      0.576     -0.166     -0.304     -0.348
1664.7500     -3931.062    -3956.786       25.724   326.2      0.896      1.178      0.560      0.021     -0.039     -0.215
1665.0000     -3930.981    -3957.657       26.676   338.3      0.671      0.746      0.473     -0.030     -0.192     -0.033
1665.2500     -3930.774    -3956.340       25.566   324.2      1.013      0.963      0.577      0.226     -0.043      0.102
1665.5000     -3931.122    -3955.754       24.632   312.4      0.341      1.298      0.485     -0.096     -0.213      0.159
1665.7500     -3931.261    -3957.375       26.115   331.2      0.579      0.611      0.525     -0.290     -0.179      0.280
1666.0000     -3930.626    -3956.724       26.098   331.0      0.361      1.181     -0.043      0.089      0.061     -0.052
1666.2500     -3929.392    -3955.765       26.372   334.5      0.624      0.688      0.591     -0.004      0.150      0.062
1666.5000     -3929.719    -3956.096       26.377   334.5      0.708      1.613      0.654      0.310      0.417     -0.285
1666.7500     -3929.799    -3955.961       26.162   331.8      0.237      0.842     -0.445      0.342     -0.128      0.091
1667.0000     -3932.262    -3956.560       24.298   308.2      1.414      0.741      0.517      0.264     -0.044     -0.296
1667.2500     -3931.603    -3957.262       25.659   325.4      0.566      0.774      0.059     -0.104      0.110     -0.046
1667.5000     -3932.232    -3956.863       24.631   312.4      0.835      1.150     -0.022      0.283      0.191     -0.053
1667.7500     -3933.076    -3957.699       24.623   312.3      1.256      1.093      0.005     -0.140      0.106     -0.097
1668.0000     -3930.674    -3957.006       26.331   333.9      0.377      0.765      0.815     -0.028     -0.410      0.293
1668.2500     -3929.796    -3956.056       26.260   333.0      0.498      0.672     -0.012      0.033     -0.408      0.108
1668.5000     -3929.412    -3955.599       26.186   332.1      0.499      0.711     -0.192      0.315     -0.412     -0.090
1668.7500     -3929.597    -3957.019       27.422   347.8      1.173      1.177      0.007      0.220      0.284      0.118
1669.0000     -3930.355    -3956.648       26.293   333.5      0.895      0.714      0.148     -0.009      0.205      0.068
1669.2500     -3929.282    -3955.833       26.552   336.7      0.675      0.624      0.356      0.057      0.180     -0.211
1669.5000     -3929.449    -3955.831       26.381   334.6      1.064      0.811      0.595     -0.290     -0.127     -0.023
1669.7500     -3928.121    -3955.431       27.310   346.4      0.327      1.067     -0.103     -0.218     -0.273     -0.253
1670.0000     -3930.078    -3956.642       26.564   336.9      0.634      0.709      0.150     -0.032      0.027     -0.041
1670.2500     -3929.595    -3955.529       25.934   328.9      0.841      1.057      0.505     -0.140      0.165     -0.075
1670.5000     -3930.469    -3955.845       25.376   321.8      0.694      0.663      0.507     -0.066     -0.256     -0.019
1670.7500     -3931.445    -3956.562       25.117   318.5      0.595      1.025     -0.128      0.028     -0.048     -0.497
1671.0000     -3931.997    -3957.054       25.057   317.8      0.158      0.714      0.337      0.085     -0.484     -0.081
1671.2500     -3932.134    -3957.706       25.572   324.3      0.736      1.429      0.347      0.752     -0.301      0.322
1671.5000     -3930.844    -3957.301       26.457   335.5      0.667      0.751     -1.086      0.178      0.019     -0.006
1671.7500     -3930.697    -3956.763       26.066   330.6      0.967      0.879     -0.024      0.201      0.091     -0.231
1672.0000     -3931.281    -3956.914       25.632   325.1      0.544      0.981     -0.311      0.091      0.126     -0.189
1672.2500     -3931.289    -3957.572       26.283   333.3      0.748      0.916      0.295      0.068     -0.021      0.340
1672.5000     -3930.794    -3957.082       26.288   333.4      0.767      0.722     -0.104      0.083     -0.186     -0.092
1672.7500     -3931.757    -3957.807       26.050   330.4      0.585      0.961     -0.223      0.096     -0.021      0.193
1673.0000     -3931.012    -3957.321       26.308   333.7      0.644      0.632      0.401      0.200     -0.258     -0.049
1673.2500     -3930.799    -3955.848       25.049   317.7      0.527      0.675      0.076      0.105      0.206     -0.258
1673.5000     -3932.604    -3958.029       25.425   322.5      0.480      0.951     -0.075      0.283     -0.023      0.070
1673.7500     -3932.832    -3957.700       24.868   315.4      0.689      0.892      0.418     -0.122     -0.019      0.095
1674.0000     -3934.431    -3958.919       24.488   310.6      0.583      1.183      0.161     -0.003     -0.073      0.042
1674.2500     -3930.471    -3956.754       26.283   333.3      0.892      1.127      0.299     -0.126      0.237     -0.191
1674.5000     -3930.664    -3956.810       26.146   331.6      0.758      0.647     -0.032      0.034      0.173     -0.039
1674.7500     -3930.539    -3957.154       26.615   337.6      1.108      1.039      0.323     -0.020      0.517     -0.077
1675.0000     -3929.755    -3956.727       26.972   342.1      0.375      0.736     -0.023      0.141      0.320     -0.021
1675.2500     -3930.215    -3957.318       27.103   343.7      0.433      0.609     -0.252      0.180      0.022     -0.124
1675.5000     -3933.010    -3958.492       25.482   323.2      0.571      1.166      0.352     -0.116      0.001      0.224
1675.7500     -3932.217    -3958.693       26.477   335.8      0.784      0.646      0.448     -0.207     -0.461      0.046
1676.0000     -3932.048    -3958.538       26.490   336.0      0.836      0.984      0.027     -0.474     -0.307     -0.174
1676.2500     -3931.275    -3958.284       27.009   342.5      0.909      0.513     -0.359     -0.070      0.057     -0.095
1676.5000     -3930.665    -3957.010       26.344   334.1      0.734      0.907     -0.113      0.129      0.306      0.218
1676.7500     -3931.788    -3958.028       26.240   332.8      0.740      0.800      0.120     -0.084     -0.119     -0.018
1677.0000     -3930.739    -3957.641       26.902   341.2      0.698      0.577      0.099     -0.138     -0.366     -0.213
1677.2500     -3930.865    -3957.839       26.974   342.1      0.404      0.850      0.790     -0.191     -0.060     -0.079
1677.5000     -3932.584    -3957.921       25.337   321.3      0.451      1.206      0.041     -0.206      0.103      0.191
1677.7500     -3931.669    -3957.689       26.019   330.0      0.699      0.789      0.274      0.217      0.015      0.108
1678.0000     -3930.387    -3956.638       26.251   332.9      0.437      1.141      0.448     -0.054     -0.041      0.069
1678.2500     -3929.513    -3956.409       26.896   341.1      1.008      1.249      0.555      0.179      0.092     -0.138
1678.5000     -3929.200    -3957.154       27.955   354.5      0.447      1.181      0.266     -0.058     -0.114     -0.079
1678.7500     -3930.757    -3956.362       25.605   324.7      0.570      0.862      0.613     -0.093     -0.341      0.097
1679.0000     -3930.518    -3955.769       25.250   320.2      1.230      0.445      0.835     -0.305      0.040     -0.338
1679.2500     -3932.432    -3957.159       24.726   313.6      0.369      1.234     -0.009      0.144     -0.030      0.257
1679.5000     -3934.170    -3959.701       25.530   323.8      0.854      1.026      0.513      0.157     -0.208      0.271
1679.7500     -3932.423    -3957.922       25.499   323.4     -0.136      0.952     -0.010     -0.105     -0.068      0.000
1680.0000     -3932.048    -3956.815       24.767   314.1      0.690      0.806      0.715     -0.006      0.069      0.170
1680.2500     -3932.086    -3958.366       26.280   333.3      1.381      1.295      0.348     -0.168     -0.108     -0.295
1680.5000     -3932.594    -3958.228       25.635   325.1      0.768      1.384      0.358      0.058      0.019     -0.180
1680.7500     -3933.417    -3958.356       24.939   316.3      1.039      0.972      0.875      0.143      0.111     -0.235
1681.0000     -3933.750    -3958.801       25.051   317.7      0.598      1.175      0.271      0.088      0.096      0.102
1681.2500     -3932.995    -3957.818       24.823   314.8     -0.116      0.713      0.018     -0.237      0.093     -0.165
1681.5000     -3932.530    -3958.043       25.513   323.6      0.599      1.562      0.901     -0.070      0.012      0.079
1681.7500     -3932.106    -3957.588       25.482   323.2      0.698      0.662      0.246      0.028     -0.071     -0.049
1682.0000     -3932.080    -3957.500       25.420   322.4      1.323      1.286      1.032     -0.179     -0.008     -0.085
1682.2500     -3930.403    -3957.000       26.597   337.3      0.479      0.930      0.287      0.210     -0.333      0.213
1682.5000     -3933.920    -3959.387       25.466   323.0      1.280      1.069      0.402     -0.002     -0.251     -0.011
1682.7500     -3933.976    -3958.641       24.665   312.8      1.094      1.537      0.407     -0.049     -0.022      0.163
1683.0000     -3930.728    -3957.231       26.503   336.1      1.040      1.020      0.154      0.128      0.121      0.232
1683.2500     -3930.623    -3956.679       26.056   330.5      0.986      1.041      0.061      0.136      0.413      0.206
1683.5000     -3930.905    -3957.793       26.888   341.0      1.431      1.329      0.793      0.152      0.155     -0.275
1683.7500     -3929.498    -3956.645       27.147   344.3      0.682      0.690      0.695     -0.119     -0.156      0.082
1684.0000     -3929.387    -3955.687       26.300   333.5      0.841      0.785      0.393     -0.149      0.014      0.103
1684.2500     -3929.918    -3956.776       26.858   340.6      0.659      0.863     -0.072     -0.249     -0.250      0.237
1684.5000     -3929.815    -3957.229       27.413   347.7      0.768      0.508      0.129     -0.107     -0.295     -0.079
1684.7500     -3931.284    -3958.163       26.878   340.9      1.054      1.092      0.176     -0.018     -0.385     -0.088
1685.0000     -3931.102    -3956.144       25.042   317.6      0.826      0.871     -0.311     -0.164      0.155      0.009
1685.2500     -3931.589    -3957.939       26.350   334.2      0.374      0.490     -0.228      0.073      0.150     -0.098
1685.5000     -3930.536    -3956.644       26.108   331.1      0.356      1.281      0.513     -0.051      0.364     -0.169
1685.7500     -3930.766    -3957.195       26.429   335.2      0.682      1.671      0.573     -0.123      0.217     -0.029
1686.0000     -3930.346    -3956.771       26.426   335.1      0.495      0.547     -0.359      0.203      0.299      0.009
1686.2500     -3929.921    -3957.262       27.340   346.7      1.151      0.898      0.682      0.122     -0.088      0.164
1686.5000     -3930.282    -3956.998       26.716   338.8      0.647      0.618      0.256     -0.273     -0.279     -0.323
1686.7500     -3931.388    -3956.947       25.559   324.2      0.497      0.496     -0.166     -0.291     -0.117     -0.018
1687.0000     -3931.455    -3955.992       24.537   311.2      1.006      0.673      0.171     -0.465      0.141      0.046
1687.2500     -3931.888    -3955.814       23.926   303.4      1.123      0.622      0.249     -0.322      0.110     -0.122
1687.5000     -3933.023    -3957.399       24.377   309.2      0.897      0.697     -0.184     -0.004      0.040      0.008
1687.7500     -3932.091    -3957.904       25.813   327.4      0.430      0.558     -0.215      0.214      0.028      0.015
1688.0000     -3930.981    -3956.604       25.623   325.0      0.348      0.816      0.454      0.224     -0.010      0.002
1688.2500     -3931.683    -3956.902       25.219   319.8      0.068      0.884      0.650     -0.038     -0.351      0.110
1688.5000     -3930.335    -3956.208       25.872   328.1      0.709      0.291      0.390      0.114      0.152      0.183
1688.7500     -3930.210    -3956.729       26.518   336.3      0.647      1.172      0.023      0.121      0.281     -0.152
1689.0000     -3931.751    -3956.473       24.722   313.5      1.045      0.871      0.093      0.331     -0.160      0.022
1689.2500     -3931.470    -3957.651       26.181   332.0      1.310      0.667      0.463      0.086      0.015      0.038
1689.5000     -3930.016    -3955.841       25.825   327.5      0.644      0.926     -0.272     -0.153     -0.064     -0.209
1689.7500     -3930.163    -3956.217       26.054   330.4      0.520      0.887      0.143     -0.142      0.333      0.092
1690.0000     -3929.644    -3955.257       25.613   324.8      0.908      0.847      0.198     -0.281      0.168      0.048
1690.2500     -3930.445    -3956.369       25.924   328.8      0.579      0.301     -0.321      0.029     -0.468     -0.032
1690.5000     -3930.124    -3956.165       26.041   330.3      0.343      0.396     -0.291      0.196     -0.143      0.082
1690.7500     -3929.944    -3956.972       27.028   342.8      0.284      0.768     -0.057      0.124     -0.170      0.346
1691.0000     -3930.374    -3954.649       24.276   307.9      0.708      0.436      0.143      0.059      0.006      0.265
1691.2500     -3930.918    -3956.732       25.815   327.4      0.700      1.319      0.579     -0.020      0.085     -0.025
1691.5000     -3930.325    -3956.961       26.637   337.8      0.431      0.602      0.393     -0.080     -0.186      0.190
1691.7500     -3931.344    -3956.575       25.230   320.0      0.610      0.566     -0.198     -0.027     -0.024     -0.009
1692.0000     -3930.746    -3957.715       26.969   342.0      0.719      1.077      0.407     -0.309      0.107      0.189
1692.2500     -3931.887    -3957.299       25.412   322.3      0.467      0.601     -0.256     -0.036      0.035      0.275
1692.5000     -3930.518    -3957.178       26.660   338.1      0.517      0.720      0.205     -0.171      0.101      0.220
1692.7500     -3930.977    -3957.288       26.311   333.7      1.226      1.205      0.380      0.037      0.241      0.200
1693.0000     -3930.422    -3955.564       25.142   318.9      0.316      0.287     -0.430     -0.026     -0.012     -0.187
1693.2500     -3930.059    -3956.013       25.954   329.2      0.821      0.648      0.487     -0.147     -0.370     -0.240
1693.5000     -3930.270    -3955.241       24.971   316.7      0.873      0.539      0.203      0.230     -0.246     -0.227
1693.7500     -3929.285    -3955.808       26.523   336.4      0.922      0.427      0.553      0.104     -0.227     -0.086
1694.0000     -3930.552    -3954.552       24.001   304.4      0.801      0.986      0.220      0.361     -0.185      0.149
1694.2500     -3930.267    -3955.656       25.389   322.0      0.533      0.828      0.410      0.191     -0.109     -0.038
1694.5000     -3928.243    -3954.975       26.732   339.0      0.469      0.524      0.445     -0.018     -0.021     -0.055
1694.7500     -3929.557    -3956.516       26.959   341.9      0.716      1.088      0.331      0.079     -0.016      0.084
1695.0000     -3929.095    -3955.676       26.581   337.1      0.718      0.801      0.302      0.326      0.343     -0.065
1695.2500     -3927.378    -3955.968       28.589   362.6      0.471      0.943     -0.105     -0.043     -0.257      0.189
1695.5000     -3929.833    -3955.896       26.063   330.5      0.594      0.698      0.290     -0.017      0.035      0.044
1695.7500     -3929.426    -3955.780       26.353   334.2      0.344      0.646      0.580      0.154     -0.075     -0.010
1696.0000     -3928.425    -3955.080       26.655   338.1      0.689      0.596     -0.137     -0.160     -0.370     -0.021
1696.2500     -3929.469    -3954.449       24.980   316.8      0.633      0.509      0.569      0.079      0.022     -0.025
1696.5000     -3928.251    -3954.463       26.212   332.4      0.309      0.834      0.119      0.027      0.116     -0.022
1696.7500     -3930.420    -3955.894       25.474   323.1      0.582      0.514      0.429      0.146      0.064     -0.066
1697.0000     -3929.614    -3956.709       27.095   343.6      1.490      1.034      0.845      0.186      0.319      0.080
1697.2500     -3929.207    -3954.719       25.512   323.6      0.427      1.241     -0.049     -0.006     -0.184     -0.328
1697.5000     -3930.038    -3955.751       25.713   326.1      0.538      0.860      0.719     -0.010     -0.072      0.081
1697.7500     -3929.541    -3955.677       26.135   331.5      0.904      1.159      0.334     -0.439      0.028     -0.097
1698.0000     -3928.939    -3955.491       26.552   336.7      0.690      0.934      0.481     -0.135     -0.068      0.132
1698.2500     -3929.633    -3957.292       27.660   350.8      0.091      0.798     -0.179     -0.233      0.028      0.099
1698.5000     -3929.456    -3956.139       26.683   338.4      0.901      0.384      0.166      0.171     -0.082     -0.029
1698.7500     -3929.495    -3956.234       26.739   339.1      0.911      0.569     -0.333     -0.106     -0.299     -0.182
1699.0000     -3930.425    -3955.654       25.230   320.0      0.560      0.665     -0.283     -0.416     -0.162     -0.111
1699.2500     -3929.351    -3956.349       26.998   342.4      1.122      0.863      0.037      0.093      0.300     -0.559
1699.5000     -3929.505    -3956.657       27.152   344.4      0.993      0.740     -0.086     -0.130      0.122     -0.149
1699.7500     -3930.141    -3956.053       25.912   328.6      1.168      1.368      0.630      0.133     -0.162     -0.034
1700.0000     -3930.748    -3957.698       26.950   341.8      0.952      1.303      0.600      0.016     -0.109      0.137
1700.2500     -3931.746    -3957.061       25.315   321.1      0.938      1.076      0.097      0.355     -0.090     -0.216
1700.5000     -3931.356    -3956.784       25.428   322.5      0.455      0.698      0.570     -0.264     -0.046      0.163
1700.7500     -3931.077    -3958.194       27.117   343.9      0.906      1.116      0.596      0.005      0.081      0.056
1701.0000     -3931.828    -3956.546       24.718   313.5      1.164      1.060      0.106     -0.032      0.329     -0.113
1701.2500     -3930.902    -3957.391       26.490   336.0      1.224      1.013      0.540      0.292      0.138     -0.254
1701.5000     -3931.543    -3957.027       25.484   323.2      0.537      0.865     -0.067     -0.082     -0.086     -0.191
1701.7500     -3930.301    -3956.667       26.365   334.4      0.806      1.022      0.108      0.047     -0.025      0.149
1702.0000     -3928.813    -3955.467       26.654   338.0      0.531      0.497      0.345      0.137     -0.103      0.089
1702.2500     -3928.629    -3955.652       27.023   342.7      0.330      0.817      0.220     -0.242     -0.228     -0.080
1702.5000     -3930.717    -3956.074       25.358   321.6      0.844      0.434      0.227      0.012     -0.215     -0.001
1702.7500     -3929.086    -3956.542       27.456   348.2      1.170      1.327      0.886      0.368      0.199      0.050
1703.0000     -3928.602    -3955.040       26.438   335.3      1.000      1.393      1.011      0.072      0.378      0.045
1703.2500     -3931.210    -3956.916       25.706   326.0      0.253      0.527      0.217     -0.116     -0.048      0.051
1703.5000     -3930.997    -3956.190       25.193   319.5      0.859      0.911      0.328      0.148     -0.047      0.438
1703.7500     -3928.704    -3954.467       25.763   326.7      1.039      0.884      0.319      0.143     -0.318      0.019
1704.0000     -3930.460    -3957.352       26.892   341.1      0.825      1.250     -0.035     -0.009     -0.220     -0.142
1704.2500     -3931.570    -3956.297       24.727   313.6      1.131      1.785      0.298      0.141     -0.050     -0.015
1704.5000     -3930.336    -3955.066       24.731   313.6      0.511      0.782     -0.043      0.046      0.413     -0.040
1704.7500     -3930.462    -3957.073       26.611   337.5      1.164      0.745     -0.034      0.070     -0.023     -0.061
1705.0000     -3930.328    -3955.471       25.143   318.9      0.558      0.671      0.092      0.007     -0.109     -0.051
1705.2500     -3929.657    -3955.731       26.074   330.7      0.462      1.010     -0.109      0.231     -0.271     -0.013
1705.5000     -3929.700    -3955.271       25.571   324.3      0.981      0.794     -0.150     -0.023     -0.189     -0.116
1705.7500     -3929.956    -3956.825       26.869   340.8      0.475      1.222     -0.016      0.313      0.107     -0.183
1706.0000     -3930.071    -3955.638       25.566   324.2      1.034      0.998      0.959     -0.149      0.021     -0.240
1706.2500     -3929.635    -3956.438       26.803   339.9      0.592      0.920      0.074     -0.206     -0.197      0.050
1706.5000     -3930.380    -3955.874       25.494   323.3      0.845      1.290      0.471     -0.261     -0.092      0.017
1706.7500     -3930.706    -3956.433       25.727   326.3      0.368      0.740      0.566     -0.064     -0.213      0.051
1707.0000     -3931.751    -3957.946       26.195   332.2      0.516      0.828     -0.310      0.201     -0.265      0.022
1707.2500     -3930.634    -3955.431       24.797   314.5      1.034      1.044      0.389     -0.143      0.109      0.141
1707.5000     -3929.512    -3956.281       26.769   339.5      0.743      1.160     -0.203     -0.126      0.347      0.004
1707.7500     -3929.443    -3955.712       26.270   333.2     -0.004      0.481      0.068      0.040      0.173     -0.112
1708.0000     -3930.135    -3955.507       25.372   321.8      0.805      0.850     -0.040      0.030     -0.149     -0.205
1708.2500     -3929.814    -3955.831       26.017   330.0      0.449      0.988     -0.006     -0.029     -0.301      0.003
1708.5000     -3927.363    -3954.142       26.779   339.6      0.884      0.850      0.588     -0.066     -0.123      0.258
1708.7500     -3926.545    -3955.358       28.814   365.4      0.304      0.862     -0.227     -0.056     -0.044     -0.208
1709.0000     -3928.200    -3955.495       27.295   346.2      0.816      0.373      0.181     -0.349      0.019      0.080
1709.2500     -3929.987    -3955.289       25.302   320.9      1.250      0.562      0.588      0.097      0.133      0.047
1709.5000     -3930.325    -3955.464       25.138   318.8      1.011      0.925      0.825     -0.033      0.124     -0.415
1709.7500     -3928.891    -3954.566       25.675   325.6      1.119      1.454      0.562      0.047     -0.165      0.023
1710.0000     -3930.739    -3956.878       26.140   331.5      0.596      0.724      0.332      0.228      0.237      0.161
1710.2500     -3930.480    -3955.799       25.319   321.1      0.952      0.994      0.649      0.016     -0.155     -0.049
1710.5000     -3930.223    -3957.024       26.801   339.9      0.721      1.234      0.128      0.089      0.124     -0.152
1710.7500     -3929.169    -3955.483       26.314   333.7      0.829      1.010      0.718     -0.191     -0.382      0.273
1711.0000     -3930.556    -3955.572       25.016   317.3      0.364      0.791      0.247      0.179     -0.132      0.404
1711.2500     -3928.645    -3955.593       26.948   341.8      0.977      0.609      0.057      0.016      0.153      0.161
1711.5000     -3929.299    -3956.403       27.104   343.7      0.765      0.344     -0.118     -0.051      0.172      0.172
1711.7500     -3929.815    -3956.060       26.245   332.8      0.145      0.505     -0.308     -0.020     -0.196      0.148
1712.0000     -3929.276    -3955.025       25.749   326.6      1.002      0.729      0.314     -0.077     -0.045      0.234
1712.2500     -3928.916    -3955.512       26.596   337.3      0.952      0.765      0.366      0.046      0.096     -0.136
1712.5000     -3930.518    -3955.998       25.480   323.1      0.627      0.678      0.108      0.005      0.193      0.353
1712.7500     -3929.671    -3957.144       27.472   348.4      0.665      0.647     -0.159      0.269      0.248      0.077
1713.0000     -3928.935    -3955.743       26.808   340.0      0.633      0.980      0.707     -0.057     -0.033      0.011
1713.2500     -3931.509    -3956.579       25.070   317.9      0.657      1.139     -0.146     -0.112     -0.119     -0.053
1713.5000     -3932.308    -3957.613       25.304   320.9      0.693      0.629     -0.134     -0.195      0.121      0.202
1713.7500     -3931.095    -3956.745       25.650   325.3      0.575      0.701     -0.069     -0.205      0.009      0.468
1714.0000     -3928.923    -3956.068       27.146   344.3      0.749      0.812      0.156      0.315      0.006      0.008
1714.2500     -3928.056    -3954.010       25.954   329.2      1.205      1.048      0.687      0.166     -0.102     -0.296
1714.5000     -3930.105    -3954.988       24.883   315.6      0.369      0.727     -0.088      0.182     -0.358      0.012
1714.7500     -3928.997    -3955.428       26.430   335.2      1.027      0.648      0.017     -0.218      0.093     -0.225
1715.0000     -3929.158    -3954.470       25.312   321.0      0.670      0.621      0.127     -0.168      0.197     -0.176
1715.2500     -3930.441    -3957.318       26.877   340.9      0.509      0.704     -0.130     -0.114      0.172     -0.139
1715.5000     -3930.047    -3957.130       27.083   343.5      0.902      0.790      0.435      0.178      0.018      0.047
1715.7500     -3929.923    -3955.973       26.050   330.4      0.893      0.702      0.112      0.341     -0.213      0.117
1716.0000     -3929.980    -3957.302       27.322   346.5      0.317      0.746     -0.240      0.209      0.028      0.100
1716.2500     -3929.899    -3956.145       26.246   332.9      0.700      1.001     -0.155      0.253      0.533     -0.099
1716.5000     -3931.136    -3956.112       24.976   316.8      0.746      0.591     -0.552     -0.189     -0.069      0.061
1716.7500     -3931.165    -3958.427       27.263   345.8      0.934      1.366      0.330     -0.119      0.162     -0.125
1717.0000     -3930.567    -3956.001       25.434   322.6      0.114      1.064     -0.272     -0.229     -0.058      0.230
1717.2500     -3928.840    -3955.236       26.397   334.8      0.382      1.062      0.139      0.313      0.207      0.092
1717.5000     -3929.900    -3956.222       26.322   333.8      0.642      0.462     -0.040     -0.026      0.166     -0.005
1717.7500     -3929.932    -3955.663       25.731   326.3      0.596      0.741      0.041     -0.102      0.084      0.200
1718.0000     -3930.630    -3957.009       26.379   334.6      0.489      0.693     -0.080      0.272     -0.032     -0.032
1718.2500     -3929.595    -3955.296       25.701   326.0      0.578      0.720      0.418     -0.058      0.030      0.190
1718.5000     -3930.841    -3956.083       25.242   320.1      0.680      1.427      0.274     -0.210      0.312      0.076
1718.7500     -3930.486    -3955.831       25.345   321.4      0.204      1.111     -0.164     -0.158      0.160      0.126
1719.0000     -3929.705    -3956.335       26.630   337.7      0.985      1.327      0.458     -0.475      0.143      0.185
1719.2500     -3931.737    -3957.384       25.647   325.3      0.700      0.455      0.302      0.022      0.052      0.053
1719.5000     -3932.134    -3957.696       25.562   324.2      0.986      0.751      0.338     -0.096     -0.078      0.171
1719.7500     -3931.359    -3957.294       25.934   328.9      0.597      0.667     -0.195      0.074      0.090     -0.186
1720.0000     -3931.047    -3956.833       25.786   327.0      0.529      0.920      0.059      0.078     -0.110      0.134
1720.2500     -3930.730    -3957.000       26.271   333.2      0.308      0.749      0.354     -0.048     -0.086      0.018
1720.5000     -3930.826    -3957.779       26.953   341.8      0.651      0.393      0.355     -0.002     -0.113      0.130
1720.7500     -3929.879    -3956.426       26.547   336.7      0.991      0.813      0.180     -0.082      0.267     -0.119
1721.0000     -3929.356    -3956.922       27.566   349.6      1.000      0.857     -0.387     -0.136     -0.263     -0.155
1721.2500     -3929.766    -3955.342       25.577   324.4      0.816      0.792     -0.195     -0.257     -0.012      0.057
1721.5000     -3930.592    -3958.088       27.496   348.7      1.079      0.401     -0.305     -0.008      0.209     -0.090
1721.7500     -3930.744    -3957.395       26.651   338.0      0.791      0.264     -0.113     -0.229     -0.020      0.017
1722.0000     -3931.034    -3956.823       25.789   327.1      0.668      0.899      0.529      0.187     -0.308     -0.024
1722.2500     -3931.082    -3956.762       25.680   325.7      0.502      0.720      0.491     -0.251     -0.167      0.088
1722.5000     -3931.966    -3958.182       26.215   332.5      0.930      0.384      0.346      0.293     -0.197      0.078
1722.7500     -3931.748    -3956.856       25.108   318.4      0.910      0.681      0.650     -0.112     -0.123      0.205
1723.0000     -3934.302    -3957.902       23.600   299.3      0.645      0.499      0.563      0.053     -0.040     -0.106
1723.2500     -3932.418    -3957.601       25.183   319.4      0.800      0.796      0.186      0.057      0.379      0.001
1723.5000     -3932.808    -3957.509       24.700   313.3      0.469      0.888      0.285     -0.133      0.023     -0.298
1723.7500     -3932.034    -3956.834       24.800   314.5      0.958      0.580     -0.001     -0.057      0.039     -0.144
1724.0000     -3931.948    -3957.096       25.147   318.9      0.510      0.576     -0.002     -0.091      0.007      0.296
1724.2500     -3930.826    -3957.476       26.649   338.0      0.815      1.180      0.226      0.236     -0.347     -0.079
1724.5000     -3932.277    -3958.206       25.928   328.8      0.879      0.968     -0.918     -0.042     -0.280      0.328
1724.7500     -3931.101    -3957.874       26.773   339.5      0.610      0.235      0.010     -0.001      0.070     -0.085
1725.0000     -3929.302    -3956.118       26.816   340.1      0.788      1.110      0.282     -0.094      0.150      0.169
1725.2500     -3930.453    -3956.542       26.088   330.9      0.635      0.278     -0.116     -0.022      0.054      0.207
1725.5000     -3927.663    -3955.007       27.345   346.8      0.771      0.853      0.271      0.074     -0.010     -0.146
1725.7500     -3927.576    -3955.210       27.634   350.5      0.535      1.039      0.520     -0.011      0.119      0.117
1726.0000     -3928.407    -3954.232       25.825   327.5      0.395      0.934      0.275     -0.027     -0.316     -0.183
1726.2500     -3928.676    -3955.388       26.712   338.8      0.629      0.786      0.383     -0.257     -0.143      0.302
1726.5000     -3929.821    -3955.442       25.621   324.9      0.469      1.001     -0.137      0.019      0.150      0.428
1726.7500     -3929.372    -3955.193       25.821   327.5      1.062      0.556     -0.194      0.050     -0.050     -0.032
1727.0000     -3929.346    -3955.114       25.768   326.8      0.324      0.603     -0.509     -0.281     -0.168     -0.039
1727.2500     -3929.358    -3956.391       27.033   342.8      1.070      1.296      0.269     -0.129      0.057      0.150
1727.5000     -3928.090    -3954.625       26.534   336.5      0.600      0.959      0.265     -0.298      0.427     -0.004
1727.7500     -3928.932    -3953.936       25.004   317.1      0.485      0.696      0.539      0.020      0.342      0.053
1728.0000     -3929.897    -3956.588       26.691   338.5      0.202      0.629     -0.282      0.260      0.388     -0.195
1728.2500     -3929.412    -3955.417       26.005   329.8      0.637      1.309      0.218      0.067      0.337      0.114
1728.5000     -3928.664    -3955.553       26.890   341.0      0.597      1.477      0.205      0.080     -0.115     -0.141
1728.7500     -3929.404    -3956.245       26.841   340.4      1.042      1.260      0.510     -0.007     -0.319     -0.132
1729.0000     -3931.074    -3956.821       25.747   326.5      1.107      1.231      0.357     -0.058     -0.311     -0.100
1729.2500     -3930.157    -3957.106       26.949   341.8      0.560      0.918     -0.198     -0.001     -0.334     -0.234
1729.5000     -3929.647    -3954.969       25.322   321.1      1.090      0.970      0.553     -0.016     -0.212     -0.015
1729.7500     -3930.029    -3956.033       26.004   329.8      0.090      1.127     -0.201      0.174      0.091      0.127
1730.0000     -3930.695    -3955.771       25.075   318.0      0.535      0.903      0.703      0.006     -0.061     -0.022
1730.2500     -3928.917    -3955.117       26.200   332.3      0.487      1.082      0.767     -0.053     -0.006      0.358
1730.5000     -3929.188    -3955.360       26.172   331.9     -0.055      0.585     -0.496     -0.164      0.154     -0.050
1730.7500     -3930.351    -3955.676       25.325   321.2      0.895      0.616      0.579      0.275     -0.116      0.049
1731.0000     -3930.103    -3956.035       25.931   328.9      0.430      0.853     -0.103      0.151     -0.038      0.084
1731.2500     -3931.611    -3956.939       25.329   321.2      0.686      0.719      0.465      0.147      0.088      0.465
1731.5000     -3928.903    -3955.514       26.610   337.5      0.515      1.181      0.501     -0.006     -0.140      0.171
1731.7500     -3930.025    -3957.385       27.361   347.0      0.522      0.507      0.261     -0.008     -0.022     -0.032
1732.0000     -3930.079    -3955.801       25.722   326.2      0.747      0.890     -0.277      0.054      0.109      0.053
1732.2500     -3931.241    -3955.509       24.268   307.8      1.142      0.752      0.644     -0.141     -0.136      0.059
1732.5000     -3928.854    -3956.419       27.566   349.6      0.562      1.109      0.290     -0.140      0.257     -0.162
1732.7500     -3928.592    -3954.448       25.857   327.9      0.332      0.521      0.008     -0.230      0.190     -0.091
1733.0000     -3929.570    -3955.181       25.611   324.8      0.649      1.011      0.378      0.002      0.397     -0.154
1733.2500     -3931.245    -3957.003       25.758   326.7      0.642      0.673      0.481      0.045      0.451     -0.137
1733.5000     -3931.875    -3957.183       25.308   321.0      0.632      0.569      0.610     -0.142      0.248      0.070
1733.7500     -3931.274    -3956.945       25.672   325.6      0.665      0.940      0.307     -0.085      0.238      0.186
1734.0000     -3931.116    -3956.169       25.053   317.7      0.849      1.051      0.500      0.130      0.261     -0.097
1734.2500     -3930.439    -3957.567       27.128   344.1      0.807      0.621      0.049      0.129      0.103     -0.085
1734.5000     -3929.414    -3955.675       26.261   333.1      0.906      0.549      0.101      0.142     -0.096      0.181
1734.7500     -3929.049    -3956.391       27.342   346.8      1.043      1.006      0.098     -0.103      0.132     -0.082
1735.0000     -3931.246    -3957.541       26.295   333.5      1.209      0.900      0.317      0.061      0.019      0.013
1735.2500     -3931.131    -3957.050       25.919   328.7      0.826      1.120     -0.002      0.192     -0.134     -0.032
1735.5000     -3930.118    -3955.684       25.566   324.2      0.368      0.558     -0.128      0.216     -0.073      0.091
1735.7500     -3929.581    -3956.875       27.294   346.2      0.945      1.061      0.523      0.079     -0.113      0.006
1736.0000     -3930.513    -3956.134       25.621   324.9      0.269      0.386     -0.337     -0.203     -0.013     -0.176
1736.2500     -3930.803    -3957.782       26.979   342.2      0.600      1.182      0.486     -0.032     -0.069     -0.096
1736.5000     -3930.567    -3956.718       26.151   331.7      0.304      0.601      0.028      0.213      0.111      0.002
1736.7500     -3929.664    -3955.677       26.013   329.9      0.376      0.381      0.087      0.169      0.106      0.116
1737.0000     -3928.239    -3955.621       27.382   347.3      0.266      1.175      0.036      0.195      0.020     -0.026
1737.2500     -3929.076    -3955.398       26.322   333.8      0.807      0.911      0.078      0.324      0.011      0.068
1737.5000     -3930.725    -3957.383       26.658   338.1      0.741      1.265      0.177      0.162     -0.179     -0.009
1737.7500     -3933.867    -3957.873       24.005   304.4      0.475      0.933      1.021     -0.030      0.098      0.160
1738.0000     -3932.181    -3956.333       24.152   306.3      0.378      0.894      0.228      0.225     -0.031      0.175
1738.2500     -3931.195    -3957.991       26.796   339.8      1.363      0.705      0.264      0.100      0.111      0.282
1738.5000     -3932.519    -3957.833       25.314   321.0      0.734      0.800      0.574      0.097     -0.193      0.099
1738.7500     -3931.568    -3958.344       26.776   339.6      0.782      0.729      0.185      0.172      0.147      0.040
1739.0000     -3932.546    -3957.094       24.548   311.3      0.953      0.554      1.019      0.145      0.396      0.259
1739.2500     -3933.522    -3958.434       24.912   316.0      0.517      0.332     -0.130      0.221      0.440     -0.277
1739.5000     -3931.269    -3956.927       25.658   325.4      0.712      0.499      0.195      0.281      0.334     -0.177
1739.7500     -3931.329    -3956.653       25.324   321.2      0.572      1.434      0.237      0.111      0.263     -0.089
1740.0000     -3931.872    -3958.201       26.329   333.9      1.216      0.743      0.123      0.018      0.041     -0.192
1740.2500     -3931.199    -3957.848       26.649   338.0      1.114      0.724      0.348     -0.059      0.219     -0.029
1740.5000     -3929.672    -3955.626       25.954   329.2      0.790      0.483      0.174     -0.116     -0.107      0.001
1740.7500     -3931.625    -3956.380       24.755   314.0      0.615      0.922      0.260      0.270      0.096     -0.066
1741.0000     -3930.909    -3957.001       26.092   330.9      0.851      0.907      0.050      0.079     -0.418      0.020
1741.2500     -3930.660    -3957.975       27.315   346.4      0.929      0.063      0.205      0.528     -0.194     -0.025
1741.5000     -3933.309    -3958.235       24.927   316.1      1.308      0.798      0.867      0.116     -0.286      0.164
1741.7500     -3931.420    -3956.486       25.066   317.9      0.643      0.847      0.519      0.075      0.039      0.095
1742.0000     -3930.543    -3956.271       25.728   326.3      0.520      0.765     -0.108     -0.205      0.016     -0.109
1742.2500     -3930.055    -3955.960       25.905   328.5      0.227      0.606      0.143      0.081     -0.037      0.156
1742.5000     -3930.343    -3955.589       25.246   320.2      0.834      0.801      0.293      0.135     -0.259     -0.069
1742.7500     -3930.847    -3955.985       25.138   318.8      0.890      0.793      0.828      0.016      0.088     -0.013
1743.0000     -3930.794    -3956.295       25.501   323.4      1.017      0.600     -0.136     -0.363     -0.203     -0.148
1743.2500     -3930.924    -3957.568       26.645   337.9      0.538      1.341      0.658      0.022     -0.176      0.130
1743.5000     -3930.261    -3956.169       25.908   328.6      0.776      1.227     -0.035     -0.204     -0.157      0.081
1743.7500     -3932.258    -3958.679       26.421   335.1      0.250      0.585      0.301      0.132      0.192      0.038
1744.0000     -3932.437    -3957.520       25.083   318.1      0.589      0.936      0.544      0.332      0.100      0.065
1744.2500     -3932.913    -3957.136       24.224   307.2      0.996      1.029      0.023     -0.227      0.306     -0.115
1744.5000     -3933.901    -3958.816       24.915   316.0      0.922      1.028      0.397     -0.308      0.256      0.148
1744.7500     -3932.022    -3959.081       27.058   343.2      0.292      0.341     -0.373     -0.236     -0.048      0.088
1745.0000     -3932.697    -3958.168       25.471   323.0      0.278      0.571      0.137      0.300      0.334      0.376
1745.2500     -3931.992    -3958.266       26.273   333.2      0.582      0.730      0.134      0.351     -0.062     -0.199
1745.5000     -3932.243    -3957.342       25.099   318.3      0.388      0.763     -0.317     -0.026     -0.008      0.119
1745.7500     -3929.619    -3955.570       25.951   329.1      0.251      0.682      0.131     -0.177     -0.119     -0.098
1746.0000     -3930.262    -3956.183       25.920   328.7      0.631      0.732      0.145      0.053     -0.015     -0.227
1746.2500     -3930.079    -3957.155       27.076   343.4      0.968      1.118      0.336      0.088      0.049      0.044
1746.5000     -3931.742    -3957.372       25.630   325.0      0.808      0.701      0.277      0.334     -0.072      0.228
1746.7500     -3931.773    -3958.265       26.492   336.0      1.167      0.578     -0.381      0.168     -0.014      0.116
1747.0000     -3930.702    -3956.499       25.797   327.2      1.471      1.157      0.515     -0.072     -0.153     -0.018
1747.2500     -3930.232    -3955.532       25.300   320.9      0.868      1.239      0.532     -0.203      0.215     -0.110
1747.5000     -3929.889    -3957.004       27.115   343.9      0.832      1.140      0.482      0.149     -0.001      0.171
1747.7500     -3930.267    -3956.987       26.720   338.9      0.713      0.487     -0.142      0.447     -0.020      0.117
1748.0000     -3930.358    -3956.925       26.567   336.9      0.535      0.734      0.183      0.392      0.122     -0.052
1748.2500     -3930.320    -3957.722       27.403   347.5      0.576      1.157      0.311      0.029      0.095      0.006
1748.5000     -3929.153    -3955.894       26.741   339.1      0.177      0.762      0.084      0.056      0.075      0.192
1748.7500     -3931.460    -3957.202       25.741   326.5      1.170      1.422      0.678      0.042      0.089      0.091
1749.0000     -3930.685    -3955.958       25.273   320.5      1.083      1.092      0.589      0.368      0.150     -0.029
1749.2500     -3930.879    -3955.764       24.885   315.6      0.986      0.573      0.778      0.085      0.251     -0.209
1749.5000     -3933.388    -3958.070       24.682   313.0      0.842      0.976      0.606      0.191      0.104     -0.081
1749.7500     -3933.647    -3958.542       24.895   315.7      0.756      1.168      0.299      0.031     -0.187     -0.039
1750.0000     -3934.260    -3958.298       24.037   304.9      0.311      0.108      0.008     -0.403      0.146     -0.006
1750.2500     -3932.865    -3957.728       24.863   315.3      0.613      0.482      0.131     -0.185     -0.137      0.057
1750.5000     -3932.630    -3958.229       25.599   324.7      0.402      0.989      0.404      0.318      0.117     -0.123
1750.7500     -3932.890    -3958.928       26.038   330.2      0.286      1.004      0.224      0.327      0.154      0.043
1751.0000     -3932.065    -3957.653       25.587   324.5      0.978      0.940      0.661      0.292      0.125     -0.132
1751.2500     -3931.530    -3956.100       24.570   311.6      0.210      0.420      0.038     -0.004     -0.095      0.258
1751.5000     -3931.146    -3955.686       24.540   311.2      0.491      0.884      0.487      0.132     -0.014     -0.014
1751.7500     -3930.259    -3956.507       26.248   332.9      0.203      0.723      0.969      0.038     -0.004     -0.030
1752.0000     -3930.646    -3957.589       26.943   341.7      0.362      0.800      0.162      0.374      0.021     -0.051
1752.2500     -3931.291    -3958.439       27.149   344.3      0.499      0.797      0.192      0.349     -0.124      0.059
1752.5000     -3931.276    -3956.908       25.632   325.1      0.971      1.252      0.053      0.004      0.035      0.183
1752.7500     -3931.104    -3956.539       25.435   322.6      0.957      1.064      0.314      0.037      0.161      0.308
1753.0000     -3929.261    -3956.505       27.244   345.5      0.817      0.390     -0.120      0.127      0.030      0.117
1753.2500     -3931.389    -3956.736       25.347   321.5      0.784      0.942     -0.000     -0.002     -0.098      0.083
1753.5000     -3931.201    -3956.764       25.563   324.2      0.628      1.052      0.598      0.053      0.201     -0.115
1753.7500     -3929.730    -3956.073       26.343   334.1      0.955      0.639     -0.149     -0.302     -0.156      0.149
1754.0000     -3930.238    -3955.601       25.363   321.7      0.383      0.608      0.468     -0.412     -0.125     -0.004
1754.2500     -3930.183    -3956.979       26.797   339.9      0.401      0.693      0.483     -0.010     -0.134     -0.088
1754.5000     -3930.191    -3955.352       25.161   319.1      0.830      0.852      0.245      0.025     -0.375     -0.006
1754.7500     -3930.536    -3957.632       27.095   343.6      0.123      0.326     -0.123      0.384     -0.464      0.001
1755.0000     -3929.988    -3956.913       26.925   341.5      1.199      1.308      0.627      0.076     -0.084     -0.131
1755.2500     -3930.861    -3956.903       26.041   330.3      0.570      1.078     -0.142      0.219     -0.093      0.129
1755.5000     -3929.692    -3955.307       25.615   324.9      0.969      0.537      0.519     -0.215     -0.024      0.123
1755.7500     -3929.904    -3957.961       28.057   355.8      0.296      1.207      0.105      0.279      0.009     -0.046
1756.0000     -3930.146    -3957.397       27.251   345.6      0.322      0.630     -0.185      0.098     -0.139     -0.054
1756.2500     -3931.105    -3958.122       27.017   342.6      0.563      0.817      0.478     -0.077      0.152      0.174
1756.5000     -3929.619    -3955.904       26.285   333.4      0.862      0.845      0.525      0.214     -0.137     -0.111
1756.7500     -3929.073    -3957.100       28.028   355.5      0.512      0.981      0.611      0.042      0.104     -0.182
1757.0000     -3931.379    -3957.465       26.086   330.8     -0.102      0.746     -0.149     -0.027     -0.188      0.036
1757.2500     -3931.640    -3958.583       26.943   341.7      0.566      0.993      0.426      0.240     -0.167     -0.074
1757.5000     -3931.743    -3958.120       26.377   334.5      0.376      0.824     -0.060      0.343      0.031      0.091
1757.7500     -3931.602    -3958.208       26.606   337.4      0.635      0.061     -0.037      0.052      0.047     -0.269
1758.0000     -3933.399    -3959.214       25.815   327.4      0.674      0.857      0.140      0.077     -0.159     -0.094
1758.2500     -3934.351    -3960.251       25.900   328.5      0.619      0.411      0.120     -0.048     -0.139     -0.018
1758.5000     -3933.552    -3958.014       24.462   310.2      0.875      0.903     -0.070     -0.328     -0.226      0.029
1758.7500     -3932.517    -3957.637       25.120   318.6      1.006      0.913      0.497     -0.020      0.353     -0.230
1759.0000     -3932.019    -3958.308       26.289   333.4      0.671      1.019      0.434     -0.002      0.101     -0.117
1759.2500     -3931.814    -3957.430       25.616   324.9      0.671      0.686     -0.227      0.124      0.113     -0.064
1759.5000     -3930.458    -3956.695       26.237   332.8      0.904      1.394      0.373      0.356     -0.025      0.053
1759.7500     -3929.495    -3955.496       26.001   329.8      0.654      0.497     -0.399     -0.108     -0.151      0.036
1760.0000     -3929.124    -3955.151       26.027   330.1      0.593      0.658      0.547      0.060     -0.207     -0.028
1760.2500     -3928.988    -3954.551       25.563   324.2      0.444      0.911     -0.057     -0.276      0.267      0.329
1760.5000     -3929.671    -3956.692       27.022   342.7      0.534      0.366     -0.136      0.305      0.048     -0.204
1760.7500     -3930.807    -3958.413       27.605   350.1      0.779      1.126      0.216      0.088      0.207     -0.406
1761.0000     -3930.642    -3956.980       26.338   334.0      0.415      0.374      0.238      0.225      0.194     -0.147
1761.2500     -3930.835    -3957.290       26.455   335.5      0.387      0.701      0.313     -0.044     -0.105      0.019
1761.5000     -3932.982    -3958.225       25.243   320.1      1.021      0.747      0.173     -0.107     -0.159      0.176
1761.7500     -3930.582    -3956.488       25.905   328.5      0.488      0.464      0.155      0.004      0.079      0.180
1762.0000     -3930.523    -3957.931       27.408   347.6      0.835      0.327     -0.235      0.020     -0.326      0.006
1762.2500     -3930.677    -3957.030       26.352   334.2      0.700      0.840     -0.440     -0.086     -0.154     -0.042
1762.5000     -3930.492    -3956.640       26.148   331.6      0.530      0.791      0.314     -0.087      0.058     -0.086
1762.7500     -3932.880    -3957.602       24.723   313.5      1.286      1.006      0.945     -0.150      0.063     -0.053
1763.0000     -3932.456    -3956.908       24.452   310.1      0.312      0.433     -0.615      0.044      0.049     -0.296
1763.2500     -3931.467    -3958.691       27.224   345.3      0.801      0.846     -0.120     -0.134     -0.085     -0.116
1763.5000     -3931.768    -3956.438       24.671   312.9      0.237      0.743      0.447      0.172      0.043     -0.065
1763.7500     -3931.863    -3958.424       26.561   336.9      0.980      1.042      0.265      0.186     -0.132      0.005
1764.0000     -3932.380    -3957.664       25.284   320.7      0.872      0.890      0.417      0.274     -0.305     -0.133
1764.2500     -3931.441    -3956.567       25.127   318.7      0.635      0.459      0.363     -0.076     -0.280     -0.244
1764.5000     -3931.578    -3957.129       25.551   324.1      0.669      0.668      0.168      0.099     -0.340     -0.010
1764.7500     -3932.441    -3957.116       24.675   312.9      0.743      0.878     -0.041      0.028     -0.386      0.198
1765.0000     -3934.123    -3957.590       23.467   297.6      0.742      1.069      0.008      0.015     -0.207     -0.053
1765.2500     -3932.659    -3956.926       24.267   307.8      0.491      0.767     -0.188     -0.018      0.413      0.133
1765.5000     -3930.138    -3956.608       26.471   335.7      0.709      1.009      0.093      0.035     -0.083     -0.033
1765.7500     -3928.639    -3955.576       26.937   341.6      0.647      0.576     -0.073      0.064     -0.144     -0.168
1766.0000     -3928.992    -3955.240       26.249   332.9      0.491      0.923      0.277     -0.248     -0.092     -0.292
1766.2500     -3929.306    -3955.149       25.843   327.8      1.372      0.943      0.555     -0.213     -0.232     -0.012
1766.5000     -3930.455    -3956.445       25.990   329.6      0.886      1.053      0.351      0.161      0.132     -0.052
1766.7500     -3929.187    -3955.708       26.521   336.3      0.863      0.689      0.526      0.109     -0.269     -0.013
1767.0000     -3928.813    -3955.596       26.783   339.7      0.864      0.941      0.752     -0.126     -0.031     -0.084
1767.2500     -3927.245    -3953.921       26.676   338.3      0.474      0.768     -0.252     -0.184     -0.140     -0.170
1767.5000     -3929.666    -3954.516       24.850   315.2      0.562      1.372      0.557      0.192     -0.251      0.114
1767.7500     -3931.892    -3956.744       24.852   315.2      1.056      0.317      0.413     -0.239     -0.254      0.004
1768.0000     -3931.270    -3957.479       26.209   332.4      0.518      1.198      0.500      0.081     -0.176     -0.023
1768.2500     -3929.857    -3956.234       26.378   334.5      1.332      0.895      0.428     -0.053     -0.097     -0.176
1768.5000     -3930.990    -3957.218       26.228   332.6      0.727      0.229     -0.073     -0.007     -0.100     -0.085
1768.7500     -3931.578    -3957.068       25.489   323.3      0.644      0.580      0.361     -0.074     -0.217     -0.346
1769.0000     -3933.275    -3958.200       24.925   316.1      0.925      0.607      0.556      0.077     -0.140     -0.103
1769.2500     -3931.960    -3956.589       24.629   312.4      0.592      0.827      0.500      0.352     -0.157     -0.188
1769.5000     -3929.960    -3957.605       27.645   350.6      0.501      0.403     -0.285      0.082      0.237      0.274
1769.7500     -3930.155    -3955.806       25.652   325.3      0.490      0.636      0.301     -0.187     -0.048      0.188
1770.0000     -3928.231    -3956.084       27.853   353.2      0.583      1.183      0.094     -0.132      0.225     -0.039
1770.2500     -3930.233    -3955.956       25.724   326.2      1.049      0.853      0.346     -0.094      0.185      0.040
1770.5000     -3929.498    -3955.764       26.266   333.1      0.894      1.067      1.133      0.125      0.066     -0.142
1770.7500     -3930.167    -3955.291       25.124   318.6      0.394      0.551      0.463      0.073     -0.232     -0.053
1771.0000     -3930.422    -3955.924       25.502   323.4      0.874      0.814      0.376      0.194     -0.625      0.170
1771.2500     -3930.772    -3956.243       25.471   323.0      1.093      0.641      0.497     -0.080     -0.191     -0.192
1771.5000     -3931.339    -3956.658       25.319   321.1      0.520      0.995      0.589     -0.231     -0.128      0.063
1771.7500     -3930.823    -3956.357       25.534   323.8      0.910      0.650      0.592     -0.098      0.205      0.089
1772.0000     -3929.440    -3956.423       26.983   342.2      0.942      0.851     -0.212     -0.022      0.008      0.078
1772.2500     -3927.818    -3955.941       28.123   356.7      0.654      1.142     -0.175     -0.129      0.020     -0.060
1772.5000     -3928.521    -3954.978       26.456   335.5      0.501      0.395     -0.181      0.315     -0.053     -0.040
1772.7500     -3930.315    -3955.634       25.318   321.1      0.518      0.873      0.228      0.093      0.090      0.042
1773.0000     -3930.040    -3955.771       25.732   326.3      1.033      1.076      0.505      0.026      0.104     -0.166
1773.2500     -3928.654    -3955.042       26.387   334.7      0.572      1.485      0.573     -0.055      0.070      0.312
1773.5000     -3930.398    -3956.833       26.435   335.3      0.480      0.751      0.324     -0.037     -0.162      0.070
1773.7500     -3930.187    -3956.792       26.604   337.4      0.404      0.827      0.022     -0.091      0.163      0.152
1774.0000     -3929.650    -3955.237       25.587   324.5      0.997      1.302     -0.174     -0.047      0.157     -0.156
1774.2500     -3928.654    -3955.228       26.573   337.0      0.505      0.782      0.414      0.053      0.415      0.067
1774.5000     -3931.669    -3957.222       25.554   324.1      0.129      0.672      0.155     -0.008      0.146      0.112
1774.7500     -3930.260    -3957.381       27.121   344.0      0.799      1.002      0.514     -0.049     -0.107     -0.037
1775.0000     -3930.724    -3958.013       27.289   346.1      0.451      0.727      0.254      0.119     -0.182      0.290
1775.2500     -3930.175    -3955.961       25.786   327.0      0.657      0.863     -0.139     -0.194     -0.410      0.405
1775.5000     -3930.630    -3956.736       26.106   331.1      0.612      0.503     -0.094     -0.057     -0.213      0.102
1775.7500     -3931.471    -3956.489       25.018   317.3      0.404      0.855      0.240     -0.290     -0.122     -0.025
1776.0000     -3930.456    -3956.627       26.171   331.9      1.105      0.481      0.427     -0.275      0.094     -0.107
1776.2500     -3931.004    -3956.033       25.029   317.4      0.520      0.685      0.265     -0.077      0.130      0.157
1776.5000     -3928.709    -3955.142       26.433   335.2      1.547      0.954      0.744      0.064      0.113     -0.244
1776.7500     -3930.693    -3955.936       25.243   320.1      0.605      0.072      0.445      0.089      0.166      0.048
1777.0000     -3930.528    -3956.599       26.071   330.6      0.746      0.812      0.189      0.178     -0.087     -0.251
1777.2500     -3929.779    -3956.830       27.050   343.1      0.789      0.584      0.475     -0.325      0.066      0.044
1777.5000     -3930.237    -3956.442       26.204   332.3      0.412      0.984     -0.047     -0.124      0.087     -0.072
1777.7500     -3929.606    -3956.916       27.309   346.3      0.327      0.977      0.528      0.271      0.355      0.075
1778.0000     -3930.246    -3955.857       25.611   324.8      0.548      0.282      0.356      0.075      0.356     -0.347
1778.2500     -3929.974    -3955.282       25.307   321.0      0.887      0.770      0.351      0.335      0.028     -0.313
1778.5000     -3928.186    -3955.409       27.223   345.3      0.273      0.514     -0.717     -0.076      0.086      0.222
1778.7500     -3928.500    -3954.984       26.484   335.9      0.934      0.882      0.329     -0.265     -0.131     -0.110
1779.0000     -3928.965    -3955.329       26.364   334.4      0.806      0.486     -0.012     -0.319     -0.001      0.236
1779.2500     -3929.556    -3956.236       26.680   338.4      0.458      0.912     -0.147     -0.189      0.168     -0.126
1779.5000     -3929.134    -3956.255       27.121   344.0      0.712      0.654      0.121      0.073      0.101      0.080
1779.7500     -3929.437    -3955.567       26.131   331.4      0.713      0.886      1.107      0.229     -0.224      0.051
1780.0000     -3930.623    -3956.041       25.418   322.4      0.855      0.462     -0.286     -0.027     -0.414      0.006
1780.2500     -3932.551    -3957.475       24.924   316.1      1.001      1.485      0.302     -0.233     -0.052     -0.119
1780.5000     -3929.055    -3956.267       27.212   345.1      0.576      0.551      0.026     -0.181     -0.109     -0.041
1780.7500     -3929.866    -3956.688       26.822   340.2      0.022      0.960      0.603      0.108      0.144      0.057
1781.0000     -3929.884    -3956.890       27.005   342.5      0.575      0.508      0.454      0.369     -0.100     -0.155
1781.2500     -3931.989    -3958.307       26.317   333.8      0.901      0.534      0.320      0.173     -0.337     -0.036
1781.5000     -3930.808    -3958.344       27.536   349.2      1.345      0.863      0.479      0.066     -0.148     -0.087
1781.7500     -3930.425    -3957.298       26.874   340.8      0.265      0.517     -0.179     -0.559     -0.110      0.215
1782.0000     -3931.405    -3956.828       25.422   322.4      0.981      0.743      0.428     -0.362     -0.088      0.189
1782.2500     -3930.485    -3956.482       25.997   329.7      0.793      0.470     -0.265      0.094     -0.328      0.065
1782.5000     -3929.225    -3956.479       27.254   345.6      0.699      0.465     -0.071      0.345     -0.137     -0.097
1782.7500     -3929.575    -3955.654       26.079   330.7      0.630      0.893      0.338      0.579     -0.058     -0.113
1783.0000     -3930.195    -3956.091       25.895   328.4      0.440      0.706     -0.135      0.104     -0.003     -0.193
1783.2500     -3927.810    -3954.523       26.713   338.8      0.373      0.249      0.124     -0.257     -0.381     -0.054
1783.5000     -3929.876    -3956.011       26.135   331.5      0.274      1.167      0.172     -0.282     -0.289     -0.090
1783.7500     -3930.232    -3955.520       25.288   320.7      1.038      0.871      0.650      0.185     -0.138     -0.315
1784.0000     -3930.353    -3956.451       26.098   331.0      0.519      0.743     -0.286     -0.010      0.025     -0.267
1784.2500     -3931.054    -3957.196       26.142   331.5      0.912      1.451      0.443     -0.019      0.069     -0.127
1784.5000     -3930.289    -3957.122       26.834   340.3      0.267      0.350     -0.166      0.192      0.177      0.148
1784.7500     -3930.887    -3956.639       25.752   326.6      1.004      1.322      0.739      0.253     -0.171      0.024
1785.0000     -3929.664    -3955.837       26.173   331.9      0.278      0.643     -0.400      0.100     -0.139     -0.155
1785.2500     -3929.587    -3956.312       26.726   339.0      0.457      0.674      0.106      0.085     -0.278      0.064
1785.5000     -3931.058    -3957.726       26.668   338.2      1.129      0.953      0.762     -0.067     -0.131     -0.202
1785.7500     -3930.188    -3956.967       26.780   339.6      0.451      1.160     -0.121     -0.174      0.143      0.083
1786.0000     -3930.494    -3956.852       26.358   334.3      0.516      0.965      0.577      0.042      0.074      0.094
1786.2500     -3930.572    -3956.021       25.449   322.8      0.815      0.617      0.546      0.137     -0.190     -0.176
1786.5000     -3931.204    -3955.828       24.624   312.3      0.356      0.896      0.471      0.486     -0.210     -0.010
1786.7500     -3931.683    -3956.880       25.197   319.6      0.584      0.207     -0.067     -0.083      0.162      0.141
1787.0000     -3930.837    -3957.054       26.217   332.5      0.367      1.536      0.123     -0.033      0.136     -0.040
1787.2500     -3931.787    -3957.501       25.714   326.1      1.029      0.737      0.697      0.054      0.069     -0.062
1787.5000     -3930.983    -3956.566       25.582   324.4      0.812      1.005      0.795     -0.022     -0.205      0.080
1787.7500     -3930.529    -3955.555       25.026   317.4      1.048      1.039      0.070     -0.065     -0.273     -0.206
1788.0000     -3931.724    -3957.023       25.299   320.9      0.788      0.627     -0.076      0.129      0.133      0.007
1788.2500     -3930.652    -3956.523       25.871   328.1      0.958      1.106      0.855      0.098      0.068      0.022
1788.5000     -3930.201    -3956.221       26.020   330.0      0.345      0.913      0.441      0.175     -0.192      0.098
1788.7500     -3930.465    -3956.720       26.256   333.0      0.937      1.272      0.229      0.090     -0.360      0.079
1789.0000     -3930.003    -3956.093       26.090   330.9      0.588      0.826      0.345     -0.067     -0.091     -0.013
1789.2500     -3929.587    -3955.975       26.388   334.7      1.366      0.794      0.276      0.097      0.270      0.103
1789.5000     -3931.545    -3955.803       24.258   307.7      0.969      1.419      0.633      0.194      0.453     -0.121
1789.7500     -3932.317    -3958.807       26.489   336.0      0.503      0.787      0.127      0.048     -0.287     -0.278
1790.0000     -3931.125    -3957.037       25.912   328.6      0.368      0.895      0.522     -0.095     -0.198     -0.284
1790.2500     -3930.015    -3956.918       26.903   341.2      0.719      0.608     -0.273      0.005     -0.004     -0.102
1790.5000     -3930.239    -3955.632       25.393   322.0      1.300      0.783      0.480     -0.160      0.173      0.071
1790.7500     -3930.018    -3956.932       26.914   341.3      0.824      1.036     -0.091      0.200      0.562     -0.091
1791.0000     -3931.354    -3956.986       25.633   325.1      0.497      0.828      0.407      0.200      0.083     -0.155
1791.2500     -3931.696    -3957.478       25.783   327.0      0.897      0.828      0.413     -0.018     -0.133     -0.294
1791.5000     -3930.210    -3956.965       26.755   339.3      0.741      0.741     -0.066     -0.224     -0.142     -0.032
1791.7500     -3930.594    -3956.165       25.571   324.3      0.620      0.552      0.258      0.009      0.063     -0.115
1792.0000     -3929.648    -3955.959       26.312   333.7      0.573      0.907      0.434      0.033      0.356     -0.121
1792.2500     -3929.726    -3955.654       25.928   328.8      0.754      0.933      0.709      0.037     -0.139     -0.024
1792.5000     -3929.629    -3956.310       26.680   338.4      0.630      1.182      0.199      0.152     -0.068     -0.076
1792.7500     -3930.143    -3957.309       27.165   344.5      0.693      0.968      0.305     -0.203     -0.161      0.003
1793.0000     -3930.570    -3956.601       26.031   330.1      0.775      1.438      0.719     -0.204      0.100      0.101
1793.2500     -3931.438    -3957.179       25.741   326.5      0.703      0.783     -0.014      0.105     -0.104     -0.201
1793.5000     -3930.227    -3955.264       25.037   317.5      0.959      0.899     -0.189     -0.256      0.008      0.159
1793.7500     -3928.638    -3954.684       26.046   330.3      1.355      0.691     -0.018      0.576     -0.284      0.335
1794.0000     -3929.367    -3955.866       26.499   336.1      0.626      0.893      0.223      0.106     -0.224     -0.118
1794.2500     -3930.099    -3956.230       26.131   331.4      0.314      0.764      0.086      0.142     -0.211      0.124
1794.5000     -3930.117    -3956.665       26.547   336.7      0.816      0.495      0.128      0.511      0.024     -0.004
1794.7500     -3930.170    -3956.036       25.866   328.0      0.693      1.317      0.069      0.189      0.171     -0.104
1795.0000     -3928.834    -3955.605       26.772   339.5      0.679      0.443      0.259     -0.076     -0.240      0.152
1795.2500     -3931.435    -3956.062       24.627   312.3      0.741      0.559      0.399      0.154     -0.626      0.077
1795.5000     -3931.507    -3957.711       26.205   332.3      1.087      0.628      0.226     -0.064      0.227      0.192
1795.7500     -3932.324    -3958.208       25.885   328.3      1.050      1.244      0.500     -0.328      0.411      0.164
1796.0000     -3930.765    -3956.306       25.541   323.9      0.352      1.442      0.252     -0.229      0.311     -0.022
1796.2500     -3930.270    -3956.568       26.298   333.5      0.255      0.568      0.624      0.264      0.020     -0.164
1796.5000     -3930.312    -3956.124       25.812   327.4      0.097      0.717     -0.030      0.047     -0.301     -0.249
1796.7500     -3931.563    -3957.087       25.524   323.7      0.744      1.017      0.267     -0.307     -0.242      0.074
1797.0000     -3932.152    -3957.456       25.304   320.9      0.491      0.591      0.311     -0.443      0.209     -0.189
1797.2500     -3930.504    -3956.669       26.165   331.8      0.474      1.126     -0.029     -0.114      0.259      0.021
1797.5000     -3929.261    -3956.435       27.174   344.6      0.801      0.807      0.434      0.096      0.004     -0.303
1797.7500     -3930.160    -3956.890       26.731   339.0      1.251      0.665      1.117      0.089     -0.471     -0.316
1798.0000     -3928.961    -3955.143       26.182   332.1      0.504      0.642      0.346      0.011     -0.289     -0.194
1798.2500     -3929.113    -3955.698       26.585   337.2      0.531      0.541     -0.190     -0.042      0.169     -0.136
1798.5000     -3929.978    -3955.977       25.999   329.7      0.248      0.819     -0.031     -0.018     -0.069      0.271
1798.7500     -3928.675    -3956.333       27.657   350.8      1.234      0.907      0.316      0.007     -0.456      0.196
1799.0000     -3928.804    -3955.172       26.368   334.4      0.913      1.325     -0.044     -0.479     -0.763     -0.012
1799.2500     -3929.815    -3954.628       24.813   314.7      1.247      0.749      0.202     -0.416     -0.071      0.034
1799.5000     -3929.579    -3955.197       25.618   324.9      0.701      0.656     -0.554      0.072      0.169     -0.154
1799.7500     -3928.170    -3955.164       26.994   342.4      1.058      0.957     -0.140      0.101      0.259      0.028
1800.0000     -3930.463    -3956.196       25.733   326.4      0.957      1.357      0.218      0.031     -0.155     -0.292
1800.2500     -3930.523    -3957.197       26.673   338.3      0.721      0.777     -0.252      0.258     -0.384     -0.023
1800.5000     -3932.240    -3957.125       24.885   315.6      1.445      0.784      1.184     -0.205     -0.291      0.244
1800.7500     -3933.182    -3958.761       25.579   324.4      0.252      1.092      0.361     -0.495      0.273      0.154
1801.0000     -3932.843    -3958.490       25.647   325.3      0.338      1.140      0.313      0.048      0.356      0.081
1801.2500     -3932.267    -3956.208       23.942   303.6      0.455      0.859     -0.021      0.368      0.242     -0.088
1801.5000     -3931.205    -3957.057       25.852   327.9      0.760      0.781      0.102      0.167     -0.134     -0.024
1801.7500     -3930.166    -3957.989       27.823   352.9      0.843      0.947      0.165      0.312     -0.050      0.288
1802.0000     -3931.832    -3957.621       25.789   327.1      0.638      0.676      0.300     -0.110      0.221     -0.123
1802.2500     -3932.367    -3956.820       24.452   310.1      0.640      1.069      0.536      0.067      0.146     -0.133
1802.5000     -3933.198    -3958.407       25.209   319.7      1.080      1.115      0.846     -0.027      0.046     -0.195
1802.7500     -3932.833    -3956.723       23.890   303.0      0.886      1.317      0.732      0.308     -0.359     -0.116
1803.0000     -3933.025    -3958.815       25.790   327.1      0.926      0.850      0.903     -0.287     -0.280     -0.177
1803.2500     -3931.773    -3957.244       25.471   323.0      0.982      0.974      0.119     -0.152      0.088      0.009
1803.5000     -3932.871    -3957.549       24.679   313.0      0.959      1.434      0.347     -0.327      0.352     -0.359
1803.7500     -3930.840    -3955.947       25.107   318.4      1.114      0.625      0.166     -0.065     -0.233     -0.029
1804.0000     -3929.310    -3955.764       26.454   335.5      1.014      0.863     -0.154     -0.034     -0.213      0.160
1804.2500     -3927.611    -3955.583       27.972   354.8      0.642      1.018     -0.132      0.248     -0.113     -0.008
1804.5000     -3929.303    -3955.955       26.652   338.0      1.206      0.410     -0.202     -0.193     -0.010     -0.074
1804.7500     -3930.487    -3956.486       25.999   329.7      0.548      0.190     -0.502     -0.115      0.287      0.189
1805.0000     -3931.449    -3957.495       26.046   330.3      0.569      1.136     -0.122     -0.270      0.294      0.090
1805.2500     -3930.703    -3957.410       26.707   338.7      1.108      0.636      0.761     -0.032     -0.389     -0.337
1805.5000     -3931.073    -3955.629       24.557   311.4      0.619      0.629      0.269      0.371     -0.226     -0.130
1805.7500     -3931.110    -3956.644       25.534   323.8      0.638      1.118      0.369      0.377     -0.193      0.118
1806.0000     -3929.398    -3956.389       26.991   342.3      1.159      0.613      0.167      0.179     -0.123     -0.153
1806.2500     -3929.754    -3955.974       26.220   332.5      0.905      1.184      0.695      0.105     -0.200      0.248
1806.5000     -3928.792    -3955.282       26.490   336.0      0.446      0.774     -0.202      0.033     -0.055     -0.354
1806.7500     -3928.849    -3954.048       25.199   319.6      0.758      1.051      0.232      0.167      0.056     -0.006
1807.0000     -3931.426    -3956.622       25.196   319.6      0.528      0.232      0.238      0.252      0.080      0.239
1807.2500     -3929.219    -3957.683       28.464   361.0      0.068      0.696      0.364      0.133      0.192     -0.026
1807.5000     -3930.538    -3956.500       25.963   329.3      1.148      1.458      0.849      0.034      0.422     -0.033
1807.7500     -3929.462    -3957.251       27.789   352.4      0.483      0.516      0.707      0.190     -0.066      0.303
1808.0000     -3930.264    -3956.016       25.752   326.6      0.951      0.427      0.567     -0.012      0.378     -0.409
1808.2500     -3932.380    -3957.269       24.888   315.6      0.864      1.399      0.339      0.066     -0.159      0.094
1808.5000     -3930.632    -3956.187       25.555   324.1      1.026      1.145      0.408      0.047     -0.027     -0.006
1808.7500     -3929.545    -3955.620       26.075   330.7      0.956      0.737      0.094     -0.115      0.175     -0.058
1809.0000     -3927.895    -3953.542       25.647   325.3      0.700      0.525      0.114     -0.015      0.097     -0.127
1809.2500     -3929.481    -3957.114       27.634   350.5      0.694      1.025     -0.225     -0.082     -0.130      0.149
1809.5000     -3929.011    -3954.300       25.289   320.7      1.039      0.957      0.646      0.238      0.093      0.153
1809.7500     -3929.711    -3957.433       27.722   351.6      0.647      0.841      0.419      0.285      0.240      0.022
1810.0000     -3930.687    -3956.725       26.038   330.2      0.798      1.129      0.151     -0.189      0.285      0.006
1810.2500     -3931.331    -3956.699       25.368   321.7      1.187      0.985      0.329     -0.227      0.035     -0.071
1810.5000     -3931.262    -3956.900       25.638   325.2      0.532      0.824     -0.298     -0.142      0.017      0.058
1810.7500     -3929.868    -3955.777       25.909   328.6      0.587      0.498     -0.308     -0.116      0.324     -0.254
1811.0000     -3930.311    -3956.964       26.653   338.0      0.906      1.186      0.648      0.113      0.185     -0.068
1811.2500     -3931.023    -3956.967       25.944   329.0      0.703      0.951      0.296     -0.043     -0.244      0.028
1811.5000     -3928.982    -3954.776       25.793   327.1      0.366      1.093      0.562     -0.176      0.099      0.045
1811.7500     -3928.849    -3955.465       26.616   337.6      0.596      0.719      0.460      0.018      0.303      0.075
1812.0000     -3929.398    -3956.636       27.238   345.4      0.425      0.991     -0.111      0.327     -0.087     -0.131
1812.2500     -3930.231    -3955.777       25.547   324.0      0.509      0.471      0.258      0.035     -0.041      0.155
1812.5000     -3932.400    -3957.746       25.345   321.4      0.836      0.824      0.466     -0.030      0.169     -0.146
1812.7500     -3931.681    -3956.899       25.218   319.8      0.702      0.846      0.347     -0.150      0.150      0.041
1813.0000     -3931.586    -3957.271       25.686   325.8      0.622      0.702      0.395     -0.551     -0.137     -0.137
1813.2500     -3930.726    -3956.355       25.629   325.0      0.868      0.674      0.577     -0.305      0.012     -0.072
1813.5000     -3930.537    -3956.308       25.771   326.8      0.752      1.026      0.096     -0.026      0.470      0.249
1813.7500     -3930.795    -3956.474       25.679   325.7      0.813      0.590      0.464     -0.348      0.120     -0.217
1814.0000     -3931.121    -3957.932       26.811   340.0      0.694      0.689     -0.045     -0.284      0.037      0.111
1814.2500     -3931.269    -3957.269       25.999   329.7      0.250      0.860     -0.609     -0.249     -0.015      0.028
1814.5000     -3932.003    -3957.653       25.650   325.3      1.728      0.556      0.062     -0.245      0.085      0.087
1814.7500     -3930.231    -3957.221       26.990   342.3      0.282      0.654     -0.289      0.107     -0.141      0.093
1815.0000     -3930.445    -3955.808       25.363   321.7      1.462      0.936      0.104      0.015      0.077     -0.038
1815.2500     -3931.063    -3956.749       25.686   325.8      0.364      0.946     -0.180     -0.569      0.146     -0.092
1815.5000     -3929.927    -3957.056       27.129   344.1      1.120      0.720      0.587     -0.180      0.363     -0.015
1815.7500     -3927.609    -3955.228       27.619   350.3      0.006      0.184     -0.342      0.020      0.001      0.012
1816.0000     -3928.891    -3955.633       26.742   339.2      0.647      0.974     -0.537      0.278     -0.323      0.087
1816.2500     -3930.778    -3956.891       26.114   331.2      0.725      0.626      0.558      0.269     -0.249     -0.059
1816.5000     -3930.679    -3957.649       26.970   342.1      0.678      0.836     -0.053     -0.073      0.091      0.018
1816.7500     -3931.050    -3957.495       26.445   335.4      0.993      0.505      0.188      0.118     -0.092      0.112
1817.0000     -3930.609    -3956.060       25.451   322.8      0.997      1.634      0.443     -0.186      0.002      0.034
1817.2500     -3929.678    -3956.595       26.917   341.4      0.657      1.236     -0.184     -0.020      0.043     -0.056
1817.5000     -3928.353    -3955.904       27.551   349.4      0.692      0.635      0.478     -0.029     -0.055     -0.250
1817.7500     -3928.921    -3954.826       25.905   328.5      1.467      1.417      0.001      0.199      0.214     -0.127
1818.0000     -3930.084    -3955.579       25.494   323.3      0.758      1.254      0.074      0.239     -0.006      0.037
1818.2500     -3928.158    -3954.916       26.758   339.4      0.794      1.459      0.517      0.007      0.205      0.141
1818.5000     -3927.360    -3954.317       26.958   341.9      0.376      0.645      0.089     -0.042     -0.011     -0.091
1818.7500     -3928.682    -3954.727       26.044   330.3      0.545      0.052      0.278     -0.037     -0.044      0.005
1819.0000     -3927.914    -3954.294       26.381   334.6      0.636      0.585      0.137      0.195     -0.028     -0.047
1819.2500     -3927.438    -3954.263       26.825   340.2      1.070      0.870      0.657      0.376     -0.308      0.042
1819.5000     -3927.318    -3954.235       26.917   341.4      0.735      0.661      0.271      0.129      0.001     -0.054
1819.7500     -3927.264    -3953.554       26.291   333.4      0.607      0.612      0.053     -0.086      0.355     -0.010
1820.0000     -3927.345    -3954.264       26.919   341.4      0.725      0.579      0.290     -0.217      0.308      0.267
1820.2500     -3927.594    -3953.970       26.376   334.5      0.719      0.931     -0.123      0.003     -0.050      0.033
1820.5000     -3926.777    -3953.326       26.549   336.7      0.818      0.875      0.521      0.291     -0.049      0.185
1820.7500     -3926.939    -3952.740       25.801   327.2      0.880      0.864      0.580     -0.235     -0.132      0.106
1821.0000     -3927.276    -3954.794       27.518   349.0      0.174      0.598      0.045     -0.035      0.343      0.074
1821.2500     -3928.276    -3954.449       26.173   331.9      0.426     -0.123     -0.314     -0.193      0.026      0.165
1821.5000     -3928.036    -3955.321       27.285   346.0      1.142      1.814      1.237      0.016     -0.026      0.047
1821.7500     -3929.571    -3955.728       26.157   331.7      0.827      1.219      0.788     -0.063     -0.153      0.149
1822.0000     -3928.966    -3954.388       25.422   322.4      0.201      0.429      0.044      0.061     -0.177      0.063
1822.2500     -3929.077    -3955.122       26.045   330.3      0.800      0.511      0.201      0.261     -0.086      0.242
1822.5000     -3928.613    -3955.105       26.492   336.0      0.383      1.178      0.328      0.146      0.228      0.114
1822.7500     -3930.997    -3954.851       23.854   302.5      1.070      1.138      0.746      0.053     -0.019      0.049
1823.0000     -3929.383    -3955.793       26.410   335.0      0.425      1.239      0.419      0.076      0.233      0.124
1823.2500     -3929.298    -3955.607       26.310   333.7      0.173      0.756     -0.365      0.048      0.195     -0.072
1823.5000     -3928.730    -3955.392       26.662   338.1      1.001      1.147      0.203      0.224      0.314      0.094
1823.7500     -3928.407    -3954.840       26.433   335.2      1.058      0.729      0.765     -0.188      0.221     -0.101
1824.0000     -3928.783    -3954.582       25.799   327.2      0.655      0.592      0.486      0.120     -0.375      0.064
1824.2500     -3929.461    -3955.878       26.417   335.0      0.553      0.508      0.416      0.239     -0.110     -0.036
1824.5000     -3930.439    -3956.020       25.581   324.4      0.665      0.693      0.326     -0.172      0.140     -0.005
1824.7500     -3930.100    -3956.792       26.691   338.5      0.521      1.075      0.140     -0.102     -0.114      0.033
1825.0000     -3931.305    -3956.250       24.946   316.4      0.358      1.016      0.185     -0.129      0.014      0.303
1825.2500     -3930.550    -3956.842       26.292   333.4      0.471      1.305      1.200      0.018     -0.090     -0.122
1825.5000     -3930.236    -3956.263       26.026   330.1      0.429      1.299      1.005     -0.011     -0.362      0.148
1825.7500     -3929.523    -3955.065       25.541   323.9      0.465      0.733      0.613      0.090     -0.228     -0.052
1826.0000     -3929.949    -3955.164       25.214   319.8      0.816      0.791      0.550      0.195      0.188      0.272
1826.2500     -3930.701    -3957.355       26.654   338.0      0.649      0.953      0.890     -0.153      0.080     -0.043
1826.5000     -3930.669    -3957.586       26.917   341.4      0.503      0.664      0.153      0.161      0.284     -0.196
1826.7500     -3933.787    -3957.491       23.704   300.6      0.830      0.881      0.587     -0.147     -0.105     -0.164
1827.0000     -3932.914    -3957.264       24.350   308.8      1.135      1.399      0.682     -0.058     -0.345     -0.243
1827.2500     -3931.908    -3958.033       26.124   331.3      0.582      0.532     -0.181      0.208     -0.117     -0.168
1827.5000     -3932.382    -3956.716       24.333   308.6      0.608      1.321      0.873     -0.258     -0.142     -0.146
1827.7500     -3931.709    -3957.615       25.906   328.6      0.874      0.518     -0.178     -0.051     -0.070     -0.477
1828.0000     -3931.472    -3956.807       25.335   321.3      0.060      0.655     -0.182      0.197     -0.181     -0.024
1828.2500     -3933.735    -3957.882       24.148   306.3      0.808      0.823      0.647      0.017      0.136      0.245
1828.5000     -3933.549    -3960.070       26.522   336.4      0.553      0.784      0.178      0.076     -0.277      0.013
1828.7500     -3932.686    -3958.460       25.774   326.9      0.527      1.043      0.358      0.018      0.402     -0.077
1829.0000     -3934.114    -3959.508       25.394   322.1      0.588      0.939     -0.102     -0.464     -0.176      0.180
1829.2500     -3932.226    -3956.854       24.628   312.3      1.197      0.905      0.226      0.140     -0.076     -0.052
1829.5000     -3930.545    -3956.933       26.388   334.7      1.059      1.548      0.502      0.130     -0.061      0.255
1829.7500     -3929.539    -3956.769       27.229   345.3      0.790      0.926      0.525      0.163     -0.086      0.149
1830.0000     -3929.937    -3956.292       26.356   334.3      0.240      0.450      0.235     -0.058     -0.127      0.004
1830.2500     -3930.148    -3957.174       27.027   342.8      0.841      1.451      0.242      0.128     -0.012      0.051
1830.5000     -3930.568    -3956.528       25.960   329.2      0.538      0.690     -0.247     -0.269      0.043     -0.040
1830.7500     -3931.367    -3956.903       25.536   323.9      0.909      0.844      0.300      0.409      0.236     -0.038
1831.0000     -3932.733    -3959.236       26.503   336.1      0.409      0.839      0.393      0.126      0.242      0.195
1831.2500     -3932.158    -3959.093       26.935   341.6      0.578      0.914      0.149      0.238     -0.033      0.277
1831.5000     -3930.691    -3956.579       25.887   328.3      0.900      1.149     -0.173      0.118      0.181      0.062
1831.7500     -3931.772    -3957.196       25.424   322.4      0.979      0.576      0.627      0.023      0.011     -0.071
1832.0000     -3931.931    -3957.327       25.397   322.1      0.350      0.105     -0.503     -0.175      0.080      0.266
1832.2500     -3930.393    -3956.515       26.122   331.3      0.420      0.542      0.350     -0.356     -0.043     -0.253
1832.5000     -3931.146    -3955.649       24.504   310.8      0.662      0.327      0.283      0.201     -0.054     -0.052
1832.7500     -3929.741    -3955.169       25.428   322.5      1.231      1.466      1.143     -0.160     -0.832      0.014
1833.0000     -3929.948    -3956.796       26.848   340.5      0.545      1.166      0.265     -0.177     -0.079     -0.009
1833.2500     -3930.144    -3956.271       26.126   331.3      0.399      0.372      0.291     -0.085      0.474      0.344
1833.5000     -3930.486    -3957.283       26.797   339.9      0.533      1.279      0.077     -0.025      0.561      0.195
1833.7500     -3931.420    -3957.762       26.342   334.1      0.845      0.589      0.032      0.025      0.279      0.062
1834.0000     -3931.245    -3957.298       26.053   330.4      0.735      0.610      0.520     -0.212      0.068     -0.159
1834.2500     -3931.862    -3957.313       25.451   322.8      0.763      1.057      0.064     -0.364     -0.455     -0.087
1834.5000     -3931.821    -3957.292       25.471   323.0      0.278      0.548     -0.075      0.047      0.059     -0.040
1834.7500     -3931.010    -3957.104       26.094   330.9      0.487      0.699      0.371      0.068      0.113     -0.021
1835.0000     -3931.138    -3956.413       25.275   320.5      1.240      1.248      0.468     -0.149      0.460      0.426
1835.2500     -3929.859    -3956.025       26.166   331.9      0.321      0.545     -0.379     -0.026      0.224     -0.151
1835.5000     -3929.580    -3955.959       26.379   334.6      1.177      0.804      0.365      0.108      0.243     -0.116
1835.7500     -3928.691    -3955.744       27.053   343.1      0.941      0.981      0.707      0.164      0.060      0.231
1836.0000     -3928.311    -3955.394       27.082   343.5      0.253      0.635      0.152     -0.116      0.133     -0.004
1836.2500     -3930.270    -3955.814       25.544   324.0      0.519      1.151      0.777     -0.002      0.192     -0.124
1836.5000     -3930.320    -3955.318       24.997   317.0      0.436      0.676      0.082     -0.360      0.398     -0.009
1836.7500     -3932.219    -3957.510       25.291   320.8      0.323      0.794      0.322     -0.275      0.160     -0.373
1837.0000     -3932.101    -3958.920       26.820   340.1      0.535      0.534      0.034      0.124      0.519      0.045
1837.2500     -3930.708    -3955.501       24.793   314.4      0.005      0.292     -0.000     -0.015      0.254     -0.109
1837.5000     -3930.034    -3955.867       25.833   327.6      0.616      1.022     -0.053     -0.078      0.019      0.194
1837.7500     -3930.457    -3955.115       24.658   312.7      0.532      1.078      0.022     -0.170     -0.288     -0.084
1838.0000     -3930.502    -3955.903       25.401   322.2      0.631      0.930      0.795      0.109      0.283      0.213
1838.2500     -3928.479    -3954.903       26.423   335.1      0.508      0.837      0.408     -0.070      0.012     -0.063
1838.5000     -3928.532    -3955.476       26.944   341.7      0.543      0.260      0.669     -0.057      0.348      0.135
1838.7500     -3930.384    -3957.643       27.259   345.7      0.270      1.074      0.268      0.045      0.180      0.126
1839.0000     -3929.608    -3956.190       26.582   337.1      0.372      0.468     -0.078     -0.377      0.033     -0.216
1839.2500     -3929.495    -3957.349       27.854   353.3      0.389      0.207     -0.169     -0.074      0.167     -0.062
1839.5000     -3928.288    -3955.992       27.704   351.4      0.907      0.619      0.009     -0.066      0.134     -0.012
1839.7500     -3931.451    -3957.410       25.958   329.2      1.132      1.041      0.129     -0.330      0.508      0.204
1840.0000     -3931.553    -3956.967       25.414   322.3      0.446      0.962     -0.113      0.075     -0.086      0.044
1840.2500     -3932.428    -3957.836       25.409   322.2      0.788      0.994      0.388     -0.113      0.068     -0.085
1840.5000     -3933.716    -3958.594       24.878   315.5      1.267      1.044      0.627     -0.086     -0.019     -0.122
1840.7500     -3931.631    -3957.912       26.281   333.3      0.635      0.636      0.341     -0.066      0.165      0.009
1841.0000     -3933.667    -3959.444       25.777   326.9      1.021      0.922      0.415     -0.114      0.157      0.144
1841.2500     -3932.127    -3957.787       25.660   325.4      0.935      0.950      0.342     -0.041      0.132      0.024
1841.5000     -3930.299    -3956.780       26.481   335.8      0.381      1.253     -0.340      0.080     -0.115     -0.068
1841.7500     -3931.825    -3957.691       25.867   328.1      1.044      0.782      0.510      0.203     -0.382     -0.000
1842.0000     -3931.259    -3958.505       27.246   345.6      0.819      0.884     -0.268     -0.053     -0.080     -0.122
1842.2500     -3933.999    -3959.015       25.016   317.3      0.717      0.120     -0.041     -0.309      0.250      0.054
1842.5000     -3933.819    -3957.844       24.025   304.7      0.703      0.785      0.424     -0.278      0.136     -0.075
1842.7500     -3933.998    -3958.782       24.784   314.3      0.659      0.713      0.839      0.236     -0.267     -0.041
1843.0000     -3932.833    -3958.785       25.952   329.1      0.884      0.956      0.751      0.115      0.007     -0.046
1843.2500     -3933.115    -3960.072       26.957   341.9      0.505      0.299      0.052     -0.013     -0.147     -0.111
1843.5000     -3933.160    -3958.951       25.791   327.1      0.489      0.732      0.251      0.028      0.206     -0.287
1843.7500     -3934.186    -3961.362       27.176   344.7      0.965      1.429      0.413     -0.054     -0.060     -0.229
1844.0000     -3933.630    -3957.773       24.143   306.2      0.782      0.907      0.679      0.117      0.005      0.033
1844.2500     -3931.657    -3958.746       27.089   343.6      0.902      1.204      0.233      0.000     -0.383     -0.191
1844.5000     -3931.120    -3957.395       26.275   333.2      0.596      0.893      0.261      0.207     -0.133      0.116
1844.7500     -3930.715    -3956.248       25.533   323.8      0.999      0.887      0.605     -0.065      0.294     -0.105
1845.0000     -3930.186    -3957.400       27.214   345.1      1.108      0.765      0.436     -0.008      0.347      0.159
1845.2500     -3931.460    -3957.780       26.320   333.8      0.620      0.795      0.426      0.198     -0.153     -0.060
