Time[ps]      Etot[eV]     Epot[eV]     Ekin[eV]    T[K]      ---------------------- stress [GPa] -----------------------
0.0000        -1005.552    -1015.900       10.348   414.8      1.268      0.398      0.574     -0.549     -0.274      0.140
0.2000        -1006.036    -1015.169        9.133   366.1      1.246      0.444      1.202      0.219     -0.410     -0.654
0.4000        -1003.948    -1013.806        9.859   395.2      0.449      0.960      1.073      0.223     -0.105     -0.193
0.6000        -1003.698    -1013.215        9.517   381.5      0.712     -0.422      0.940      0.302      0.015     -0.836
0.8000        -1004.193    -1013.467        9.274   371.8      0.335     -0.149     -0.351      0.394      0.341      0.346
1.0000        -1002.820    -1013.021       10.200   408.9      0.383      0.346      0.305     -0.303     -0.275     -0.333
1.2000        -1003.736    -1013.635        9.899   396.8      0.940      0.124      0.658      0.059      0.197      0.067
1.4000        -1003.910    -1014.092       10.182   408.1      0.315      0.543      0.147      0.779     -0.096      0.039
1.6000        -1003.984    -1013.255        9.272   371.7      0.008      0.541      0.539     -0.247      0.186     -0.550
1.8000        -1003.324    -1013.851       10.527   422.0     -0.390      0.995      0.481     -0.101     -0.185     -0.017
2.0000        -1002.819    -1012.664        9.845   394.6     -0.039      0.228      0.092      0.480     -0.092     -0.415
2.2000        -1003.322    -1012.293        8.971   359.6      1.068      0.553      1.018     -0.142     -0.008      0.418
2.4000        -1003.628    -1013.242        9.614   385.4      0.387     -0.392     -0.695      0.659      0.036     -0.436
2.6000        -1002.415    -1012.349        9.933   398.2      0.128     -0.756      1.352     -0.413      0.009     -1.071
2.8000        -1002.575    -1012.034        9.459   379.1      0.635     -0.334      1.495     -0.637     -0.431     -0.150
3.0000        -1002.722    -1012.691        9.969   399.6     -0.726     -0.438      0.241      0.602      0.167      0.057
3.2000        -1002.585    -1012.488        9.903   397.0      0.099      1.208      0.141      0.813      0.149     -0.439
3.4000        -1002.738    -1013.500       10.762   431.4      0.430      0.660     -0.131     -0.093      0.526     -0.422
3.6000        -1002.238    -1012.213        9.975   399.8      0.359      0.317      0.669      0.565     -0.187      0.347
3.8000        -1001.555    -1012.198       10.643   426.6      0.764      0.896      0.689     -0.253      0.469     -0.082
4.0000        -1001.208    -1011.365       10.158   407.2      0.773     -0.141     -0.672      0.661      0.245      0.457
4.2000        -1001.157    -1011.546       10.389   416.4      1.756      0.937      0.942     -0.924     -0.205      0.020
4.4000        -1001.239    -1011.578       10.339   414.4     -0.042     -0.597      0.545     -0.207      0.205      0.887
4.6000        -1000.638    -1011.717       11.079   444.1     -0.653      0.298     -0.048     -0.262     -0.270      0.513
4.8000        -1001.049    -1011.831       10.782   432.2      1.636      0.906      0.450      0.133      0.210     -0.132
5.0000        -1000.833    -1011.166       10.333   414.2      0.653      0.223      0.180      0.251      0.046      0.028
5.2000        -1001.048    -1011.365       10.317   413.6      1.061      0.757      0.830     -0.410      0.017     -0.083
5.4000        -1001.382    -1011.125        9.743   390.5      0.092     -0.450      1.037     -0.359     -0.357     -0.071
5.6000        -1003.509    -1012.302        8.793   352.5     -0.208     -0.124      0.204      0.094      0.115      0.310
5.8000        -1002.556    -1012.976       10.420   417.7      0.175      0.825     -0.045     -0.347      0.010      0.475
6.0000        -1002.932    -1012.353        9.421   377.6      0.451      0.839      0.304      0.069     -0.255      0.212
6.2000        -1002.459    -1012.915       10.456   419.1      0.318      0.955      1.733     -0.790     -0.403      0.193
6.4000        -1001.714    -1012.218       10.504   421.1      0.631      0.910      0.167      0.061     -0.150      0.291
6.6000        -1003.335    -1012.596        9.261   371.2     -0.087      0.426      1.002      0.257     -0.740      0.056
6.8000        -1002.485    -1011.788        9.303   372.9      1.195      0.782      0.445      0.558      0.003     -0.083
7.0000        -1003.153    -1012.328        9.176   367.8     -0.179      0.814     -0.205     -0.094      0.309      0.620
7.2000        -1002.233    -1012.448       10.215   409.5      1.185      0.620      0.126      0.118     -0.089      0.399
7.4000        -1001.834    -1011.339        9.505   381.0      0.461      0.917     -0.077     -0.222     -0.134     -0.315
7.6000        -1001.297    -1011.712       10.415   417.5     -0.752     -0.439      0.759     -0.104     -0.495     -0.663
7.8000        -1001.335    -1012.459       11.123   445.9     -0.822      0.006     -0.411      0.325      0.046      0.650
8.0000        -1001.207    -1011.994       10.787   432.4     -0.185      0.482     -0.156     -0.243      0.484      0.103
8.2000        -1002.575    -1011.976        9.401   376.8      0.145     -0.220     -0.207      0.105      0.313     -0.437
8.4000        -1001.830    -1011.898       10.068   403.6      0.313     -0.424      0.100     -0.261      0.337     -0.556
8.6000        -1001.821    -1011.622        9.802   392.9      0.848      0.751      0.444     -0.111      0.857     -0.294
8.8000        -1001.824    -1011.773        9.949   398.8     -0.935     -0.143      0.485     -0.162     -0.379     -0.492
9.0000        -1001.965    -1011.421        9.456   379.0      1.660      0.420      0.878     -0.720      0.091     -0.572
9.2000        -1001.580    -1010.895        9.315   373.4      0.135     -1.280      0.186     -0.320      0.802     -0.228
9.4000        -1000.629    -1011.303       10.674   427.9     -0.330      0.090      0.177     -0.028      0.836     -0.314
9.6000        -1000.555    -1010.436        9.881   396.1      0.407     -0.282      0.733      0.059      0.196      0.133
9.8000         -999.527    -1011.133       11.606   465.2      1.179      0.869      2.067      0.127     -0.081      0.131
10.0000       -1000.146    -1009.944        9.798   392.8     -0.004      0.011      0.859      0.277      0.199     -0.136
10.2000       -1000.392    -1010.023        9.631   386.1     -0.277      0.088      0.342      0.306      0.243      0.121
10.4000        -999.942    -1010.461       10.518   421.6      1.128      0.165      0.029      0.403     -0.306     -0.461
10.6000       -1000.599    -1011.167       10.569   423.6     -0.418     -0.068     -0.047      0.052     -0.069      0.074
10.8000       -1001.016    -1011.123       10.106   405.1     -0.082      0.242      1.710      0.078      0.544     -0.304
11.0000       -1001.688    -1011.446        9.758   391.2     -0.802     -0.487      0.213      0.363      0.645      0.456
11.2000       -1001.961    -1011.208        9.247   370.7      0.381      0.348      0.640     -0.240     -0.486      0.109
11.4000       -1002.782    -1012.828       10.047   402.7     -0.047      0.498     -0.177      0.206      0.268     -0.434
11.6000       -1002.382    -1012.061        9.679   388.0      0.447     -0.322      0.603      0.197     -0.174      0.454
11.8000       -1001.476    -1010.959        9.483   380.1      0.697      0.235     -0.201     -0.460      0.058     -0.221
12.0000       -1001.230    -1012.139       10.908   437.3      0.544      0.554      0.382      0.118     -0.035      0.428
12.2000       -1003.170    -1012.518        9.348   374.7      1.739      0.353      0.684      0.579      0.118     -0.069
12.4000       -1003.015    -1012.405        9.389   376.4      0.768      0.418     -0.149      0.235     -0.123     -0.124
12.6000       -1002.210    -1012.028        9.818   393.6      0.590      0.912      0.527      0.680     -0.247      0.251
12.8000       -1002.346    -1012.334        9.987   400.3     -0.297      0.689      0.077     -0.000     -0.543     -0.487
13.0000       -1001.847    -1012.108       10.261   411.3      0.770     -0.084      0.159      0.042      0.041     -0.447
13.2000       -1002.318    -1012.460       10.143   406.6      1.664      0.049      0.281      0.363     -0.159     -0.606
13.4000       -1002.628    -1012.651       10.023   401.8      1.449      0.882      0.547     -0.378     -0.166      0.369
13.6000       -1002.414    -1012.343        9.929   398.0      0.350      0.759      0.052     -0.332      0.335     -0.135
13.8000       -1003.170    -1012.311        9.141   366.4      1.418      0.047      0.217      0.657      0.304      0.061
14.0000       -1002.477    -1012.306        9.829   394.0      1.020     -0.641      0.883      0.148     -0.281      0.456
14.2000       -1002.035    -1012.213       10.178   408.0      0.726      0.422      0.500     -0.415      0.292     -0.241
14.4000       -1002.625    -1011.901        9.276   371.8      0.065     -0.549      0.629      0.321      0.047     -0.139
14.6000       -1001.553    -1011.224        9.671   387.7     -0.103      1.821      0.651     -0.317     -0.527     -0.927
14.8000       -1001.762    -1011.411        9.648   386.7      0.915      1.398      0.870     -0.290      0.371      0.690
15.0000       -1001.537    -1011.809       10.272   411.8      0.257      0.888      1.591      0.237      0.324      0.132
15.2000       -1001.483    -1011.913       10.431   418.1      0.584      0.756      0.788     -0.052     -0.228      0.372
15.4000       -1000.467    -1010.488       10.021   401.7      1.016      0.842      1.336      0.174     -0.024      0.298
15.6000       -1000.353    -1011.049       10.697   428.8      0.626     -0.039     -0.825      0.325      0.343     -0.214
15.8000       -1001.283    -1011.309       10.026   401.9      0.531      0.066      0.191      0.057      0.272      0.033
16.0000       -1001.890    -1011.873        9.983   400.2     -0.420     -0.100      0.930     -0.105      0.105      0.123
16.2000       -1001.931    -1011.612        9.681   388.1     -0.079     -0.537     -1.885      0.007      0.257      0.099
16.4000       -1002.333    -1011.885        9.553   382.9      0.110     -0.005     -0.211     -0.124     -0.086      0.816
16.6000       -1001.618    -1011.478        9.860   395.2     -0.530     -0.309      0.659     -0.170     -0.370      0.099
16.8000       -1001.988    -1011.559        9.571   383.7      0.088      0.596     -0.025      0.831     -0.095      0.601
17.0000       -1001.295    -1011.418       10.124   405.8      1.187      0.497      0.327      0.519     -0.253     -0.642
17.2000       -1001.245    -1011.495       10.250   410.9      0.290      0.795      0.872      0.223      0.355     -0.121
17.4000       -1001.239    -1010.747        9.508   381.1      0.854      0.182      0.234     -0.434     -0.271      0.077
17.6000       -1001.346    -1011.567       10.221   409.7      0.579      0.063      1.476      0.838      0.271     -0.380
17.8000       -1000.592    -1010.301        9.709   389.2      0.944      0.306      0.908      0.258      0.102     -0.325
18.0000       -1000.515    -1010.345        9.830   394.0      2.190      1.257      0.234     -0.449     -0.122     -0.856
18.2000       -1000.016    -1011.362       11.346   454.8      0.357     -0.219      0.453     -0.053      0.378      0.222
18.4000        -999.771    -1011.217       11.446   458.8      0.001      0.024     -0.404     -0.497      0.222     -0.007
18.6000       -1000.477    -1010.154        9.678   387.9     -0.909     -0.153      0.265     -0.747     -0.031      0.506
18.8000       -1001.436    -1011.128        9.692   388.5      0.709      0.968      0.553      0.214     -0.640      0.141
19.0000       -1001.174    -1011.683       10.509   421.2     -0.824     -0.197     -0.340      0.304     -0.356      0.299
19.2000       -1001.878    -1011.380        9.502   380.9      0.313      0.169      0.004     -0.124     -0.261      0.372
19.4000       -1002.462    -1012.371        9.909   397.2     -0.127      0.515      0.464     -0.179     -0.007     -0.223
19.6000       -1001.410    -1011.648       10.238   410.4     -0.259      0.090      0.628      0.195      0.151     -0.071
19.8000       -1001.302    -1010.717        9.415   377.4      1.538      0.834      0.864      0.333     -0.253      0.011
20.0000       -1000.896    -1010.928       10.032   402.1      0.828     -0.439      0.246     -0.207      0.343     -0.152
20.2000       -1000.252    -1011.276       11.023   441.9     -0.228     -0.337      0.794     -0.406      0.244     -0.013
20.4000       -1002.411    -1011.419        9.008   361.1     -0.125     -0.206     -0.117      0.086     -0.172     -0.352
20.6000       -1002.313    -1012.300        9.987   400.3     -0.152     -0.686     -0.380      0.334      0.413      0.667
20.8000       -1003.048    -1012.857        9.810   393.2      0.020     -0.407     -1.534     -0.110      0.304      0.298
21.0000       -1002.437    -1011.769        9.332   374.1      0.406      0.221      0.997      0.826      0.265     -0.064
21.2000       -1001.987    -1011.067        9.079   363.9      0.323     -0.239      0.125     -0.381      0.860     -0.710
21.4000       -1002.159    -1011.339        9.180   368.0      0.103      1.614      0.204     -0.215     -0.267     -0.360
21.6000       -1002.253    -1012.047        9.794   392.6      0.102      0.711      0.605     -0.177     -0.367     -0.609
21.8000       -1002.104    -1012.281       10.177   407.9     -0.484      0.251      0.159      0.127      0.597      0.525
22.0000       -1001.489    -1012.317       10.828   434.0     -0.611      0.074      0.960     -0.189     -0.059      0.933
22.2000       -1001.065    -1011.237       10.172   407.7      0.111     -0.203      0.370     -1.213      0.432     -0.874
22.4000       -1001.162    -1011.387       10.225   409.9     -0.081     -0.193      0.684     -0.018     -0.624     -0.198
22.6000       -1001.575    -1011.378        9.803   393.0      1.690      1.076     -0.219      0.226      0.039     -0.120
22.8000       -1001.088    -1011.308       10.220   409.6      1.006     -0.020      2.036     -0.462      0.071     -0.586
23.0000       -1002.051    -1011.542        9.491   380.4      0.541      0.875      1.067     -0.125     -0.250     -0.038
23.2000       -1002.061    -1012.826       10.765   431.5     -0.023      0.771     -0.105      0.495     -0.429      0.177
23.4000       -1001.756    -1012.782       11.027   442.0      0.096     -0.521      0.272      0.610      0.094     -0.330
23.6000       -1001.768    -1012.163       10.395   416.7      0.099     -0.150      0.489      0.240     -0.081      0.716
23.8000       -1002.209    -1012.348       10.139   406.4      0.228     -0.595      0.006      0.346     -0.332      1.005
24.0000       -1003.806    -1012.439        8.633   346.1     -0.759     -1.360     -1.103     -0.361     -0.421      0.862
24.2000       -1001.817    -1011.569        9.752   390.9     -0.083      0.873     -0.511      0.131     -0.103     -0.099
24.4000       -1001.849    -1011.331        9.483   380.1      0.829      0.176      0.972     -0.275      0.139     -0.261
24.6000       -1001.817    -1011.985       10.168   407.6      0.035      0.270     -0.667      0.491     -0.220      0.135
24.8000       -1000.794    -1011.320       10.525   421.9      0.447      0.064     -0.572     -0.156     -0.157      0.171
25.0000       -1001.113    -1011.058        9.945   398.6      0.267      1.014      0.244      0.590      0.284     -0.420
25.2000       -1001.813    -1011.413        9.600   384.8      1.178      0.241      0.435     -0.374      0.127      0.081
25.4000       -1001.489    -1011.586       10.097   404.8      0.180      0.802      1.092      0.222     -0.545      0.639
25.6000       -1001.885    -1011.726        9.841   394.5     -0.859      0.393     -0.160     -0.419      0.132     -0.271
25.8000       -1002.655    -1012.481        9.826   393.9      0.245      0.065     -0.267     -0.137      0.005     -0.541
26.0000       -1002.579    -1011.831        9.253   370.9     -0.357     -0.390      0.276     -0.029     -0.036      0.823
26.2000       -1002.283    -1011.926        9.643   386.6     -0.660      0.235      0.242      0.204      0.496     -0.224
26.4000       -1002.382    -1011.506        9.124   365.7      0.820      0.232     -0.147      0.497      0.284      0.023
26.6000       -1002.382    -1011.489        9.107   365.0      0.095     -0.862      0.091     -0.475      0.320      0.307
26.8000       -1002.108    -1011.365        9.257   371.0     -0.149      0.253     -0.204      0.077      0.816     -0.742
27.0000       -1002.204    -1011.984        9.780   392.0     -0.221      0.501      0.233      0.819     -0.052     -0.596
27.2000       -1002.313    -1012.346       10.033   402.2      0.423      0.715      1.066     -0.063     -0.017     -0.890
27.4000       -1002.134    -1012.247       10.112   405.3      0.004     -0.322      0.101     -0.409     -0.511     -0.060
27.6000       -1001.351    -1011.346        9.995   400.6      0.402      0.593      0.055      0.101     -0.479      0.235
27.8000       -1001.308    -1011.010        9.703   388.9      0.209      0.081      0.021      0.245      0.428      0.211
28.0000       -1002.552    -1012.296        9.744   390.6      0.125     -0.346     -0.351     -0.208      0.005      0.343
28.2000       -1002.394    -1012.144        9.750   390.8      0.735      0.396     -0.336      0.104      0.104     -0.330
28.4000       -1002.017    -1011.995        9.978   400.0      0.582      0.841      0.214     -0.573     -0.384      0.185
28.6000       -1002.008    -1011.093        9.085   364.2      0.106     -0.382      0.859     -0.365      0.094     -0.199
28.8000       -1000.285    -1011.100       10.815   433.5      0.495      0.337      0.552      0.553      0.308     -0.432
29.0000       -1001.186    -1011.958       10.773   431.8      0.415      1.000      0.938     -0.473      0.249      0.403
29.2000       -1001.750    -1010.964        9.214   369.3      1.078      0.289      0.380      0.562     -0.608      0.248
29.4000       -1001.305    -1011.136        9.831   394.1     -0.311     -0.257     -0.806     -0.317      0.372     -0.130
29.6000       -1001.943    -1011.570        9.626   385.9     -0.832     -0.167      0.196     -0.630      0.176      0.571
29.8000       -1001.977    -1011.868        9.890   396.5     -0.152      0.877     -0.581     -0.404      0.430     -0.225
30.0000       -1002.105    -1011.724        9.619   385.6     -1.070     -0.368     -0.796      0.365      1.214     -0.141
30.2000       -1002.498    -1012.713       10.215   409.5     -0.008      0.877      0.195      0.226      0.604      0.348
30.4000       -1002.647    -1012.444        9.797   392.7      0.315      1.406      0.757      0.596      0.268     -0.445
30.6000       -1003.031    -1012.766        9.735   390.2      0.262      0.301      0.498      0.296     -0.843     -0.430
30.8000       -1002.776    -1011.344        8.568   343.4      1.321      1.067      0.798      0.401      0.164     -0.079
31.0000       -1002.269    -1011.773        9.504   381.0      1.074      1.027      0.726      0.627      0.346      0.407
31.2000       -1001.888    -1011.310        9.422   377.7      0.371     -0.646     -0.177      0.622     -0.371     -0.418
31.4000       -1000.327    -1010.888       10.560   423.3      0.071     -0.420     -0.010     -0.547      0.139     -0.092
31.6000       -1001.494    -1010.904        9.409   377.2      0.466      2.249     -0.683      0.320      0.115     -0.359
31.8000       -1001.496    -1011.754       10.258   411.2     -0.491     -0.782     -0.419     -0.399     -0.499     -0.200
32.0000       -1001.413    -1010.852        9.439   378.4      0.003      0.259      0.152      0.065      0.105      0.584
32.2000        -999.805    -1010.243       10.438   418.4     -0.591      0.780     -0.228     -0.333      0.195      0.533
32.4000       -1001.224    -1011.451       10.226   409.9      0.593      0.095      0.708      0.220     -0.024      0.019
32.6000       -1001.714    -1010.948        9.234   370.1      0.782     -0.244      0.571      0.524      0.282     -0.403
32.8000       -1002.460    -1011.158        8.698   348.6      0.029     -0.182     -0.136      0.627      0.067     -0.152
33.0000       -1001.567    -1011.638       10.071   403.7      0.792     -0.646     -0.133      0.075      0.238     -0.621
33.2000       -1000.779    -1010.372        9.593   384.5      0.006      1.041      0.580     -0.866      0.241     -0.154
33.4000       -1002.067    -1011.264        9.197   368.7     -0.730     -0.484      0.981      0.099     -0.309     -0.451
33.6000       -1001.285    -1010.933        9.648   386.8      1.627      0.574      1.126     -0.224      0.137      0.290
33.8000       -1001.860    -1012.412       10.552   423.0     -0.347      0.342      0.524     -0.090     -0.550     -0.099
34.0000       -1001.466    -1011.647       10.181   408.1      0.266      1.204      0.503      0.177      0.091     -0.633
34.2000       -1000.952    -1010.961       10.009   401.2      0.074     -0.254      0.591     -0.316      0.207     -0.138
34.4000       -1001.749    -1011.897       10.149   406.8      0.574      0.665      0.616      0.064     -0.176      0.760
34.6000       -1001.095    -1011.560       10.465   419.5     -0.297      0.147      0.611      0.128     -0.196     -0.020
34.8000       -1000.319    -1010.441       10.122   405.7      0.716      0.323      0.853     -0.381      0.272      0.120
35.0000       -1001.293    -1011.811       10.518   421.6     -0.303      0.307     -0.832      0.288     -0.116     -0.310
35.2000       -1002.840    -1012.465        9.625   385.8      0.498     -0.109      0.585     -0.497      0.008     -0.198
35.4000       -1001.960    -1011.692        9.732   390.1      0.320     -0.275      1.005     -0.667      0.248     -0.168
35.6000       -1001.694    -1012.170       10.476   419.9      0.807      0.420      1.322     -0.075      0.484     -0.758
35.8000       -1001.628    -1011.888       10.260   411.3     -0.180      1.059      0.634     -0.413     -0.337      0.226
36.0000       -1000.852    -1011.551       10.699   428.9     -0.653      0.515      0.114     -0.102      0.309      0.317
36.2000       -1001.012    -1010.852        9.840   394.5      1.104      1.081      0.563      0.178     -0.294      0.556
36.4000       -1000.380    -1010.829       10.449   418.9      0.587     -0.753     -0.263     -0.069      0.289     -0.401
36.6000       -1000.757    -1011.351       10.594   424.6     -0.398      0.675      0.837      0.141     -0.611      0.493
36.8000       -1000.267    -1010.292       10.025   401.9     -0.510     -0.051     -0.082     -0.415      0.016      0.317
37.0000       -1000.477    -1010.638       10.161   407.3      0.929      0.691      0.477     -0.207     -0.221      0.603
37.2000       -1000.778    -1011.253       10.475   419.9      1.756      0.735     -0.025     -0.223     -0.085     -0.470
37.4000       -1000.556    -1010.783       10.227   410.0      0.386      0.465      0.440     -0.391     -0.072      0.117
37.6000       -1000.611    -1011.265       10.654   427.1      0.659      0.656      0.451      0.262     -0.298     -0.057
37.8000       -1000.452    -1010.467       10.014   401.4      0.882      0.070      0.771     -0.009     -1.106      0.253
38.0000       -1001.329    -1011.630       10.301   412.9      1.314      0.879     -0.219      0.213     -0.023      0.099
38.2000       -1001.518    -1010.895        9.377   375.9     -0.158      0.041      0.034      0.475      0.108     -0.283
38.4000       -1001.320    -1011.008        9.688   388.3      0.782      0.704      0.290      0.273     -0.458     -0.512
38.6000       -1002.345    -1011.305        8.960   359.2      0.803      0.854      1.251      0.450     -0.455     -0.279
38.8000       -1002.270    -1012.058        9.788   392.3      0.921      0.742      0.778     -0.017     -0.499      0.528
39.0000       -1002.629    -1011.474        8.845   354.6      0.755      0.105     -0.081      0.094     -0.026      0.312
39.2000       -1003.090    -1012.567        9.477   379.9      1.013      0.026      0.130      0.182      0.110     -0.263
39.4000       -1003.338    -1012.233        8.895   356.6      0.061      0.476      1.083      0.467      0.148      0.215
39.6000       -1002.520    -1011.579        9.058   363.1      1.010      0.782      0.678     -0.005      0.448      0.114
39.8000       -1002.413    -1012.292        9.879   396.0      0.286      0.683      0.521     -0.218      0.478      0.032
40.0000       -1002.297    -1011.690        9.393   376.5      1.120     -0.013      0.058     -0.128     -0.001      0.215
40.2000       -1003.363    -1012.539        9.176   367.8     -0.077     -0.699      0.266     -0.207      0.042      0.202
40.4000       -1002.230    -1011.727        9.498   380.7     -0.041     -0.200      1.241      0.028     -0.350      0.074
40.6000       -1001.677    -1012.192       10.515   421.5      0.391     -0.372     -0.734     -0.747      0.359     -0.782
40.8000       -1001.234    -1011.350       10.116   405.5      0.726      0.337      0.294     -0.141     -0.108      0.623
41.0000       -1001.294    -1010.581        9.287   372.3     -0.101      0.496      0.154      0.045      0.202     -0.382
41.2000       -1001.354    -1011.238        9.884   396.2      0.159      0.520      1.031      0.068     -0.042     -0.382
41.4000       -1001.232    -1011.195        9.963   399.4     -0.155      1.333      0.350      0.421      0.189      0.062
41.6000       -1000.339    -1010.486       10.147   406.7     -0.595     -0.723     -0.776      0.288      0.258     -0.073
41.8000        -999.691    -1010.007       10.316   413.5     -0.131     -0.044      0.175      0.102     -0.089      0.028
42.0000        -999.951    -1010.714       10.763   431.4     -0.752     -0.098     -0.149     -0.323      0.472      0.159
42.2000       -1000.194    -1010.432       10.238   410.4      0.595      1.243     -0.708     -0.534     -0.011      0.078
42.4000        -999.263    -1009.771       10.507   421.2      0.552      0.481      1.232      0.133     -0.240     -0.070
42.6000        -998.521    -1010.040       11.519   461.7     -0.396      0.688     -0.099     -0.070      0.123     -0.196
42.8000        -999.505    -1010.305       10.800   432.9     -0.168      0.688      0.430     -0.108     -0.312     -0.191
43.0000        -999.609    -1010.026       10.417   417.6      0.798      0.223     -0.275     -0.062     -0.286      0.039
43.2000        -999.720    -1010.669       10.949   438.9     -0.062      1.038      0.403     -0.657     -0.055      0.688
43.4000       -1000.677    -1010.983       10.306   413.1      0.152      0.242     -0.193      0.099     -0.242     -0.538
43.6000       -1000.846    -1011.005       10.159   407.2      1.216      1.324      1.090     -0.037     -0.335      0.028
43.8000       -1000.897    -1011.077       10.180   408.1     -0.039      0.414     -0.154      0.135     -0.091     -0.206
44.0000       -1001.948    -1010.576        8.627   345.8      0.077      1.061      0.032     -0.532      0.180     -0.309
44.2000       -1001.981    -1012.879       10.897   436.8      0.938     -0.516      0.306     -0.255      0.258     -0.058
44.4000       -1002.148    -1011.503        9.355   375.0      0.670      0.307      0.193     -0.213     -0.225      0.715
44.6000       -1002.568    -1011.416        8.848   354.7      1.089      1.693      1.750      0.101      0.080      0.461
44.8000       -1002.223    -1012.476       10.253   411.0      0.350      0.756      1.050     -0.744      0.075     -0.199
45.0000       -1002.161    -1011.980        9.819   393.6      0.019      1.734      0.376     -0.217      0.244     -0.015
45.2000       -1002.724    -1011.099        8.375   335.7      0.095      0.754      1.058      0.264      0.174      0.414
45.4000       -1003.380    -1012.489        9.109   365.1      0.849      0.418      0.623      0.307     -0.217     -0.254
45.6000       -1003.078    -1013.151       10.073   403.8      0.463      0.939     -0.681      0.397      0.714      0.077
45.8000       -1002.604    -1012.541        9.937   398.3      0.057      0.284     -0.004      0.207      0.195      0.053
46.0000       -1002.088    -1012.018        9.929   398.0      0.354     -0.204      1.183     -0.006      0.421     -0.024
46.2000       -1001.771    -1011.252        9.481   380.0      0.970      1.078     -0.303      0.271      0.085      0.944
46.4000       -1002.121    -1012.355       10.234   410.2     -1.026      0.198      0.308     -0.255     -0.481      0.624
46.6000       -1002.206    -1011.913        9.707   389.1      0.765      1.075      0.839     -0.257      0.443     -0.004
46.8000       -1001.923    -1011.432        9.508   381.1     -0.136     -0.491      0.234     -0.253     -0.156      0.329
47.0000       -1001.921    -1011.935       10.014   401.4     -0.067      0.375      2.069      0.071      0.397     -0.412
47.2000       -1001.342    -1012.381       11.039   442.5      0.168     -0.770     -0.184      0.517     -0.283      0.298
47.4000       -1001.210    -1010.714        9.504   381.0      1.795      1.029     -0.114      0.158      0.828      0.724
47.6000       -1000.253    -1010.603       10.350   414.9      0.783      1.229     -0.171      0.044     -0.221      0.767
47.8000       -1000.957    -1011.109       10.153   407.0      0.902      1.169      1.547      0.109     -0.522      0.268
48.0000       -1001.557    -1010.996        9.439   378.4      0.000      0.490      0.679      0.413      0.459     -1.007
48.2000       -1001.830    -1011.996       10.167   407.5     -0.099     -0.294     -0.225      0.506     -0.398      0.129
48.4000       -1002.071    -1011.138        9.067   363.5      0.537      0.191      0.788      0.167     -0.038      0.549
48.6000       -1002.797    -1012.430        9.633   386.1     -0.285     -0.979     -0.450     -0.011     -0.624      0.323
48.8000       -1002.749    -1012.168        9.419   377.6      0.760     -0.248     -1.085      0.128      0.044     -0.509
49.0000       -1001.299    -1011.676       10.376   415.9      0.599     -0.274      0.756      0.197      0.058     -0.173
49.2000       -1000.755    -1011.432       10.677   428.0      0.946      0.374      0.641      0.039      0.182      0.132
49.4000       -1000.525    -1010.627       10.102   405.0      1.113      1.031      0.569     -0.197      0.502     -0.567
49.6000       -1001.415    -1011.493       10.078   404.0      0.336      1.392      0.628     -0.190     -0.691      0.175
49.8000       -1001.275    -1010.935        9.660   387.2      0.014      0.821      0.479     -0.725      0.502     -0.479
50.0000        -999.865    -1009.807        9.942   398.5     -0.329      0.508      0.248      0.147      0.643      0.028
50.2000       -1001.496    -1011.259        9.763   391.3     -0.416     -0.475     -0.451      0.104     -0.414      0.023
50.4000       -1000.621    -1010.790       10.168   407.6      0.239      0.338     -0.029     -0.416     -0.076     -0.466
50.6000        -999.505    -1010.010       10.505   421.1     -0.979      0.518     -0.334      0.346      0.618      0.114
50.8000       -1000.338    -1010.504       10.166   407.5      0.142      0.604      0.715     -0.852      0.205      0.045
51.0000       -1001.770    -1011.106        9.336   374.2      0.301      0.268      1.054     -0.281      0.053     -0.165
51.2000       -1001.416    -1011.419       10.004   401.0     -0.121     -0.526     -0.247     -0.505      0.127      0.506
51.4000       -1000.821    -1010.810        9.989   400.4      0.818      0.111      1.677      0.788     -0.102      0.166
51.6000       -1002.567    -1011.668        9.101   364.8      1.621      0.759     -0.216     -0.249     -0.219     -0.202
51.8000       -1002.031    -1012.092       10.061   403.3      0.048     -0.304      0.368     -0.119      0.061      0.058
52.0000       -1002.281    -1012.237        9.955   399.1      1.089      0.791      0.342     -0.440      0.236     -0.531
52.2000       -1001.792    -1011.153        9.361   375.2      0.520      0.707      0.237      0.324      0.501      0.437
52.4000       -1001.693    -1011.754       10.061   403.3      0.550      0.210      0.080     -0.333      0.168      0.060
52.6000       -1001.756    -1011.551        9.795   392.6      1.331     -0.605      0.914     -0.012     -0.237      0.511
52.8000       -1001.258    -1011.105        9.847   394.7     -0.022     -0.118      0.709      0.836     -0.214     -0.257
53.0000       -1001.926    -1011.158        9.232   370.1      0.528      0.915      0.510     -0.429     -0.297      0.721
53.2000       -1000.110    -1011.449       11.338   454.5      0.696      0.793      0.653     -0.260      0.707     -0.082
53.4000       -1000.063    -1010.727       10.664   427.5      0.966      0.575      0.569     -0.660      0.255      0.253
53.6000       -1001.434    -1011.432        9.998   400.8      1.531      0.367      0.247      0.416      0.195     -0.191
53.8000       -1001.324    -1010.797        9.473   379.7     -0.007     -0.425      0.259      0.283      0.960      0.150
54.0000       -1002.084    -1011.957        9.872   395.7      1.409      0.918      0.872      0.523     -0.234      0.795
54.2000       -1001.419    -1011.001        9.582   384.1      1.292      0.454      0.106      0.303     -0.652     -0.603
54.4000       -1002.241    -1011.972        9.731   390.1      0.814      0.600     -0.041     -0.584      0.421     -0.150
54.6000       -1001.734    -1010.449        8.715   349.3      1.081      0.827     -0.030     -0.216      0.414      0.009
54.8000       -1001.046    -1011.063       10.018   401.5      0.131      0.912      0.985     -0.851     -0.139     -0.505
55.0000       -1000.256    -1011.327       11.071   443.8      0.381      0.374     -0.003     -0.308      0.477      0.127
55.2000       -1001.167    -1011.045        9.878   395.9     -0.315      1.158      0.684      0.404     -0.031      0.579
55.4000       -1001.340    -1010.686        9.345   374.6      0.415      0.449     -0.161     -0.077      0.245     -0.330
55.6000       -1000.292    -1010.414       10.122   405.7      0.947      0.083     -0.542      0.028      0.371      0.162
55.8000       -1001.314    -1011.554       10.241   410.5      0.147      0.952     -0.184      0.058      0.308      0.250
56.0000       -1001.278    -1011.151        9.874   395.8     -0.257     -0.212     -0.296      0.380     -0.136     -0.172
56.2000       -1001.111    -1011.081        9.970   399.6      0.196      0.921      0.674      0.432     -0.532      0.293
56.4000       -1001.475    -1011.384        9.909   397.2      0.777      0.866      1.150      0.027     -0.130     -0.357
56.6000       -1001.277    -1010.787        9.510   381.2      0.778      0.606      0.744      0.076     -0.347      0.456
56.8000       -1002.231    -1011.087        8.856   355.0      0.973      1.226      0.406     -0.447     -0.312     -0.391
57.0000       -1001.630    -1010.782        9.152   366.9      0.117      0.119      1.078     -0.423     -0.191      0.028
57.2000       -1000.807    -1011.066       10.259   411.2      0.287      0.039      0.099     -0.306      0.323      0.067
57.4000       -1000.848    -1010.375        9.527   381.9      0.412     -0.245     -0.103      0.158     -0.252      0.035
57.6000        -999.938    -1010.532       10.594   424.7     -0.419     -0.753     -0.158      0.188     -0.062      0.011
57.8000        -999.481    -1011.040       11.559   463.3      0.914      0.044     -0.338      0.516     -0.198     -0.686
58.0000       -1000.370    -1010.174        9.804   393.0      0.603      0.588      0.501     -0.040     -0.708      0.117
58.2000       -1000.722    -1010.627        9.905   397.0     -0.048     -0.821     -0.905     -0.081      0.611      0.042
58.4000       -1001.889    -1011.237        9.348   374.7      1.196     -0.155      0.240      0.415     -0.117      0.349
58.6000       -1001.656    -1011.957       10.301   412.9      0.284      0.948      0.217     -0.229      0.084      0.279
58.8000       -1001.508    -1010.624        9.116   365.4      0.578      0.161     -0.316     -0.569     -0.314     -0.411
59.0000       -1001.402    -1011.716       10.314   413.4      0.114      0.294     -0.603     -0.211     -0.267      0.428
59.2000       -1000.282    -1011.691       11.409   457.3      0.212      1.062      0.462      0.537      0.253      0.263
59.4000       -1000.471    -1009.610        9.139   366.3     -0.375     -0.098     -0.250     -0.280     -1.067      0.507
59.6000       -1000.003    -1010.859       10.856   435.1      0.576      0.203      0.097      0.403     -0.862     -0.259
59.8000        -999.580    -1009.948       10.368   415.6      0.810     -1.114     -0.504     -1.172      0.426     -0.451
60.0000       -1000.270    -1010.041        9.771   391.7      0.528      0.021     -0.056      0.118      0.144      0.133
60.2000        -999.704    -1009.672        9.967   399.5      0.667     -0.088      0.567      0.517      0.463     -0.312
60.4000       -1001.043    -1010.347        9.304   373.0      0.889     -0.269      0.984      0.072     -0.001      0.190
60.6000        -999.536    -1010.180       10.645   426.7      0.896      0.832     -0.485      0.189     -0.170     -0.049
60.8000       -1000.478    -1010.554       10.076   403.9      0.258      0.086      0.876      0.101     -0.342      0.263
61.0000       -1000.326    -1010.538       10.211   409.3      0.062      0.183     -0.416     -0.458      0.327     -0.152
61.2000       -1001.807    -1010.580        8.773   351.7      0.608      1.485      0.829     -0.140      0.616     -0.111
61.4000       -1002.288    -1010.849        8.561   343.2      0.932      0.284      0.365     -0.241      0.435      0.261
61.6000       -1001.437    -1011.521       10.084   404.2      0.992      0.671      0.392     -0.249     -0.601     -0.371
61.8000       -1000.310    -1011.105       10.796   432.7      0.302     -0.245      0.330      0.504     -0.016      0.000
62.0000       -1001.230    -1010.907        9.677   387.9      0.663      0.877      1.014     -0.218     -0.007     -0.724
62.2000       -1000.358    -1011.193       10.835   434.3      0.224      0.332      0.725      0.142      0.056     -0.254
62.4000        -998.992    -1009.545       10.553   423.0     -0.011     -0.127     -0.580     -0.018     -0.165      0.382
62.6000        -999.972    -1009.977       10.005   401.0      0.919      1.950      0.973     -0.081     -0.001     -0.274
62.8000       -1000.017    -1010.924       10.907   437.2     -0.235      0.253     -0.373      0.286      0.084     -0.439
63.0000       -1000.900    -1010.321        9.421   377.6      0.008      0.794      0.668      0.205     -0.293     -0.407
63.2000       -1001.659    -1010.848        9.188   368.3     -0.242     -0.545      0.663     -0.371      0.228      0.102
63.4000       -1001.467    -1011.288        9.821   393.7      0.359      0.858      0.119     -0.092      0.147     -0.209
63.6000       -1000.234    -1011.197       10.962   439.4      0.517      0.863      0.356      0.046      0.761      0.406
63.8000       -1001.180    -1011.256       10.076   403.9     -0.170     -0.112      0.339     -0.333      0.494      0.656
64.0000       -1001.176    -1010.550        9.374   375.7      0.612      0.125      0.019      0.098      0.284     -0.024
64.2000       -1000.375    -1009.904        9.529   382.0      1.506      1.406      2.173      0.084     -0.348      0.133
64.4000       -1000.618    -1011.076       10.458   419.2      0.706     -0.055     -0.885      0.150      0.093      0.283
64.6000       -1001.156    -1010.839        9.683   388.1      0.410      0.508     -0.937      0.080      0.446      0.234
64.8000       -1001.539    -1011.991       10.453   419.0      0.584      0.607      0.078      0.129      0.251      0.373
65.0000       -1002.444    -1011.826        9.382   376.1      1.309     -0.258      0.684      0.431     -0.150     -0.339
65.2000       -1001.736    -1011.478        9.742   390.5      0.670      0.237      0.352      0.080      0.197     -0.083
65.4000       -1002.151    -1011.595        9.443   378.5      0.135      0.894      0.708      0.209      0.257      0.341
65.6000       -1002.288    -1011.897        9.608   385.1     -0.769     -0.979     -0.665      0.558     -0.099      0.001
65.8000       -1002.196    -1011.938        9.742   390.5     -0.042     -0.004      0.120      0.804      0.306      0.023
66.0000       -1001.842    -1011.352        9.510   381.2      0.505      0.371      0.415     -0.228      0.423     -0.517
66.2000       -1001.660    -1011.740       10.080   404.1      0.503     -0.525      0.329     -0.043      0.012      0.591
66.4000       -1001.078    -1010.937        9.860   395.2     -0.274     -0.005     -0.100     -0.260      0.106     -0.936
66.6000       -1002.164    -1011.711        9.547   382.7      0.549     -0.181     -0.433      0.514      0.769     -0.238
66.8000       -1001.430    -1010.501        9.071   363.6      1.877      0.805      1.074      0.514      0.813     -0.334
67.0000        -999.854    -1010.476       10.623   425.8     -0.248      0.273     -0.009     -0.217      0.002      0.474
67.2000        -999.667    -1010.493       10.825   433.9      1.102      0.151     -0.226     -0.197      0.431     -0.202
67.4000       -1000.763    -1009.847        9.085   364.2     -0.443      0.385     -0.873     -0.465      0.432     -0.009
67.6000       -1000.470    -1011.313       10.844   434.7     -0.984      0.847      0.537      0.248      0.078     -0.365
67.8000       -1000.950    -1010.693        9.742   390.5      1.486      0.170      0.967     -0.067      0.844      0.242
68.0000       -1000.154    -1010.764       10.610   425.3     -0.271      0.211      0.924      0.734     -0.021     -0.382
68.2000        -999.364    -1009.675       10.311   413.3      0.256      0.732      0.661     -0.794     -0.337     -0.104
68.4000        -999.418    -1010.055       10.637   426.4      0.800      1.363      1.531      0.043     -0.287      0.166
68.6000        -998.243    -1009.940       11.697   468.9     -1.038     -0.313     -0.400      0.159      0.274      0.402
68.8000        -998.715    -1009.657       10.943   438.6      0.295      1.103      0.175      0.206     -0.143     -0.381
69.0000       -1000.462    -1010.739       10.278   412.0      1.148      1.021      0.894     -0.556     -0.651     -0.182
69.2000       -1001.863    -1011.431        9.568   383.5      0.189     -0.654     -0.411     -0.040     -0.277     -0.041
69.4000       -1001.771    -1011.356        9.585   384.2     -0.586     -1.025     -0.775     -0.742      0.369      0.250
69.6000       -1003.270    -1012.509        9.238   370.3      0.682      0.407      0.058      0.158      0.456      0.478
69.8000       -1001.714    -1011.061        9.347   374.7      0.834      1.040      0.624     -0.429     -0.412      0.159
70.0000       -1002.089    -1012.147       10.058   403.2      0.321      1.291      1.207      0.239      0.306     -0.231
70.2000       -1002.828    -1012.521        9.693   388.5     -0.040      1.151      0.950      0.074      0.151     -0.213
70.4000       -1002.959    -1012.057        9.098   364.7      1.490     -0.193      0.555     -0.274      0.043      0.207
70.6000       -1002.372    -1011.722        9.351   374.8      0.736      0.891      0.624     -0.389      0.564      0.114
70.8000       -1002.104    -1011.923        9.819   393.6     -0.595     -0.571     -0.775     -0.567     -0.214     -0.073
71.0000       -1001.404    -1011.166        9.763   391.3     -0.677      0.455      0.353     -0.051     -0.154     -0.105
71.2000       -1001.625    -1012.126       10.501   420.9      0.040      0.826      0.850     -0.382      0.180     -0.106
71.4000       -1001.593    -1011.548        9.955   399.0     -1.381      0.074     -0.112     -0.427      0.312     -0.158
71.6000       -1002.235    -1011.293        9.058   363.1      0.104     -0.831     -0.066      0.093      1.208     -0.385
71.8000       -1003.061    -1012.469        9.408   377.1     -0.247      0.108     -0.545     -0.178     -0.106      0.061
72.0000       -1001.543    -1012.722       11.179   448.1      1.330      0.386      0.009     -0.005     -0.091     -0.558
72.2000       -1002.548    -1011.688        9.141   366.4     -0.243     -1.126     -0.106      0.658     -0.714      0.123
72.4000       -1001.724    -1011.645        9.921   397.7     -1.543      0.626     -0.650     -1.069     -0.878     -0.192
72.6000       -1001.303    -1010.609        9.306   373.0     -0.112      0.465      0.402      0.091      0.145     -0.289
72.8000       -1001.451    -1012.180       10.729   430.1     -0.120     -0.122     -0.092      0.293     -0.531     -0.168
73.0000       -1001.801    -1011.380        9.579   384.0     -0.553     -0.070      0.406      0.408      0.047      0.173
73.2000       -1000.573    -1010.452        9.879   396.0     -0.145      0.361     -0.403     -0.536      0.222      0.508
73.4000        -999.492    -1009.965       10.473   419.8     -0.199      0.583      0.140      0.160     -0.124      0.360
73.6000        -998.738    -1009.996       11.258   451.3      0.900      0.057     -0.811      0.170     -0.031      0.591
73.8000        -999.023    -1010.260       11.237   450.4      0.499      0.664      1.456     -0.162     -0.532      0.268
74.0000       -1000.044    -1010.855       10.811   433.4     -0.082     -0.882     -0.455      0.354      0.600     -0.186
74.2000       -1001.597    -1011.765       10.168   407.6     -0.024      0.672      0.763     -0.477      1.034      0.124
74.4000       -1001.529    -1011.192        9.663   387.3      0.520      0.130     -0.333      0.900      0.049     -0.302
74.6000       -1001.672    -1011.456        9.784   392.2      0.046      0.272      0.968     -0.095     -0.505     -0.533
74.8000       -1001.139    -1010.881        9.742   390.5     -0.077      1.207      0.370     -0.023     -0.626     -0.133
75.0000       -1001.586    -1011.951       10.366   415.5      0.988      0.843      0.715      0.249     -0.478     -0.141
75.2000       -1002.517    -1011.170        8.653   346.9      0.662      1.047     -0.088     -0.165      0.354      0.341
75.4000       -1001.886    -1010.958        9.072   363.6      0.837      0.822      0.254      0.060      0.163     -1.043
75.6000       -1001.371    -1011.110        9.738   390.4      0.460      0.677      0.280      0.498     -0.028      0.290
75.8000       -1001.692    -1011.480        9.789   392.4      1.275      1.062      1.262      0.050     -0.333     -0.720
76.0000       -1002.302    -1011.204        8.902   356.8     -0.170      0.021      0.224     -0.412      0.100     -0.423
76.2000       -1001.466    -1010.863        9.397   376.7     -0.413     -0.607     -0.425     -0.201      0.412     -0.546
76.4000       -1002.221    -1012.093        9.872   395.7      1.454     -0.679      0.359      0.139     -0.083      0.609
76.6000       -1003.208    -1011.914        8.706   349.0      0.514      0.577      0.776      0.012      0.148     -0.311
76.8000       -1002.158    -1011.994        9.836   394.3      0.897      0.402      0.376      0.097     -0.001      0.172
77.0000       -1002.099    -1011.765        9.666   387.5      1.029      0.355      0.362     -0.228     -0.778     -0.349
77.2000       -1003.114    -1012.264        9.149   366.8     -0.651     -0.625     -0.439     -0.577      0.250     -0.388
77.4000       -1001.907    -1012.247       10.341   414.5      0.229      0.330     -0.254     -0.785     -0.042      0.084
77.6000       -1002.092    -1011.266        9.174   367.7      0.955      0.636      0.892      0.006      0.216     -0.193
77.8000       -1000.725    -1010.780       10.054   403.0     -0.050     -0.646      0.415      0.610     -0.643     -0.340
78.0000       -1001.387    -1011.504       10.117   405.5      0.402      0.768      0.360     -0.230      0.355      0.503
78.2000       -1000.487    -1010.266        9.778   392.0     -0.203     -0.851      0.584      0.366      0.580     -0.344
78.4000       -1000.306    -1009.987        9.681   388.1      1.337      0.134      1.090     -0.358     -0.087      0.154
78.6000       -1001.405    -1011.434       10.029   402.0     -0.493      0.764      0.324     -0.143     -0.356      0.066
78.8000       -1000.566    -1010.684       10.118   405.6      0.100     -0.333      0.431     -0.071      0.334     -0.007
79.0000       -1000.142    -1010.865       10.723   429.8      0.579      0.356      1.015     -0.415     -0.226     -0.803
79.2000       -1000.570    -1010.307        9.737   390.3      0.405      0.464      0.447      0.220     -0.346     -0.489
79.4000       -1000.155    -1011.227       11.072   443.8      0.864      0.529      0.555      0.290     -0.636     -0.353
79.6000        -999.093    -1009.803       10.710   429.3     -0.240     -0.485      0.304     -0.456     -0.906      0.785
79.8000        -999.717    -1010.532       10.815   433.5      1.356      1.282     -0.099      0.065     -0.326     -0.440
80.0000       -1001.678    -1012.131       10.454   419.0      1.031     -0.440     -0.513     -0.273     -0.119      0.202
80.2000       -1002.792    -1012.063        9.272   371.6     -0.589      0.583      0.108      0.539     -0.056      0.045
80.4000       -1002.257    -1012.131        9.875   395.8      0.119      1.720      0.388      0.431     -0.384     -0.528
80.6000       -1002.695    -1012.271        9.576   383.9     -0.097      0.886      0.360      0.650      0.711     -0.827
80.8000       -1002.126    -1011.616        9.490   380.4      0.084      1.140      0.740      0.060     -0.096     -0.009
81.0000       -1001.277    -1012.030       10.753   431.0      0.076     -0.301      0.392      0.192     -0.041      0.418
81.2000       -1001.853    -1011.720        9.867   395.5      1.554      0.189      1.490     -0.130     -0.227      0.598
81.4000       -1002.435    -1011.587        9.152   366.9     -1.072      1.172      0.399     -0.170     -0.191     -0.255
81.6000       -1002.467    -1012.275        9.808   393.1      1.118     -0.105      1.469      0.141      0.093      0.650
81.8000       -1002.275    -1011.525        9.249   370.8      0.387      1.339     -0.267      0.751     -0.017     -0.309
82.0000       -1002.286    -1012.090        9.804   393.0      0.479     -0.141     -0.271     -0.646     -0.298      0.237
82.2000       -1002.903    -1012.409        9.506   381.1      0.870      1.599      0.726     -0.425     -0.605      0.751
82.4000       -1002.112    -1011.718        9.606   385.1     -0.174      0.581      0.887      0.870     -0.284     -0.240
82.6000       -1002.789    -1012.169        9.380   376.0      0.724      0.555      0.382      0.072     -0.100      0.549
82.8000       -1002.423    -1012.691       10.268   411.6     -0.090      0.801      1.094      0.201     -0.093      0.096
83.0000       -1001.434    -1011.575       10.141   406.5      1.115      1.541      1.008     -0.619     -0.117      0.522
83.2000       -1001.165    -1011.380       10.215   409.5      1.268      0.996      1.493     -0.325     -0.305     -0.546
83.4000       -1001.191    -1011.048        9.857   395.1      1.828     -0.375      0.734     -0.227     -0.418      0.312
83.6000       -1001.186    -1010.866        9.679   388.0      0.367      0.631      0.743     -0.296      0.306      0.270
83.8000       -1000.657    -1011.675       11.018   441.6      0.370      0.705     -0.078      0.246     -0.189     -0.497
84.0000       -1001.856    -1012.311       10.455   419.1     -0.405      0.273     -1.666     -0.459     -0.414     -0.272
84.2000       -1001.702    -1011.996       10.294   412.6      0.342      0.780      0.019      0.125     -0.298      0.206
84.4000       -1002.671    -1013.262       10.592   424.6      0.626      0.223      0.093     -0.523     -0.092     -0.189
84.6000       -1002.577    -1012.698       10.122   405.7      0.330      1.028      1.480     -0.221      0.195      0.003
84.8000       -1001.719    -1011.675        9.956   399.1      0.444     -0.065      0.140     -0.307     -0.259      0.335
85.0000       -1002.241    -1012.607       10.367   415.5      0.432     -0.531      0.304      0.691      0.081      0.674
85.2000       -1001.922    -1013.125       11.203   449.1      0.519      0.447     -0.370     -0.425     -0.385      0.718
85.4000       -1000.745    -1011.655       10.910   437.3      0.172      0.046      0.362      0.087     -0.717      0.288
85.6000       -1001.863    -1012.153       10.290   412.5      0.146      1.186      0.779      0.016     -0.212     -0.638
85.8000       -1002.224    -1012.922       10.698   428.8     -0.664     -0.361      0.962      0.258     -0.379     -0.177
86.0000       -1003.454    -1013.390        9.936   398.3     -0.432      0.446      0.455     -0.154     -0.249     -0.076
86.2000       -1003.303    -1013.182        9.879   396.0      0.325      0.405     -0.407     -0.019     -0.485     -0.395
86.4000       -1003.894    -1013.217        9.323   373.7      1.181      1.985      0.903      0.028     -0.197     -0.185
86.6000       -1002.999    -1013.194       10.196   408.7      0.390     -0.220      0.707     -0.906     -0.411     -0.279
86.8000       -1002.834    -1011.904        9.070   363.6      2.191      1.811      0.923      0.156     -0.037     -0.226
87.0000       -1003.402    -1012.962        9.560   383.2     -0.161      0.283      0.882     -0.103     -0.421      0.183
87.2000       -1002.931    -1012.637        9.706   389.1      1.666      0.009      0.320     -0.332      0.577      0.655
87.4000       -1001.751    -1012.561       10.810   433.3      0.178      0.741     -0.393     -0.035      0.311     -0.049
87.6000       -1003.363    -1014.179       10.816   433.6      0.567      0.058      0.463      0.740      0.575     -0.423
87.8000       -1002.901    -1013.305       10.404   417.0      0.967      0.569     -0.223      0.214      0.144     -0.367
88.0000       -1002.228    -1011.979        9.751   390.9      0.128      0.099      0.589     -0.081     -0.135     -0.026
88.2000       -1002.768    -1012.305        9.537   382.3      1.563      0.727      0.131     -0.446      0.398     -0.428
88.4000       -1002.241    -1012.619       10.378   416.0      0.660     -0.816      0.037      0.299      0.229     -0.032
88.6000       -1002.827    -1012.911       10.084   404.2      0.325      0.878      1.343      0.124      0.418     -0.068
88.8000       -1002.141    -1011.929        9.788   392.4      0.906     -0.066     -0.451      0.729     -1.052      0.255
89.0000       -1001.652    -1011.848       10.196   408.7      0.167     -0.117      0.382     -0.035      0.467     -0.434
89.2000       -1001.244    -1011.271       10.028   402.0      0.458      1.026      1.969     -0.004      0.186      0.156
89.4000       -1001.586    -1011.439        9.853   395.0      0.791     -1.450      0.491      0.382     -0.406      0.318
89.6000       -1001.166    -1011.682       10.516   421.5      0.087      0.644      1.055      0.080     -0.626     -0.377
89.8000       -1000.672    -1010.157        9.485   380.2     -0.342     -0.324      0.541      0.188     -0.107     -0.040
90.0000       -1001.940    -1011.909        9.969   399.6      0.665     -0.618     -0.555     -0.633      0.048      0.247
90.2000       -1001.317    -1011.365       10.048   402.8     -0.285      0.585      1.373      0.105     -0.309      0.537
90.4000       -1000.689    -1010.476        9.787   392.3      0.240      1.574     -0.046     -0.188      0.280     -0.690
90.6000        -999.853    -1010.131       10.278   412.0      0.838      0.586      0.581      0.493     -0.748     -0.142
90.8000        -999.274    -1010.071       10.797   432.8     -0.044     -1.016     -0.561      0.416      0.163     -0.546
91.0000        -998.316    -1009.525       11.209   449.3      0.488      0.327      0.259     -0.156     -0.194     -0.319
91.2000        -998.236    -1009.747       11.511   461.4      0.894      0.615      0.166     -0.319     -0.172     -0.090
91.4000        -998.800    -1010.107       11.308   453.3      0.329      0.173     -0.345     -0.158      0.268      0.464
91.6000        -999.835    -1010.678       10.843   434.6     -0.029      0.356     -0.080     -0.111      0.178     -0.029
91.8000        -999.756    -1010.535       10.779   432.1     -1.003     -0.762     -0.208     -0.074      0.079     -0.387
92.0000       -1000.363    -1010.566       10.203   409.0      0.817      0.671      0.221     -0.016      0.029     -0.559
92.2000       -1001.036    -1010.722        9.686   388.2      0.255     -0.010     -0.543     -0.662     -0.226      0.260
92.4000       -1001.277    -1011.640       10.364   415.4      1.138      0.138      0.115     -0.549      0.087     -0.032
92.6000       -1001.610    -1011.400        9.791   392.5     -0.499     -0.206     -1.028      0.232     -0.166      0.185
92.8000       -1001.355    -1012.042       10.687   428.4      0.078      1.049      1.001     -0.175      0.369      0.230
93.0000       -1002.216    -1011.638        9.422   377.7      0.545      0.169      0.081     -0.533     -0.419     -0.134
93.2000       -1003.258    -1012.921        9.663   387.3     -0.044      0.868      0.182      0.310     -0.003      0.044
93.4000       -1002.178    -1012.194       10.016   401.5      0.514      1.275      0.637     -0.265     -0.360     -0.206
93.6000       -1001.467    -1011.376        9.909   397.2      0.422      0.235     -0.172     -0.686      0.137     -0.512
93.8000       -1002.307    -1010.694        8.388   336.2      1.138      0.042     -0.117     -0.300     -0.411     -0.495
94.0000       -1002.922    -1012.733        9.811   393.3      0.586     -0.048      0.351      0.419     -0.126     -0.087
94.2000       -1003.566    -1012.622        9.056   363.0      0.139     -0.599      0.648      0.361      0.041      0.034
94.4000       -1003.158    -1012.370        9.212   369.3     -0.032     -0.316      0.776     -0.188     -0.251     -0.464
94.6000       -1002.052    -1011.658        9.606   385.1      0.464     -0.355      0.552      0.002      0.144      0.140
94.8000       -1001.339    -1011.820       10.482   420.2     -0.535     -0.677      0.722     -0.407     -0.058      0.344
95.0000       -1001.020    -1010.796        9.776   391.9      0.774      1.651      0.738     -0.029      0.077     -0.698
95.2000       -1001.098    -1011.570       10.472   419.8      0.080      0.079     -0.327      0.376      0.031     -0.397
95.4000       -1000.826    -1011.022       10.196   408.7      0.285     -0.360     -0.101     -0.135     -0.688      0.132
95.6000       -1001.374    -1011.662       10.288   412.4     -0.665     -0.545      0.212     -0.371     -0.381     -0.629
95.8000       -1001.741    -1011.570        9.829   394.0     -0.042     -0.056     -0.081     -0.068      0.019      0.601
96.0000       -1002.110    -1012.544       10.434   418.2     -0.143      0.636      0.206      0.144     -0.366      0.433
96.2000       -1001.920    -1012.037       10.117   405.5     -0.355     -0.317      0.700      0.416     -0.686     -0.012
96.4000       -1001.230    -1011.175        9.945   398.6      0.689      0.989      1.012      0.609      0.228     -0.372
96.6000       -1001.247    -1011.005        9.758   391.2      0.565      0.380      0.342      0.313      0.559      0.414
96.8000       -1001.181    -1011.625       10.444   418.6      0.005      0.159      0.777      0.030     -0.392      0.229
97.0000       -1002.210    -1011.184        8.974   359.7     -0.160      1.161     -0.124     -0.194     -0.023     -0.004
97.2000       -1001.791    -1012.094       10.303   413.0      0.304      0.403      0.266      0.107     -0.054      0.266
97.4000       -1002.494    -1011.901        9.406   377.1     -0.338      0.472     -0.183      0.060     -0.048      0.247
97.6000       -1002.462    -1010.901        8.439   338.3      1.370      1.228      0.747      0.091      0.102      0.078
97.8000       -1002.197    -1012.620       10.423   417.8     -0.543      1.028      0.461     -0.024     -0.460     -0.040
98.0000       -1002.418    -1012.507       10.089   404.4      0.396     -0.403      0.896     -0.088     -0.157      0.357
98.2000       -1001.971    -1011.635        9.664   387.4     -0.246      0.836      0.670      0.018      0.532     -0.224
98.4000       -1001.466    -1011.679       10.213   409.4     -0.211     -0.227      0.597      0.399     -0.291      0.455
98.6000       -1002.545    -1011.815        9.270   371.6     -0.113     -0.634     -0.032      0.375     -0.614     -0.788
98.8000       -1002.055    -1011.590        9.535   382.2      0.550     -0.133      0.344      0.296     -0.032     -0.016
99.0000       -1000.139    -1011.251       11.112   445.4      0.980      0.669     -0.023      0.069     -0.137     -0.066
99.2000       -1000.099    -1010.768       10.670   427.7      2.103      0.878      0.115      0.161     -0.182      0.335
99.4000        -999.236    -1010.118       10.882   436.2     -0.957     -0.457      0.210     -0.728     -0.400      0.209
99.6000        -999.257    -1010.293       11.036   442.4     -0.565      0.112      0.125      0.052      0.324      0.230
99.8000        -999.626    -1010.727       11.101   445.0      0.730     -0.008      0.007      0.218     -0.318      0.297
100.0000      -1000.083    -1010.930       10.847   434.8      1.424      1.182      0.447     -0.448     -0.183     -0.004
100.2000      -1000.656    -1011.454       10.798   432.8      0.031      0.269      0.968     -0.876      0.179      0.080
100.4000      -1000.062    -1010.731       10.669   427.7      0.734      1.233      0.212     -0.252     -0.492      0.167
100.6000      -1000.865    -1011.286       10.422   417.8      0.370      0.862      0.540      0.083     -0.357      0.024
100.8000      -1002.092    -1012.167       10.075   403.9      0.467      1.442      0.451     -0.000     -0.233     -0.303
101.0000      -1001.374    -1011.530       10.157   407.1      0.873     -0.326     -0.576     -0.320     -0.326      0.468
101.2000      -1002.030    -1011.300        9.270   371.6      1.319     -0.599      0.121      0.260     -0.346      0.732
101.4000      -1001.686    -1011.457        9.771   391.7      0.468     -0.827      0.556     -0.345     -0.877     -0.223
101.6000      -1000.824    -1011.490       10.666   427.5     -0.372      0.017     -0.267     -0.077     -0.787     -0.082
101.8000      -1001.369    -1010.924        9.554   383.0      0.419      0.448      0.148      0.279     -0.082      0.052
102.0000      -1001.154    -1011.580       10.427   417.9      0.165      0.451     -1.069     -0.262      0.063     -0.114
102.2000      -1001.065    -1010.859        9.794   392.6      0.262      0.985      1.534     -0.103      0.100      0.485
102.4000      -1001.900    -1011.548        9.648   386.7      0.166     -0.788      0.970     -0.319     -0.465      0.032
102.6000      -1000.699    -1010.905       10.206   409.1     -0.164      0.064     -0.521      0.226      0.571     -0.162
102.8000      -1000.262    -1010.782       10.520   421.7     -0.025      0.578      1.235      0.511      0.202      0.655
103.0000      -1000.828    -1010.637        9.809   393.2     -0.370     -0.501     -0.302     -0.100     -0.124     -0.203
103.2000      -1002.109    -1011.535        9.426   377.8      0.980      0.449      1.523      0.019      0.073     -0.204
103.4000      -1000.647    -1010.230        9.583   384.1      1.759      0.699     -0.033      0.138      0.215     -0.312
103.6000      -1000.442    -1011.173       10.730   430.1      0.580      0.289     -0.705     -0.058     -0.085      0.007
103.8000      -1000.622    -1010.072        9.451   378.8      0.305      0.118     -0.819      0.221     -0.087     -0.056
104.0000      -1000.621    -1011.320       10.699   428.8     -0.212      0.786      0.098     -0.100     -0.221     -0.501
104.2000      -1002.008    -1011.780        9.772   391.7      0.672      0.730      1.073     -0.496     -0.005     -0.125
104.4000      -1001.483    -1011.195        9.711   389.3      0.039     -0.832      0.337     -0.141      0.359      0.127
104.6000      -1001.731    -1010.523        8.792   352.4     -0.399      0.308     -0.793     -0.309      0.483      0.011
104.8000      -1002.090    -1011.913        9.823   393.7     -0.399     -0.040     -0.031      0.036      0.393     -0.132
105.0000      -1000.362    -1011.076       10.714   429.5      1.133     -0.825      0.044     -0.011     -0.121     -0.203
105.2000      -1001.033    -1011.161       10.128   406.0      0.261      0.895      0.059      0.134     -0.470      0.681
105.4000      -1001.920    -1011.224        9.305   373.0     -0.081     -0.299      0.036      0.399     -0.374     -0.198
105.6000      -1001.066    -1011.279       10.213   409.4      0.233      0.095      0.167      0.127     -0.175      0.162
105.8000      -1001.719    -1011.605        9.886   396.3     -0.100     -0.171      0.828      0.512      0.094     -0.256
106.0000      -1001.498    -1011.585       10.086   404.3      1.157      0.142     -0.379     -0.202      0.245      0.546
106.2000      -1001.493    -1010.482        8.989   360.3     -0.076      0.402      0.023     -0.293      0.406     -0.149
106.4000      -1000.750    -1011.948       11.198   448.9      1.775     -0.587      1.021      0.527      0.035      0.253
106.6000      -1000.028    -1011.022       10.994   440.7      0.118      0.957     -0.521     -0.355      0.005      0.102
106.8000      -1001.266    -1011.341       10.075   403.9      0.219      1.064      0.564     -0.469      0.313      0.684
107.0000      -1000.971    -1011.273       10.302   412.9     -0.055      0.733      0.648     -0.423     -0.026     -0.183
107.2000      -1000.711    -1011.057       10.346   414.7      0.820      0.072     -0.009     -0.250      0.143      0.174
107.4000      -1002.022    -1011.103        9.081   364.0     -0.440      0.170      0.971     -0.159      0.248      0.170
107.6000      -1002.096    -1012.336       10.240   410.5      0.877      1.511      0.302      0.326     -0.612     -0.381
107.8000      -1001.986    -1012.221       10.235   410.3     -0.069      0.916      0.715      0.027     -0.285      0.213
108.0000      -1001.235    -1011.117        9.882   396.1      0.501     -0.045      0.430     -0.492     -0.141     -0.023
108.2000      -1001.286    -1011.435       10.149   406.8     -0.248      0.183     -0.192      0.332      0.046      0.082
108.4000      -1001.751    -1011.918       10.167   407.6      0.664      0.363     -0.274      0.198     -0.615      0.125
108.6000      -1002.635    -1012.358        9.723   389.7      0.875      0.682      0.575     -0.217     -0.136      0.252
108.8000      -1001.836    -1011.948       10.111   405.3      0.369      0.820      1.134     -0.623     -0.097     -0.918
109.0000      -1002.174    -1012.596       10.423   417.8     -0.082      0.264      0.891     -0.072     -0.168     -0.053
109.2000      -1002.327    -1012.050        9.723   389.8      0.322     -0.036     -0.389      0.133     -0.462     -0.281
109.4000      -1002.118    -1012.833       10.715   429.5      0.920     -0.215     -0.129      0.092      0.379      0.292
109.6000      -1002.562    -1012.343        9.781   392.1      1.142     -0.106      0.679     -0.193     -0.416     -0.043
109.8000      -1001.508    -1011.841       10.333   414.2      0.370     -0.093      0.277      0.599     -0.431     -0.489
110.0000      -1001.012    -1012.114       11.101   445.0      0.297     -0.514     -0.137     -0.587     -0.231      0.200
110.2000      -1001.901    -1011.439        9.539   382.4      0.200      0.911     -0.279     -0.458      0.237     -0.017
110.4000      -1001.750    -1011.350        9.599   384.8      0.939     -0.132      0.176      0.378      0.422      0.032
110.6000      -1000.669    -1011.185       10.515   421.5      0.060     -0.008      0.012     -0.315      0.817     -0.224
110.8000      -1002.342    -1011.859        9.516   381.5     -0.422      0.350      0.843     -0.477      0.179     -0.097
111.0000      -1003.506    -1012.304        8.797   352.6     -0.035     -0.265      0.514     -0.068      0.633      0.521
111.2000      -1002.422    -1011.323        8.901   356.8      1.035      1.698      1.528     -0.036     -0.216      0.243
111.4000      -1003.174    -1013.196       10.021   401.7      0.343      0.283      0.307      0.243      0.735     -0.524
111.6000      -1002.941    -1012.279        9.338   374.3     -0.271     -0.593      0.045      0.136     -0.447     -0.556
111.8000      -1002.687    -1011.557        8.870   355.6      0.782     -0.125     -0.455      0.225     -0.100     -0.101
112.0000      -1002.141    -1012.310       10.168   407.6     -0.331     -0.705     -0.347      0.104     -0.977      0.284
112.2000      -1003.036    -1012.531        9.495   380.6      0.082      1.463     -0.622      0.448     -0.283     -0.027
112.4000      -1003.099    -1012.865        9.766   391.5      0.559      0.939      0.071      0.424     -0.210      0.391
112.6000      -1002.639    -1011.765        9.126   365.8      1.760      0.039     -0.176      0.221     -0.114      0.187
112.8000      -1003.779    -1013.240        9.461   379.2      0.334      1.308      0.692      0.360     -1.147      0.255
113.0000      -1003.506    -1012.690        9.184   368.2      0.494      0.478      0.896     -0.267     -0.348      0.420
113.2000      -1003.182    -1013.011        9.829   394.0      0.657      0.787     -0.134      0.438     -0.066     -0.167
113.4000      -1003.440    -1013.597       10.157   407.1      0.569     -0.137     -0.380     -0.195     -0.596      0.306
113.6000      -1003.144    -1012.820        9.676   387.9      0.388      0.018      1.191     -0.548     -0.052      0.166
113.8000      -1003.789    -1013.749        9.960   399.3     -0.163      0.229     -1.004      0.635      0.031      0.048
114.0000      -1004.093    -1013.695        9.603   384.9      0.601     -0.191      1.090     -0.311      0.348     -0.618
114.2000      -1005.614    -1014.892        9.278   371.9      0.318      0.070      0.051     -0.581     -0.130      0.045
114.4000      -1005.455    -1015.338        9.883   396.2      0.497      0.073      0.446      0.416      0.451     -0.174
114.6000      -1005.997    -1015.395        9.399   376.7      0.408      0.471      0.705      0.191      0.285      0.572
114.8000      -1005.749    -1014.586        8.837   354.2      1.233      0.148      1.228     -0.408     -0.325      0.341
115.0000      -1004.776    -1013.931        9.154   366.9      0.936      0.968      0.117      0.063     -0.576      0.078
115.2000      -1004.525    -1013.328        8.804   352.9     -0.703      0.990      0.134      0.004     -0.219     -0.254
115.4000      -1004.658    -1013.902        9.244   370.5      1.104      0.082      0.968     -0.172      0.432     -0.396
115.6000      -1004.881    -1014.202        9.320   373.6      1.043      1.017      1.735     -0.236      0.051      0.187
115.8000      -1002.859    -1013.122       10.263   411.4     -0.970     -0.032     -0.451      0.123      0.318      0.280
116.0000      -1002.024    -1012.124       10.100   404.9      0.603     -0.015     -0.386      0.035     -0.474      0.122
116.2000      -1001.679    -1011.473        9.794   392.6      0.670      1.446      0.454     -0.294      0.038      0.358
116.4000      -1001.932    -1012.493       10.561   423.3     -0.296      0.180      0.070      0.079     -0.419      0.148
116.6000      -1002.435    -1011.626        9.191   368.4      1.046      1.719     -0.051      0.465     -0.213      0.418
116.8000      -1002.507    -1012.159        9.652   386.9      0.603      0.534      0.964      0.387      0.235      0.218
117.0000      -1002.144    -1012.181       10.037   402.3      1.326     -0.048      0.388      1.109     -0.266      0.600
117.2000      -1001.963    -1011.596        9.632   386.1      0.524      1.630      0.685     -0.177      0.298      0.042
117.4000      -1003.345    -1012.369        9.023   361.7     -0.384      0.123      0.045     -0.065     -0.341      0.098
117.6000      -1003.327    -1011.764        8.437   338.2      0.040     -0.449      0.573      0.047      0.029     -0.870
117.8000      -1001.875    -1013.250       11.376   456.0      1.112      0.168      0.842      0.288      0.086     -0.558
118.0000      -1001.786    -1011.323        9.537   382.3      0.347     -0.622      0.995     -0.495     -0.095     -0.773
118.2000      -1001.750    -1011.538        9.788   392.4      0.063      0.100     -0.066      0.333      0.022     -0.069
118.4000      -1001.843    -1012.016       10.174   407.8     -0.509     -0.581     -0.019      0.220      0.087      0.512
118.6000      -1001.467    -1011.142        9.675   387.8      0.160      1.086     -0.942      0.199     -0.015      0.331
118.8000      -1002.329    -1012.530       10.201   408.9      1.329      0.876      0.623     -0.173     -0.054      0.257
119.0000      -1002.116    -1010.784        8.667   347.4      1.216      0.264      0.862     -0.049      0.008      0.008
119.2000      -1002.331    -1012.620       10.289   412.4      0.230      0.461      1.512      0.291      0.067      0.321
119.4000      -1002.153    -1010.905        8.752   350.8     -0.127     -0.362      0.501     -0.407      0.188     -0.005
119.6000      -1002.666    -1012.061        9.395   376.6      0.082      1.060      0.081     -0.029      0.326      0.537
119.8000      -1002.355    -1010.776        8.422   337.6      0.698      1.850      1.501      0.103     -0.323      0.543
120.0000      -1002.467    -1011.930        9.464   379.4      0.478      1.153      1.514     -0.608     -0.183      0.271
120.2000      -1002.457    -1011.529        9.073   363.7      0.554     -1.277     -0.336     -0.131     -0.214     -0.443
120.4000      -1002.664    -1012.695       10.031   402.1     -0.727      1.378      0.747     -0.255     -0.215      0.408
120.6000      -1003.233    -1013.753       10.519   421.7      0.647      0.148     -0.070     -0.511     -0.024     -0.542
120.8000      -1002.897    -1012.592        9.695   388.6      0.449      0.287     -0.056     -0.493      0.181      0.203
121.0000      -1002.513    -1012.887       10.374   415.9     -0.794      0.963      0.428     -0.048      0.261      0.155
121.2000      -1002.084    -1012.095       10.011   401.3      0.735     -0.316      0.599      0.289      0.281      0.499
121.4000      -1003.193    -1012.444        9.252   370.9      0.054     -0.648      0.661     -0.608      0.393     -0.218
121.6000      -1003.151    -1012.494        9.343   374.5      1.270      0.534      0.952      0.312     -0.328      0.517
121.8000      -1002.311    -1012.168        9.857   395.1     -1.071      0.774      0.605     -0.069      0.539      0.402
122.0000      -1002.988    -1011.938        8.949   358.7      0.722      0.943      1.368      0.414     -0.124      0.031
122.2000      -1003.265    -1012.240        8.975   359.8      1.400      0.554      0.363      0.256      0.098     -0.748
122.4000      -1002.810    -1011.775        8.965   359.4      0.879      1.109      0.202      0.204     -0.441      0.748
122.6000      -1001.124    -1012.062       10.938   438.4     -0.310      0.146     -0.416     -0.557     -0.080     -0.283
122.8000      -1003.199    -1013.027        9.828   393.9     -0.859      0.417      0.738     -0.056      0.256      0.469
123.0000      -1003.018    -1012.705        9.688   388.3      1.024      0.747     -0.382     -0.253      0.229     -0.157
123.2000      -1002.018    -1011.201        9.183   368.1     -0.164      0.249      0.722     -0.116     -0.201     -0.236
123.4000      -1002.556    -1012.763       10.206   409.1     -0.057      0.466     -0.128     -0.436      0.330     -0.352
123.6000      -1002.114    -1012.865       10.751   431.0      0.003      1.393     -0.159     -0.099     -0.485      0.063
123.8000      -1001.822    -1012.362       10.541   422.5      0.394      0.102     -0.083     -0.354     -0.434      0.365
124.0000      -1001.300    -1012.175       10.874   435.9      0.857     -0.056     -0.429      0.194      0.280      0.212
124.2000      -1001.139    -1011.695       10.556   423.1     -0.017     -0.757     -0.179     -0.274      0.319      0.284
124.4000      -1001.292    -1012.406       11.113   445.5      0.262      0.459      0.363      0.122      0.205      0.226
124.6000      -1001.917    -1011.774        9.857   395.1      0.587     -0.146     -0.022     -0.699     -0.369      0.288
124.8000      -1002.295    -1012.244        9.949   398.8     -0.481      0.097      1.345      0.436     -0.245      0.131
125.0000      -1002.265    -1012.468       10.203   409.0      1.264      0.454     -0.368      0.244      0.032     -0.159
125.2000      -1001.669    -1010.933        9.264   371.4     -0.538     -0.016     -0.299      0.912      0.165     -0.078
125.4000      -1003.452    -1012.560        9.107   365.1     -0.823     -0.077     -0.309      0.129      0.201     -0.515
125.6000      -1002.999    -1013.294       10.295   412.7     -1.312     -0.544     -0.943      0.246     -0.107     -0.036
125.8000      -1002.535    -1012.252        9.718   389.5      0.639      1.634     -0.714      0.195     -0.504     -0.089
126.0000      -1001.652    -1012.053       10.400   416.9     -0.423     -0.086     -0.249     -0.490     -0.156     -0.170
126.2000      -1002.384    -1012.274        9.890   396.4      0.405      0.396      0.548     -0.442     -0.265     -0.035
126.4000      -1001.410    -1011.193        9.783   392.2      0.268      0.239      0.904      0.313     -0.159     -0.094
126.6000      -1001.410    -1011.300        9.890   396.4     -0.757      1.055     -0.487     -0.311     -0.415      0.157
126.8000      -1001.522    -1011.655       10.133   406.2      0.907      0.908      1.752     -1.024     -0.225      0.165
127.0000      -1000.607    -1010.656       10.048   402.8      0.146      0.004     -0.493      0.583      0.500      0.385
127.2000      -1001.233    -1011.107        9.874   395.8     -0.244      0.081      0.946      0.076     -0.315     -0.052
127.4000      -1001.137    -1010.824        9.687   388.3      0.577     -0.310     -0.600      0.390     -0.335     -0.688
127.6000      -1001.450    -1011.293        9.844   394.6      1.246      1.047      1.384     -0.280     -0.447      0.649
127.8000      -1001.189    -1011.107        9.918   397.6      0.645      0.165      0.740      0.218     -0.002     -0.097
128.0000      -1000.437    -1010.748       10.311   413.3      0.413     -0.449      0.553     -0.312     -0.327      0.674
128.2000      -1001.457    -1011.530       10.074   403.8      0.846      0.362     -0.734      0.470     -0.525      0.453
128.4000      -1000.889    -1011.283       10.394   416.6      0.510      0.614     -0.504     -0.076     -0.020     -0.191
128.6000      -1000.701    -1010.814       10.113   405.4      1.196      0.704      0.952      0.097     -0.168     -0.290
128.8000       -999.992    -1010.596       10.604   425.1     -0.445      0.777      0.859      0.557     -0.567      0.199
129.0000      -1000.291    -1011.196       10.905   437.1      0.801      0.880      1.255      0.621     -0.167     -0.080
129.2000      -1002.091    -1011.636        9.546   382.6      0.784      0.176      0.703     -0.107      0.153      0.118
129.4000      -1001.691    -1011.271        9.579   384.0      1.068      0.416     -0.265      0.486     -0.291      0.217
129.6000      -1000.789    -1010.566        9.777   391.9      0.065      0.330      0.287      0.225     -0.043     -0.296
129.8000      -1000.839    -1010.956       10.117   405.5      1.246      0.194      1.226     -0.133      0.228      0.675
130.0000      -1000.455    -1010.767       10.312   413.3     -0.153      0.697     -0.427     -0.198      0.426     -0.038
130.2000      -1000.912    -1011.647       10.735   430.3     -0.272      0.292      1.741      0.218      0.413     -0.175
130.4000      -1000.514    -1010.318        9.804   393.0      0.475      0.305     -0.253      0.303     -0.261     -0.020
130.6000       -999.701    -1010.075       10.374   415.8     -0.294     -0.207      0.028     -0.102      0.090      0.026
130.8000      -1001.476    -1011.761       10.285   412.3      0.106      0.531      1.206      0.479      0.059      0.143
131.0000      -1000.888    -1011.150       10.262   411.4      0.471      1.558      0.355      0.191      0.408     -0.065
131.2000      -1000.028    -1010.015        9.987   400.3     -0.471      0.250     -0.082      0.118     -0.001      0.276
131.4000      -1000.279    -1010.569       10.290   412.5     -0.634     -0.805     -0.019      0.052      0.367     -0.047
131.6000       -999.057    -1010.488       11.431   458.2      0.274     -0.096     -0.045      0.179     -0.350     -0.113
131.8000       -999.938    -1010.248       10.309   413.2      1.620      1.612      0.743     -0.595      0.052     -0.415
132.0000       -998.954    -1010.254       11.299   452.9      1.060      0.167      1.829     -0.420      0.053     -0.642
132.2000       -999.027    -1010.134       11.106   445.2      0.051      1.043     -0.696      0.272     -0.258     -0.965
132.4000       -998.613    -1010.500       11.887   476.5      0.708      1.283      0.825     -0.180     -0.447      0.095
132.6000       -999.559    -1011.648       12.089   484.6      0.712     -0.297      0.364      0.369     -0.088     -0.476
132.8000       -999.836    -1010.266       10.431   418.1     -0.040      0.928      0.901      0.021     -0.076     -0.469
133.0000       -999.676    -1010.758       11.082   444.2     -0.093      1.752      0.237      0.012     -0.498      0.088
133.2000      -1001.128    -1011.176       10.048   402.8      0.062     -0.107      0.220      0.306     -0.045     -0.285
133.4000      -1000.655    -1010.271        9.617   385.5      0.127     -0.034      0.193      0.160     -0.857      0.237
133.6000      -1000.795    -1010.743        9.948   398.8      0.250      1.039      0.255     -0.139     -0.097     -0.211
133.8000      -1000.003    -1011.675       11.672   467.9      0.549      1.145      1.043      0.315     -0.131      0.053
134.0000      -1000.705    -1011.250       10.545   422.7     -0.613      1.221     -1.082     -0.552     -0.047     -0.208
134.2000      -1002.429    -1012.220        9.791   392.5      0.535      0.808     -0.051     -0.524      0.054     -0.406
134.4000      -1002.367    -1011.324        8.957   359.0      0.241      0.094      0.125      0.265      0.479     -0.392
134.6000      -1001.499    -1011.958       10.459   419.2      0.623     -0.464     -0.531     -0.169      0.041     -0.579
134.8000      -1002.428    -1013.383       10.955   439.1      1.193     -0.132      0.709     -0.521      0.042     -0.336
135.0000      -1002.236    -1011.922        9.686   388.3     -0.624     -0.771      0.006     -0.093     -0.031      0.151
135.2000      -1002.191    -1012.004        9.813   393.4      0.311      0.187      0.649      0.150     -0.210     -0.330
135.4000      -1001.783    -1011.693        9.911   397.3     -1.277     -1.282     -0.974      0.450     -0.083     -0.127
135.6000      -1001.705    -1011.562        9.857   395.1      0.784      0.609      0.081     -0.001      0.320     -0.307
135.8000      -1002.286    -1011.170        8.883   356.1      0.865      0.613      0.868     -0.555      0.000      0.275
136.0000      -1001.678    -1010.863        9.185   368.2      1.193      1.092      1.020      0.226      0.223     -0.049
136.2000      -1003.008    -1011.735        8.727   349.8      0.990      1.489      1.505      0.436      0.100     -1.200
136.4000      -1001.970    -1012.045       10.075   403.9      0.694      0.958      0.177      0.069     -0.051     -0.249
136.6000      -1001.564    -1011.071        9.507   381.1      0.994     -0.140      0.435      0.273     -0.316     -0.745
136.8000      -1001.340    -1011.220        9.880   396.0     -0.070     -0.107     -0.373     -0.642     -0.525     -0.308
137.0000      -1001.102    -1009.934        8.833   354.1      0.444     -0.481      1.569     -0.531      0.178      1.203
137.2000      -1002.104    -1011.526        9.422   377.7     -0.168     -0.088      0.257     -0.034     -0.212      0.298
137.4000      -1001.852    -1011.893       10.041   402.5     -0.912      0.672     -0.982      0.461      0.097      0.100
137.6000      -1000.999    -1011.584       10.584   424.3      1.164      1.826      0.447      0.009     -0.581      0.445
137.8000      -1001.212    -1011.085        9.873   395.8     -0.154      0.698      0.514     -0.364     -0.078     -0.474
138.0000      -1001.465    -1011.579       10.113   405.4      0.772      1.301      0.773      0.106     -0.000      0.828
138.2000      -1001.178    -1012.088       10.910   437.3      0.316     -0.479     -0.151     -0.268     -0.459      0.084
138.4000      -1002.702    -1012.986       10.285   412.3     -0.409      0.872     -0.713      0.020      0.056      0.196
138.6000      -1002.186    -1011.946        9.760   391.2     -0.484     -0.065     -0.227      0.217      0.308      0.313
138.8000      -1001.866    -1011.752        9.887   396.3     -0.532     -0.803      0.166      0.336      0.372      0.097
139.0000      -1002.735    -1011.628        8.893   356.5      0.228      0.884      0.640     -0.622      0.239      0.265
139.2000      -1001.409    -1011.603       10.194   408.6      0.493      0.111      1.100      0.616     -0.936      0.074
139.4000      -1001.108    -1011.884       10.776   432.0      0.127      0.907      1.223     -0.066     -0.027     -0.733
139.6000      -1001.318    -1011.593       10.275   411.9     -0.108     -0.025      0.481     -0.907      0.151     -0.266
139.8000      -1001.198    -1012.103       10.905   437.1      1.456      1.047      1.135      0.588      0.283     -0.038
140.0000      -1001.333    -1011.963       10.630   426.1      0.456      0.336      1.181      0.278     -0.141      0.242
140.2000      -1002.207    -1012.262       10.054   403.0      0.748      0.187      0.908      0.534     -0.610      0.218
140.4000      -1001.592    -1011.604       10.012   401.3      0.192     -0.328      0.558      0.329      0.475     -0.408
140.6000      -1001.397    -1011.611       10.214   409.4     -0.001      0.189      0.135     -0.159      0.673     -0.234
140.8000      -1001.322    -1011.553       10.232   410.1      0.544      0.327      0.868      0.167      0.339      0.811
141.0000      -1000.834    -1011.426       10.592   424.6      0.912      0.677      0.350      0.096     -0.099     -0.208
141.2000      -1000.985    -1011.522       10.537   422.4      0.769      0.592     -0.021     -0.604     -0.130     -0.019
141.4000       -999.801    -1009.625        9.824   393.8     -0.475      0.168     -0.632      0.052      0.492     -0.058
141.6000      -1002.070    -1011.997        9.926   397.9     -0.074      0.505      0.683     -0.592      0.111     -0.208
141.8000      -1002.132    -1011.883        9.750   390.8     -0.150      0.745     -0.230      0.711      0.260      0.991
142.0000      -1002.074    -1011.982        9.909   397.2      1.575      0.780      1.492     -0.290      0.292      0.205
142.2000      -1000.198    -1011.484       11.286   452.4      1.082      1.222      0.751      0.270     -0.023     -0.373
142.4000      -1000.390    -1009.889        9.499   380.8      0.081      0.133      0.698      0.154     -0.033     -0.348
142.6000      -1001.183    -1011.729       10.546   422.7      0.256      0.306      0.933      0.152      0.124     -0.246
142.8000      -1000.361    -1010.083        9.722   389.7     -0.059     -0.364      0.261      0.434     -0.191      0.149
143.0000      -1000.529    -1011.298       10.769   431.7      0.030      1.634      0.567      0.147     -0.425     -0.433
143.2000      -1001.382    -1010.859        9.477   379.9      1.667      0.037      1.491     -0.208     -0.564     -0.147
143.4000      -1001.538    -1011.518        9.980   400.1      0.587      1.022      1.125      0.407     -0.514      0.002
143.6000      -1002.287    -1011.805        9.518   381.5      0.104     -0.185      0.098      0.150     -0.118     -0.467
143.8000      -1002.306    -1012.509       10.203   409.0     -0.032     -0.344     -0.185     -0.268      0.538     -0.220
144.0000      -1003.129    -1012.354        9.225   369.8     -0.491      0.777      0.385      0.267      0.019     -0.070
144.2000      -1002.680    -1012.052        9.372   375.7     -0.129     -0.349      0.083      0.011      0.764     -0.267
144.4000      -1003.442    -1012.428        8.986   360.2      1.268      1.022      0.691      0.450     -0.408      0.233
144.6000      -1003.758    -1012.884        9.126   365.8      0.631     -0.591     -0.729     -0.525      0.015      0.376
144.8000      -1003.498    -1012.592        9.094   364.5      0.305      0.047      0.115      0.357      0.714     -0.125
145.0000      -1002.692    -1011.646        8.954   358.9      0.272     -0.111     -0.126     -0.462      0.817      0.291
145.2000      -1001.975    -1011.350        9.374   375.8      0.338     -0.644      0.643      0.202     -0.647      0.239
145.4000      -1001.362    -1011.338        9.976   399.9      1.896      0.196      1.251      0.177      0.538     -0.231
145.6000      -1001.084    -1011.525       10.442   418.5     -0.805      1.007      0.130     -0.573      0.446     -0.216
145.8000      -1000.934    -1011.234       10.300   412.9      1.481      0.334      0.985      0.189     -0.648      0.626
146.0000      -1000.764    -1011.495       10.730   430.1      0.800      0.552      0.989     -0.047     -0.332     -0.084
146.2000       -998.842    -1010.805       11.963   479.5     -0.520     -0.723      1.387      0.433      0.168     -0.414
146.4000       -999.638    -1009.722       10.084   404.2     -0.694     -0.176     -0.146     -0.092      0.436      0.089
146.6000      -1001.100    -1010.953        9.853   394.9     -0.519     -0.511     -0.161      0.012     -0.013      0.566
146.8000      -1000.774    -1011.036       10.262   411.4      0.741      0.794     -0.123      0.159      0.212     -0.159
147.0000      -1000.631    -1010.966       10.335   414.3      0.391      0.547      0.995     -1.079     -0.924     -0.164
147.2000       -999.439    -1009.457       10.018   401.5      0.624      0.228      0.336     -0.213      0.430      0.124
147.4000       -999.151    -1011.101       11.950   479.0      0.180      0.255      0.893      0.039      0.028      0.310
147.6000       -999.712    -1010.681       10.969   439.7      0.480      0.813      0.850     -0.276      0.281     -0.058
147.8000       -999.988    -1010.316       10.327   414.0      1.606      0.377      0.560     -0.245     -0.077     -0.006
148.0000      -1000.008    -1010.314       10.306   413.1      0.392      0.533      0.653     -0.069     -0.662     -0.052
148.2000      -1000.292    -1010.602       10.309   413.2      0.310     -0.075     -0.094     -0.291      0.112      0.049
148.4000      -1000.198    -1010.928       10.731   430.1      0.783      0.558     -0.275      0.029      0.074      0.208
148.6000      -1000.992    -1011.459       10.466   419.5      0.141     -0.180      1.617     -0.281      0.481      0.227
148.8000      -1001.936    -1011.743        9.808   393.1     -0.458      0.285     -0.194     -0.095     -0.502     -0.533
149.0000      -1001.087    -1011.198       10.111   405.3      0.212      0.040     -0.716      0.077      0.102     -0.042
149.2000      -1000.594    -1010.530        9.936   398.3      0.526      0.018      1.308     -0.142     -0.020      0.016
149.4000      -1000.205    -1010.025        9.820   393.6      0.553      0.529      0.611      0.121     -0.678     -0.715
149.6000       -999.922    -1009.683        9.761   391.3      0.890      0.022     -0.427     -0.479      0.101      0.174
149.8000      -1000.386    -1010.604       10.218   409.6      0.314      0.898     -0.222     -0.443     -0.070      0.393
150.0000      -1000.850    -1010.548        9.698   388.7      0.251     -1.027      0.166      0.088     -0.031      0.234
150.2000      -1000.861    -1011.331       10.470   419.7      0.358     -0.550     -0.139     -0.111     -0.280     -0.187
150.4000      -1001.248    -1011.271       10.023   401.8      1.197      0.233      1.037     -0.548      0.314     -0.420
150.6000      -1001.385    -1011.711       10.326   413.9      0.223      1.270     -0.237     -0.279      0.171     -0.135
150.8000      -1001.525    -1011.010        9.484   380.2      0.036     -0.398     -0.196      0.658      0.383     -0.131
151.0000      -1001.224    -1010.622        9.398   376.7      0.430      0.858      0.401      0.601     -0.184     -0.101
151.2000      -1002.319    -1010.954        8.635   346.1      0.403      0.356      1.113     -0.422     -0.043      0.355
151.4000       -999.616    -1009.752       10.136   406.3      0.713      1.195      0.991     -0.502      0.594     -0.190
151.6000       -999.619    -1010.247       10.628   426.0      0.824      0.118      0.150      0.387      0.313      0.081
151.8000      -1000.570    -1010.617       10.047   402.7      0.613      0.302     -0.206      0.147      0.001     -0.174
152.0000      -1001.838    -1011.861       10.023   401.8      1.628     -0.289     -0.330      0.421     -0.288      0.103
152.2000      -1000.420    -1010.303        9.883   396.2      0.704      0.592      0.287     -0.108      0.221     -0.004
152.4000      -1000.657    -1010.790       10.133   406.2     -0.245     -0.033      0.702      0.116     -0.115      0.627
152.6000      -1000.141    -1010.715       10.574   423.9      0.878      0.237      0.718      0.183     -0.298     -0.776
152.8000      -1000.367    -1010.131        9.765   391.4      0.379      0.948      0.618     -0.012     -0.441      0.244
153.0000      -1001.623    -1011.851       10.227   410.0      0.274     -0.387     -0.034      0.029      0.087     -0.621
153.2000      -1000.394    -1011.207       10.813   433.5      0.085      0.980     -0.347      0.254     -0.307      0.282
153.4000      -1000.153    -1010.531       10.378   416.0     -0.181     -0.188      0.012     -0.489      0.124     -0.317
153.6000      -1000.558    -1010.465        9.907   397.1      1.542      0.246      0.566     -0.115     -0.091      0.038
153.8000      -1002.100    -1011.899        9.799   392.8     -0.301     -0.045      0.636      0.577      0.242      0.513
154.0000      -1002.087    -1012.550       10.464   419.4     -0.009     -0.351      0.590      0.269      0.081     -0.126
154.2000      -1002.403    -1011.623        9.220   369.6     -0.439      0.252     -0.120      0.913     -0.028     -0.099
154.4000      -1002.330    -1011.592        9.262   371.3     -0.161      0.533      0.335      0.555     -0.067      0.272
154.6000      -1001.297    -1011.625       10.328   414.0     -0.248     -0.544      0.670     -0.285      0.284      0.004
154.8000      -1001.878    -1012.138       10.260   411.3     -0.196     -0.201      1.090      0.019      0.346     -0.886
155.0000      -1003.026    -1012.954        9.928   397.9      0.163     -0.182      0.796      0.134     -0.533      0.087
155.2000      -1002.099    -1011.518        9.419   377.6      0.532     -0.396     -0.093      0.319     -0.383     -0.679
155.4000      -1002.237    -1011.378        9.141   366.4      0.352     -1.227      0.198     -0.149     -0.277      0.237
155.6000      -1002.318    -1011.357        9.038   362.3      0.990      0.129      1.191      0.102     -0.127     -0.081
155.8000      -1001.797    -1011.727        9.931   398.1      0.398      1.317      0.409      0.056     -0.122     -0.161
156.0000      -1001.931    -1011.283        9.352   374.9     -0.022      0.985     -0.251      0.229      0.304     -0.389
156.2000      -1002.033    -1011.573        9.540   382.4     -0.560     -0.593     -0.353      0.345      0.121      0.128
156.4000      -1001.813    -1011.412        9.599   384.8      0.667      1.468      0.607      0.313      0.489      0.201
156.6000      -1000.770    -1010.828       10.058   403.2     -0.903     -0.815      0.130     -0.179     -0.301     -0.296
156.8000      -1001.603    -1010.636        9.033   362.1      1.436      0.250      0.791     -0.481     -0.153     -0.174
157.0000      -1002.459    -1011.265        8.806   353.0      1.057      0.902      0.639      0.485     -0.068      0.364
157.2000      -1000.651    -1010.648        9.997   400.7      0.932      0.674      0.074      0.053     -0.066     -0.223
157.4000       -999.828    -1009.721        9.893   396.6      0.271     -0.409      0.540      0.352     -0.233     -0.465
157.6000      -1001.204    -1010.779        9.576   383.8      0.260      1.326      0.702      0.060      0.059     -0.407
157.8000      -1001.249    -1010.574        9.324   373.8      0.780      0.655      1.631     -1.203      0.077      0.001
158.0000      -1001.309    -1011.892       10.584   424.2      0.845      0.291      0.928     -0.107      0.801     -0.531
158.2000      -1001.105    -1011.380       10.276   411.9      0.500      0.715      0.812      0.771     -0.250      0.592
158.4000      -1001.792    -1011.783        9.991   400.5     -0.258     -0.160      0.132     -0.480     -0.433     -0.684
158.6000      -1001.539    -1011.363        9.824   393.8      0.693      0.865      1.417     -0.363      0.019      0.171
158.8000      -1001.279    -1011.464       10.185   408.3     -0.055      1.115      0.546      0.165      0.076     -0.134
159.0000      -1000.770    -1010.893       10.123   405.8      0.677      0.696      1.115     -0.320      0.144     -0.221
159.2000      -1000.507    -1011.909       11.402   457.0      0.104      0.564      0.099      0.177      0.016      0.308
159.4000      -1000.686    -1011.133       10.446   418.7      1.854      0.583      0.480      0.069     -0.065      0.127
159.6000      -1001.343    -1011.259        9.917   397.5      0.695     -0.130      0.312     -0.139      0.421      0.073
159.8000      -1001.985    -1012.275       10.289   412.4     -0.187      0.394     -0.309     -0.366     -0.393     -0.595
160.0000      -1002.090    -1011.484        9.393   376.5      0.672     -0.173      0.129      0.307     -0.454      0.419
160.2000      -1002.213    -1011.871        9.658   387.2      0.328      1.494     -0.423      0.048      0.144     -0.079
160.4000      -1002.356    -1011.483        9.126   365.8     -0.624      0.150     -0.420     -0.220      0.210     -0.431
160.6000      -1002.701    -1012.250        9.549   382.8      0.346      0.514     -0.025      0.202     -0.425     -0.632
160.8000      -1002.657    -1012.627        9.971   399.7      0.009     -0.079     -1.044      0.545     -0.174     -0.253
161.0000      -1002.666    -1012.569        9.903   397.0      0.043      0.819     -0.612     -0.215      0.192      0.271
161.2000      -1003.022    -1011.825        8.803   352.9      0.311      0.795      1.719     -0.375     -0.125      0.273
161.4000      -1002.499    -1012.365        9.866   395.5      0.579      0.148      0.132     -0.294     -0.140      0.454
161.6000      -1001.981    -1011.973        9.992   400.5      0.161      0.855     -0.030     -0.180      0.143     -0.103
161.8000      -1000.495    -1011.901       11.406   457.2      0.548      1.272      0.368      0.264     -0.159      0.228
162.0000      -1001.201    -1010.896        9.695   388.6     -0.935      0.656     -0.492     -0.202      0.018      0.887
162.2000      -1000.948    -1011.378       10.430   418.1      1.282      0.257      0.192     -0.512      1.160      0.161
162.4000      -1002.066    -1011.762        9.696   388.7      0.315      1.053     -1.152      0.089     -0.278     -0.434
162.6000      -1002.656    -1012.192        9.536   382.3      0.949     -0.133      1.475     -0.557     -0.775     -0.152
162.8000      -1001.706    -1012.122       10.416   417.5      0.325      0.357      0.515     -0.096      0.865     -0.682
163.0000      -1001.602    -1011.425        9.823   393.7      1.154      0.056      1.013     -0.012      0.240      0.480
163.2000      -1002.200    -1012.862       10.662   427.4      0.512      0.793     -0.314     -0.240     -0.036      0.045
163.4000      -1003.121    -1011.593        8.472   339.6      0.546      0.015      0.768     -0.334      0.412      0.072
163.6000      -1001.575    -1011.356        9.781   392.1      0.794     -1.723     -0.574     -0.390     -0.091     -0.644
163.8000      -1000.364    -1011.576       11.212   449.4     -1.355      0.442     -0.332     -0.260     -0.348      0.239
164.0000       -999.557    -1009.887       10.330   414.1      0.794     -0.571      1.685      0.508      0.229      0.642
164.2000       -999.358    -1010.323       10.965   439.5      1.415      0.812      2.444     -0.040      0.516      0.046
164.4000      -1000.173    -1010.224       10.051   402.9      0.339     -0.382      0.284      0.370      0.523      0.750
164.6000      -1000.893    -1011.389       10.497   420.8     -0.187      1.061      0.632      0.048      0.822      0.468
164.8000      -1001.662    -1010.363        8.701   348.8      1.118      0.409      0.630      0.150     -0.723     -0.436
165.0000      -1002.427    -1011.761        9.335   374.2      0.237      0.987      0.948     -0.428     -0.220     -0.456
165.2000      -1002.188    -1011.775        9.587   384.3      1.741      0.943      1.446      0.586     -0.217     -0.236
165.4000      -1001.982    -1012.318       10.335   414.3     -0.632     -0.037     -0.040      0.254     -0.223     -0.389
165.6000      -1001.421    -1011.455       10.033   402.2      0.110      0.534      0.734     -0.420      0.440     -0.009
165.8000      -1001.810    -1012.013       10.202   409.0      0.823     -0.807     -0.050     -0.242     -0.087      0.214
166.0000      -1000.880    -1010.383        9.503   380.9      0.190     -0.191     -0.333      0.152     -0.124     -0.104
166.2000      -1001.095    -1011.369       10.274   411.8     -0.695      0.765      0.976      0.199      0.235     -0.657
166.4000      -1000.495    -1009.970        9.475   379.8      0.359      0.356     -1.171     -0.009      0.275      0.230
166.6000      -1002.073    -1011.752        9.679   388.0      0.909      0.520     -0.034      0.578     -0.046     -0.091
166.8000      -1001.749    -1012.184       10.434   418.2     -0.373     -0.815     -0.080      0.368     -0.604     -0.170
167.0000      -1001.230    -1011.593       10.363   415.4      0.317     -0.027     -0.117      0.172      0.177     -0.082
167.2000      -1001.109    -1010.994        9.884   396.2      0.046      0.150     -0.007      0.023      0.376     -0.205
167.4000      -1002.001    -1012.650       10.649   426.9      0.680      0.022      0.536      0.156      0.399      0.491
167.6000      -1002.233    -1011.913        9.680   388.0     -0.279     -0.428      0.081      0.610     -0.006     -0.520
167.8000      -1001.957    -1011.667        9.710   389.2      0.554     -0.029      0.317     -0.090     -0.353      0.134
168.0000      -1002.305    -1010.864        8.559   343.1      0.478      1.509     -0.058     -0.261      0.230     -0.395
168.2000      -1002.968    -1011.690        8.723   349.6      1.074      0.800      0.782     -0.665      0.306     -0.166
168.4000      -1002.712    -1012.317        9.605   385.0     -0.071      0.553     -0.195      0.391      0.597     -0.395
168.6000      -1003.126    -1011.737        8.611   345.2      0.426     -0.025      0.606     -0.412      0.010     -0.252
168.8000      -1001.713    -1012.267       10.554   423.1     -1.017     -0.864     -0.778      0.468     -0.430     -0.130
169.0000      -1001.302    -1011.651       10.349   414.8      0.468      0.453     -0.158      0.808      0.081     -0.582
169.2000      -1001.127    -1011.225       10.099   404.8      0.549      0.193      0.721      0.400     -0.046      0.294
169.4000      -1002.113    -1011.254        9.141   366.4      0.758     -0.446      0.324     -0.124      0.539     -0.160
169.6000      -1002.263    -1012.354       10.092   404.5      0.938      0.101      0.949      0.216      0.110      0.213
169.8000      -1001.911    -1011.386        9.476   379.8      0.600     -0.256      0.530      0.613      0.025     -0.098
170.0000      -1000.584    -1010.818       10.233   410.2      0.021      0.133      0.627     -0.080      0.041     -0.143
170.2000      -1001.037    -1011.315       10.278   412.0      0.480      0.778      1.486      0.207      0.708      0.203
170.4000      -1001.225    -1010.707        9.482   380.1      0.716      0.677      0.605     -0.315     -0.023     -0.129
170.6000      -1000.698    -1010.920       10.221   409.7     -0.137     -0.650      0.340      0.239     -0.215      0.103
170.8000      -1000.595    -1011.171       10.576   423.9      0.240      0.026     -0.243     -0.312     -0.520     -0.437
171.0000       -999.428    -1010.438       11.010   441.3     -0.140      0.250      0.498     -0.339      0.247      0.017
171.2000      -1000.185    -1011.652       11.467   459.7     -0.297      0.311      0.593     -0.189      0.011     -0.390
171.4000      -1001.399    -1011.565       10.165   407.5      0.309     -0.208     -0.491     -0.156     -0.582     -0.286
171.6000      -1002.857    -1012.642        9.784   392.2     -0.216     -0.034      0.696      0.131     -0.361      0.272
171.8000      -1001.696    -1011.199        9.503   380.9      0.833      0.332      1.254     -0.052     -0.045     -0.045
172.0000      -1000.873    -1010.864        9.991   400.5      0.180      1.071      0.614     -0.147     -0.104     -0.227
172.2000      -1000.995    -1010.829        9.834   394.2      0.549     -0.528      0.769      0.070      0.043     -0.281
172.4000      -1001.057    -1010.465        9.408   377.1      0.676      1.170      1.333      0.448     -0.061      0.443
172.6000      -1000.998    -1010.718        9.720   389.6      2.158      0.858      0.623     -0.181      0.216      0.193
172.8000      -1000.886    -1011.166       10.280   412.1     -0.830      1.014      1.099      0.137      0.840      0.309
173.0000      -1001.019    -1010.895        9.876   395.9      0.019     -1.808      0.571      0.372     -0.258      0.240
173.2000      -1001.492    -1011.772       10.280   412.1      0.826      1.271      0.301      0.171      0.391      1.069
173.4000      -1001.505    -1010.781        9.276   371.8      1.079      1.593      1.310      0.119      0.179      0.266
173.6000      -1002.397    -1011.264        8.867   355.4      0.393      0.831      0.119      0.246     -0.125      0.053
173.8000      -1002.534    -1012.076        9.542   382.5      0.044      0.761      0.910      0.318      0.147      0.282
174.0000      -1000.455    -1010.421        9.966   399.5      0.476      0.385      0.879      0.697      0.140     -0.247
174.2000      -1000.957    -1010.894        9.937   398.3      0.191      1.136      1.064      0.429      0.174      0.102
174.4000      -1000.752    -1010.635        9.883   396.2      1.166      0.786      1.037      0.376      0.464     -0.024
174.6000      -1001.288    -1010.903        9.615   385.4      0.552      0.317      0.747     -0.263     -0.082     -0.346
174.8000      -1000.805    -1010.605        9.800   392.8      0.268      0.124      0.629      0.085     -0.005      0.193
175.0000      -1001.685    -1010.755        9.070   363.6      0.259      0.186     -0.126     -1.015      0.230     -0.197
175.2000      -1002.162    -1011.893        9.732   390.1      0.333      0.044      0.155      0.064     -0.566     -0.218
175.4000      -1002.124    -1011.471        9.347   374.7      0.133      0.519      0.034      0.747      0.157      0.455
175.6000      -1002.096    -1010.982        8.886   356.2      0.139      0.234      0.983      0.503     -0.429      0.214
175.8000      -1001.604    -1011.313        9.709   389.2      0.084      1.090      0.004      0.333     -0.738      0.025
176.0000      -1002.013    -1011.419        9.406   377.0      0.173      0.520      0.858      0.183     -0.343     -0.268
176.2000      -1001.055    -1011.306       10.251   410.9      0.466      0.713      0.031      0.108      0.036     -0.319
176.4000      -1001.485    -1012.259       10.774   431.9     -0.057     -0.115     -0.152      0.121     -0.035     -0.278
176.6000      -1001.623    -1012.045       10.423   417.8     -0.355     -0.222     -1.184      0.271     -0.010     -0.149
176.8000      -1001.103    -1011.234       10.131   406.1      1.297      0.691      0.401     -0.441      0.598     -0.338
177.0000      -1000.077    -1010.912       10.835   434.3      0.719      0.626      0.252     -0.135     -0.063     -0.399
177.2000      -1000.926    -1010.624        9.698   388.7      0.727     -0.720      1.044     -0.573     -0.124      0.242
177.4000      -1000.191    -1010.686       10.495   420.7      0.427      0.187      0.806      0.302     -0.195      0.215
177.6000      -1001.135    -1012.188       11.053   443.1     -0.278      0.906      0.630      0.002     -0.101     -0.031
177.8000      -1001.048    -1010.563        9.515   381.4     -0.461     -0.205     -0.242      0.317      0.356      0.337
178.0000      -1001.156    -1011.326       10.170   407.6      0.303     -0.132      0.646     -0.388      0.262     -0.042
178.2000      -1001.559    -1010.821        9.263   371.3      1.345      1.971      0.533      0.323      0.497     -0.112
178.4000      -1001.319    -1010.641        9.322   373.7     -0.272     -0.226      0.896     -0.052      0.767     -0.218
178.6000      -1000.705    -1011.235       10.530   422.1     -0.240      0.074     -0.360      0.111      0.204     -0.271
178.8000       -999.949    -1009.587        9.638   386.3      0.284      0.744     -0.077     -0.453     -0.158     -0.140
179.0000      -1000.932    -1011.234       10.303   413.0     -0.618     -0.188      0.043     -0.502      0.007     -0.358
179.2000      -1001.465    -1011.612       10.147   406.7      1.168      1.095      0.089     -0.227      0.258      0.030
179.4000      -1001.562    -1011.579       10.017   401.5      0.160      1.124     -0.043     -0.167     -0.022      0.229
179.6000      -1000.824    -1010.747        9.923   397.8      0.139      0.082      0.941      0.115      0.417     -0.727
179.8000      -1000.271    -1010.477       10.206   409.1     -0.310      0.411     -0.613      0.547      0.410      0.005
180.0000       -998.888    -1009.774       10.886   436.4      0.122     -0.140     -0.285      0.190      1.079      0.077
180.2000      -1000.543    -1011.289       10.745   430.7     -0.231      1.035     -0.087      0.040     -0.453      0.859
180.4000      -1000.893    -1011.424       10.531   422.1      0.565      0.309      1.426     -0.183      0.167      0.112
180.6000      -1000.204    -1010.423       10.220   409.7     -0.031      0.531     -0.007     -0.495      0.355      0.420
180.8000      -1000.428    -1011.243       10.815   433.5     -0.332      0.311     -1.141     -0.295      0.281      0.111
181.0000      -1000.903    -1011.429       10.526   421.9     -0.012      1.208     -0.282      0.327     -0.323     -0.114
181.2000      -1001.934    -1011.784        9.851   394.9      0.419      0.271      1.164      0.332      0.014     -0.179
181.4000      -1002.186    -1012.597       10.411   417.3      0.486      0.131      0.748     -0.084      0.392     -0.133
181.6000      -1002.955    -1012.703        9.748   390.8      0.289      0.046      1.334     -0.022      0.571      0.032
181.8000      -1002.716    -1011.414        8.698   348.7     -0.396     -0.640      0.485     -0.548      0.311     -0.512
182.0000      -1002.476    -1012.681       10.205   409.0      0.343     -0.083     -0.339      0.416     -0.711     -0.124
182.2000      -1002.255    -1012.064        9.809   393.2      0.072      0.548      0.448     -0.444     -0.135     -0.067
182.4000      -1002.410    -1012.169        9.759   391.2      0.426     -0.109      0.420      0.097     -0.525      0.362
182.6000      -1002.831    -1011.015        8.184   328.1     -0.313      0.124      0.569      0.623     -0.047     -0.142
182.8000      -1001.510    -1011.688       10.177   408.0      0.154     -0.733     -0.880     -0.865      0.065      0.082
183.0000      -1002.014    -1011.328        9.314   373.4      0.102      0.033      0.248      0.180      0.050     -0.601
183.2000      -1001.867    -1012.124       10.257   411.1      0.888     -0.106      0.942      0.156      0.100     -0.796
183.4000      -1002.187    -1012.197       10.010   401.2     -0.426      0.803      0.390     -0.037     -0.101      0.402
183.6000      -1001.155    -1011.646       10.491   420.5     -0.897      0.510     -0.507      0.295      0.428     -0.253
183.8000      -1001.221    -1010.768        9.547   382.7     -0.778     -0.466     -0.128     -0.426      0.548      0.212
184.0000      -1001.984    -1012.244       10.260   411.3      0.616      0.372      1.502      0.120     -0.848      0.091
184.2000      -1001.957    -1012.408       10.451   418.9      0.056      0.457      0.193     -0.026     -0.184     -0.212
184.4000      -1003.018    -1012.302        9.284   372.1      0.867      0.478      0.898      0.128     -0.267     -0.423
184.6000      -1000.859    -1010.223        9.364   375.4      0.952      0.173      0.735     -0.251      0.111     -0.578
184.8000       -999.669    -1010.605       10.937   438.4      0.271      0.445      0.257     -0.488      0.134     -0.077
185.0000      -1000.417    -1010.276        9.859   395.2      0.939      1.462      1.433     -0.292      0.105      0.466
185.2000      -1001.576    -1011.393        9.817   393.5      0.134     -0.088      0.477     -0.457     -0.256      0.513
185.4000      -1001.231    -1012.174       10.943   438.7      0.593      0.202      0.335      0.200     -0.132      0.280
185.6000      -1002.683    -1012.540        9.857   395.1      0.521      1.039      1.165      0.494      0.274     -0.461
185.8000      -1003.318    -1011.861        8.543   342.4     -0.056     -0.288     -0.135      0.057      0.069      0.347
186.0000      -1002.321    -1011.538        9.217   369.5      0.640      1.653      0.864     -0.222     -0.213     -0.155
186.2000      -1001.846    -1011.011        9.165   367.4     -0.898     -0.727     -0.609      0.245      0.196     -0.046
186.4000      -1001.932    -1011.897        9.965   399.4     -0.136      0.209      0.690      0.366     -0.192      0.179
186.6000      -1001.699    -1012.071       10.373   415.8      1.784      0.483      1.463      0.741     -0.406     -0.435
186.8000      -1000.743    -1012.051       11.308   453.3     -0.436      0.648      0.941     -0.785      0.310     -0.210
187.0000      -1000.987    -1011.619       10.632   426.2     -0.380      0.110     -0.141      0.017     -0.237      0.162
187.2000      -1001.488    -1011.820       10.332   414.2      1.104      0.527     -0.072      0.193     -0.045      0.122
187.4000      -1000.926    -1011.996       11.070   443.7     -0.665     -0.143      0.169     -0.264     -0.839     -0.307
187.6000      -1000.570    -1010.975       10.405   417.1      0.346      0.596      0.651      0.024     -0.439      0.124
187.8000      -1001.560    -1012.397       10.837   434.4      0.241      0.827     -0.343     -0.009      0.312      0.002
188.0000      -1002.138    -1012.028        9.890   396.4     -0.064      0.587     -0.236      0.731     -0.036      0.238
188.2000      -1000.384    -1011.132       10.747   430.8      0.084     -0.666      0.854     -0.256     -0.328      0.881
188.4000      -1002.027    -1011.749        9.722   389.7      0.640     -0.738     -0.280     -0.085     -0.674      0.390
188.6000      -1001.371    -1011.269        9.898   396.8     -0.015     -0.967     -0.154      0.187      0.248      0.187
188.8000      -1002.187    -1012.360       10.173   407.8     -0.121     -0.206     -0.353      0.296      0.028     -0.422
189.0000      -1001.116    -1011.464       10.349   414.8      0.478     -0.965     -0.094     -0.189     -0.636     -0.325
189.2000      -1000.546    -1011.324       10.778   432.0      0.786      0.591      0.879      0.308     -0.384     -0.480
189.4000      -1001.129    -1011.239       10.110   405.3     -0.800     -1.116     -0.524     -0.146      0.684      0.244
189.6000      -1000.653    -1011.133       10.481   420.1     -0.639      0.219     -0.718     -0.186      0.346     -0.546
189.8000      -1001.467    -1012.152       10.685   428.3      0.733      0.326      0.381     -0.462      0.220      0.285
190.0000      -1001.889    -1011.486        9.598   384.7     -0.469      0.535      0.564     -0.055      0.269     -0.205
190.2000      -1000.875    -1010.857        9.982   400.1      1.787      0.654      0.815      0.362     -0.658     -0.310
190.4000      -1001.189    -1011.466       10.277   412.0      0.393      0.777      1.230      0.447     -0.197     -0.001
190.6000      -1001.526    -1012.627       11.101   445.0      0.824      1.091      0.693     -0.242      0.100      0.407
190.8000      -1000.862    -1011.004       10.142   406.5      1.025      0.293      0.011      0.201     -0.443      0.273
191.0000      -1000.662    -1011.110       10.448   418.8      0.327      0.651     -0.372      0.050      0.256     -0.474
191.2000      -1001.099    -1010.759        9.659   387.2      0.260      0.486     -0.954      0.431     -0.169     -0.545
191.4000      -1001.883    -1012.216       10.333   414.2      0.552     -0.930     -1.024     -0.058     -0.203     -0.114
191.6000      -1000.768    -1011.011       10.242   410.6      0.384      0.853     -0.378      0.168     -0.321     -0.318
191.8000      -1000.855    -1011.550       10.695   428.7      0.403     -0.430      0.930     -0.004     -0.240     -0.476
192.0000      -1000.675    -1011.284       10.608   425.2      0.811      1.001      1.314      0.137      0.535      0.235
192.2000      -1001.738    -1011.704        9.966   399.5      0.197      0.773      0.994     -0.518      0.045     -0.257
192.4000      -1002.963    -1012.324        9.361   375.3     -0.795     -0.550     -1.530      0.500     -0.430     -0.338
192.6000      -1002.164    -1011.929        9.764   391.4      0.288      0.675      0.309      0.188      0.230     -0.233
192.8000      -1001.873    -1011.157        9.284   372.1      0.986      0.434      1.217     -0.252     -0.328      0.806
193.0000      -1001.847    -1011.947       10.100   404.8      0.023      0.193     -0.200      0.118     -0.519      0.470
193.2000      -1002.230    -1012.199        9.968   399.6      0.349      0.736      0.460      0.188      0.057     -0.631
193.4000      -1002.863    -1012.189        9.326   373.8     -0.220      0.170     -0.663      0.153      0.075     -0.092
193.6000      -1002.931    -1011.897        8.967   359.4      1.178      0.223      1.034      0.065     -0.462     -0.252
193.8000      -1003.759    -1013.216        9.457   379.1     -0.100      0.289     -0.224      0.042     -0.401      0.662
194.0000      -1002.982    -1012.120        9.139   366.3     -0.377     -0.918      0.233      0.309     -0.475     -0.372
194.2000      -1002.365    -1012.333        9.968   399.6      0.322      0.191      0.529      0.153     -0.230     -0.416
194.4000      -1002.736    -1012.668        9.932   398.1      0.084      0.636      0.192      0.343     -0.399     -0.173
194.6000      -1001.657    -1011.366        9.709   389.2      0.678      0.370      0.957      0.427     -0.223      0.241
194.8000      -1001.291    -1011.315       10.024   401.8     -0.137      1.165     -0.108      0.198      0.023     -0.378
195.0000      -1001.180    -1011.120        9.941   398.5      0.029     -0.265     -1.287     -0.237     -0.235     -0.062
195.2000      -1001.168    -1010.930        9.762   391.3      1.236      1.013      2.184     -0.053      0.145     -0.200
195.4000      -1001.967    -1012.120       10.153   407.0      0.501      0.112     -0.294      0.301      0.057     -0.118
195.6000      -1000.759    -1011.078       10.319   413.6     -0.205      0.830      0.545     -0.520     -0.190      0.389
195.8000      -1000.667    -1010.465        9.799   392.8      1.366      0.751      1.216     -0.146     -0.519      0.129
196.0000      -1000.405    -1011.189       10.784   432.3      0.473     -1.004      0.344     -0.143     -0.462     -0.347
196.2000      -1000.691    -1010.703       10.013   401.4     -0.710     -0.338      0.546     -0.593      0.316      0.417
196.4000      -1000.696    -1011.301       10.604   425.1      0.769      0.443     -0.736      0.133      0.164     -0.278
196.6000      -1001.514    -1011.515       10.001   400.9      0.210      0.583     -0.075     -0.114      0.183     -0.322
196.8000      -1002.237    -1011.519        9.282   372.1     -0.443      0.733      0.839      0.825      0.040      0.065
197.0000      -1001.977    -1011.608        9.631   386.1      0.523      0.082     -0.326      0.227     -0.258     -0.116
197.2000      -1000.709    -1010.506        9.796   392.7      1.941      0.954      1.263     -0.209     -0.719     -0.354
197.4000      -1000.394    -1011.512       11.118   445.6      0.840      1.401      0.936     -0.064     -0.290      0.192
197.6000      -1000.221    -1010.754       10.533   422.2      0.165      1.206      0.506     -0.252     -0.323      0.394
197.8000       -999.429    -1009.897       10.467   419.6      0.430     -0.237     -0.229     -0.497     -0.074      0.272
198.0000      -1001.260    -1011.030        9.769   391.6      0.767      0.987      0.182     -0.137     -0.266      0.205
198.2000      -1000.917    -1011.233       10.316   413.5     -0.543      0.396      0.199     -0.112     -0.280     -0.563
198.4000      -1000.798    -1011.588       10.789   432.5     -0.106      1.094      1.358      0.081      0.180      0.012
198.6000      -1000.926    -1011.175       10.249   410.8     -0.776     -0.113      0.224     -0.544     -0.124      0.826
198.8000      -1002.764    -1011.860        9.096   364.6     -0.255      0.782      0.142     -0.505      0.412     -0.367
199.0000      -1002.091    -1010.854        8.763   351.3      0.496     -0.074      0.671     -0.023     -0.085      0.044
199.2000      -1002.233    -1012.066        9.833   394.2      1.115      0.869      1.064     -0.299     -0.170      0.051
199.4000      -1001.533    -1011.863       10.330   414.1      1.544      1.169      0.629     -0.493     -1.055     -0.104
199.6000      -1001.156    -1010.878        9.721   389.7      0.536     -0.083      0.001     -0.044      0.614     -0.265
199.8000      -1001.085    -1011.626       10.541   422.5      0.247      0.478     -0.181      0.218     -0.472      0.475
200.0000      -1001.311    -1011.454       10.144   406.6      0.622      0.659      0.766     -0.152      0.106     -0.613
200.2000      -1002.919    -1012.499        9.581   384.0      0.912      0.614     -0.678     -0.520     -0.497      0.312
200.4000      -1002.565    -1011.429        8.865   355.3     -0.171      0.084      0.979      0.697     -0.170      0.525
200.6000      -1001.730    -1012.124       10.394   416.6      0.417      0.303      0.617      0.165      0.278     -0.440
200.8000      -1000.848    -1011.373       10.524   421.9     -0.171      0.152     -0.364      0.072     -0.218     -0.728
201.0000      -1000.888    -1010.245        9.357   375.1     -0.490     -0.786     -0.678      0.196      0.219      0.086
201.2000      -1001.521    -1011.638       10.118   405.6      0.336      0.559      0.692     -0.680     -0.498      0.242
201.4000      -1002.654    -1012.505        9.850   394.8     -0.452      0.040      0.741      0.276     -0.240      0.088
201.6000      -1001.806    -1011.547        9.741   390.5      0.585      0.934      0.561     -0.096     -0.155     -0.137
201.8000      -1001.106    -1010.591        9.486   380.2      0.343      1.023     -0.237     -0.231      0.779     -0.585
202.0000      -1001.306    -1011.448       10.142   406.6      0.073      0.740      0.501      0.054     -0.260      0.035
202.2000      -1000.963    -1011.147       10.185   408.3     -0.156      0.538     -0.688      0.136     -0.013     -0.610
202.4000       -999.763    -1010.013       10.250   410.9      0.916      0.602      1.026      0.124     -0.111     -0.093
202.6000      -1000.337    -1010.735       10.398   416.8      1.489     -0.318      0.609      0.037     -0.333      0.150
202.8000      -1000.149    -1009.881        9.732   390.1      0.976      0.721      0.785      0.413      0.459     -0.523
203.0000      -1000.312    -1009.644        9.332   374.1      1.192      1.491      0.601     -0.054      0.629      0.195
203.2000      -1000.831    -1010.289        9.457   379.1     -0.798      1.325     -0.019      0.185     -0.678      0.269
203.4000      -1001.797    -1011.859       10.063   403.4      0.598     -0.047      0.249      0.294      0.242      0.358
203.6000      -1002.003    -1011.528        9.525   381.8      0.421      0.273     -0.324     -0.116      0.008     -0.502
203.8000      -1002.500    -1011.822        9.322   373.7      1.014      0.307      1.056      0.286      0.383     -0.286
204.0000      -1003.134    -1012.240        9.106   365.0      0.039      0.581     -0.014      0.396     -0.039      0.150
204.2000      -1003.034    -1012.124        9.090   364.4      0.418     -0.085      0.520     -0.734     -0.112      0.233
204.4000      -1001.348    -1011.640       10.293   412.6      0.312     -0.140      0.192      0.345     -0.290     -0.378
204.6000      -1000.983    -1012.146       11.163   447.5     -0.111      0.636      0.078      0.264     -0.131      0.715
204.8000      -1001.831    -1012.185       10.353   415.0      0.628     -0.182      0.483     -0.038     -0.040      0.132
205.0000      -1000.706    -1011.288       10.582   424.2     -0.003      0.142     -0.303      0.630     -0.615      0.335
205.2000      -1002.139    -1012.609       10.470   419.7      0.097      0.940      0.931      0.254      0.094     -0.223
205.4000      -1001.927    -1011.965       10.037   402.3      0.076     -0.079     -0.259      0.519     -0.022     -0.573
205.6000      -1002.180    -1012.877       10.697   428.8      1.104      0.380      1.347      0.131      0.250      0.065
205.8000      -1002.495    -1012.019        9.525   381.8     -0.700      0.479      0.483      0.035     -0.068     -0.175
206.0000      -1002.137    -1011.716        9.578   383.9      1.113      0.052      1.287     -0.294     -0.320     -0.106
206.2000      -1001.843    -1012.664       10.820   433.7      0.113      0.726      0.718     -0.298      0.031     -0.142
206.4000      -1002.136    -1011.829        9.693   388.5      0.298      0.294     -0.252      0.073      0.833     -0.239
206.6000      -1002.305    -1012.086        9.781   392.1      0.373      0.813      1.393      0.378      0.272     -0.413
206.8000      -1002.283    -1011.244        8.961   359.2      0.715      0.819      0.716     -0.016     -0.581     -0.292
207.0000      -1003.214    -1013.190        9.975   399.9      0.894      0.687      0.419      0.246     -0.536     -0.541
207.2000      -1002.551    -1012.154        9.603   384.9      1.123     -0.076      0.544     -0.376      0.058     -0.618
207.4000      -1001.975    -1012.188       10.213   409.4     -0.005      0.446      0.560      0.246     -0.239      0.425
207.6000      -1002.289    -1012.413       10.123   405.8      0.853      0.724      0.447      0.465      0.449     -0.389
207.8000      -1003.076    -1012.245        9.169   367.6      0.040      0.857      0.318      0.433     -0.247     -0.604
208.0000      -1001.812    -1012.220       10.408   417.2      0.076      0.154      0.358     -0.204     -0.824     -0.197
208.2000      -1000.798    -1011.645       10.847   434.8      0.970     -0.497      0.618     -0.176      0.183     -0.327
208.4000      -1000.166    -1010.217       10.051   402.9      1.039     -0.106      0.172      0.446      0.592     -0.186
208.6000      -1000.767    -1010.501        9.734   390.2      0.445      1.059      0.725     -0.830      0.296     -0.492
208.8000      -1000.804    -1011.310       10.506   421.1      1.364      0.275      0.796     -0.094     -1.444      0.312
209.0000       -999.957    -1010.130       10.173   407.8      0.295      0.531      0.676     -0.300     -0.017     -0.617
209.2000      -1000.695    -1011.516       10.821   433.8      0.102      2.005     -0.227     -0.120      1.259      0.472
209.4000      -1001.675    -1011.839       10.163   407.4      0.843     -0.146     -0.043      0.132      0.495      0.902
209.6000      -1000.967    -1011.767       10.800   432.9      0.154      0.056      0.657      0.448     -0.103     -0.005
209.8000      -1000.576    -1011.350       10.774   431.9      0.402      0.189      0.490     -0.104     -0.570     -0.039
210.0000      -1000.481    -1010.990       10.509   421.3      0.172      0.912     -0.591     -0.563      0.248      0.365
210.2000      -1002.049    -1011.400        9.351   374.8      0.766      1.182      0.217      0.437     -0.067      0.281
210.4000      -1002.178    -1011.993        9.815   393.4     -1.367      0.771     -0.052      0.046     -0.660     -0.285
210.6000      -1001.253    -1010.807        9.555   383.0      0.538      1.443      0.003     -0.594     -0.451     -0.183
210.8000      -1000.461    -1010.972       10.511   421.3      0.605     -0.151      0.350     -0.667      0.166     -0.239
211.0000      -1001.471    -1011.408        9.937   398.3      0.106      0.012     -0.231      0.414     -0.445      0.041
211.2000      -1001.169    -1010.523        9.354   375.0      0.106     -0.625      0.207     -0.583     -0.479     -0.541
211.4000      -1000.881    -1011.437       10.556   423.1      0.935      0.478      0.255      0.369      0.339      0.022
211.6000      -1002.426    -1011.648        9.222   369.7     -0.246      0.649      0.374     -0.417      0.135     -0.237
211.8000      -1001.894    -1011.967       10.074   403.8      1.229      0.274      0.455     -0.445      0.180     -0.030
212.0000      -1002.219    -1012.264       10.045   402.7      0.501      0.225      0.245     -0.224      0.837      0.266
212.2000      -1002.356    -1012.641       10.285   412.3      0.073     -1.103     -0.095      0.216     -0.135      0.104
212.4000      -1001.722    -1011.907       10.185   408.3      0.799      1.016      1.243      0.228     -0.471      0.191
212.6000      -1002.332    -1011.321        8.989   360.3      0.554      1.077      0.701     -0.738     -0.061     -0.409
212.8000      -1001.554    -1012.411       10.857   435.2      0.168     -0.207      0.973      0.380      0.200     -0.431
213.0000      -1001.134    -1011.210       10.077   403.9      0.775      0.134      0.298      0.671     -0.255      0.013
213.2000      -1001.529    -1011.516        9.987   400.3      0.969      0.111      0.448      0.202     -0.213     -0.065
213.4000      -1001.301    -1011.773       10.472   419.8     -0.979      0.930     -0.107      0.517      0.232      0.237
213.6000      -1000.929    -1011.684       10.755   431.1      0.554      0.077      0.144     -0.094      0.264      0.427
213.8000      -1001.707    -1011.723       10.016   401.5     -0.153     -0.246     -0.322      0.372      0.356     -0.056
214.0000      -1003.256    -1012.368        9.112   365.2      0.279      0.845      0.454      0.798      0.217      0.293
214.2000      -1003.151    -1012.381        9.231   370.0      1.038      0.617     -0.085      0.163      0.606     -0.378
214.4000      -1002.553    -1012.176        9.623   385.8      0.241      0.613     -0.125      0.101     -0.592     -0.125
214.6000      -1002.920    -1012.173        9.253   370.9      0.313      0.278      1.048     -0.033     -0.044      0.362
214.8000      -1001.319    -1011.231        9.912   397.3     -0.802      0.171      0.489     -0.419      0.748      0.225
215.0000      -1001.505    -1011.592       10.086   404.3     -1.051     -0.738     -0.721      0.532      0.837      0.397
215.2000      -1001.524    -1011.631       10.108   405.2     -0.674     -0.699      0.199      0.252      0.229     -0.444
215.4000      -1001.272    -1011.305       10.032   402.1      0.095     -0.142     -0.351      0.150     -0.250     -0.529
215.6000      -1001.081    -1011.279       10.197   408.8      0.516      0.043     -0.486     -0.350     -0.414      0.202
215.8000      -1001.477    -1010.681        9.205   369.0      0.187     -0.667     -0.250      0.021     -0.603      0.215
216.0000      -1001.809    -1012.111       10.302   412.9      1.577     -0.056      1.966     -0.295      0.131     -1.123
216.2000      -1001.374    -1011.396       10.022   401.7      0.713      0.747      1.003      0.308     -0.091      0.092
216.4000      -1001.392    -1011.620       10.228   410.0      0.704     -0.071      0.723      0.423     -0.159     -0.034
216.6000      -1002.454    -1011.871        9.417   377.5     -0.274     -0.176      1.083      0.155     -0.751      0.684
216.8000      -1002.115    -1012.522       10.407   417.1     -0.207      0.224      0.027      0.495      0.368     -0.160
217.0000      -1002.998    -1012.937        9.939   398.4     -0.451      0.573      0.679      0.305      0.126      0.333
217.2000      -1002.581    -1012.070        9.489   380.4      0.821      0.146      0.514     -0.005     -0.545      0.244
217.4000      -1002.323    -1012.203        9.880   396.0      1.133      0.645      0.496      0.602      0.433     -0.366
217.6000      -1001.937    -1011.956       10.019   401.6      0.662      0.329      0.346      0.525      0.190      0.182
217.8000      -1001.698    -1011.428        9.730   390.0      0.284      0.421      0.650      0.489      0.249      0.106
218.0000      -1002.046    -1012.258       10.212   409.4     -0.166     -0.141      0.437     -0.659     -0.505      0.562
218.2000      -1001.264    -1011.473       10.209   409.2      0.645      0.056     -0.376      0.305      0.210     -0.712
218.4000      -1002.917    -1012.494        9.577   383.9      0.212      0.039      1.168     -0.195     -0.203     -0.421
218.6000      -1001.717    -1011.282        9.565   383.4      0.227     -0.418      0.193     -0.116      0.110     -0.191
218.8000      -1001.184    -1011.260       10.076   403.9      0.283      0.914     -0.431      0.309     -0.381     -0.349
219.0000      -1001.520    -1011.339        9.819   393.6      0.332      1.087     -0.544     -0.708     -0.198     -0.535
219.2000      -1002.335    -1012.542       10.207   409.1      0.458     -0.406      0.670      0.227     -0.065      0.316
219.4000      -1002.254    -1012.449       10.195   408.7      0.915     -0.203      0.904     -0.182      0.123      0.053
219.6000      -1002.549    -1012.456        9.907   397.1      0.371      1.236      0.812      0.327      0.169      0.225
219.8000      -1001.976    -1011.760        9.784   392.2      0.343      0.539     -0.053     -0.018      0.322      0.616
220.0000      -1001.362    -1012.130       10.769   431.7     -0.248      0.974      0.622     -0.067     -0.541      0.312
220.2000      -1002.576    -1012.694       10.118   405.6     -0.347      1.020      0.466     -0.054     -0.129     -0.410
220.4000      -1002.604    -1013.049       10.446   418.7      0.456      0.014      0.093      0.409     -0.031     -0.799
220.6000      -1001.507    -1012.125       10.618   425.6      0.373      0.260      1.022      0.177      0.334      0.363
220.8000      -1002.750    -1012.977       10.227   410.0      0.274      0.349     -0.214     -0.047      0.040     -0.135
221.0000      -1003.280    -1012.016        8.736   350.2      0.773      0.114      0.806     -0.187      0.205      0.547
221.2000      -1003.804    -1013.625        9.821   393.7      0.321      0.650      1.198     -0.022      0.084      0.098
221.4000      -1002.798    -1012.044        9.247   370.7     -0.142      0.178     -0.755     -0.012      0.028      0.635
221.6000      -1003.079    -1011.974        8.896   356.6     -1.113     -0.256     -1.252     -0.063     -0.120     -0.146
221.8000      -1002.980    -1013.466       10.485   420.3      1.338      0.974      0.219     -0.248      0.167     -0.598
222.0000      -1003.816    -1012.752        8.935   358.2      0.220      0.207      1.076     -0.344     -0.410     -0.031
222.2000      -1003.912    -1012.891        8.979   359.9     -0.173      0.235      0.199     -0.425      0.526      0.210
222.4000      -1003.123    -1012.435        9.313   373.3     -0.275      0.521      0.109     -0.041      0.073      0.217
222.6000      -1002.505    -1012.271        9.766   391.5      0.721      0.850      0.465      0.164     -0.204     -0.466
222.8000      -1001.318    -1011.586       10.268   411.6      0.436      0.571      0.965      0.023     -0.120     -0.389
223.0000      -1002.008    -1011.916        9.907   397.1      0.571      0.778      0.307     -0.318     -0.147     -0.016
223.2000      -1002.227    -1011.634        9.407   377.1      0.533      0.347     -0.378     -0.225     -0.165     -0.091
223.4000      -1002.134    -1012.552       10.417   417.6      0.543     -0.692      0.250     -0.143      0.252     -0.298
223.6000      -1002.121    -1012.236       10.115   405.5     -0.017      0.329     -0.149     -0.249     -0.201      0.623
223.8000      -1001.442    -1011.350        9.909   397.2      0.961      0.116     -0.713      0.617     -0.087      0.690
224.0000      -1001.826    -1011.368        9.542   382.5      0.294      0.581      0.568      0.078     -0.537      0.344
224.2000      -1002.026    -1011.776        9.750   390.8      0.775      0.312      0.242      0.671     -0.196      0.117
224.4000      -1002.104    -1012.029        9.925   397.8      1.276      0.045      1.041     -0.093      0.298     -1.053
224.6000      -1002.511    -1011.924        9.412   377.3     -0.293      0.564      0.246     -0.260      0.377     -0.259
224.8000      -1002.879    -1012.524        9.645   386.6      0.736      1.344      1.291     -0.337      0.158     -0.431
225.0000      -1002.474    -1012.365        9.891   396.5      0.279     -0.169      0.109     -0.236      0.340      0.229
225.2000      -1003.025    -1011.914        8.889   356.3      0.036     -0.161     -0.182     -0.095     -0.226      0.550
225.4000      -1003.839    -1012.959        9.121   365.6      0.270      0.418      0.364      0.055     -0.216     -0.459
225.6000      -1003.117    -1012.222        9.105   365.0      1.257      0.170      0.093      0.190     -0.263      0.049
225.8000      -1003.334    -1012.931        9.597   384.7      0.680      1.343      0.105      0.521     -0.151      0.231
226.0000      -1002.819    -1012.979       10.160   407.3      1.042      0.748      0.105      0.081      0.349      0.203
226.2000      -1002.008    -1012.226       10.218   409.6      0.784      0.260      1.009      0.273     -0.294      1.097
226.4000      -1000.851    -1009.960        9.109   365.1     -0.203      0.648      0.077     -0.442      0.536     -0.668
226.6000      -1000.265    -1010.825       10.560   423.3      1.232      1.954      0.161      0.092     -0.156     -0.811
226.8000      -1001.069    -1010.961        9.892   396.5      0.496      0.361      0.270     -0.072      0.511      0.286
227.0000      -1001.933    -1012.247       10.315   413.5      1.076      1.019      1.183     -0.054      0.570      0.279
227.2000      -1000.819    -1010.827       10.008   401.2      0.345      0.213      0.234      0.116      0.010      0.264
227.4000      -1001.180    -1011.223       10.043   402.6     -0.210     -0.292      0.238      0.065      0.099      0.439
227.6000      -1001.164    -1011.133        9.969   399.6      0.564      0.456      0.117      0.868     -0.174      0.335
227.8000      -1002.149    -1012.158       10.009   401.2      0.307     -0.809     -0.159     -0.406      0.201      0.158
228.0000      -1001.315    -1011.632       10.317   413.6      0.822      0.351     -0.176     -0.273     -0.327     -0.450
228.2000      -1000.646    -1010.339        9.693   388.5      0.660     -0.009      1.474     -0.396     -0.076     -0.136
228.4000      -1000.524    -1010.834       10.309   413.3     -1.106     -0.857     -0.227      0.091     -0.656     -0.053
228.6000      -1000.934    -1011.150       10.217   409.5      0.130      1.135     -0.996      0.415      0.436      0.613
228.8000      -1000.942    -1012.067       11.125   445.9     -0.601     -0.245     -0.503     -0.464     -0.314     -0.394
229.0000      -1001.226    -1010.751        9.525   381.8     -0.492      0.242     -0.013      0.078     -1.238      0.687
229.2000      -1001.368    -1011.480       10.112   405.3      0.347      0.878      0.000     -0.209     -0.078     -0.799
229.4000      -1000.909    -1010.753        9.844   394.6      0.831     -0.078      0.325     -0.269     -0.023      0.246
229.6000      -1000.172    -1010.421       10.249   410.8     -0.664      0.769      0.832      0.226     -0.303     -0.584
229.8000      -1001.489    -1011.432        9.943   398.6      0.797      1.438      1.058      0.087     -0.226     -0.119
230.0000      -1002.427    -1011.282        8.855   355.0      0.389     -0.256      0.733      0.073      0.071      0.041
230.2000      -1001.975    -1011.920        9.945   398.6      0.088      0.060     -0.774     -0.311     -0.247      0.582
230.4000      -1001.388    -1012.072       10.683   428.2     -0.083      0.575      0.595     -0.649     -0.225     -0.154
230.6000      -1001.708    -1011.417        9.709   389.2     -0.958      0.755     -1.027     -0.321      0.709      0.379
230.8000      -1001.061    -1010.675        9.614   385.4      0.734     -0.587      0.118     -0.282      0.122      0.014
231.0000      -1001.060    -1010.543        9.483   380.1      0.312      1.108      0.257      0.343      0.263      0.120
231.2000      -1002.769    -1011.570        8.802   352.8      0.304      1.063      0.182      0.304      0.177     -0.060
231.4000      -1002.268    -1010.917        8.649   346.7      0.744      0.849      0.549     -0.415     -0.578     -0.534
231.6000      -1001.917    -1011.918       10.001   400.9      0.075      0.600     -0.855      0.526     -0.118      0.224
231.8000      -1003.040    -1012.289        9.249   370.8     -0.368      0.169     -1.154     -0.566      0.094     -0.754
232.0000      -1002.928    -1012.265        9.337   374.3      0.603      0.578      0.616      0.714      0.109      0.200
232.2000      -1002.501    -1011.731        9.230   370.0      0.125      0.578     -0.085     -0.129      0.452      0.332
232.4000      -1003.082    -1012.910        9.829   394.0      0.885      0.253      0.145      0.025     -0.479     -0.253
232.6000      -1001.590    -1010.807        9.217   369.5      0.612      1.095      1.375      0.122      0.638     -0.310
232.8000      -1001.546    -1011.436        9.890   396.4      1.080     -0.084      0.371     -0.269      0.111      0.415
233.0000      -1002.100    -1011.996        9.896   396.7      1.225      0.752     -0.139      0.400      0.336     -0.822
233.2000      -1001.631    -1011.406        9.775   391.8      1.319      0.776      1.488      0.314      0.514      0.217
233.4000      -1001.005    -1010.296        9.292   372.4      0.451     -0.059     -0.287      0.173      0.689      0.433
233.6000      -1000.928    -1010.784        9.856   395.1      1.385      0.190      0.875      0.367      0.315     -0.249
233.8000      -1000.781    -1010.557        9.776   391.8      0.400     -0.181      1.419      0.583      0.468      0.305
234.0000      -1001.713    -1011.385        9.673   387.7      0.474      0.332      0.001     -0.003     -0.079      0.477
234.2000      -1001.607    -1011.096        9.489   380.4      1.064      1.139      0.812      0.122     -0.244     -0.331
234.4000      -1003.074    -1012.531        9.457   379.1      0.738      0.764      0.529      0.338     -0.397     -0.102
234.6000      -1003.062    -1012.215        9.153   366.9      0.394      0.530      1.232      0.145      0.256     -0.310
234.8000      -1004.465    -1013.591        9.126   365.8      0.034     -0.067     -0.294     -0.022     -0.508     -0.019
235.0000      -1004.018    -1012.909        8.891   356.4      0.770      0.612      0.109     -0.180     -0.205      0.308
235.2000      -1002.819    -1012.718        9.899   396.8      0.049     -1.093     -0.409     -0.631     -0.054     -0.033
235.4000      -1002.122    -1011.339        9.217   369.5      0.716      0.281     -0.131      0.296     -0.343     -0.193
235.6000      -1000.973    -1010.923        9.950   398.8     -0.567     -0.107     -0.284     -0.235     -0.077      0.460
235.8000      -1001.792    -1011.844       10.052   402.9      0.337     -0.291     -0.716     -0.632     -0.325      0.085
236.0000      -1002.514    -1012.018        9.505   381.0      0.442     -0.664      0.477     -0.128     -0.165     -0.071
236.2000      -1002.185    -1011.674        9.489   380.4      0.176      0.356      0.140     -0.640     -0.190      0.098
236.4000      -1003.881    -1013.287        9.406   377.0     -0.114     -0.137     -1.221     -0.049     -0.014      0.201
236.6000      -1002.847    -1012.114        9.266   371.4      1.013     -0.603      0.174     -0.007      0.433     -0.595
236.8000      -1001.738    -1012.035       10.298   412.8     -0.059      1.054      0.464     -0.099      0.073      0.348
237.0000      -1003.402    -1012.350        8.948   358.7      0.892      0.094      0.486      0.223      0.363      0.089
237.2000      -1002.334    -1012.353       10.019   401.6     -0.423      0.288      0.587      0.167      0.287     -0.297
237.4000      -1001.771    -1011.989       10.218   409.6      1.166      0.710      0.939      0.040      0.498     -0.132
237.6000      -1001.278    -1010.503        9.225   369.8     -0.167      0.495      0.333     -0.129     -0.123      0.372
237.8000      -1000.534    -1010.792       10.258   411.2     -0.369     -0.223      0.554     -0.058     -0.106     -0.264
238.0000       -999.878    -1011.262       11.384   456.3     -0.126     -1.105     -0.902      0.142      0.369     -0.249
238.2000      -1000.932    -1010.621        9.689   388.4      0.331      0.853      1.233     -0.215     -0.831     -0.017
238.4000      -1001.768    -1011.673        9.905   397.0      0.038     -0.091     -0.605     -0.373     -0.127      0.253
238.6000      -1001.335    -1010.784        9.449   378.8     -0.837      0.253     -0.132     -0.011     -0.367     -0.296
238.8000       -999.987    -1010.224       10.236   410.3     -0.474      1.193      0.651     -0.592     -0.506      0.100
239.0000      -1000.747    -1010.669        9.922   397.7      1.134      0.899      0.570     -0.117     -0.371     -0.135
239.2000      -1001.090    -1010.601        9.511   381.3     -0.228      1.385      0.181      0.164     -0.152     -0.268
239.4000      -1001.240    -1011.227        9.987   400.3      0.792      0.357      0.931     -0.475      0.599      0.383
239.6000      -1001.552    -1011.581       10.029   402.0      1.098      1.432      0.128      0.563     -0.243     -0.293
239.8000      -1002.041    -1012.178       10.137   406.3      0.154     -0.263      0.184     -0.334      0.079      0.062
240.0000      -1002.131    -1012.664       10.533   422.2     -0.016     -0.237     -1.392      0.173      0.887      0.246
240.2000      -1002.532    -1012.683       10.151   406.9      0.655      0.703      0.088      0.001     -0.198     -0.389
240.4000      -1002.109    -1012.299       10.190   408.5      0.288      0.927      0.420     -0.227     -0.150      0.742
240.6000      -1002.563    -1011.974        9.412   377.3      0.751      1.247      1.342      0.133     -0.620     -0.490
240.8000      -1001.430    -1011.793       10.362   415.4      1.411      0.004      0.207      0.143     -0.132     -0.056
241.0000      -1001.945    -1011.841        9.896   396.7      0.882      0.474      0.558     -0.718     -0.299      0.010
241.2000      -1001.688    -1011.327        9.639   386.4      0.177      0.360      0.528     -0.194     -0.019     -0.073
241.4000      -1001.326    -1011.430       10.104   405.0      0.400      0.182      1.296     -0.444      0.110     -0.213
241.6000      -1001.398    -1011.437       10.039   402.4      0.726     -0.135     -0.450     -0.152     -0.286     -0.455
241.8000      -1000.785    -1010.763        9.977   399.9     -0.612      0.679      0.516     -0.342      0.232     -0.154
242.0000      -1002.031    -1012.324       10.293   412.6      0.130      0.878     -0.252     -0.155      0.311      0.223
242.2000      -1002.391    -1011.680        9.289   372.3     -0.139      0.524      0.796      0.012     -0.502     -0.590
242.4000      -1001.981    -1012.126       10.145   406.6      0.097      0.020      0.212      0.200      0.123     -0.207
242.6000      -1002.190    -1011.651        9.461   379.3      0.920      1.663      0.148      0.071     -0.031     -0.310
242.8000      -1001.634    -1011.589        9.955   399.0      0.502     -0.642     -1.035     -0.172     -0.702     -0.590
243.0000      -1000.647    -1010.896       10.249   410.8     -0.149     -0.976      0.003     -0.267      0.383      0.220
243.2000      -1001.244    -1011.638       10.394   416.7     -0.906      0.305      0.272      0.424     -0.113     -0.025
243.4000      -1001.065    -1011.390       10.325   413.9      0.079     -0.191     -0.215     -0.288      0.192      0.209
243.6000      -1000.975    -1011.138       10.163   407.4      0.311      0.419      0.509     -0.015      0.003     -0.367
243.8000      -1002.154    -1012.263       10.109   405.2      0.912      1.267      1.211     -0.087      0.148     -0.144
244.0000      -1001.021    -1010.553        9.532   382.1      0.752     -0.174      0.083      0.043     -0.457      0.312
244.2000      -1002.447    -1011.798        9.351   374.8     -0.513      0.382     -0.306      0.353      0.118     -0.112
244.4000      -1002.756    -1011.755        8.999   360.7      0.508      0.810      0.081     -0.255     -0.110     -0.526
244.6000      -1002.039    -1011.543        9.504   381.0      0.097      0.310     -0.135     -0.002     -0.161     -0.189
244.8000      -1002.124    -1011.689        9.565   383.4     -0.136     -0.316     -0.323     -0.240     -0.784      0.440
245.0000      -1002.677    -1012.760       10.083   404.2      0.063      0.174     -0.569     -0.206      0.057     -0.207
245.2000      -1001.449    -1011.522       10.073   403.8     -0.097     -0.121      0.903      0.118      0.067      0.062
245.4000      -1001.239    -1010.695        9.456   379.0     -0.357     -0.344      0.087      0.173     -0.601     -0.469
245.6000      -1000.564    -1011.219       10.654   427.1     -0.520     -0.013      1.259      0.049     -0.117     -0.490
245.8000      -1001.630    -1011.362        9.732   390.1      0.046      0.097      0.384     -0.385      0.036     -0.126
246.0000      -1001.435    -1011.375        9.940   398.4      0.734      0.394      0.638     -0.113      0.397     -0.723
246.2000      -1000.905    -1010.660        9.756   391.1      1.866      1.641      1.788      0.241      0.268     -0.115
246.4000      -1000.938    -1010.786        9.848   394.8      0.178      1.553     -0.528     -0.418      0.164      0.786
246.6000      -1000.438    -1010.428        9.990   400.4      0.887      1.583      1.589     -0.090      0.139      0.068
246.8000      -1000.930    -1011.241       10.311   413.3      0.938     -0.469     -0.394      0.172      0.334     -0.581
247.0000      -1001.233    -1011.631       10.398   416.8     -0.429     -0.176     -0.322      0.532      0.156      0.027
247.2000      -1001.549    -1011.008        9.459   379.2      0.262      0.218      0.331      0.057      0.571      0.270
247.4000      -1001.106    -1010.854        9.748   390.7      0.211      0.029      0.332     -0.088      0.801      0.181
247.6000       -999.982    -1010.464       10.483   420.2      0.135     -0.244     -0.369      0.170     -0.025      0.428
247.8000       -999.773    -1010.233       10.461   419.3      0.461     -0.031     -0.321     -0.286     -0.769      0.044
248.0000      -1000.528    -1010.143        9.615   385.4      0.864      0.827      0.570     -0.652     -0.441      0.124
248.2000       -999.971    -1010.353       10.382   416.2     -0.353     -0.464     -0.122      0.237      0.406     -0.472
248.4000      -1000.568    -1010.292        9.724   389.8      0.651      0.036      0.145     -0.318      0.006     -0.280
248.6000      -1001.634    -1011.507        9.873   395.8     -0.191     -0.783      0.932     -0.043     -0.591     -0.490
248.8000      -1002.290    -1012.454       10.164   407.4      0.265     -1.285     -0.112      0.092     -0.014      0.051
249.0000      -1002.579    -1012.061        9.482   380.1     -0.272      0.263      0.408      0.400      0.555     -0.057
249.2000      -1002.291    -1011.900        9.609   385.2     -0.207      0.241      0.321     -0.402      0.006     -0.179
249.4000      -1001.601    -1012.315       10.714   429.5      0.621      1.788      0.595      0.277     -0.176      0.336
249.6000      -1000.820    -1011.272       10.452   419.0      0.167     -0.049     -0.556     -0.461     -0.111     -0.596
249.8000      -1001.308    -1010.705        9.398   376.7     -0.257      0.128      1.084      0.770     -0.137     -0.418
250.0000      -1002.931    -1011.862        8.932   358.0      0.325      0.576      0.608      0.187      0.229     -0.609
250.2000      -1002.440    -1012.314        9.874   395.8      1.103      0.618     -0.631     -0.683     -0.026      0.050
250.4000      -1003.462    -1012.620        9.159   367.1      0.184      1.053      0.349      0.410      0.059     -0.147
250.6000      -1002.501    -1012.692       10.192   408.5      0.139      0.154     -0.053     -0.055      0.326     -0.135
250.8000      -1002.440    -1012.542       10.102   404.9      0.440     -0.119      0.375     -0.034      0.082     -0.035
251.0000      -1002.795    -1012.291        9.496   380.6      0.595      0.438     -0.020     -0.223      0.101      0.581
251.2000      -1003.284    -1012.099        8.815   353.3      0.837      0.668      0.297      0.531     -0.186     -0.328
251.4000      -1002.152    -1012.191       10.039   402.4     -0.093     -0.065     -0.179     -0.107     -0.473      0.049
251.6000      -1001.730    -1011.927       10.197   408.7      0.798      0.304      0.416     -0.082     -0.700      0.235
251.8000      -1000.921    -1010.933       10.012   401.3      0.341      0.294     -0.356      0.211      0.151      0.448
252.0000      -1000.148    -1010.463       10.315   413.5      0.722     -0.420     -0.192     -0.188      0.134     -0.036
252.2000      -1000.461    -1010.742       10.281   412.1      0.757      0.615      0.137     -0.294     -0.437     -0.234
252.4000      -1000.992    -1010.621        9.629   386.0      0.647      0.114      1.195      0.022     -0.204     -0.045
252.6000      -1000.066    -1011.150       11.083   444.3      0.434      0.606      0.730      0.282     -0.344     -0.407
252.8000      -1000.207    -1011.137       10.930   438.1      0.173      1.193     -0.385      0.022     -0.173      0.107
253.0000       -999.491    -1009.948       10.457   419.2      0.012     -0.711     -0.832     -0.401     -0.377     -0.574
253.2000       -998.773    -1009.292       10.519   421.6     -0.078      0.482      0.957      0.253      0.023     -0.527
253.4000      -1000.779    -1010.265        9.486   380.2      1.763      1.193      1.110     -0.352     -0.176      0.162
253.6000      -1001.076    -1012.316       11.240   450.5      0.772     -0.376      0.422     -0.007      0.334      0.347
253.8000      -1002.395    -1011.360        8.965   359.4      0.031      0.025     -0.207     -0.042      0.037      0.325
254.0000      -1002.633    -1011.698        9.065   363.4     -0.783      0.149      0.802     -0.621     -0.134      0.167
254.2000      -1001.623    -1011.398        9.776   391.9      0.090      0.286     -0.127      0.184     -0.172      0.255
254.4000      -1001.189    -1010.163        8.974   359.7      0.400      1.044      1.137     -0.036      0.621      0.315
254.6000      -1000.154    -1010.944       10.789   432.5      0.422     -0.577      0.514      0.077      0.032      0.483
254.8000      -1000.470    -1010.502       10.031   402.1      0.710      1.180      0.225     -0.218      0.163     -0.014
255.0000      -1000.735    -1010.340        9.605   385.0      1.201      0.710      1.398     -0.306      0.334      0.218
255.2000      -1001.828    -1012.546       10.718   429.6      0.284      0.528      0.790     -0.247     -0.460     -0.222
255.4000      -1002.935    -1012.064        9.128   365.9      1.088     -0.125      0.404      0.429      0.015     -0.027
255.6000      -1003.240    -1012.900        9.661   387.2      0.855      0.702      0.322      0.898     -0.218      0.174
255.8000      -1003.174    -1012.162        8.989   360.3     -0.300      0.117     -0.240     -0.018      0.013     -0.258
256.0000      -1003.070    -1012.546        9.475   379.8     -0.069      0.592     -0.093      0.163      0.040     -0.060
256.2000      -1002.500    -1012.016        9.517   381.5      0.965     -0.147     -0.127     -0.706      0.359     -0.053
256.4000      -1002.655    -1011.297        8.641   346.4      0.440      0.020     -0.371      0.108     -0.093      0.064
256.6000      -1001.661    -1011.453        9.792   392.5      0.093      0.062      0.234     -0.483      0.420      0.059
256.8000      -1002.430    -1012.439       10.009   401.2     -0.146     -0.213      0.010     -0.154      0.274      0.068
257.0000      -1002.499    -1012.173        9.674   387.8      0.593      0.022      0.427     -0.673      0.491      0.127
257.2000      -1002.543    -1012.002        9.459   379.1      0.186      0.093      0.783      0.283      0.645     -0.140
257.4000      -1002.932    -1012.510        9.578   383.9     -1.040     -0.363     -0.298      0.802     -0.110     -0.341
257.6000      -1002.712    -1012.277        9.565   383.4      1.159      2.751      0.331      0.712     -0.069     -0.064
257.8000      -1002.212    -1012.120        9.908   397.1      0.338      0.339      0.313     -0.211      0.178      0.648
258.0000      -1002.255    -1012.522       10.267   411.5      0.547      0.556     -0.373      0.109      0.005      0.459
258.2000      -1001.983    -1011.738        9.754   391.0      0.389      1.146      1.082     -0.337      0.069     -0.096
258.4000      -1001.773    -1011.495        9.722   389.7      0.051      1.006     -0.162      0.459     -0.131     -0.928
258.6000      -1001.409    -1012.027       10.618   425.6      0.064      0.327      0.244      0.248     -0.669      0.732
258.8000      -1001.282    -1011.770       10.488   420.4      0.365      1.204      1.040      0.288     -0.360      0.084
259.0000      -1001.366    -1011.578       10.212   409.3      0.366      0.501     -0.056     -0.241     -0.797     -0.131
259.2000      -1001.456    -1011.275        9.819   393.6      0.735     -0.083      0.725     -0.139      0.171      0.153
259.4000      -1001.926    -1011.942       10.017   401.5     -1.319     -0.117     -0.443      0.274      0.252     -0.009
259.6000      -1001.725    -1011.640        9.915   397.4     -1.232      0.362     -0.877      1.021      0.685     -0.467
259.8000      -1002.980    -1012.766        9.786   392.3      0.787     -0.248      0.686      0.184      0.174     -0.148
260.0000      -1003.778    -1013.037        9.259   371.2     -0.155     -0.327      0.258      0.498     -0.051      0.255
260.2000      -1003.401    -1011.899        8.499   340.7      1.050      0.535      0.705      0.089     -0.209      0.707
260.4000      -1003.156    -1012.237        9.080   364.0      0.238      0.631      0.747     -0.324     -0.975      0.333
260.6000      -1003.139    -1012.802        9.663   387.3      0.503      0.085      0.797      0.025     -0.237      0.305
260.8000      -1003.032    -1011.936        8.904   356.9      1.161      1.051      1.194     -0.434     -0.371      0.655
261.0000      -1002.441    -1011.653        9.212   369.3     -1.181     -0.290      0.609      0.788      0.010     -0.029
261.2000      -1002.163    -1012.239       10.076   403.9      0.262      1.093     -0.582     -0.260      0.196     -0.498
261.4000      -1002.013    -1011.813        9.800   392.8     -0.900     -0.496     -0.222     -0.612      0.413      0.538
261.6000      -1002.466    -1011.781        9.315   373.4     -0.361     -0.287     -0.502     -0.399      0.205      0.191
261.8000      -1001.836    -1011.682        9.846   394.7     -0.084      0.319      0.293      0.344     -0.274      0.396
262.0000      -1001.902    -1011.988       10.086   404.3      0.950     -0.623     -0.356      0.650      0.109     -0.310
262.2000      -1001.331    -1011.874       10.543   422.6     -0.449     -0.154      0.412     -0.108     -0.173      0.017
262.4000      -1001.548    -1011.975       10.427   417.9      0.080      0.668     -0.281     -0.097     -0.160      0.336
262.6000      -1001.838    -1012.079       10.242   410.5      0.186     -0.105     -0.349     -0.226     -0.081     -0.222
262.8000      -1001.028    -1011.319       10.290   412.5     -0.724     -0.259      0.558     -0.497     -0.566     -0.609
263.0000      -1001.884    -1011.777        9.893   396.6      0.190      0.518      0.494      0.024     -0.008     -0.096
263.2000      -1000.909    -1011.287       10.378   416.0      0.648     -0.223      0.420      0.155     -0.336      0.393
263.4000      -1000.334    -1010.153        9.819   393.6      1.278      0.132      0.485     -0.447      0.701      0.021
263.6000      -1000.423    -1011.236       10.813   433.4      1.057      0.624      0.727      0.419     -0.095     -0.958
263.8000      -1001.035    -1011.187       10.152   406.9     -0.246      0.085      1.191      0.364      0.168      0.010
264.0000      -1000.601    -1010.886       10.285   412.3      0.426      0.896     -0.570      0.160     -0.339      0.310
264.2000      -1000.863    -1011.092       10.229   410.0      1.475      0.057      0.097     -0.192      0.341     -0.211
264.4000      -1001.277    -1011.667       10.390   416.5      0.917      0.957      1.152     -0.042      0.036     -0.025
264.6000      -1001.592    -1010.951        9.359   375.1     -0.131      0.257      1.292      0.007     -0.850      0.498
264.8000      -1001.756    -1012.019       10.263   411.4      0.537      1.427      0.045     -0.102     -0.303      0.009
265.0000      -1001.925    -1011.532        9.607   385.1      0.026      0.592      1.003     -0.032     -0.249     -0.040
265.2000      -1002.373    -1011.941        9.568   383.5      0.610      0.113      0.024     -0.211     -0.218      0.172
265.4000      -1002.824    -1012.106        9.282   372.1     -0.561      0.048      0.310      0.769      0.184      0.013
265.6000      -1002.144    -1011.633        9.489   380.4      0.329      0.965      0.631      0.035     -0.388      0.441
265.8000      -1002.276    -1012.339       10.063   403.4      0.509      0.006     -0.251      0.408     -0.386     -0.248
266.0000      -1001.749    -1012.255       10.506   421.1      0.083      0.025      0.513      0.128      0.209      0.383
266.2000      -1001.734    -1010.656        8.923   357.7      1.213      0.438      0.398     -0.834      0.045     -0.081
266.4000      -1001.578    -1012.129       10.551   422.9      0.360      1.107      0.352      0.039     -0.370      0.023
266.6000      -1001.847    -1011.487        9.640   386.4     -0.599     -0.866      0.513     -0.059     -0.666      0.443
266.8000      -1000.808    -1010.447        9.638   386.3     -0.210     -0.994     -0.827      0.510     -0.095     -0.001
267.0000      -1000.829    -1010.878       10.049   402.8     -0.853      0.043     -0.554      0.057      0.180      0.081
267.2000      -1000.128    -1010.626       10.498   420.8      0.219      0.242      0.035      0.339     -0.418      0.113
267.4000      -1000.665    -1010.718       10.054   403.0      0.950      0.991      0.669     -0.340     -0.172     -0.286
267.6000      -1001.349    -1011.662       10.313   413.4     -0.251      0.299      0.143      0.224      0.413      0.116
267.8000      -1000.278    -1010.586       10.308   413.2      1.068     -0.345      0.429     -0.460      0.206     -0.144
268.0000      -1000.878    -1011.478       10.600   424.9     -0.143      0.551      0.695     -0.035      0.144      0.242
268.2000      -1001.329    -1010.604        9.275   371.8      1.161      0.469      0.036      0.027      0.544     -0.551
268.4000      -1000.317    -1011.666       11.349   454.9     -0.430     -0.279      0.515     -0.163     -0.001      0.196
268.6000      -1000.472    -1010.817       10.346   414.7      0.762      0.541      0.857     -0.307     -0.108     -0.224
268.8000       -999.739    -1010.216       10.477   420.0     -0.790     -0.565     -0.253     -0.061      0.037      0.865
269.0000       -999.762    -1009.730        9.968   399.6     -0.361     -0.008      0.304     -0.349      0.148      0.325
269.2000      -1000.888    -1010.454        9.565   383.4      0.083     -0.316      1.193     -0.019      0.318      0.254
269.4000      -1000.279    -1010.658       10.378   416.0      0.101      0.180      0.136     -0.471      0.036      0.548
269.6000       -999.244    -1009.779       10.535   422.3      0.549      0.405     -0.726      0.368     -0.743     -0.414
269.8000      -1000.674    -1010.358        9.684   388.2      0.233      0.320      0.548      0.061      0.494     -0.762
270.0000      -1000.535    -1010.890       10.355   415.1      0.322     -0.180      0.130      0.313      0.691     -0.056
270.2000      -1000.098    -1011.077       10.979   440.1      1.077      0.681      0.725     -0.248      0.805     -0.279
270.4000       -999.920    -1010.088       10.168   407.6      0.109     -0.392      1.080      0.607     -0.332     -0.623
270.6000      -1000.290    -1011.627       11.337   454.4      0.519     -0.670     -0.739     -0.126      0.254      0.152
270.8000      -1000.905    -1011.259       10.354   415.1     -0.373     -0.328     -0.521      0.230      0.052     -0.152
271.0000      -1001.416    -1010.802        9.386   376.2      0.948      0.487      1.268     -0.112      0.328     -0.938
271.2000      -1000.529    -1010.785       10.256   411.1     -0.045      0.056      0.132      0.001      0.075     -0.534
271.4000      -1000.686    -1011.178       10.492   420.6      1.085      0.582      1.140      0.063     -0.603      0.125
271.6000      -1000.176    -1011.123       10.947   438.8      0.363      0.218      0.181     -0.016     -0.390      0.052
271.8000      -1000.820    -1010.531        9.711   389.3      0.170      0.949     -0.117      0.292     -0.202      0.257
272.0000      -1000.408    -1009.662        9.254   370.9     -0.293      0.352     -0.610      0.547      0.198     -0.276
272.2000      -1000.532    -1011.290       10.758   431.2      0.426     -0.025      1.121      0.560      0.235     -0.010
272.4000      -1000.141    -1009.163        9.022   361.7      0.968      0.604      0.655     -0.032     -0.455     -0.261
272.6000      -1000.732    -1010.744       10.013   401.4      0.483      0.169      0.468     -0.360      0.538      0.374
272.8000      -1000.659    -1010.133        9.474   379.8      0.346     -0.183      0.039      0.131     -0.500     -0.237
273.0000      -1000.998    -1011.133       10.135   406.3      0.832      0.303      0.231      0.107     -0.074      0.002
273.2000      -1000.666    -1010.763       10.096   404.7      0.037      0.310      0.551      0.508     -0.039      0.748
273.4000      -1000.308    -1010.555       10.247   410.8      0.742      1.157      0.243     -0.303      0.299     -0.332
273.6000      -1002.816    -1011.743        8.927   357.8      1.098      0.421      0.032      0.165     -0.198     -0.341
273.8000      -1002.854    -1012.035        9.182   368.1      0.549     -0.561      0.471     -0.328      0.109      0.517
274.0000      -1003.222    -1012.125        8.903   356.9      0.688      1.435      0.781      0.347     -0.441      0.497
274.2000      -1002.968    -1012.655        9.687   388.3      0.017      0.211      0.011     -0.233      0.449      0.016
274.4000      -1003.154    -1012.020        8.866   355.4      0.839      0.418     -0.292     -0.019     -0.448      0.099
274.6000      -1003.280    -1012.418        9.137   366.3     -0.081      0.173      0.705      0.222      0.111     -0.250
274.8000      -1002.957    -1011.755        8.798   352.7      0.587      1.648      0.684      0.681      0.113      0.050
275.0000      -1001.703    -1012.031       10.328   414.0      1.181      1.161      0.660      0.029     -0.125      0.590
275.2000      -1002.836    -1011.746        8.910   357.1      0.138      0.184      0.101      0.090      0.509     -0.657
275.4000      -1004.144    -1013.407        9.262   371.3     -0.347     -0.566      0.376     -0.250      0.129      0.691
275.6000      -1004.394    -1013.705        9.310   373.2      0.321      0.245      0.399     -0.290      0.224     -0.202
275.8000      -1004.487    -1012.865        8.378   335.8      0.330     -0.042      0.106     -0.281     -0.443     -1.020
276.0000      -1003.979    -1012.846        8.867   355.4      0.397      1.313      0.115     -0.177      0.215     -0.998
276.2000      -1002.950    -1012.689        9.739   390.4      0.409      0.293      0.672     -0.200     -0.293     -0.495
276.4000      -1002.708    -1012.119        9.411   377.2      1.013      0.889      0.091     -0.053     -0.241      0.348
276.6000      -1002.192    -1011.786        9.594   384.6     -0.037      0.348      1.079     -0.632     -0.349      0.622
276.8000      -1002.179    -1011.936        9.757   391.1      0.052      1.139      0.856     -0.045      0.308     -0.600
277.0000      -1001.722    -1010.854        9.132   366.0      0.651      0.885      1.036     -0.320     -0.379      0.816
277.2000      -1001.857    -1011.260        9.403   376.9     -0.009      0.697      0.459     -0.674      0.193     -0.348
277.4000      -1003.056    -1012.034        8.978   359.9      0.884      0.829      0.201     -0.227     -0.052      0.405
277.6000      -1001.932    -1011.135        9.204   368.9      0.540      0.700     -0.041      0.235      0.365     -0.246
277.8000      -1001.227    -1011.847       10.620   425.7     -0.067     -0.231     -0.278     -0.690      0.212      0.184
278.0000      -1001.656    -1010.956        9.301   372.8      0.522      0.048      0.668     -0.597     -0.010      0.303
278.2000      -1001.767    -1011.836       10.069   403.6      0.380      0.560      0.858     -0.387      0.398      0.270
278.4000      -1002.445    -1012.021        9.575   383.8      0.616     -0.010     -0.141      0.353      0.568      0.046
278.6000      -1001.136    -1011.368       10.232   410.1     -0.318      0.691      0.623     -0.170      0.032     -0.330
278.8000      -1000.947    -1010.739        9.793   392.5      0.832      1.424      0.317     -0.025      0.023     -0.202
279.0000      -1001.776    -1011.729        9.954   399.0      0.462      0.163      0.242     -0.407      0.098      0.231
279.2000      -1001.500    -1011.451        9.950   398.8      0.141      0.673      0.533      0.048      0.444      0.215
279.4000      -1001.626    -1011.478        9.852   394.9     -0.135      0.089      0.412     -0.603     -0.351     -0.459
279.6000      -1001.860    -1012.802       10.942   438.6     -0.004     -0.663      0.088      0.058     -0.578      0.186
279.8000      -1000.836    -1010.333        9.497   380.7      0.152      0.014      0.898      0.569      0.564      0.224
280.0000      -1000.952    -1010.756        9.803   393.0      1.248      1.335      1.026      0.492      1.312      0.199
280.2000      -1000.617    -1011.646       11.029   442.1     -0.940      0.018     -0.064      0.437      0.208     -0.240
280.4000      -1000.915    -1011.655       10.740   430.5      0.017     -0.216      0.359     -0.221      0.263      0.026
280.6000      -1001.496    -1012.344       10.848   434.8     -0.180     -0.489      0.541      0.417      0.068     -0.197
280.8000      -1000.958    -1010.018        9.060   363.2      0.947      0.984     -0.116      0.183      0.112      0.014
281.0000      -1000.410    -1010.251        9.841   394.5      0.324      0.472      0.623      0.464      0.850     -0.271
281.2000      -1000.528    -1010.581       10.053   403.0      1.037      0.422      0.091     -0.118     -0.031     -0.148
281.4000      -1000.080    -1010.659       10.579   424.1      0.350     -0.400      0.319      0.541     -0.271     -0.235
281.6000       -999.404    -1009.566       10.162   407.3     -0.773      0.074      0.133     -0.714      0.483      0.208
281.8000       -999.047    -1009.707       10.660   427.3      0.376     -0.832     -1.216     -0.251      0.446     -0.112
282.0000      -1000.688    -1011.468       10.780   432.1     -0.034     -0.251      1.442      0.167      0.243      0.064
282.2000      -1000.438    -1010.640       10.202   409.0      0.190      0.128     -0.382      0.022     -0.163     -0.657
282.4000      -1000.314    -1011.039       10.725   429.9      0.361      0.741      0.516     -0.760     -0.259     -0.143
282.6000      -1001.679    -1011.910       10.231   410.1     -0.261      0.757     -1.832      0.292      0.027     -0.334
282.8000      -1001.652    -1011.875       10.224   409.8      0.208     -0.320      0.201     -0.040      0.010      0.003
283.0000      -1001.855    -1011.633        9.778   392.0      0.500      0.104     -0.453     -0.172     -0.288     -0.337
283.2000      -1001.282    -1011.837       10.555   423.1      0.332      0.433     -1.010     -0.675     -0.829     -0.477
283.4000      -1001.121    -1010.637        9.516   381.4      0.871      1.152      0.654     -0.307      0.143     -0.346
283.6000      -1001.021    -1010.822        9.801   392.9      0.555     -0.939      0.819      0.623     -0.064     -0.538
283.8000      -1001.130    -1010.562        9.431   378.1     -0.797      0.459      0.620     -0.566      0.701      0.105
284.0000      -1000.237    -1010.265       10.029   402.0      0.196      0.277      0.246      0.277     -0.914     -0.233
284.2000      -1000.949    -1012.035       11.087   444.4     -0.071     -0.590      0.358     -0.637     -0.109      0.243
284.4000       -999.830    -1009.920       10.091   404.5     -0.032      0.624      0.572      0.463     -0.469     -0.578
284.6000      -1000.712    -1010.954       10.242   410.5      0.170     -0.844      0.323     -0.148      0.437      0.599
284.8000      -1000.110    -1010.945       10.835   434.3      0.590      1.066      1.718      0.851      0.144     -0.040
285.0000      -1000.510    -1010.893       10.382   416.2     -0.258      0.222     -0.677      0.565      0.105     -0.706
285.2000       -999.935    -1009.910        9.975   399.8     -0.201      0.002      0.939     -0.208     -0.276     -0.621
285.4000       -999.886    -1010.266       10.380   416.1     -0.878      0.074     -1.399      0.409      0.248     -0.277
285.6000       -999.963    -1010.090       10.127   405.9     -0.333      0.950      0.504      0.056     -0.094     -0.597
285.8000      -1000.282    -1010.420       10.138   406.4     -0.146      0.027     -0.367     -0.197      0.248     -0.507
286.0000      -1000.863    -1011.058       10.195   408.7      0.111      0.581      0.245      0.522      0.183      0.462
286.2000      -1002.417    -1011.609        9.192   368.5      0.478      0.916      0.611      0.649      0.254      0.296
286.4000      -1002.638    -1011.989        9.352   374.9     -0.419     -0.498      0.387      0.201      0.632      0.068
286.6000      -1002.519    -1012.010        9.490   380.4      1.154      0.889      0.578      0.258     -0.061     -0.077
286.8000      -1002.510    -1011.941        9.431   378.0      0.336      1.903     -0.247      0.412      0.551      0.541
287.0000      -1001.929    -1011.909        9.980   400.0      0.597     -0.564     -0.573     -0.120     -0.101     -0.223
287.2000      -1003.134    -1012.388        9.254   371.0     -0.231      1.290     -0.759      0.435      0.015      0.018
287.4000      -1002.123    -1012.143       10.020   401.7      0.697      0.125     -0.145     -0.436     -0.531      0.816
287.6000      -1002.591    -1012.682       10.091   404.5      0.653     -0.761     -1.098      0.004      0.924      0.396
287.8000      -1002.211    -1012.734       10.522   421.8      0.377      0.485     -0.729      0.076     -0.366      0.643
288.0000      -1002.936    -1012.885        9.950   398.8     -0.054      1.456      1.225      0.437      0.820      0.536
288.2000      -1002.882    -1012.631        9.750   390.8     -0.366     -0.574      0.315      0.746     -0.287     -0.177
288.4000      -1001.831    -1012.400       10.568   423.6     -0.271      0.733      0.953     -0.349      0.416      0.295
288.6000      -1002.131    -1011.574        9.443   378.5      0.905      0.269      0.768     -0.272     -0.007      0.366
288.8000      -1001.841    -1010.911        9.070   363.6      0.193     -0.174      0.174      0.337      0.156      0.276
289.0000      -1001.628    -1010.871        9.243   370.5      1.337      0.896      1.221     -0.052     -0.313      0.436
289.2000      -1000.818    -1010.935       10.117   405.5     -0.154      1.101     -0.521      0.223      0.602     -0.887
289.4000      -1000.401    -1010.774       10.373   415.8     -0.110      0.301      0.515      0.285      0.243     -0.287
289.6000      -1000.257    -1009.964        9.707   389.1      0.260     -0.266      0.439      0.038     -0.369     -0.105
289.8000      -1000.176    -1010.210       10.034   402.2      0.018      0.534      0.195     -0.270     -0.652     -0.062
290.0000       -999.760    -1010.575       10.815   433.5     -0.807     -0.392      0.434      0.553     -0.307      0.247
290.2000      -1000.465    -1010.188        9.723   389.8      1.120      0.237      0.082     -0.000     -0.001     -0.280
290.4000      -1000.893    -1011.062       10.168   407.6      0.720      0.943     -0.713      0.060     -0.290      0.525
290.6000      -1000.615    -1010.943       10.328   414.0      0.521     -0.225     -0.649      0.114      0.395     -0.030
290.8000      -1002.426    -1012.098        9.672   387.7      0.745     -0.646      0.632      0.423      0.455     -0.133
291.0000      -1000.971    -1010.209        9.238   370.3      0.696     -0.157     -0.338      0.379     -0.505     -0.020
291.2000      -1000.569    -1010.538        9.969   399.6      0.906      0.066     -0.284      0.502      0.461     -0.396
291.4000      -1001.880    -1011.566        9.686   388.2      1.570      0.617     -0.156      0.646     -0.669      0.123
291.6000      -1001.986    -1011.710        9.724   389.8     -0.487      0.192      0.590     -0.253     -0.790     -0.210
291.8000      -1001.215    -1011.338       10.123   405.8      0.011     -0.673     -0.122      0.189     -0.039      0.497
292.0000      -1000.662    -1010.510        9.848   394.8      0.717      0.038      1.549     -0.561     -0.136     -0.326
292.2000      -1000.135    -1011.371       11.236   450.4     -0.693      0.454      0.247      0.357      0.868     -0.030
292.4000      -1000.523    -1010.493        9.970   399.6     -0.180      0.829     -0.748      0.180     -0.048     -0.341
292.6000      -1000.013    -1010.627       10.614   425.5      0.535     -0.254      0.312     -0.144      0.035      0.055
292.8000      -1000.968    -1010.610        9.642   386.5      0.121      0.278      0.542      0.199     -0.016     -0.180
293.0000      -1000.704    -1010.938       10.234   410.2      0.735      0.378     -0.201      0.164     -0.160      0.511
293.2000      -1000.612    -1011.377       10.764   431.5      0.544      0.587     -0.832     -0.160      0.530     -0.037
293.4000      -1001.458    -1011.081        9.624   385.8      0.072      0.168     -0.542      0.517      0.114      0.146
293.6000      -1001.213    -1010.753        9.539   382.4      0.108     -0.371      0.860      0.052     -0.195      0.190
293.8000      -1001.594    -1011.330        9.735   390.2      0.687      0.747      0.328      0.143     -0.100     -0.393
294.0000      -1000.363    -1010.878       10.515   421.5      0.384     -0.045     -0.158      0.375     -0.062      0.569
294.2000       -999.558    -1010.566       11.009   441.3     -0.426      0.298      0.160     -0.523     -0.026     -0.233
294.4000      -1000.252    -1010.432       10.180   408.0     -0.371     -0.106     -0.955     -0.234     -0.170     -0.050
294.6000       -999.865    -1010.521       10.655   427.1      0.266      1.235      0.502      0.191     -0.386      0.514
294.8000      -1000.327    -1010.317        9.991   400.5     -0.414      0.454      0.861      0.393     -0.154      0.099
295.0000      -1000.738    -1011.627       10.888   436.4      0.386      1.288      0.388      0.406      0.267      0.476
295.2000      -1002.074    -1011.880        9.805   393.0      0.408      0.873      0.298      0.222      0.338      0.273
295.4000      -1002.267    -1012.348       10.081   404.1      0.078      0.591     -0.234      0.019     -0.043      0.047
295.6000      -1002.866    -1012.359        9.493   380.5     -0.096      0.851      0.095      0.418      0.386      0.139
295.8000      -1002.887    -1012.027        9.141   366.4      0.129      0.283      0.603     -0.358      0.283      0.547
296.0000      -1002.647    -1011.525        8.879   355.9      0.643      1.018      0.784      0.023     -0.485     -0.027
296.2000      -1002.539    -1012.122        9.583   384.1      0.336      0.453      0.692     -0.398     -0.514      0.523
296.4000      -1001.073    -1010.662        9.588   384.3      1.293      0.529      0.411     -0.453     -0.044     -0.048
296.6000      -1001.257    -1012.245       10.988   440.4      0.479      0.483      0.238      0.243     -0.295      0.091
296.8000      -1001.944    -1011.401        9.457   379.1      0.229     -0.172     -0.604     -0.311      0.184      0.315
297.0000      -1002.324    -1012.202        9.878   396.0      0.282     -0.435      1.384      0.036     -0.294     -0.108
297.2000      -1001.654    -1011.122        9.467   379.5     -0.402      0.832     -0.192      0.257     -0.057      0.414
297.4000      -1002.365    -1012.255        9.890   396.4     -0.676      0.254      0.732     -0.163      0.567      0.194
297.6000      -1001.932    -1011.884        9.952   398.9     -0.004      0.880     -0.127      0.385     -0.032      0.482
297.8000      -1002.666    -1012.123        9.456   379.0     -0.400     -0.158      0.568     -0.055     -0.699      0.400
298.0000      -1003.321    -1013.417       10.096   404.7     -0.319      0.350      0.237      0.064     -0.221      0.298
298.2000      -1003.074    -1012.168        9.094   364.5      0.829      0.551      0.710      0.540     -0.063     -0.196
298.4000      -1001.811    -1011.756        9.945   398.6      0.512      0.267     -0.016     -0.451     -0.116      0.356
298.6000      -1001.941    -1011.788        9.847   394.7      0.264      0.497      1.654     -0.319      0.147     -0.375
298.8000      -1001.038    -1011.182       10.143   406.6      0.705      0.165      0.179      0.276     -0.448     -0.123
299.0000      -1000.627    -1011.264       10.636   426.4     -0.119     -0.182     -1.243      0.076      0.939      0.164
299.2000      -1002.578    -1012.562        9.984   400.2     -0.314      0.359      0.441      0.032      0.595      0.358
299.4000      -1003.419    -1012.750        9.331   374.0     -0.017      0.638      1.037      0.134      0.643      0.319
299.6000      -1002.302    -1011.879        9.577   383.9     -0.373     -0.140      0.706      0.089     -0.020     -0.281
299.8000      -1002.333    -1012.090        9.756   391.1      0.376      1.424      0.905     -0.012     -0.433     -0.227
300.0000      -1002.382    -1011.855        9.473   379.7      1.371     -0.160      0.677      0.042      0.090      0.068
300.2000      -1002.392    -1011.703        9.310   373.2      0.260     -0.218      0.338      0.207     -0.096     -0.311
300.4000      -1002.310    -1012.596       10.286   412.3      0.973      0.896      0.104     -0.298     -0.071     -0.156
300.6000      -1001.028    -1011.108       10.080   404.0      0.254     -0.263      0.652      0.032     -0.208     -0.714
300.8000      -1001.411    -1011.059        9.648   386.7      0.214      1.520      1.326      0.132     -0.264     -0.230
301.0000      -1001.748    -1011.151        9.402   376.9      0.358     -0.028      0.017      0.035      0.147     -0.513
301.2000      -1001.728    -1012.600       10.873   435.8      0.488      0.871      0.739     -0.545      0.162     -0.190
301.4000      -1001.745    -1011.176        9.432   378.1      0.422     -0.089      1.417     -0.013      0.351     -0.034
301.6000      -1000.498    -1010.919       10.421   417.7      0.365      1.138      0.047     -0.100     -0.613      0.038
301.8000      -1001.079    -1010.442        9.363   375.3     -0.552      0.474      0.318     -0.348      0.079      0.595
302.0000      -1001.727    -1011.232        9.504   381.0      0.664      0.663      0.660      0.209      0.324     -0.093
302.2000      -1000.222    -1010.872       10.649   426.9     -0.586     -0.805     -0.869     -0.324      0.241      0.116
302.4000      -1000.522    -1010.676       10.155   407.1      0.380      0.974     -0.329     -0.217     -0.006      0.052
302.6000      -1001.689    -1011.017        9.328   373.9     -1.177      0.946     -0.047      0.335      0.110      0.237
302.8000      -1002.004    -1011.650        9.646   386.7      0.421      0.291      0.382     -0.487      0.577     -0.374
303.0000      -1001.419    -1011.108        9.690   388.4      0.780      0.528     -0.552     -0.765      0.642      0.082
303.2000      -1001.600    -1011.791       10.191   408.5      0.090     -0.562      0.284     -0.278      0.066      0.471
303.4000      -1001.982    -1010.975        8.994   360.5      0.111      0.654      0.116     -0.712     -0.182      0.268
303.6000      -1001.807    -1011.347        9.540   382.4      0.610      1.003      0.793      0.018      0.478     -0.099
303.8000      -1001.787    -1011.592        9.805   393.0      0.592      0.341     -0.232      0.559     -0.372      0.090
304.0000      -1002.094    -1012.470       10.376   415.9      0.778     -0.510      0.424      0.423     -0.065     -0.279
304.2000      -1001.733    -1011.070        9.337   374.3      0.936      0.379      0.722      0.100     -0.529     -0.234
304.4000      -1000.861    -1010.986       10.125   405.9      0.252      0.405      0.573      0.111      0.058     -0.767
304.6000      -1001.550    -1012.007       10.457   419.2      1.386     -0.263      0.283     -0.304     -0.305      0.061
304.8000      -1002.393    -1011.966        9.573   383.7      0.346      0.448      0.526     -0.056     -0.286      0.307
305.0000      -1001.038    -1010.447        9.409   377.2      0.326      0.687      0.622      0.508      0.110      0.231
305.2000      -1000.544    -1011.118       10.574   423.9     -0.842      0.761     -0.529      0.480     -0.074     -0.504
305.4000      -1000.483    -1011.637       11.154   447.1      0.696     -0.318     -0.161      0.392     -0.472      0.046
305.6000      -1000.869    -1011.054       10.185   408.3     -0.847      0.900      0.479      0.038      0.240     -0.532
305.8000      -1000.977    -1010.741        9.764   391.4     -1.175     -0.639     -0.120      0.444      0.647      0.099
306.0000      -1001.425    -1011.181        9.756   391.1      0.533      0.251      0.624     -0.095      0.236      0.391
306.2000      -1001.330    -1011.390       10.060   403.3      0.798      1.231     -0.105      0.195      0.122      0.078
306.4000      -1001.556    -1011.271        9.715   389.4      0.665      0.462      0.174      0.036      0.095      0.351
306.6000      -1001.516    -1011.003        9.487   380.3      1.262      0.174      1.007     -0.595      0.290     -0.107
306.8000      -1002.251    -1011.207        8.957   359.0      0.708      0.326     -0.177      0.198      0.116      0.618
307.0000      -1002.297    -1012.134        9.837   394.3      0.336     -0.084     -0.587      0.157     -0.192     -0.175
307.2000      -1001.973    -1011.742        9.769   391.6      0.607      0.546     -0.060     -0.182      0.236     -0.468
307.4000      -1001.660    -1011.520        9.860   395.2      0.891      1.440      0.328      0.001      0.155      0.102
307.6000      -1001.596    -1011.959       10.363   415.4     -0.073     -0.060     -0.121     -0.172     -0.213     -0.671
307.8000      -1002.641    -1012.556        9.915   397.5      0.912     -1.215      1.354      0.113     -0.593      0.005
308.0000      -1003.554    -1012.735        9.181   368.0      0.209      1.155      0.812      0.028      0.219     -0.494
308.2000      -1002.479    -1011.787        9.308   373.1      0.437      0.064     -0.088     -0.538     -0.095     -0.403
308.4000      -1002.316    -1011.481        9.165   367.4      1.409      1.306      1.744      0.137     -0.023      0.282
308.6000      -1001.325    -1011.854       10.529   422.0      0.034      1.481     -1.080     -0.043      0.074     -0.339
308.8000      -1001.456    -1011.348        9.892   396.5     -0.391      0.174      0.432      0.160      0.166     -1.027
309.0000      -1002.542    -1012.244        9.701   388.9      1.553      0.916      1.182     -0.398      0.275      0.021
309.2000      -1001.912    -1011.521        9.610   385.2      0.407      2.235      0.827     -0.017      0.002      0.020
309.4000      -1001.520    -1010.922        9.402   376.9      2.217      0.130      0.424      0.493      0.332     -0.001
309.6000      -1001.025    -1011.897       10.872   435.8      1.474      0.234      0.553      0.086      0.105      0.314
309.8000      -1000.971    -1011.392       10.421   417.7      0.252      0.567      0.562     -0.087     -0.241      0.039
310.0000      -1001.339    -1011.193        9.854   395.0      1.251      0.658      0.036      0.136      0.007      0.357
310.2000      -1001.032    -1010.731        9.699   388.8     -0.374      0.507     -0.052     -0.265      0.190     -0.065
310.4000      -1000.991    -1010.679        9.689   388.4     -0.174     -1.131     -0.214      0.380      0.604      0.242
310.6000      -1000.306    -1011.063       10.758   431.2      0.890      1.956      0.968     -0.146     -0.863      0.365
310.8000      -1000.347    -1011.119       10.771   431.8      0.536     -0.078      0.261      0.728     -0.079      0.301
311.0000       -999.279    -1009.649       10.370   415.7     -0.651     -0.812     -1.446     -0.129      0.159     -0.589
311.2000       -998.972    -1009.718       10.746   430.7     -0.369      0.323      0.872      0.083      0.129      0.319
311.4000       -997.825    -1010.177       12.353   495.1      0.715     -0.659      0.666     -0.273      0.339     -0.093
311.6000       -997.880    -1009.601       11.721   469.8     -0.555     -0.206      0.443      0.355     -0.188      0.023
311.8000       -999.962    -1011.046       11.084   444.3     -0.229      0.492     -0.440     -0.008      0.274     -0.509
312.0000      -1001.725    -1011.863       10.139   406.4      0.131     -0.408      0.527      0.024      0.222     -0.078
312.2000      -1000.256    -1010.340       10.084   404.2     -0.549      0.323      0.079     -0.287     -0.244      0.154
312.4000      -1000.255    -1010.627       10.372   415.8      0.349     -0.855      0.232     -0.214     -0.339      0.339
312.6000       -998.732    -1009.673       10.941   438.6     -0.660      0.648      1.849     -0.252     -0.045      0.369
312.8000       -999.837    -1010.874       11.037   442.4      0.127      0.133      0.854     -0.195      0.105      0.017
313.0000      -1000.229    -1011.049       10.821   433.7      0.203      0.190      0.685     -0.071     -0.094      0.347
313.2000      -1001.169    -1011.019        9.851   394.9      0.343      0.542      0.531     -0.187     -0.509     -0.796
313.4000      -1001.256    -1010.931        9.675   387.8      0.165     -0.116      0.910     -0.463     -0.052      0.378
313.6000      -1001.530    -1011.414        9.884   396.2      0.690      0.705      0.937     -0.051     -0.034     -0.053
313.8000      -1002.060    -1011.731        9.671   387.7      0.324      0.715     -0.008      0.273      0.128     -0.338
314.0000      -1000.965    -1010.968       10.003   401.0      0.260     -0.625      0.061      0.307     -0.162     -0.132
314.2000       -999.635    -1011.160       11.525   462.0     -0.005      0.570      0.356      0.743      0.256      0.377
314.4000      -1000.392    -1010.592       10.200   408.9      1.220      0.799      1.799     -0.416      0.235     -0.288
314.6000      -1000.631    -1010.070        9.439   378.4      0.952      0.764     -0.448      0.463      0.348      0.135
314.8000      -1000.956    -1010.923        9.967   399.5      0.848      0.930      0.338     -0.459     -0.113      0.170
315.0000      -1001.615    -1011.581        9.966   399.5     -0.142      0.162      0.398     -0.204      0.505     -0.140
315.2000      -1001.625    -1011.150        9.525   381.8      0.361      0.494      0.649     -0.119     -0.025     -0.100
315.4000      -1000.723    -1010.909       10.186   408.3      0.642      0.810      0.841     -0.600     -0.277     -0.356
315.6000       -999.296    -1010.145       10.848   434.8      0.246      0.212     -0.377      0.348      0.699     -0.575
315.8000      -1000.127    -1010.194       10.067   403.5      0.849      0.760     -0.400     -0.007     -0.107      0.022
316.0000      -1000.108    -1009.685        9.578   383.9      1.134      0.061      0.106     -0.524     -0.321     -0.015
316.2000       -999.963    -1009.865        9.902   396.9      0.389     -0.225      0.033      0.088      0.254     -0.478
316.4000      -1000.353    -1010.682       10.329   414.0      0.086     -0.582      0.490     -0.669      0.441      0.274
316.6000      -1000.414    -1011.013       10.599   424.9      0.341      0.146      0.796      0.094      0.178      0.620
316.8000      -1001.805    -1011.608        9.804   393.0     -0.329     -0.225      0.869     -0.478      0.792      0.056
317.0000      -1002.439    -1011.981        9.542   382.5     -0.124      0.995     -0.206     -0.143     -0.183      0.280
317.2000      -1001.215    -1010.591        9.376   375.8     -0.605      0.225      0.280      0.622     -0.446     -0.295
317.4000      -1002.104    -1011.341        9.237   370.3      0.653      0.942      0.133      0.171      0.129     -0.208
317.6000      -1000.804    -1011.021       10.218   409.6      1.460      0.457      0.515      0.362     -0.105      0.041
317.8000      -1000.576    -1010.224        9.648   386.7     -0.072      0.183     -0.083      0.232      0.130      0.108
318.0000      -1000.470    -1010.408        9.938   398.3      1.192     -0.021      0.107     -0.133      1.054      0.191
318.2000      -1000.585    -1010.751       10.166   407.5      0.067      0.137      0.422      0.342     -0.208      0.491
318.4000       -999.496    -1010.129       10.633   426.2      1.270      1.726      0.272      0.043      0.139      0.169
318.6000      -1001.127    -1011.525       10.398   416.8      0.365     -0.018      0.431      0.205     -0.282      0.716
318.8000      -1001.475    -1011.185        9.710   389.2      0.933      1.150      0.695     -0.321      0.000      0.483
319.0000      -1001.766    -1011.533        9.767   391.5      0.694      1.139      1.449      0.527      0.509     -0.094
319.2000      -1001.645    -1011.836       10.191   408.5      0.828      0.258      0.445     -0.388      0.046      0.380
319.4000      -1002.444    -1012.309        9.865   395.4      0.356      0.628     -0.728     -0.592     -0.247      0.240
319.6000      -1002.801    -1012.079        9.277   371.9      1.191      0.811      1.422     -0.323      0.440      0.163
319.8000      -1001.420    -1011.252        9.832   394.1      0.783      0.459      0.209     -0.120      0.413     -0.379
320.0000      -1000.707    -1011.261       10.554   423.1     -0.087     -1.049     -0.101      0.464     -0.211      0.271
320.2000      -1001.090    -1012.040       10.949   438.9      0.540      1.016     -0.857     -0.189      0.109     -0.552
320.4000      -1001.645    -1011.407        9.762   391.3     -0.523     -0.687     -0.567     -0.326     -0.056      0.162
320.6000      -1001.277    -1011.249        9.972   399.7      0.874      1.332     -0.132      0.823      0.213     -0.097
320.8000      -1000.189    -1010.880       10.691   428.6      0.308      0.211      0.345      0.245     -0.229     -0.398
321.0000      -1000.608    -1011.406       10.798   432.9      0.466      1.096      1.622     -0.037      0.036      0.217
321.2000      -1002.180    -1011.979        9.799   392.8      0.758      1.276      1.360      0.106     -0.146      0.014
321.4000      -1000.859    -1010.729        9.870   395.6     -0.066     -0.219      0.105     -0.069     -0.541     -0.090
321.6000      -1001.208    -1011.588       10.380   416.1      0.755      0.334     -0.697     -0.394      0.298     -0.509
321.8000      -1000.914    -1011.783       10.869   435.7     -0.386     -0.054      0.875      0.323     -0.860      0.169
322.0000      -1000.513    -1010.259        9.745   390.6      1.700      0.379      1.780      0.517      0.256     -1.414
322.2000      -1000.653    -1011.336       10.683   428.2     -0.697      0.054      0.450      0.210     -0.063      0.183
322.4000      -1000.610    -1010.418        9.808   393.2      0.111      0.590     -0.265     -0.114     -0.174     -0.233
322.6000      -1000.907    -1011.114       10.207   409.2      0.940      0.540      0.037     -0.219     -0.172      0.208
322.8000      -1000.243    -1011.355       11.112   445.4      1.444     -0.117     -0.374     -0.533      0.418      0.178
323.0000      -1000.982    -1011.989       11.007   441.2     -0.136      1.098     -0.041     -0.147     -0.161     -0.041
323.2000      -1001.529    -1011.030        9.501   380.8      1.023      0.990      0.792     -0.232     -0.062     -0.244
323.4000      -1002.057    -1011.641        9.584   384.2     -0.230      1.318      0.551      0.248      0.211     -0.351
323.6000      -1002.905    -1011.579        8.674   347.7     -0.034      0.769      0.746     -0.441      0.369     -0.477
323.8000      -1002.143    -1012.260       10.117   405.5      0.203      0.558     -0.585      0.230     -0.593      0.354
324.0000      -1002.196    -1012.694       10.498   420.8      0.312     -0.197     -0.070      0.318      0.492      0.221
324.2000      -1002.742    -1012.141        9.400   376.8      0.473      0.529      0.512     -0.259      0.009     -0.081
324.4000      -1001.258    -1011.548       10.291   412.5      0.658     -0.097     -0.217     -0.200     -0.219     -0.772
324.6000      -1000.285    -1010.431       10.146   406.7      1.483      1.125      0.067      0.313      0.557     -0.504
324.8000      -1001.113    -1011.397       10.284   412.2      1.299      1.128      0.300     -0.060     -0.003     -0.355
325.0000      -1001.503    -1011.091        9.588   384.3      0.710      0.509      0.160      0.147      0.851      0.024
325.2000      -1002.094    -1011.313        9.219   369.5     -0.310      0.042     -0.176     -0.415      0.427      0.221
325.4000      -1002.215    -1011.923        9.708   389.1      0.255      0.225      0.229     -0.395     -0.443     -0.079
325.6000      -1002.417    -1012.031        9.614   385.4      0.144      1.309      0.127     -0.144      0.263     -0.812
325.8000      -1000.649    -1010.651       10.001   400.9      0.639      0.085      0.391      0.417     -0.260     -0.205
326.0000      -1000.458    -1010.805       10.346   414.7      0.357     -0.191     -0.197     -0.050      0.222      0.570
326.2000      -1000.378    -1010.760       10.382   416.2      1.081      0.617      1.072     -0.581      0.050     -0.658
326.4000      -1000.553    -1010.122        9.568   383.5      0.878      1.555      0.937      0.062      0.076     -0.578
326.6000      -1000.284    -1009.502        9.219   369.5     -0.127      0.397      0.403     -0.769      0.006      0.172
326.8000      -1000.291    -1010.216        9.925   397.8     -0.094     -0.664     -0.684     -0.439     -0.602      0.287
327.0000      -1000.842    -1011.320       10.478   420.0     -0.631      0.400     -0.987      0.213     -0.112     -0.216
327.2000      -1000.940    -1011.887       10.948   438.8      0.991      0.449      0.964      0.090      0.189      0.008
327.4000      -1000.429    -1010.220        9.791   392.5      0.202      0.759      1.088     -0.611     -0.235     -0.046
327.6000      -1000.406    -1010.159        9.754   391.0      1.585      0.284      0.769     -0.632     -0.086     -0.156
327.8000       -999.918    -1009.888        9.970   399.6      0.599      0.279      0.660      0.047     -0.312      0.217
328.0000      -1000.822    -1011.133       10.311   413.3     -0.042      0.623      0.854     -0.455      0.306      0.098
328.2000      -1001.440    -1010.609        9.169   367.5      1.453      0.337      0.003      0.044     -0.237      0.016
328.4000      -1003.389    -1012.740        9.351   374.8      1.366      0.219      0.698      0.499     -0.047     -0.363
328.6000      -1003.259    -1012.638        9.379   375.9      1.385      0.897      0.650      0.145     -0.277     -0.016
328.8000      -1002.912    -1011.937        9.025   361.8      0.540      0.239      1.161     -0.168      0.113      0.475
329.0000      -1002.147    -1012.479       10.332   414.2      0.773     -0.372      0.128      0.351      0.039      0.166
329.2000      -1001.365    -1010.962        9.596   384.7      0.500      0.455      0.024      0.740      0.182      0.354
329.4000      -1001.366    -1011.703       10.337   414.4      0.730      0.119      1.046      0.520      0.070     -0.031
329.6000      -1000.077    -1010.376       10.299   412.8      0.667      1.475      0.022     -0.037      0.066     -0.407
329.8000       -999.825    -1009.886       10.061   403.3      0.018      1.065     -0.152      0.232     -0.044      0.734
330.0000      -1000.438    -1011.688       11.250   451.0      1.011      1.183      0.727     -0.296     -0.237     -0.197
330.2000      -1001.175    -1011.260       10.085   404.3      0.743     -0.204      0.169     -0.345      0.326      0.252
330.4000      -1002.159    -1012.725       10.566   423.5      0.118      0.045      0.060     -0.359      0.268      0.844
330.6000      -1002.212    -1012.936       10.725   429.9     -0.177     -1.320      0.680     -0.515      0.521      0.517
330.8000      -1002.750    -1012.754       10.003   401.0      1.041      1.084      0.598     -0.185      0.390     -0.397
331.0000      -1002.040    -1012.237       10.196   408.7      0.654     -0.366      0.105      0.143     -0.562     -0.437
331.2000      -1001.578    -1011.674       10.096   404.7      1.111      1.027      0.672     -0.920      0.330      0.149
331.4000      -1002.393    -1013.022       10.629   426.1      0.374      0.750     -0.233     -0.711     -0.440     -0.456
331.6000      -1003.046    -1012.525        9.479   380.0     -0.499      0.606      1.281     -0.486      0.277      0.491
331.8000      -1002.817    -1012.455        9.638   386.3      0.550      0.499      0.709      0.642      0.095     -0.256
332.0000      -1002.315    -1011.701        9.386   376.2      0.277      0.778      0.180     -0.412      0.638      0.106
332.2000      -1002.803    -1012.809       10.006   401.1     -0.104     -0.007      0.681     -0.033      0.239     -0.062
332.4000      -1002.113    -1012.861       10.748   430.8      0.392      0.600      1.059      0.334     -0.342      0.604
332.6000      -1001.945    -1011.638        9.693   388.5      0.128      0.148      0.087     -0.588     -0.788     -0.007
332.8000      -1001.055    -1011.641       10.586   424.3      0.293      0.109      0.499      0.375     -0.663     -0.367
333.0000      -1001.499    -1011.136        9.638   386.3     -0.375      0.657      0.178      0.498     -0.018     -0.588
333.2000      -1001.190    -1011.864       10.674   427.9      0.678     -0.178      0.553     -0.188      0.305     -0.075
333.4000      -1001.454    -1010.852        9.398   376.7      0.151     -0.509      0.403      0.200      0.409      0.215
333.6000      -1001.587    -1010.321        8.734   350.1      0.252      0.477     -0.104      0.300      0.705     -0.562
333.8000      -1001.772    -1011.519        9.747   390.7     -0.127      0.986      1.515     -0.231     -0.082      0.082
334.0000      -1001.368    -1011.016        9.648   386.8      0.807      1.166      0.536      0.449      0.104      0.099
334.2000      -1001.279    -1010.868        9.589   384.4      0.303      0.468     -0.906     -0.215     -0.111      0.327
334.4000      -1000.937    -1010.729        9.792   392.5     -0.548     -0.854     -0.814     -0.113     -0.726      0.160
334.6000      -1001.040    -1011.176       10.136   406.3      0.568      0.407      0.024     -0.342      0.802     -0.002
334.8000      -1001.540    -1012.191       10.651   426.9      0.348      0.290      0.807     -0.082      0.420      0.513
335.0000      -1001.357    -1011.631       10.273   411.8      0.520      0.257      0.786      0.225     -0.150     -0.362
335.2000      -1001.842    -1011.145        9.303   372.9      0.986      0.305      0.784      0.857      0.515     -0.188
335.4000      -1002.186    -1012.054        9.868   395.6     -0.166      0.198      0.135      0.185      0.515     -0.729
335.6000      -1001.449    -1011.060        9.612   385.3     -0.197      0.109      0.135      0.319     -0.796      0.081
335.8000      -1001.619    -1012.013       10.394   416.6      0.240      0.687      0.108      0.062      0.201      0.330
336.0000      -1001.319    -1011.474       10.155   407.1      0.543     -0.307      0.449     -0.130     -0.531      0.015
336.2000      -1001.866    -1011.414        9.548   382.7     -0.179      0.845      0.456     -0.099     -0.251      0.736
336.4000      -1001.816    -1011.857       10.041   402.5      1.050      0.789      0.683      0.121     -0.091      0.471
336.6000      -1002.292    -1012.061        9.769   391.6      0.681      1.521      1.050      0.042      0.166     -0.483
336.8000      -1002.157    -1012.533       10.377   415.9      0.238      0.532      0.430      0.417     -0.050      0.164
337.0000      -1001.573    -1011.478        9.904   397.0     -0.438     -0.041     -0.145      0.037     -0.422     -0.150
337.2000      -1001.326    -1010.968        9.642   386.5      0.365     -0.468     -0.107      0.162      0.588     -0.402
337.4000      -1001.612    -1011.878       10.266   411.5      0.653      0.958      0.913     -0.226     -0.108      0.109
337.6000      -1001.458    -1011.473       10.015   401.4      0.720      0.617      0.217      0.003     -0.596      0.277
337.8000      -1002.144    -1012.805       10.660   427.3      0.474      1.020      0.155     -0.459      0.080      0.137
338.0000      -1001.793    -1011.303        9.510   381.2     -0.249      0.528      1.260      0.387     -0.227     -0.410
338.2000      -1001.153    -1011.084        9.932   398.1     -0.019      0.073      1.290      0.580     -1.016     -0.423
338.4000      -1002.262    -1012.140        9.878   395.9      0.748      0.818     -0.013     -0.513     -0.214     -0.395
338.6000      -1001.834    -1011.177        9.342   374.5      1.824      0.538      0.394      0.480     -0.299     -0.546
338.8000      -1002.194    -1011.343        9.149   366.7      0.636     -0.178     -0.771     -0.050     -0.073     -0.381
339.0000      -1001.955    -1011.657        9.702   388.9      0.647     -0.156      0.133     -0.053     -0.277      0.295
339.2000      -1001.325    -1011.109        9.784   392.2     -0.254      0.007      1.217     -0.501     -0.172      0.475
339.4000      -1001.153    -1012.100       10.947   438.8     -0.296      0.546      1.210     -0.328      0.163     -0.128
339.6000      -1000.385    -1011.084       10.699   428.9      0.903      0.771      1.194     -0.120     -0.221      0.135
339.8000      -1000.819    -1010.926       10.107   405.1     -0.052      0.035     -0.214     -0.513     -0.156      0.159
340.0000      -1000.180    -1010.491       10.311   413.3     -0.990      0.908     -1.430      0.547      0.185      0.235
340.2000      -1001.072    -1010.661        9.590   384.4     -0.291      0.392      0.406     -0.045     -0.527      0.054
340.4000      -1000.040    -1010.364       10.324   413.8      0.081      0.462      0.603      0.099     -0.672      0.587
340.6000      -1001.659    -1011.625        9.966   399.5      1.281      0.409      0.373      0.035     -0.233     -0.116
340.8000      -1001.627    -1011.415        9.787   392.3      1.010      0.568      0.596     -0.211      0.446     -0.261
341.0000       -999.976    -1010.234       10.258   411.2      0.340     -0.230      1.576     -0.234      0.334      0.539
341.2000      -1000.267    -1009.636        9.369   375.5      0.601      0.101      0.580     -0.451      0.180      0.101
341.4000      -1001.425    -1012.064       10.639   426.5      1.151      0.640      0.401      0.066      0.499      0.145
341.6000      -1001.372    -1011.111        9.739   390.4     -0.136      0.396     -0.605     -0.214      0.174     -0.310
341.8000      -1001.647    -1012.197       10.550   422.9      0.941      0.936      0.224      0.068      0.169     -0.170
342.0000      -1000.456    -1011.367       10.912   437.4     -0.170     -0.288      0.165      0.938      0.131     -0.703
342.2000      -1000.730    -1010.753       10.023   401.8      0.572      0.424      0.087     -0.255      0.533      0.477
342.4000      -1000.695    -1012.179       11.485   460.4     -0.088     -1.068     -0.194      0.532     -0.252     -0.886
342.6000      -1001.316    -1011.666       10.351   414.9      0.363      0.193      1.563      0.138     -0.034     -0.023
342.8000      -1000.972    -1010.965        9.994   400.6     -0.298      0.471      1.130     -0.326      0.397     -0.476
343.0000      -1000.432    -1010.075        9.643   386.5      0.466      0.327      1.261      0.008     -0.014      0.158
343.2000      -1000.594    -1011.229       10.635   426.3     -0.182     -0.581     -0.143     -0.394     -0.356     -0.318
343.4000      -1001.139    -1011.510       10.371   415.7      0.570      0.660     -0.534      0.248      0.119      0.603
343.6000      -1002.045    -1011.717        9.672   387.7     -0.355     -0.590      0.165     -0.207     -0.118      0.455
343.8000      -1002.370    -1011.276        8.906   357.0     -0.180     -0.224      0.470     -0.049      0.283      0.006
344.0000      -1003.215    -1012.244        9.029   361.9      0.641     -0.440      2.149      0.318      0.146     -0.230
344.2000      -1001.783    -1012.775       10.992   440.6     -0.037      0.578     -0.082     -0.364     -0.124     -0.563
344.4000      -1000.306    -1010.928       10.622   425.8      0.154      0.458      0.454      0.252      0.081      0.207
344.6000      -1000.605    -1011.748       11.143   446.7     -0.637      0.681      0.194     -0.150      0.277      0.255
344.8000      -1000.857    -1011.073       10.216   409.5      0.282     -0.186     -0.311      0.193      0.269     -0.307
345.0000      -1001.661    -1011.727       10.066   403.5     -0.268     -0.196     -0.036     -0.146      0.155     -0.411
345.2000      -1001.071    -1011.516       10.445   418.7      0.665      1.123      0.692      0.179     -0.050     -0.555
345.4000      -1000.288    -1010.391       10.103   405.0      0.232      0.345      1.135     -0.332     -0.455      0.331
345.6000       -999.457    -1010.763       11.305   453.2      0.411      0.509     -0.536     -0.358      0.660      0.335
345.8000       -999.884    -1010.439       10.555   423.1     -0.281     -0.086      0.391      0.449     -0.002      0.317
346.0000      -1000.255    -1011.400       11.145   446.8      0.961     -0.034      0.880     -0.021     -0.528      0.409
346.2000      -1000.057    -1010.196       10.139   406.4      0.129      1.612      0.452      0.028     -0.475      0.741
346.4000      -1000.115    -1010.812       10.697   428.8     -0.131     -0.314     -0.293     -0.207     -0.174      0.025
346.6000       -999.890    -1009.644        9.755   391.0      0.719      0.094      0.020     -0.485     -0.333      0.315
346.8000       -998.770    -1009.530       10.761   431.3      0.347     -0.353      1.253      0.145     -0.116      0.136
347.0000       -999.145    -1009.983       10.838   434.4      0.387     -0.303      0.026      0.496      0.372     -0.078
347.2000       -998.150    -1008.286       10.137   406.3      0.934      0.427      2.053      0.193     -0.119      0.150
347.4000      -1000.026    -1010.097       10.072   403.7     -0.822      0.082      0.172      0.003     -0.639      0.473
347.6000       -999.524    -1010.909       11.386   456.4     -0.235     -0.294      0.595      0.246     -0.678     -0.232
347.8000      -1000.075    -1010.556       10.481   420.1     -0.346      0.179      0.374      0.118      0.064     -0.403
348.0000      -1000.018    -1010.441       10.423   417.8     -0.045      0.908      0.463      0.666     -0.174      0.206
348.2000      -1000.320    -1011.530       11.210   449.4     -0.183      1.474      0.555     -0.044     -0.099      0.326
348.4000      -1000.127    -1010.765       10.638   426.4      1.193     -0.023     -0.553     -0.000      0.655     -0.037
348.6000      -1001.117    -1010.624        9.506   381.1      0.886     -0.089      0.104      0.266     -0.163      0.437
348.8000      -1000.957    -1011.099       10.141   406.5     -0.714     -0.381      0.417      0.196      0.065     -0.061
349.0000      -1001.065    -1011.212       10.147   406.7      0.644     -0.013      0.180     -0.048      0.102      0.234
349.2000      -1000.376    -1011.001       10.625   425.9      0.023      0.167      0.321      0.098      0.298     -0.056
349.4000       -999.107    -1009.344       10.237   410.4      0.159     -0.375     -0.592     -0.399     -0.585      0.472
349.6000       -999.645    -1009.961       10.315   413.5      0.359      0.033      0.504      0.112      0.104      0.215
349.8000       -999.166    -1009.667       10.502   421.0      0.769     -0.520      0.163      0.029     -0.064      0.108
350.0000      -1000.260    -1010.042        9.783   392.1     -0.945      1.318      0.895     -0.277      0.332     -0.169
350.2000      -1000.376    -1010.725       10.349   414.8      0.402      0.539      0.050      0.135      0.036     -0.639
350.4000      -1001.786    -1011.884       10.098   404.8      0.471      0.417      0.271     -0.169     -0.244      0.015
350.6000      -1001.765    -1011.774       10.009   401.2      0.139     -0.576     -0.325     -0.337     -0.813      0.288
350.8000      -1002.797    -1011.940        9.143   366.5      1.631      1.029      1.667      0.327     -0.099     -0.021
351.0000      -1002.352    -1011.262        8.910   357.1     -0.142      0.513      0.785     -0.057     -0.219     -0.498
351.2000      -1001.287    -1010.867        9.580   384.0      0.389     -0.373      0.003     -0.220      0.014      0.338
351.4000      -1002.146    -1012.087        9.941   398.5      1.010      0.244      1.340     -0.096     -0.779      0.182
351.6000      -1001.065    -1011.875       10.810   433.3     -0.780     -1.263     -1.088      0.269      0.710      0.694
351.8000      -1001.479    -1010.013        8.534   342.1      0.669      0.121     -0.076     -0.032     -0.068      0.003
352.0000      -1002.554    -1012.255        9.701   388.8      0.155      1.167      1.735      0.377     -0.160      0.141
352.2000      -1002.222    -1012.426       10.203   409.0      0.132      0.199      0.115      0.435     -0.021      0.078
352.4000      -1002.125    -1012.066        9.941   398.5      0.629     -0.121      0.137     -0.152      0.136      0.495
352.6000      -1001.587    -1011.492        9.905   397.0      1.392      1.528      0.686     -0.452      0.513      0.447
352.8000      -1001.455    -1011.881       10.425   417.9      0.368      0.356      0.376      0.169     -0.168      0.213
353.0000      -1001.092    -1011.075        9.982   400.1      0.849      0.514      0.471      0.547     -0.133     -0.098
353.2000      -1000.349    -1010.977       10.629   426.0     -0.261     -0.045      0.800     -0.457      0.254     -0.410
353.4000      -1000.184    -1011.119       10.936   438.4      0.692      0.340      0.358      0.526     -0.142     -0.278
353.6000      -1000.043    -1010.736       10.693   428.6     -0.112     -0.795     -0.905      0.359     -0.610      0.197
353.8000      -1000.217    -1010.708       10.491   420.5     -0.449     -0.199      0.450     -0.379     -0.570     -0.544
354.0000      -1001.200    -1011.874       10.674   427.9     -0.242      0.191      0.241     -0.219      0.594     -0.131
354.2000      -1001.414    -1011.469       10.055   403.0      0.393      0.522      0.083      0.359     -0.683      0.234
354.4000      -1001.663    -1011.064        9.401   376.8      0.525      0.123      1.270      0.195     -0.238     -0.196
354.6000      -1002.117    -1012.412       10.295   412.7      0.033      0.496     -0.250      0.586     -0.298      0.155
354.8000      -1001.821    -1011.683        9.862   395.3      0.808     -0.097     -0.481     -0.232      0.398     -0.053
355.0000      -1001.712    -1012.347       10.635   426.3     -0.195      0.212      0.583      0.248     -0.021      0.146
355.2000      -1002.505    -1012.626       10.121   405.7      0.027      0.545      0.162      0.088     -0.067     -0.097
355.4000      -1003.359    -1012.825        9.467   379.5     -0.138     -0.119      0.448     -0.049      0.489      0.117
355.6000      -1001.982    -1011.419        9.438   378.3     -0.696      0.480      0.582     -0.109     -0.026     -0.259
355.8000      -1003.114    -1011.812        8.698   348.7     -0.418     -0.061      0.189     -0.582      0.277     -0.223
356.0000      -1001.999    -1012.282       10.282   412.2     -0.453     -0.549     -0.438      0.850     -0.579      0.259
356.2000      -1001.867    -1011.516        9.649   386.8     -0.447      0.569      0.199     -0.677      0.199     -0.164
356.4000      -1001.746    -1011.811       10.065   403.5      0.672      0.118      0.308      0.730     -0.544      0.036
356.6000      -1000.849    -1010.702        9.853   395.0      0.462      0.371     -0.319     -0.039     -0.128      0.073
356.8000      -1001.526    -1011.168        9.642   386.5      0.652     -0.711      1.137      0.743      0.833      0.319
357.0000      -1001.382    -1011.150        9.768   391.6      0.607      0.774      0.812     -0.543     -0.498      0.277
357.2000      -1002.050    -1011.356        9.306   373.0      0.964      0.779      0.015      0.402      0.012      0.175
357.4000      -1001.342    -1012.198       10.856   435.1     -0.700     -0.488     -0.932      0.106      0.744     -0.710
357.6000      -1000.620    -1010.499        9.879   396.0      1.795      0.272      0.555      0.095     -0.699      0.062
357.8000      -1000.559    -1010.123        9.565   383.4      0.474      1.242      0.455      0.242      0.185      0.252
358.0000      -1000.956    -1010.921        9.965   399.4      0.131     -0.628      0.317      0.426     -0.240     -0.519
358.2000      -1001.552    -1011.784       10.232   410.2     -0.084      0.346      0.659      0.417      0.446     -0.547
358.4000      -1001.895    -1011.448        9.553   382.9      0.536     -0.118      0.913      0.097     -0.309      0.035
358.6000      -1000.480    -1010.375        9.894   396.6      0.339     -0.053     -0.536     -0.097      0.387     -0.405
358.8000      -1000.707    -1011.345       10.637   426.4      0.389      1.064      0.138      0.236      0.048     -0.213
359.0000      -1001.617    -1011.338        9.720   389.6      0.616      0.311     -0.346     -0.056      0.528      0.109
359.2000      -1001.143    -1011.507       10.365   415.5      0.070     -0.325     -0.404     -0.299     -0.113      0.306
359.4000      -1002.219    -1012.397       10.178   408.0      0.610      0.283      0.332      0.178      0.405      0.007
359.6000      -1001.069    -1011.378       10.308   413.2     -0.354     -0.161     -0.444     -0.062     -0.237      0.088
359.8000       -999.987    -1010.646       10.659   427.3     -0.022     -0.432      0.746     -1.032      0.175      0.436
360.0000      -1000.575    -1011.017       10.442   418.6     -0.194      1.310      0.353      0.294      0.315     -0.070
360.2000      -1002.120    -1011.504        9.384   376.2     -0.084      0.276      0.296     -0.560     -0.104      0.046
360.4000      -1001.453    -1011.845       10.392   416.5     -0.324     -0.741     -0.755      0.111     -0.911     -0.303
360.6000      -1001.884    -1012.096       10.213   409.4      0.102      0.120      0.425      0.150     -0.273      0.029
360.8000      -1001.408    -1011.853       10.445   418.7     -0.211      0.118      0.407     -0.578     -0.022     -0.157
361.0000      -1001.195    -1010.836        9.641   386.4     -0.467      0.052      0.311     -0.618      0.055      0.694
361.2000      -1000.181    -1010.399       10.218   409.6      0.129     -0.357     -0.836     -0.099     -0.318      0.169
361.4000      -1000.747    -1010.378        9.631   386.1      0.155     -0.556      1.204     -0.385     -0.235     -0.520
361.6000      -1000.229    -1009.470        9.241   370.4      0.066      0.321      0.595      0.177      0.413      0.562
361.8000      -1001.225    -1010.858        9.632   386.1     -0.354      0.527      0.826     -0.496     -0.541     -0.079
362.0000      -1001.708    -1011.704        9.996   400.7      0.581      0.670      0.104     -0.572     -0.240      0.162
362.2000      -1000.649    -1011.252       10.603   425.0      1.961      0.883      1.357      0.174     -0.559     -0.408
362.4000      -1000.942    -1010.663        9.722   389.7      0.343      1.330      0.109      0.818      0.530      0.271
362.6000      -1001.309    -1011.517       10.207   409.2      0.301      1.017      0.090     -0.087      0.086     -0.530
362.8000      -1000.847    -1011.716       10.869   435.7      0.422      0.065      0.114      0.092     -0.125      0.270
363.0000      -1000.195    -1010.992       10.797   432.8      0.887     -0.066      0.198      0.363      0.645     -0.356
363.2000       -999.889    -1010.886       10.996   440.8      0.210     -0.630     -0.578      0.235     -0.014     -0.020
363.4000       -999.888    -1010.031       10.143   406.6     -0.035      0.174      0.293      0.306     -0.171      0.536
363.6000      -1001.306    -1010.908        9.602   384.9      0.270     -0.642     -1.030     -0.120      0.115      0.241
363.8000      -1001.051    -1012.317       11.265   451.6      1.107     -0.166     -0.076      0.224     -0.342      0.275
364.0000      -1001.498    -1011.132        9.634   386.2      0.210     -1.005      0.386     -0.242      0.220      0.292
364.2000      -1001.019    -1011.016        9.997   400.7      0.735     -0.974     -0.014     -0.428     -0.544     -0.551
364.4000      -1001.081    -1011.590       10.509   421.2     -0.282     -0.603      0.088     -0.537      0.145      0.627
364.6000      -1000.185    -1010.210       10.025   401.9      0.959      0.768      0.823      0.327      0.059     -0.058
364.8000      -1001.034    -1010.588        9.554   383.0      0.105     -0.328      0.567     -0.645      0.089      0.376
365.0000      -1002.419    -1012.361        9.942   398.5      0.542      0.687      0.949     -0.099      0.019     -0.163
365.2000      -1001.958    -1011.358        9.400   376.8      0.708      0.689      0.584     -0.796     -0.531     -0.019
365.4000      -1002.907    -1012.142        9.235   370.2      2.131      0.398      1.481     -0.360     -0.621     -0.181
365.6000      -1004.323    -1013.593        9.269   371.6      1.405      1.151      1.005     -0.641      0.525     -0.212
365.8000      -1002.982    -1012.334        9.352   374.9      0.454      1.516      0.420      0.782     -0.344      0.039
366.0000      -1002.624    -1012.493        9.869   395.6      1.027      0.375      1.165      0.318      0.210      0.227
366.2000      -1003.443    -1012.715        9.272   371.6      0.604      0.388      0.193      0.408      0.012     -0.267
366.4000      -1002.605    -1011.961        9.356   375.0      1.110      1.432      1.155      0.547      0.568      0.155
366.6000      -1002.454    -1011.277        8.822   353.6      0.479      0.329      0.040     -0.324      0.278      0.281
366.8000      -1002.394    -1011.361        8.967   359.5      1.341      0.712      0.998     -0.107      0.148      0.529
367.0000      -1002.111    -1012.280       10.169   407.6     -0.536      0.037      0.379      0.461     -0.068      0.088
367.2000      -1001.135    -1010.792        9.657   387.1      0.096      0.107     -1.117     -0.116     -0.681      0.089
367.4000      -1000.493    -1011.207       10.714   429.5     -0.423     -0.005      0.466      0.136      0.522      0.545
367.6000      -1000.360    -1010.957       10.596   424.7     -0.330      1.157      0.146      0.378     -0.132      0.320
367.8000      -1001.308    -1012.076       10.768   431.6      0.064     -0.320      0.127      0.147      0.285      0.697
368.0000      -1000.860    -1010.351        9.491   380.4      0.517     -0.197     -0.282     -0.025     -0.521     -0.449
368.2000      -1002.025    -1012.295       10.271   411.7      0.860      0.587      0.448      0.180     -0.084     -0.583
368.4000      -1001.656    -1012.075       10.419   417.7      0.668     -0.607     -1.294      0.146      0.186      0.317
368.6000      -1002.191    -1012.222       10.031   402.1      0.919     -0.276      0.546      0.017     -0.171      0.059
368.8000      -1002.259    -1011.507        9.248   370.7     -0.068      0.888      0.537      0.419     -0.023     -0.439
369.0000      -1000.739    -1011.044       10.305   413.1      0.421     -0.530      1.018      0.155     -0.016     -0.372
369.2000      -1000.990    -1011.137       10.148   406.8     -0.625      0.564     -0.312      0.153      0.332      0.259
369.4000      -1001.537    -1011.708       10.170   407.7     -0.827      0.790      0.745     -0.012     -0.145      0.336
369.6000      -1000.737    -1010.639        9.902   396.9      0.106     -0.311     -0.506     -0.378      0.182      0.334
369.8000      -1000.551    -1010.941       10.390   416.5      0.989     -0.386     -0.185     -0.165     -0.162      0.158
370.0000      -1001.414    -1010.824        9.410   377.2      0.406     -0.927      0.594     -0.353     -0.214      0.107
370.2000      -1001.835    -1011.744        9.909   397.2      0.036      0.257      0.470     -0.389      0.275      0.087
370.4000      -1002.103    -1011.237        9.134   366.1      0.952      0.991      0.398     -0.065     -0.168     -0.797
370.6000      -1001.284    -1011.712       10.428   418.0      0.998      0.401     -0.030     -0.265     -0.192     -0.700
370.8000      -1001.678    -1011.155        9.478   379.9      0.565      0.164     -0.786     -0.194      0.240      0.034
371.0000      -1001.102    -1011.477       10.376   415.9      0.020     -0.664      0.045      0.092      0.123     -0.425
371.2000      -1001.357    -1011.073        9.715   389.4     -0.354     -0.054     -0.562      0.353      0.529     -0.828
371.4000      -1001.951    -1011.595        9.644   386.6      0.042      0.268      0.388     -0.151      0.397      0.231
371.6000      -1001.907    -1011.762        9.855   395.0      0.586      0.713      0.743      0.348      0.331     -0.485
371.8000      -1000.769    -1011.621       10.852   435.0     -0.622      0.472     -0.317      0.279      0.638      0.055
372.0000       -999.217    -1010.073       10.856   435.1     -0.216      0.840     -0.271      0.100      0.218      0.066
372.2000      -1000.211    -1010.517       10.306   413.1      0.852     -0.968      0.443      0.255      0.108      0.044
372.4000      -1000.610    -1011.313       10.703   429.0      0.103     -0.268     -0.622     -0.293     -0.350     -0.187
372.6000       -999.985    -1011.009       11.024   441.9     -0.275      1.715      0.841      0.369     -0.253     -0.095
372.8000      -1000.218    -1010.761       10.543   422.6     -0.641      0.267      1.354      0.249      0.295      0.061
373.0000      -1000.528    -1011.143       10.615   425.5     -0.379      0.122     -0.034     -0.315     -0.495     -0.036
373.2000      -1000.713    -1011.182       10.469   419.7      0.091      0.196     -0.033     -0.573      0.202     -0.169
373.4000       -999.804    -1010.470       10.666   427.5     -0.021      0.858      0.829      0.559      0.355     -0.725
373.6000      -1001.340    -1011.004        9.665   387.4     -0.057     -0.152      0.879     -0.012      0.465      0.147
373.8000      -1001.001    -1011.232       10.231   410.1     -0.119      0.639      0.943     -0.366     -0.239      0.042
374.0000      -1001.370    -1012.125       10.755   431.1      0.491     -0.849      0.789     -0.640     -0.346     -0.250
374.2000      -1002.017    -1011.760        9.743   390.5     -0.753     -0.361      1.846     -0.064      0.652     -0.675
374.4000      -1001.513    -1011.057        9.544   382.6      0.349      0.331     -0.692      0.012      0.167      0.120
374.6000      -1000.753    -1011.111       10.359   415.2      0.858      1.416      0.820      0.500      0.598      0.132
374.8000      -1000.789    -1010.617        9.828   393.9      0.459      0.623      0.385     -0.869      0.212      0.033
375.0000      -1001.575    -1011.398        9.823   393.8      0.121     -0.058     -0.899     -0.454      0.398      0.533
375.2000      -1002.022    -1011.725        9.704   389.0     -0.372      0.561      0.008      0.079      0.004      0.002
375.4000      -1001.683    -1011.743       10.060   403.3      0.467      0.597      0.658     -0.295     -0.104      0.450
375.6000      -1001.099    -1010.878        9.779   392.0      0.842      0.712     -0.144     -0.183     -0.536     -0.005
375.8000      -1001.195    -1011.269       10.074   403.8      0.394      0.999     -0.283      0.533     -0.161      0.406
376.0000      -1000.920    -1011.685       10.765   431.5     -0.087     -0.625     -0.199     -0.108     -0.166     -0.166
376.2000      -1001.188    -1011.210       10.022   401.7     -0.309     -0.325      0.755     -0.141      0.530     -0.249
376.4000      -1001.854    -1011.781        9.927   397.9      0.369      0.370     -0.211     -0.486     -0.063     -0.177
376.6000      -1001.983    -1011.288        9.304   373.0      1.244      0.280     -0.137      0.396      0.319     -0.743
376.8000      -1001.241    -1010.349        9.108   365.1      0.179      0.401      0.127      0.558     -0.519     -0.211
377.0000      -1001.313    -1010.733        9.420   377.6      0.599      0.653     -0.134     -0.042     -0.145      0.111
377.2000      -1000.108    -1010.860       10.752   431.0     -0.346      0.011      0.727     -0.538      0.167      0.687
377.4000      -1001.147    -1011.268       10.122   405.7     -1.051     -0.188      1.049      0.073      0.218     -0.083
377.6000      -1001.288    -1011.484       10.196   408.7      0.647      0.571      0.279     -0.233      0.389     -0.288
377.8000      -1001.112    -1010.994        9.881   396.1     -0.019      0.094     -0.053      0.600      0.335      0.111
378.0000       -999.889    -1010.234       10.345   414.7      0.586      1.213      0.094      0.298      0.173     -0.122
378.2000      -1000.023    -1010.644       10.621   425.7      1.112      1.553      0.645     -0.076      0.051      0.203
378.4000       -999.491    -1010.171       10.680   428.1      0.555     -0.250     -0.286     -0.180      0.010      0.185
378.6000       -999.375    -1009.722       10.346   414.7     -0.275      0.733     -0.488     -0.277     -0.263      0.245
378.8000       -999.694    -1010.347       10.652   427.0     -0.310      0.414      0.232     -0.369     -1.018      0.243
379.0000      -1001.649    -1011.952       10.304   413.0      0.069      0.163      1.282     -0.249     -0.368     -0.478
379.2000      -1001.453    -1012.303       10.849   434.9     -0.425      0.449      0.270      0.133     -0.169      0.419
379.4000      -1002.090    -1011.651        9.561   383.2      0.820     -0.045      0.328      0.452      0.609     -0.385
379.6000      -1002.134    -1011.957        9.823   393.7     -0.049     -0.192      0.525     -0.033      0.584      0.135
379.8000      -1002.047    -1011.076        9.028   361.9      0.287     -0.288     -0.619      0.001     -0.609     -0.239
380.0000      -1001.379    -1011.643       10.265   411.5      0.964      0.834      0.339     -0.174      0.296      0.088
380.2000      -1001.174    -1010.741        9.566   383.5      0.458      0.020      0.826     -0.192      0.621     -0.209
380.4000      -1000.986    -1010.756        9.770   391.6      0.333      1.516      0.373     -0.096     -0.256     -0.331
380.6000      -1002.045    -1011.678        9.633   386.1      0.843     -0.240      0.263      0.089      0.019      0.051
380.8000      -1001.675    -1011.721       10.046   402.7     -0.798      0.209      0.809     -0.137      0.446     -0.087
381.0000      -1002.348    -1012.497       10.148   406.8      0.419     -0.705      0.798      0.228     -0.342     -0.238
381.2000      -1000.912    -1010.388        9.477   379.9      0.932      1.245      0.638     -0.297     -0.004     -0.193
381.4000      -1001.444    -1010.489        9.045   362.6     -0.499      0.185      0.577     -0.290     -0.479      0.229
381.6000      -1001.241    -1011.589       10.348   414.8      0.283     -0.289      0.882      0.051      0.370      0.410
381.8000      -1001.172    -1011.437       10.265   411.5      0.054     -0.088     -0.708     -0.406     -0.327     -0.238
382.0000      -1000.930    -1011.517       10.586   424.4      0.363      0.263     -0.569     -0.100      0.101      0.033
382.2000      -1000.629    -1011.053       10.424   417.9     -0.621      0.851     -0.625      0.350      0.541     -0.184
382.4000      -1001.239    -1010.976        9.736   390.3     -0.599      0.129      0.098     -0.252     -0.214     -0.550
382.6000      -1001.636    -1011.586        9.950   398.8      0.317     -0.050      0.580     -0.423      0.696      0.692
382.8000      -1000.913    -1011.298       10.385   416.3     -0.561     -0.134     -0.969     -0.459     -0.016     -0.768
383.0000      -1001.087    -1011.871       10.784   432.3      0.123      0.295      0.443     -0.527     -0.018     -0.746
383.2000      -1001.153    -1011.852       10.699   428.9      0.466      0.390     -0.187      0.201      0.334     -0.392
383.4000      -1001.043    -1011.141       10.097   404.8      0.824      0.768     -0.327     -0.020      0.917      0.022
383.6000      -1001.248    -1011.316       10.068   403.6      0.676      0.560      0.466     -0.096      0.338      0.234
383.8000      -1001.768    -1011.312        9.544   382.6      0.660     -0.235      0.966      0.035      0.032      0.463
384.0000      -1002.628    -1012.241        9.613   385.3     -0.660      0.623     -0.071      0.477      0.316     -0.881
384.2000      -1001.906    -1011.368        9.463   379.3     -0.614      0.155      1.104      0.053      0.224      0.118
384.4000      -1001.504    -1011.403        9.899   396.8      0.326      1.063     -0.420     -0.192      0.247     -0.381
384.6000      -1001.069    -1010.965        9.896   396.7      0.705     -0.122      0.381     -0.300     -0.830     -0.014
384.8000      -1002.135    -1012.031        9.896   396.7      0.164      1.052      0.518     -0.042      0.369     -0.053
385.0000      -1002.058    -1011.675        9.617   385.5     -0.037      0.225      0.361     -0.029      0.495     -0.441
385.2000      -1002.291    -1012.539       10.248   410.8      0.119     -0.298      0.234     -0.494      0.714      0.496
385.4000      -1002.233    -1011.377        9.144   366.5     -0.475     -0.407     -0.255      0.051     -0.846     -0.147
385.6000      -1003.938    -1013.115        9.177   367.9     -0.416     -0.084      0.376      0.050      0.037     -0.538
385.8000      -1004.626    -1014.292        9.666   387.4      0.184     -0.716     -0.255      0.655     -0.236      0.229
386.0000      -1003.874    -1013.614        9.740   390.4     -0.619      0.021      1.081      0.154      0.023     -0.079
386.2000      -1003.273    -1012.606        9.333   374.1     -0.831      0.519      0.801     -0.625      0.332     -0.002
386.4000      -1002.436    -1011.696        9.261   371.2      0.610      0.324      0.637      0.091      0.573      0.135
386.6000      -1003.448    -1012.618        9.171   367.6      0.667      0.441      0.081      0.173     -0.203     -0.266
386.8000      -1003.776    -1013.452        9.676   387.9     -0.276     -0.681      0.029     -0.788     -0.192     -0.134
387.0000      -1002.519    -1011.912        9.394   376.5      0.569      0.647     -0.296     -0.107      0.874     -0.231
387.2000      -1001.869    -1012.175       10.306   413.1      1.713      0.823     -0.071     -0.227      0.384     -0.053
387.4000      -1002.074    -1011.492        9.417   377.5      0.751      0.344      0.115     -0.041     -0.215     -0.263
387.6000      -1000.679    -1011.631       10.953   439.0      1.106      0.367      1.499      0.060      0.334      0.595
387.8000      -1001.584    -1011.599       10.015   401.5      0.353      0.655     -0.280      0.695     -0.088     -0.206
388.0000      -1001.472    -1011.759       10.286   412.3      0.605      0.889      0.671      0.412      0.345     -0.384
388.2000      -1001.359    -1010.938        9.579   384.0      0.947      0.103      1.885      0.430     -0.001      0.249
388.4000      -1002.588    -1012.235        9.647   386.7      0.489      0.998      1.085     -0.460     -0.196      0.259
388.6000      -1002.145    -1011.459        9.314   373.4      0.862      1.980      0.752     -0.424      0.170     -0.331
388.8000      -1002.118    -1012.214       10.096   404.7      0.878      1.012      0.929      0.011      0.226     -0.226
389.0000      -1002.220    -1012.349       10.129   406.0     -0.054      0.060     -1.033     -0.114      0.225     -0.421
389.2000      -1001.431    -1011.252        9.820   393.6     -0.148      0.641     -0.683     -0.413     -0.102      0.401
389.4000      -1001.580    -1010.324        8.744   350.5     -0.207     -0.717      0.898     -0.146      0.718     -0.430
389.6000      -1000.320    -1010.201        9.880   396.1      0.933     -0.069      1.412     -0.200     -0.114      0.216
389.8000      -1000.458    -1010.354        9.896   396.7      0.393     -0.299      0.464      0.539      0.024     -0.434
390.0000      -1001.286    -1010.899        9.614   385.4      0.143     -0.376      0.555     -0.221      0.176      0.044
390.2000      -1001.067    -1011.248       10.181   408.1      0.994      0.252     -0.294      0.580      0.917      0.398
390.4000      -1000.489    -1010.929       10.440   418.5      0.050     -0.343      0.446      0.644      0.138     -0.080
390.6000      -1000.679    -1010.958       10.279   412.0     -0.084     -0.000      0.187      0.259      0.024     -0.392
390.8000      -1001.920    -1011.240        9.320   373.6      1.067      0.359      0.808      0.281     -0.033      0.358
391.0000      -1000.299    -1010.655       10.356   415.1      0.228      0.593      0.148     -0.299      0.084      0.080
391.2000      -1001.458    -1011.901       10.443   418.6      0.204      0.278     -0.494     -0.317     -0.146     -0.118
391.4000      -1000.696    -1011.210       10.514   421.5      0.538      0.875      0.055     -0.582     -0.493      0.025
391.6000      -1000.749    -1011.524       10.775   431.9      0.463     -0.119      0.102     -0.172      0.004      0.235
391.8000       -999.896    -1010.928       11.032   442.2      0.314     -1.269     -0.772      0.149      0.268     -0.034
392.0000      -1000.747    -1011.645       10.898   436.9      0.246      0.592     -0.401      0.006     -0.306      0.517
392.2000      -1000.284    -1010.522       10.238   410.4      0.064      0.274     -0.224      0.243     -0.898     -0.174
392.4000      -1000.065    -1009.998        9.934   398.2      0.722      1.105      0.085      0.297      0.509     -0.241
392.6000      -1000.102    -1009.440        9.338   374.3      1.317      1.133      0.657      0.664     -0.787      0.572
392.8000      -1001.060    -1011.646       10.586   424.4      0.900      0.621      0.671      0.010     -0.071      0.201
393.0000      -1002.144    -1011.522        9.379   375.9      0.617      0.625     -0.102      0.199     -0.075      0.582
393.2000      -1001.927    -1011.147        9.221   369.6      1.487      0.767      0.658      0.100     -0.116      0.034
393.4000      -1001.352    -1010.989        9.637   386.3      1.054      0.760      0.762      0.451     -0.194     -0.299
393.6000      -1000.643    -1011.319       10.676   427.9     -0.210      0.428     -0.793     -0.143     -0.426      0.419
393.8000       -999.562    -1011.117       11.555   463.2     -0.017      0.231     -0.149      0.602     -0.140      0.461
394.0000      -1001.149    -1011.397       10.248   410.8     -0.322      0.536      0.129     -0.071     -0.277     -0.146
394.2000      -1001.030    -1011.364       10.333   414.2      0.482      1.222     -1.007     -0.006      0.018     -0.275
394.4000      -1000.265    -1010.370       10.105   405.1     -0.379     -0.688      0.951     -0.003      0.379      0.225
394.6000      -1000.174    -1009.976        9.802   392.9      0.679      0.923      0.829     -0.312      0.730      0.229
394.8000      -1000.558    -1011.011       10.454   419.0     -0.386      0.352      0.736      0.116      0.210      0.010
395.0000      -1001.581    -1011.007        9.426   377.8      0.312      0.327     -0.020     -0.134     -0.237      0.392
395.2000      -1001.364    -1011.593       10.229   410.0      0.907      0.367      0.786     -0.099     -0.154      0.478
395.4000      -1002.621    -1011.891        9.270   371.6     -0.318     -0.688      0.350      0.029     -0.441      0.583
395.6000      -1002.819    -1012.319        9.500   380.8      0.768      0.825      0.966      0.037      0.315     -0.153
395.8000      -1002.368    -1011.697        9.330   374.0     -0.066      0.634      0.804      0.171     -0.262      0.027
396.0000      -1001.840    -1012.431       10.591   424.6      0.662      0.280      0.150      0.147      0.105      0.328
396.2000      -1002.471    -1011.892        9.421   377.6     -0.739      0.153     -1.128      0.173     -0.152      0.400
396.4000      -1001.985    -1012.083       10.097   404.7      0.378     -0.096      0.131     -0.385      0.574     -0.314
396.6000      -1001.271    -1011.279       10.008   401.2     -0.195     -0.399      1.297     -0.157     -0.008     -0.576
396.8000      -1001.135    -1010.505        9.370   375.6      0.663      0.497     -0.043      0.159     -0.245     -0.096
397.0000      -1001.144    -1011.241       10.097   404.7      0.412      0.066      0.736      0.327      0.462      0.147
397.2000      -1000.924    -1011.436       10.512   421.4      0.464      0.537      0.214      0.975      0.134     -0.261
397.4000      -1001.720    -1011.298        9.579   384.0     -0.713      1.376     -0.167      0.194      0.223     -0.431
397.6000      -1001.723    -1011.489        9.765   391.4      0.061     -0.310      0.383     -0.389      0.214     -0.491
397.8000      -1001.926    -1012.152       10.226   409.9      0.377     -0.392     -0.140     -0.355      0.247     -0.100
398.0000      -1001.439    -1011.331        9.892   396.5     -0.695      0.048      0.038     -0.903      0.633     -0.102
398.2000      -1002.617    -1012.106        9.489   380.3      0.533      0.162      1.313     -0.162      0.031      0.370
398.4000      -1002.885    -1012.524        9.639   386.4      0.770      0.731      0.990     -0.031      0.204      0.148
398.6000      -1001.616    -1011.539        9.923   397.7     -0.035     -0.053      0.189      0.266      0.255     -0.185
398.8000      -1001.847    -1011.782        9.935   398.2      0.561      0.711      1.482     -0.718      0.424     -0.097
399.0000      -1001.226    -1011.381       10.156   407.1      0.198      1.078     -0.010      0.274     -0.298     -0.078
399.2000      -1000.304    -1010.677       10.374   415.8     -0.472      0.144      0.090      0.694     -0.565      0.267
399.4000      -1000.259    -1010.921       10.662   427.4      0.242      0.759      0.810      0.208      0.839      0.260
399.6000      -1000.806    -1011.036       10.229   410.0     -0.396     -0.809     -0.301     -0.528      0.179      0.335
399.8000      -1000.350    -1010.615       10.264   411.4     -0.126      1.001      0.543     -0.382      0.338      0.231
400.0000      -1000.204    -1011.058       10.854   435.1      0.822      0.252      1.411      0.686      0.110     -0.130
400.2000       -999.678    -1009.810       10.132   406.1      0.558     -0.633      0.825      0.432     -0.967     -0.171
400.4000      -1002.099    -1011.556        9.457   379.1      0.145      0.017      0.413     -0.428      0.124     -0.040
400.6000      -1001.460    -1011.001        9.541   382.5     -0.417     -0.114      0.174      0.148      0.146      0.609
400.8000      -1001.583    -1011.420        9.837   394.3     -0.068     -0.667      0.566      0.446     -0.239      0.044
401.0000      -1002.370    -1012.027        9.657   387.1      0.326      0.606      0.698     -0.545      0.078     -0.366
401.2000      -1003.358    -1012.159        8.801   352.8      0.563      0.705      0.268      0.234     -0.393     -0.321
401.4000      -1003.127    -1012.450        9.322   373.7      0.406      1.476      0.142      0.288     -0.135     -0.710
401.6000      -1003.682    -1013.519        9.837   394.3      0.250      1.377     -0.507     -0.195      0.908     -0.498
401.8000      -1002.367    -1011.710        9.343   374.5      0.569      0.148      0.409      0.851     -0.297      0.030
402.0000      -1002.797    -1011.985        9.188   368.3      0.880      0.591      0.083     -0.122     -0.580     -0.222
402.2000      -1002.910    -1012.649        9.739   390.4     -0.010     -0.943      0.001     -0.317      0.261      0.001
402.4000      -1003.362    -1012.849        9.487   380.3      0.321     -0.176      0.077      1.031     -0.531      0.094
402.6000      -1002.565    -1012.697       10.131   406.1     -0.183      0.877      0.070     -0.189     -0.414     -0.538
402.8000      -1002.225    -1011.896        9.671   387.7      0.185     -0.211     -0.769     -0.158     -0.345     -0.251
403.0000      -1002.210    -1011.763        9.553   382.9      0.663      0.415      0.105     -0.037      0.001     -0.395
403.2000      -1002.187    -1011.734        9.548   382.7      1.241     -0.114      0.485     -0.047      0.377     -0.437
403.4000      -1002.794    -1011.932        9.137   366.3      0.707     -0.684      0.304      0.543      0.271      0.037
403.6000      -1003.195    -1012.215        9.020   361.6      0.852     -1.070      0.067      0.084      0.147      0.007
403.8000      -1002.399    -1012.441       10.042   402.5      0.333      0.377      0.298      0.417      0.238     -0.267
404.0000      -1001.977    -1010.797        8.820   353.6      0.468      0.735      1.278     -0.463      0.257     -0.327
404.2000      -1001.280    -1011.395       10.114   405.4     -1.073      0.383      0.482      0.211      0.120      0.115
404.4000      -1001.323    -1010.915        9.592   384.5      0.233      0.085     -0.234      0.333     -0.881     -0.236
404.6000      -1001.178    -1011.103        9.925   397.8     -0.267     -0.104     -0.010     -0.599      0.321      0.628
404.8000      -1001.015    -1011.036       10.021   401.7      0.105     -0.550     -0.166      0.583     -0.174     -0.399
405.0000      -1001.685    -1011.712       10.026   401.9      0.060      0.371      0.469      0.044     -0.062     -0.110
405.2000      -1002.999    -1012.378        9.379   375.9      0.425      1.759      0.892      0.152     -0.668      0.269
405.4000      -1003.273    -1013.102        9.829   394.0      0.616     -0.013      0.483      0.124      0.493      0.256
405.6000      -1002.511    -1012.651       10.140   406.5     -0.584     -0.342     -0.486     -0.014      0.384     -0.024
405.8000      -1002.197    -1012.252       10.054   403.0      0.686      0.027      0.959      0.377      0.312     -0.487
406.0000      -1001.784    -1012.036       10.252   410.9     -0.174      0.616      0.296     -0.448     -0.142      0.534
406.2000      -1001.708    -1011.237        9.529   382.0      0.393      1.226      1.169     -0.125     -0.244      0.142
406.4000      -1001.621    -1012.172       10.551   422.9     -0.894      0.322      0.501      0.204      0.025      0.230
406.6000      -1001.124    -1011.190       10.066   403.5      1.460      1.456      0.148      0.008      0.725      0.098
406.8000      -1001.448    -1010.744        9.296   372.6      0.487      1.193     -0.348      0.287     -0.063     -0.238
407.0000      -1001.461    -1011.206        9.745   390.6     -0.085     -0.108     -0.237     -0.391      0.152     -0.209
407.2000      -1001.225    -1011.626       10.401   416.9      1.533      0.347      0.532      0.060     -0.080      0.126
407.4000      -1002.037    -1011.245        9.208   369.1      0.314      0.409      2.008     -0.053     -0.233      0.151
407.6000      -1000.994    -1011.153       10.159   407.2      1.199      0.665      1.481     -0.572     -0.174     -0.408
407.8000      -1002.489    -1011.849        9.360   375.2      0.834      0.475      0.754      0.057      0.057     -0.080
408.0000      -1002.044    -1010.843        8.799   352.7      0.178      0.328      0.702      0.505     -0.030     -0.358
408.2000      -1001.472    -1011.367        9.895   396.6      0.461      0.442      0.711      0.192      0.460      0.270
408.4000      -1001.377    -1011.195        9.818   393.5     -0.827      0.362     -0.744      0.704      0.054     -0.089
408.6000      -1002.009    -1012.134       10.124   405.8      0.617      0.946      0.138      0.630      0.155      0.151
408.8000      -1000.410    -1011.107       10.696   428.8     -0.240     -0.164      0.349     -0.034     -0.206     -0.280
409.0000       -999.666    -1010.522       10.857   435.2      0.545     -0.096      1.020     -0.444     -0.666     -0.132
409.2000      -1001.072    -1011.883       10.811   433.4      0.876      0.017      0.498      0.147      0.182     -0.272
409.4000      -1001.879    -1012.075       10.196   408.7      0.194     -0.508     -0.625      0.769     -0.593     -0.193
409.6000      -1001.674    -1012.172       10.498   420.8      0.319      1.255      0.510     -0.418     -0.441     -0.194
409.8000      -1001.808    -1012.336       10.528   422.0      0.209      0.392      0.594     -0.504     -0.831     -0.116
410.0000      -1001.572    -1012.005       10.433   418.2     -0.516     -0.015      0.154      0.003     -0.098     -0.316
410.2000      -1001.184    -1011.462       10.278   412.0     -0.062     -0.791     -0.375      0.057      0.055      0.566
410.4000      -1001.557    -1011.262        9.705   389.0      0.923      0.964     -0.171      0.068     -0.395      0.014
410.6000      -1001.043    -1011.278       10.235   410.3      0.222      1.151      0.522     -0.355     -0.261      0.333
410.8000      -1002.154    -1012.371       10.217   409.5      0.171     -0.511      0.330     -0.358      0.835      0.419
411.0000      -1001.668    -1012.221       10.553   423.0     -0.060      0.233      0.927      0.369     -0.513      0.427
411.2000      -1001.161    -1010.910        9.750   390.8     -0.325     -0.281      0.413     -0.470      0.587     -0.149
411.4000      -1002.338    -1012.486       10.147   406.8      0.953      0.127      0.899     -0.228     -0.079      0.223
411.6000      -1003.030    -1012.948        9.918   397.6      0.856      0.398     -0.034      0.132      0.480     -0.840
411.8000      -1003.061    -1012.621        9.560   383.2      0.284     -0.193     -0.161      0.078      0.079     -0.365
412.0000      -1003.261    -1012.706        9.445   378.6     -0.405     -0.061      0.434      0.248      0.148      0.786
412.2000      -1002.576    -1012.782       10.206   409.1      0.316      1.417      0.591     -0.641     -0.177      0.570
412.4000      -1000.943    -1011.788       10.845   434.7     -0.142     -0.216     -0.517      0.151     -0.227      0.558
412.6000      -1001.648    -1011.442        9.794   392.6      0.401      0.761      0.621     -0.401     -0.503     -0.038
412.8000      -1000.595    -1011.750       11.155   447.2      0.148      0.537      1.718      0.249     -0.140     -0.022
413.0000      -1000.730    -1010.943       10.213   409.4      0.509      0.561      0.288      0.331     -0.259      0.354
413.2000      -1001.041    -1011.682       10.641   426.5      0.974      0.776      1.508      0.310      0.414     -0.381
413.4000      -1000.376    -1010.396       10.020   401.7      0.655      0.482      1.502      0.024     -0.234      0.560
413.6000      -1000.980    -1011.136       10.156   407.1     -0.113      0.760      0.199      0.264     -0.030      0.065
413.8000      -1000.743    -1011.153       10.410   417.3      0.603      0.255     -0.094      0.382      0.144      0.954
414.0000      -1000.933    -1011.017       10.084   404.2      0.805      0.616      0.961     -0.304      0.198      0.451
414.2000      -1001.434    -1010.912        9.478   379.9      0.546     -0.339      0.213     -0.471      0.368      0.082
414.4000      -1000.821    -1010.423        9.602   384.9      0.714      0.249      0.544     -0.428      0.592     -0.509
414.6000      -1001.611    -1011.589        9.977   399.9     -0.202      0.026      0.160     -0.725      0.008      0.540
414.8000      -1001.797    -1012.315       10.518   421.6     -0.624     -0.156     -0.509      0.172      0.282      0.032
415.0000      -1001.328    -1011.563       10.235   410.3      0.758     -0.561      0.338      0.105      0.027      0.548
415.2000      -1000.735    -1009.964        9.230   370.0      0.866      0.077      0.107     -0.374     -0.616      0.148
415.4000      -1001.835    -1012.373       10.538   422.4      0.046     -0.142     -0.026     -0.067      0.165     -0.289
415.6000      -1002.095    -1011.496        9.401   376.8     -0.738     -0.406      0.214      0.333      0.228     -0.557
415.8000      -1001.377    -1010.863        9.486   380.2      0.603      0.017      0.349      0.099      0.046      0.091
416.0000      -1001.217    -1011.071        9.853   395.0      0.473     -0.001      0.902     -0.227     -1.082     -0.142
416.2000      -1001.219    -1011.648       10.430   418.1      0.181      0.856      0.864      0.328      0.203      0.478
416.4000      -1001.904    -1011.505        9.600   384.8      0.818      0.624      0.944     -0.424      0.165      0.241
416.6000      -1003.598    -1013.146        9.548   382.7      1.053      1.291     -0.046     -0.385     -0.222     -0.404
416.8000      -1003.296    -1012.950        9.654   387.0     -0.051      0.184      0.143      0.263     -0.953     -0.453
417.0000      -1003.661    -1013.070        9.409   377.1      0.349      0.830      0.558     -0.438     -0.274     -0.724
417.2000      -1004.552    -1014.386        9.834   394.2     -0.440     -0.243     -0.820      0.470      0.061     -0.128
417.4000      -1005.374    -1014.326        8.952   358.8      0.904      0.722     -0.197      0.579     -0.217     -0.131
417.6000      -1005.015    -1013.647        8.632   346.0     -0.030      1.852      0.418      0.312      0.265      0.887
417.8000      -1003.996    -1013.533        9.537   382.3     -0.652      0.783     -0.169     -0.447      0.557      0.053
418.0000      -1003.672    -1012.840        9.169   367.5      0.584      0.018      0.271     -0.124     -0.432      0.444
418.2000      -1003.901    -1013.379        9.478   379.9      0.073      0.058      0.803      0.682      0.317     -0.098
418.4000      -1003.634    -1012.971        9.338   374.3      0.452      0.217     -0.254     -0.059      0.032     -0.178
418.6000      -1002.927    -1011.955        9.028   361.9      0.821      0.304      0.872     -0.551      0.132     -0.192
418.8000      -1002.309    -1011.652        9.343   374.5      1.093      0.351      0.394     -0.026      0.396     -0.747
419.0000      -1002.464    -1011.749        9.286   372.2      0.118     -0.678     -0.527     -0.449      0.499     -0.507
419.2000      -1001.869    -1011.835        9.966   399.5      0.437      0.751      0.466      0.516      0.425      0.610
419.4000      -1002.573    -1012.264        9.690   388.4      0.084      0.037      0.681     -0.433      0.018     -0.349
419.6000      -1002.802    -1013.008       10.206   409.1      0.083      0.200      0.219     -0.285     -0.425      0.370
419.8000      -1002.181    -1012.001        9.820   393.6     -0.100      0.129      0.541      0.574      0.586     -0.151
420.0000      -1001.963    -1012.378       10.415   417.5     -0.321     -0.638     -0.807      0.456      0.153     -0.708
420.2000      -1001.510    -1011.139        9.629   386.0      1.186      0.242      1.327     -0.341      0.210     -0.314
420.4000      -1001.695    -1011.788       10.093   404.6      1.095      0.126      0.173     -0.400      0.456     -0.128
420.6000      -1002.361    -1012.587       10.226   409.9      0.356      0.687      0.645      0.324     -0.088      0.082
420.8000      -1002.601    -1012.597        9.996   400.7      1.104      0.894      1.088     -0.443      0.460      0.338
421.0000      -1002.453    -1012.292        9.840   394.4      0.446      0.308      0.192      0.094     -0.455      0.055
421.2000      -1001.750    -1011.980       10.231   410.1      1.142      1.559      1.288     -0.056      0.024     -0.327
421.4000      -1001.030    -1011.331       10.301   412.9      0.848     -0.806      0.647     -0.415     -0.281     -0.687
421.6000      -1001.615    -1011.990       10.376   415.9     -0.363      0.667     -0.835     -0.243     -0.368     -0.284
421.8000      -1001.831    -1011.174        9.343   374.5     -0.774      0.234     -0.391     -0.068      0.810      0.088
422.0000      -1002.541    -1012.669       10.128   406.0      1.479      1.786      0.024     -0.347      0.016      0.331
422.2000      -1001.836    -1011.604        9.768   391.6      0.281      0.126      0.271      0.647     -0.516      0.739
422.4000      -1001.873    -1011.565        9.692   388.5     -0.019      0.018     -0.317      0.081      0.064     -0.285
422.6000      -1002.651    -1012.271        9.621   385.6     -0.552     -0.722      0.063     -0.024     -0.914      0.087
422.8000      -1002.136    -1011.540        9.404   377.0      0.295     -1.031      0.578     -0.206     -0.253     -0.568
423.0000      -1002.840    -1012.792        9.952   398.9     -0.538     -0.939      0.053      0.397     -0.097      0.118
423.2000      -1001.400    -1011.795       10.395   416.7     -0.020      0.116     -0.655     -0.132      0.149     -0.417
423.4000      -1002.753    -1012.036        9.283   372.1      0.560      0.270      0.853     -0.248      0.687      0.584
423.6000      -1002.557    -1011.985        9.428   377.9      0.589     -0.607     -0.218     -0.505      0.295      0.085
423.8000      -1002.404    -1011.585        9.181   368.0      1.329      1.069      0.649      0.291     -0.392     -0.711
424.0000      -1002.077    -1010.295        8.218   329.4      1.429      0.490      1.023      0.497     -0.209     -0.798
424.2000      -1001.944    -1011.186        9.242   370.5     -0.100     -0.178      1.482     -0.199     -0.037      0.344
424.4000      -1001.358    -1011.426       10.068   403.6     -0.122      0.384      0.459     -0.021      0.325     -0.869
424.6000      -1000.564    -1010.506        9.942   398.5     -0.334     -0.115      0.331     -0.459      0.339      0.027
424.8000      -1000.660    -1010.617        9.957   399.1      0.466      0.782      1.166      0.020      0.111     -0.010
425.0000       -999.982    -1010.184       10.203   409.0      0.103      0.249     -0.106     -0.537     -0.209      0.499
425.2000      -1000.487    -1011.299       10.812   433.4     -0.087      1.113      0.040      0.002      0.018      0.056
425.4000      -1001.034    -1010.447        9.413   377.3      0.877      0.675      0.778     -0.256     -0.438     -0.080
425.6000      -1001.945    -1011.121        9.175   367.8      0.439      0.050      0.083     -0.144      0.031      0.428
425.8000      -1001.783    -1012.091       10.308   413.2      0.504      0.439      0.487      0.247     -0.209      0.136
426.0000      -1002.569    -1012.054        9.485   380.2     -0.763      0.088      0.016     -0.137     -0.142      0.594
426.2000      -1002.037    -1011.056        9.019   361.5     -0.515     -0.204     -0.291     -0.339      0.349      0.485
426.4000      -1001.952    -1012.300       10.348   414.8      0.485      0.934     -0.057     -0.284     -0.507      0.063
426.6000      -1000.506    -1010.128        9.622   385.7      0.911      0.993      0.444     -0.342      0.059      0.222
426.8000      -1001.017    -1011.277       10.260   411.3     -1.216     -1.250     -0.808      0.698     -0.028     -0.545
427.0000      -1002.045    -1011.978        9.933   398.2      0.139     -0.196      0.060     -0.413     -0.006      0.213
427.2000      -1000.822    -1010.799        9.977   399.9     -0.025     -0.703     -0.718     -0.553      0.038      0.390
427.4000      -1001.117    -1011.548       10.431   418.1      0.681      0.028      0.950     -0.547     -0.544      0.619
427.6000      -1001.273    -1010.984        9.710   389.2      1.007      0.681     -0.460     -0.155      0.374     -0.287
427.8000      -1000.665    -1011.438       10.773   431.8      0.144     -0.053      0.564      0.101      0.643      0.597
428.0000      -1000.798    -1011.053       10.256   411.1     -0.441      0.119     -0.335      0.080     -0.358      0.101
428.2000       -999.725    -1010.178       10.453   419.0     -0.709      0.350      0.049     -0.143      0.131      0.864
428.4000       -998.841    -1009.357       10.516   421.5     -0.316      0.603      1.172     -0.238      0.062     -0.179
428.6000       -999.333    -1010.306       10.973   439.8     -0.775     -0.279      0.311     -0.002      0.154      0.210
428.8000      -1000.463    -1010.973       10.510   421.3      0.076     -1.084      0.603      0.649     -0.503      0.076
429.0000      -1001.637    -1011.726       10.088   404.4      1.135      1.430      1.313      0.199     -0.202     -0.077
429.2000      -1001.680    -1011.618        9.938   398.4     -0.353      0.275     -0.870      0.274     -0.155     -0.577
429.4000      -1002.094    -1011.567        9.472   379.7      0.634      0.761     -0.206      0.254     -0.650      0.375
429.6000      -1001.475    -1010.424        8.949   358.7     -0.672     -0.177     -0.411     -0.427      0.413      0.296
429.8000      -1001.731    -1011.812       10.081   404.1      0.378      0.936      0.417      0.082      0.092     -0.466
430.0000      -1001.342    -1011.405       10.063   403.4     -0.154      1.723      0.203     -0.090      0.048     -0.431
430.2000      -1001.068    -1011.893       10.825   433.9      0.287      0.451      0.107     -0.150      0.151     -0.494
430.4000      -1001.612    -1011.255        9.644   386.6     -0.278      0.248      0.428      0.463      0.109     -0.115
430.6000      -1000.901    -1010.265        9.364   375.3     -0.376     -0.250     -0.308      0.501     -0.760      0.047
430.8000      -1001.800    -1011.304        9.504   381.0     -1.024      0.115     -0.324     -0.296      0.402      0.312
431.0000      -1001.832    -1010.998        9.167   367.4      0.745      0.487     -0.998     -0.293      0.595      0.117
431.2000      -1002.316    -1011.968        9.652   386.9     -0.401      0.751      0.514     -0.312      0.397     -0.164
431.4000      -1001.048    -1011.361       10.313   413.4     -0.405     -0.217     -0.369      0.339      0.140     -0.329
431.6000      -1001.771    -1011.327        9.556   383.0      0.553      0.376      0.384     -0.247     -0.063     -0.596
431.8000      -1002.064    -1011.444        9.380   376.0     -0.606      0.329     -0.659      0.381      0.294      0.064
432.0000      -1002.001    -1012.839       10.838   434.4     -0.698      0.125      0.249     -0.309     -0.026      0.022
432.2000      -1001.775    -1011.575        9.801   392.9     -0.692      0.325     -0.211      0.207      0.108      0.510
432.4000      -1001.196    -1011.491       10.294   412.6     -0.858     -0.506     -1.042     -0.589      0.094      0.267
432.6000      -1000.722    -1010.971       10.249   410.8      0.885      0.750      0.867      0.258      0.648     -0.053
432.8000      -1001.309    -1011.341       10.032   402.1     -0.264     -0.738      0.014      0.110      0.371      0.053
433.0000      -1001.172    -1011.102        9.931   398.1     -1.157     -0.242      0.409      0.832     -0.195      0.311
433.2000      -1001.158    -1011.827       10.668   427.6      0.374     -0.407      0.634      0.414     -0.444      0.484
433.4000      -1001.524    -1011.325        9.801   392.9      0.880     -0.416      0.003     -0.307     -0.237     -0.876
433.6000       -999.984    -1010.038       10.054   403.0      0.330      0.985      0.738      0.488     -0.279     -0.682
433.8000      -1000.214    -1010.298       10.083   404.2      0.420      0.564      1.694      0.265     -0.348      0.218
434.0000       -999.920    -1010.887       10.967   439.6     -0.320      0.664      0.005     -0.233     -0.136     -0.058
434.2000      -1000.120    -1010.144       10.024   401.8      1.539      0.606      0.122     -0.296      0.014     -0.274
434.4000      -1001.231    -1012.169       10.939   438.5      0.006      0.523      0.199     -0.021      0.266      0.223
434.6000      -1001.068    -1010.642        9.575   383.8      0.797      0.991     -0.018     -0.496      0.118      0.489
434.8000      -1001.045    -1010.438        9.394   376.5      0.097      0.901      0.326      0.284     -0.704      0.308
435.0000      -1000.820    -1010.936       10.116   405.5     -0.444      0.610     -0.177      0.690      0.257     -0.214
435.2000      -1000.267    -1010.668       10.401   416.9     -0.692      0.192      0.265      0.001     -0.166     -0.282
435.4000      -1000.484    -1011.221       10.737   430.4      2.414      1.752      0.881      0.017     -0.088     -0.018
435.6000      -1000.218    -1010.882       10.664   427.5      1.070      0.204     -0.092      0.092      0.646     -0.038
435.8000      -1000.224    -1010.904       10.680   428.1     -0.404      0.778      0.738      0.047      0.248     -0.299
436.0000      -1001.119    -1010.850        9.731   390.1      0.437     -0.178      0.868     -0.572      0.038     -0.352
436.2000      -1001.925    -1012.250       10.325   413.9      0.394      1.997      1.621     -0.229     -0.595     -0.155
436.4000      -1002.193    -1012.081        9.887   396.3      0.139      0.433     -0.181      0.209      0.067      0.036
436.6000      -1001.642    -1011.765       10.123   405.8      1.012     -0.759     -0.197      0.432     -0.290      0.083
436.8000      -1000.596    -1011.233       10.636   426.4      1.211      1.635      1.123      0.107     -0.293      0.336
437.0000      -1001.205    -1010.935        9.730   390.0      1.102      0.654      0.418      0.313     -0.164      0.933
437.2000       -999.829    -1009.718        9.889   396.4     -0.316      0.164      1.221      0.132     -0.012      0.233
437.4000      -1000.203    -1010.281       10.077   404.0      1.448      1.361      0.578      0.285     -0.553      0.066
437.6000      -1000.815    -1011.482       10.667   427.6     -0.052     -0.211     -0.708      0.081     -0.026      0.111
437.8000      -1000.549    -1010.723       10.175   407.9      0.477      0.994     -0.063      0.907      0.286      0.439
438.0000      -1001.381    -1011.379        9.998   400.8     -0.555     -1.525     -0.056      0.062      0.165     -0.098
438.2000      -1001.661    -1011.508        9.847   394.7     -0.232      0.010      1.122      0.535      0.204      0.764
438.4000      -1000.678    -1010.327        9.649   386.8      1.258      1.280      0.356     -0.444      0.296     -0.213
438.6000      -1000.872    -1010.774        9.902   396.9      0.113     -0.026     -0.317      0.030     -0.082     -0.330
438.8000      -1001.224    -1010.790        9.566   383.4      0.399      0.048      0.956      0.280     -0.443      0.480
439.0000      -1000.777    -1010.426        9.649   386.8     -0.036     -0.331      0.901      0.105      0.301     -0.167
439.2000      -1000.156    -1010.005        9.848   394.8     -0.046     -0.333     -0.637      0.010      0.392     -0.908
439.4000       -999.567    -1010.277       10.709   429.3     -0.182     -1.166      0.027     -0.151      0.408     -0.127
439.6000       -999.660    -1009.769       10.109   405.2      0.084      0.671      0.167     -0.287      0.215      0.078
439.8000      -1000.329    -1010.085        9.756   391.1      0.435      1.057      0.941      0.764     -0.507     -0.524
440.0000      -1001.418    -1010.977        9.559   383.2      0.387      1.030      1.075     -0.238      0.450     -0.639
440.2000      -1001.183    -1010.996        9.812   393.3      0.389     -0.145     -0.786      0.309      0.312     -0.327
440.4000      -1001.526    -1011.353        9.827   393.9      1.006      0.591      0.770      0.272      0.450      0.361
440.6000      -1001.822    -1010.392        8.570   343.5      0.117     -0.248     -0.251      0.001     -0.039     -0.340
440.8000      -1001.296    -1011.100        9.803   393.0      0.408      1.433      0.609      0.310      0.431      0.147
441.0000      -1001.617    -1011.083        9.465   379.4     -0.513      0.073     -0.209     -0.070      0.889      0.449
441.2000      -1001.564    -1012.052       10.488   420.4      0.461      0.355      0.023     -0.012     -0.028     -0.043
441.4000      -1001.337    -1011.214        9.877   395.9      0.181      0.792      1.319      0.135      0.318      0.286
441.6000      -1000.496    -1010.543       10.046   402.7     -0.414      1.395      1.135      0.292      0.203     -0.492
441.8000      -1001.011    -1011.511       10.500   420.9      0.131     -0.192     -0.448      0.314     -0.016      0.348
442.0000      -1001.962    -1011.599        9.637   386.3      0.318      0.943      0.534      0.203      0.045      0.031
442.2000      -1000.503    -1010.349        9.847   394.7      0.078     -0.193     -0.846      0.011     -0.142     -0.300
442.4000      -1002.089    -1012.538       10.449   418.8     -0.223     -0.262     -0.481     -0.295     -0.237     -0.024
442.6000      -1001.305    -1011.358       10.054   403.0     -0.162      0.710     -0.182     -0.072      0.172     -0.156
442.8000      -1001.979    -1011.574        9.595   384.6     -0.599      0.278     -0.125      0.351     -0.281     -0.062
443.0000      -1002.752    -1012.288        9.535   382.2      0.947      0.662     -0.732     -0.770      0.295      0.210
443.2000      -1002.190    -1011.806        9.616   385.4      0.629      0.036      0.535     -0.253     -0.460      0.106
443.4000      -1001.460    -1011.685       10.225   409.9      1.414      0.296      0.634     -0.302     -0.010      0.184
443.6000      -1001.186    -1011.650       10.464   419.5     -1.223      0.069      0.332      0.065      0.395     -0.705
443.8000      -1002.598    -1011.742        9.143   366.5      0.056      0.344      0.553     -0.448     -0.399     -0.457
444.0000      -1002.830    -1012.386        9.556   383.0     -1.079      0.251      0.105      0.275      0.432     -0.020
444.2000      -1001.945    -1011.993       10.047   402.7      1.016      0.241     -0.833      0.111     -0.685      0.392
444.4000      -1002.086    -1011.732        9.646   386.7      0.045      0.769      0.369      0.248      0.450     -0.140
444.6000      -1002.975    -1012.227        9.252   370.9      0.188     -0.121      1.243     -0.366      0.468     -0.261
444.8000      -1003.481    -1012.681        9.200   368.8      1.005      1.546      1.163      0.177      0.012     -0.349
445.0000      -1002.743    -1011.997        9.253   370.9     -0.153      1.619      0.139      0.533      0.507     -0.180
445.2000      -1002.874    -1012.718        9.845   394.6     -0.038      1.500      0.573     -0.255      0.559      0.102
445.4000      -1003.112    -1012.949        9.837   394.3      0.868      0.014      0.689     -0.334      0.293      0.306
445.6000      -1002.233    -1012.683       10.450   418.9      0.948      1.332      0.636     -0.160     -0.175      0.355
445.8000      -1002.486    -1011.668        9.183   368.1      0.098      0.501      1.011      0.251     -0.423     -0.033
446.0000      -1002.765    -1013.455       10.689   428.5      1.794      0.870      1.212     -0.526      0.000     -0.311
446.2000      -1001.176    -1011.804       10.628   426.0     -0.146      0.847      0.500     -0.199     -0.378     -0.231
446.4000      -1002.189    -1012.136        9.947   398.7      0.667      0.708     -0.211      0.059     -0.470      0.183
446.6000      -1001.570    -1010.759        9.189   368.3     -0.466     -0.535      0.084      0.369      0.597      0.720
446.8000      -1002.161    -1012.830       10.669   427.7      0.885      1.109      0.692     -0.099     -0.314     -0.646
447.0000      -1002.410    -1011.578        9.169   367.5     -0.216      0.116      1.014     -0.217      0.341      0.072
447.2000      -1002.661    -1012.626        9.965   399.4     -0.118      0.474      0.774     -0.065      0.009     -0.117
447.4000      -1002.229    -1010.263        8.034   322.0     -0.413      0.418      0.872     -0.242     -0.178      0.149
447.6000      -1002.168    -1012.120        9.952   398.9     -0.242     -0.454      0.268      0.589     -0.091      0.140
447.8000      -1002.062    -1011.564        9.502   380.9      1.720      1.164      1.101     -0.144      0.133     -0.130
448.0000      -1001.426    -1010.493        9.068   363.5     -0.266      0.897      0.239      0.972     -0.237      0.373
448.2000      -1001.127    -1011.021        9.894   396.6     -0.562     -0.575     -0.777      0.403     -0.167      0.864
448.4000      -1000.897    -1011.271       10.375   415.9     -0.022     -0.073     -0.406     -0.131     -0.184     -0.401
448.6000      -1000.243    -1010.169        9.926   397.9      0.430      0.776      0.916      0.230     -0.170      0.103
448.8000      -1000.298    -1011.216       10.919   437.7     -0.158     -0.513     -0.093     -0.389     -0.475      0.438
449.0000      -1000.881    -1011.248       10.367   415.6     -0.373      0.091      0.829     -0.640     -0.144     -0.568
449.2000      -1001.943    -1011.206        9.263   371.3     -0.446      0.152     -0.023     -0.228      0.085      0.643
449.4000      -1001.795    -1012.798       11.003   441.1     -0.061      0.432     -0.430     -0.330      0.201      0.288
449.6000      -1001.058    -1011.223       10.165   407.4      1.103      0.826      0.382      0.440      0.053      0.236
449.8000      -1001.117    -1010.730        9.613   385.3      0.589      0.250      0.654      0.080      0.147      0.242
450.0000      -1000.017    -1010.489       10.471   419.7     -0.414      0.305      1.100      0.243      0.377      0.178
450.2000      -1000.080    -1011.162       11.081   444.2      0.725     -1.265     -0.128      0.059      0.389     -0.486
450.4000      -1000.843    -1010.908       10.065   403.5      0.465      0.782      0.862      0.752      0.031     -0.039
450.6000      -1001.032    -1010.703        9.670   387.6     -0.307     -0.685      0.917     -0.784      0.169     -0.164
450.8000      -1000.054    -1009.951        9.897   396.7      0.560      0.601     -0.024      0.022      0.110     -0.041
451.0000       -999.753    -1009.554        9.801   392.9      0.953      0.566     -0.031     -0.004      0.289      0.015
451.2000      -1001.862    -1012.148       10.286   412.3      0.002      0.710     -0.140     -0.387     -0.085     -0.112
451.4000      -1002.304    -1011.624        9.319   373.6     -0.816      1.164      1.097      0.306      0.102     -0.118
451.6000      -1002.086    -1012.186       10.100   404.9      0.217      1.307      0.220     -0.239     -0.217     -0.485
451.8000      -1001.142    -1010.551        9.409   377.2      0.755      1.699      0.246      0.575     -0.081      0.202
452.0000      -1001.720    -1011.255        9.535   382.2     -0.139     -0.132      0.856     -0.214     -0.270     -0.385
452.2000      -1001.123    -1010.932        9.808   393.2      0.113      0.435     -0.784     -0.272      0.257     -0.690
452.4000      -1001.375    -1011.391       10.016   401.5      0.040      0.187      0.495      0.012     -0.378      0.019
452.6000      -1001.880    -1011.803        9.923   397.8      0.369      0.004     -0.081      0.162     -0.082      0.396
452.8000      -1001.578    -1011.405        9.827   393.9      0.576      0.771      0.598      0.192     -0.175     -0.312
453.0000      -1000.407    -1010.440       10.033   402.2      0.340      0.756     -0.560     -0.040      0.079     -0.196
453.2000       -999.807    -1011.137       11.329   454.1      0.291      0.045      0.354      0.310      0.637      0.315
453.4000       -999.215    -1010.360       11.145   446.7      0.045      0.336      1.208     -0.405      0.419     -0.140
453.6000       -998.572    -1008.858       10.286   412.3     -0.234      1.354      0.417      0.216      0.017     -0.322
453.8000       -998.798    -1009.854       11.056   443.2      0.956      1.269      1.907     -0.573     -0.258      0.038
454.0000       -999.738    -1009.432        9.694   388.6      1.248     -0.149     -0.247      0.379     -0.029     -0.910
454.2000      -1000.561    -1011.138       10.577   424.0      0.205      0.356     -0.139     -0.181     -0.195     -0.355
454.4000      -1001.297    -1010.894        9.597   384.7      0.206      0.340      1.339      0.116     -0.243     -0.276
454.6000      -1001.431    -1011.695       10.264   411.4     -0.198      1.065      0.491     -0.072      0.262     -0.151
454.8000      -1000.889    -1010.768        9.879   396.0      1.597     -0.397      0.729     -0.245      0.499      0.409
455.0000      -1001.603    -1011.456        9.853   395.0     -0.324     -0.183      0.646     -0.241      0.194     -0.727
455.2000       -999.302    -1009.636       10.333   414.2     -0.148      0.337      0.499      0.050      0.317      0.066
455.4000      -1000.296    -1010.092        9.796   392.7     -0.408      1.367      0.790     -0.467      0.063      0.006
455.6000      -1000.494    -1011.296       10.802   433.0      1.374     -0.233      0.885     -0.383      0.151     -0.001
455.8000      -1000.022    -1010.141       10.119   405.6      0.377     -0.255     -0.421      0.619     -0.182     -0.933
456.0000      -1000.214    -1009.723        9.509   381.2     -0.043      0.385      0.438     -0.104     -0.128     -0.039
456.2000      -1002.443    -1012.453       10.010   401.2      1.040      0.408      0.362      0.203      0.293     -0.490
456.4000      -1001.968    -1012.467       10.498   420.8      0.482      0.270      0.484      0.073     -0.244     -0.179
456.6000      -1001.532    -1011.571       10.039   402.4     -0.425     -0.232     -0.369     -0.186      0.331     -0.073
456.8000      -1002.568    -1012.305        9.737   390.3      0.275      0.004      0.399      0.171     -0.037      0.155
457.0000      -1002.773    -1012.465        9.692   388.5      1.357      0.089      1.213      0.906     -0.006      0.082
457.2000      -1001.529    -1012.512       10.983   440.2      0.989      0.438      0.637      0.427     -0.180      0.447
457.4000      -1002.211    -1012.228       10.017   401.5      0.297      0.342     -0.737     -0.059     -0.232      0.357
457.6000      -1000.366    -1010.417       10.052   402.9      1.196      0.310      0.744      0.392     -0.452      0.136
457.8000      -1001.131    -1011.141       10.010   401.3      0.246     -0.335     -0.513     -0.387     -0.490      0.180
458.0000      -1000.198    -1010.309       10.111   405.3      0.645      0.006      0.823     -0.561     -0.194      0.920
458.2000      -1000.675    -1011.074       10.399   416.8      0.898      0.985      0.691      0.361      0.200      0.574
458.4000      -1000.671    -1011.198       10.527   422.0      0.755      0.277     -0.360     -0.239     -0.218     -0.521
458.6000      -1001.992    -1011.806        9.814   393.4     -0.237     -0.327      0.223     -0.205     -0.840      0.815
458.8000      -1001.811    -1012.360       10.549   422.9      0.018     -0.822      0.032     -0.735     -0.066      0.069
459.0000      -1002.077    -1011.979        9.902   396.9      1.785      0.184      0.733     -0.040     -0.146      0.770
459.2000      -1002.671    -1012.422        9.751   390.9     -0.311      0.366      1.260      0.275     -0.185     -0.027
459.4000      -1002.652    -1012.242        9.590   384.4      1.289      1.186      1.527      0.287     -0.256      0.245
459.6000      -1002.665    -1012.174        9.509   381.2      0.760      0.787     -0.386     -0.275      0.339     -0.729
459.8000      -1002.786    -1011.899        9.113   365.3      0.230      0.702      0.752     -0.393      0.289      0.349
460.0000      -1002.409    -1011.707        9.298   372.7      0.982      0.735      0.645      0.179     -0.416      0.277
460.2000      -1002.650    -1012.405        9.755   391.0     -0.770     -0.590     -0.178     -0.410     -0.215     -0.239
460.4000      -1001.421    -1011.560       10.139   406.4      0.740      0.811      0.818      0.020      0.374     -0.022
460.6000      -1001.534    -1011.608       10.074   403.8      0.469      0.015      0.446     -0.213      0.604      0.111
460.8000      -1002.844    -1011.561        8.718   349.4      0.016      1.130      0.587     -0.515     -0.649     -0.417
461.0000      -1002.845    -1012.035        9.191   368.4      0.215      0.125      0.386     -0.509      0.085     -0.521
461.2000      -1001.643    -1011.935       10.292   412.6     -0.484     -1.537     -0.977     -0.300      0.008      0.119
461.4000      -1002.240    -1012.755       10.515   421.5     -1.191     -0.967     -0.005      0.400     -0.253      0.440
461.6000      -1002.759    -1012.694        9.934   398.2      0.366      0.969      0.735      0.251      0.021     -0.181
461.8000      -1002.149    -1013.559       11.410   457.4      0.183      0.254     -0.714     -0.122      0.434     -0.186
462.0000      -1002.585    -1011.806        9.222   369.7      0.501      1.667      1.099      0.388      0.158     -0.249
462.2000      -1003.396    -1013.174        9.778   391.9     -0.151     -0.080     -1.224     -0.504     -0.095     -0.653
462.4000      -1002.492    -1013.274       10.782   432.2      0.195      0.320      0.218      0.037     -0.328      0.484
462.6000      -1002.391    -1012.221        9.830   394.1      0.499     -0.388      0.158      0.203     -0.133      0.200
462.8000      -1002.424    -1012.302        9.878   396.0      0.446      0.902      0.336      0.508      0.698     -0.163
463.0000      -1001.829    -1011.302        9.473   379.7     -0.350      0.801     -0.382     -0.383     -0.172     -0.224
463.2000      -1002.195    -1012.840       10.645   426.7      0.080     -0.522     -0.892      0.107     -0.046     -0.504
463.4000      -1003.038    -1012.676        9.638   386.3     -0.006     -1.469      0.591     -0.369     -0.352     -0.099
463.6000      -1003.707    -1013.111        9.404   377.0      0.015      0.099      0.798     -0.462      0.095      0.713
463.8000      -1002.862    -1012.727        9.865   395.4      0.274      0.817      0.737      0.396     -0.128      0.020
464.0000      -1001.837    -1011.954       10.117   405.5     -0.215      0.624      0.735     -0.219     -0.380      0.428
464.2000      -1001.554    -1012.128       10.574   423.9      1.344     -0.150     -0.355     -0.193      0.218      0.237
464.4000      -1001.863    -1012.021       10.158   407.2     -0.698      0.866     -0.031      0.248     -0.204      0.052
464.6000      -1002.798    -1012.245        9.447   378.7     -0.113      0.012      0.330     -0.459      0.370      0.526
464.8000      -1003.552    -1013.403        9.851   394.9     -0.604      0.821      0.211     -0.623      0.230     -0.894
465.0000      -1004.434    -1013.748        9.314   373.4     -0.089     -0.936     -0.609      0.166     -0.621     -0.162
465.2000      -1004.526    -1013.434        8.908   357.1     -0.102      0.985     -0.456     -0.166      0.428      0.099
465.4000      -1003.616    -1013.053        9.437   378.3      1.007      0.695      0.036     -0.075     -0.071      0.399
465.6000      -1003.530    -1012.571        9.040   362.4     -0.065      1.097      0.366     -0.194     -0.070     -0.297
465.8000      -1002.792    -1013.053       10.262   411.3      0.430      0.667     -0.027     -0.568      0.322      0.077
466.0000      -1003.006    -1012.533        9.527   381.9     -0.161      0.589      1.119     -0.349     -0.390      0.196
466.2000      -1002.299    -1012.948       10.649   426.9      0.207      0.643     -0.000     -0.041     -0.588      0.547
466.4000      -1004.051    -1012.770        8.719   349.5     -0.702      0.206      0.773      0.579      0.222      0.045
466.6000      -1002.782    -1011.480        8.698   348.6     -0.004      1.345     -0.698     -0.520      0.498      0.145
466.8000      -1002.286    -1012.542       10.256   411.1      0.863      0.619      0.917      0.713      0.009     -0.253
467.0000      -1002.661    -1013.043       10.382   416.2      0.607      0.484      0.293     -0.066      0.029      0.074
467.2000      -1002.726    -1011.657        8.931   358.0      0.315      0.158      1.369     -0.583     -0.042     -0.316
467.4000      -1002.482    -1012.287        9.805   393.0     -0.023     -0.408      0.517     -0.331     -0.236      0.406
467.6000      -1003.126    -1012.610        9.485   380.2      0.877      0.699     -0.303      0.429     -0.100      0.399
467.8000      -1003.483    -1013.456        9.973   399.8      1.878      1.649      1.535     -0.404     -0.131      0.275
468.0000      -1004.163    -1012.982        8.819   353.5      0.414     -0.143      0.858     -0.039      0.322      0.522
468.2000      -1003.577    -1013.215        9.637   386.3      0.653      0.771     -0.320     -0.155     -0.096      0.273
468.4000      -1003.738    -1013.345        9.607   385.1      0.502      0.338      1.658      0.185     -0.086      0.183
468.6000      -1003.543    -1013.350        9.807   393.1      0.807      1.147      0.633     -0.023     -0.145     -0.217
468.8000      -1004.201    -1013.855        9.654   387.0     -0.454     -0.336      0.043     -0.434      0.373     -0.009
469.0000      -1004.027    -1012.638        8.611   345.2      0.738     -0.720     -0.212     -0.996      0.143     -1.121
469.2000      -1003.186    -1013.105        9.919   397.6     -0.361      0.180      0.571      0.479     -0.035     -0.089
469.4000      -1002.455    -1011.914        9.458   379.1     -0.157     -0.105      0.450      0.281     -0.146     -0.125
469.6000      -1001.847    -1011.387        9.540   382.4      0.080      0.786      1.477      0.108      0.022     -0.144
469.8000      -1001.937    -1011.327        9.390   376.4      1.411      0.396      1.622      0.381      0.320      0.204
470.0000      -1000.464    -1010.599       10.135   406.2     -0.427      0.007      0.388     -1.149     -0.401      0.005
470.2000      -1001.077    -1011.224       10.147   406.7      0.416      1.410      0.153      0.475     -0.563     -0.122
470.4000      -1000.762    -1010.178        9.416   377.4      1.171      0.838      0.480      0.361      0.083     -0.153
470.6000      -1001.468    -1011.310        9.843   394.5      0.814      0.352      0.391      0.453      0.430      0.255
470.8000      -1001.453    -1011.429        9.976   399.9     -0.092      0.642     -0.480     -0.152     -0.264      0.335
471.0000      -1002.514    -1012.405        9.891   396.5      0.622      0.122      0.846      0.055      0.267      0.796
471.2000      -1000.872    -1011.260       10.389   416.4     -0.025      0.140      0.969     -0.143     -0.508      1.192
471.4000      -1002.226    -1011.432        9.206   369.0      0.683      1.245     -0.408     -0.144     -0.174     -0.026
471.6000      -1002.352    -1011.516        9.164   367.3     -0.331     -0.417     -1.166     -0.288     -0.612      0.053
471.8000      -1002.545    -1012.535        9.990   400.5      0.487      0.150     -1.036      0.255     -0.301     -0.069
472.0000      -1000.734    -1011.124       10.390   416.5      0.377      1.249      0.793     -0.084     -0.067      0.164
472.2000      -1000.848    -1011.500       10.652   427.0      0.045      1.265      0.894      0.307     -0.707     -0.128
472.4000      -1001.387    -1011.088        9.701   388.9      0.689     -0.495     -0.538     -0.265     -0.201     -0.834
472.6000      -1001.399    -1011.008        9.609   385.2      0.137      1.709      0.461      0.015      0.093      0.511
472.8000      -1001.655    -1011.474        9.819   393.6      0.436      0.542      0.167     -0.191      0.072      0.524
473.0000      -1002.216    -1011.817        9.602   384.9     -0.515      0.396      0.586      0.125     -0.039      0.292
473.2000      -1002.565    -1012.169        9.603   385.0      0.137     -0.175      0.724     -0.200      0.573     -0.109
473.4000      -1001.806    -1012.393       10.586   424.4      0.412      0.086      0.403     -0.344     -0.150      0.066
473.6000      -1000.981    -1011.212       10.231   410.1     -0.532     -0.127      0.524      0.414     -0.671      0.641
473.8000      -1000.870    -1011.108       10.238   410.4     -0.059     -0.534     -0.367      0.282      0.591     -0.108
474.0000      -1000.090    -1009.724        9.634   386.2      0.176      0.396      0.096      0.197      0.404     -0.617
474.2000      -1001.232    -1011.444       10.212   409.3      0.513      0.253     -0.302      0.361      0.126     -0.026
474.4000      -1000.626    -1010.660       10.035   402.2      0.401      0.737      0.478     -0.060      0.067     -0.384
474.6000      -1000.887    -1011.542       10.655   427.1      0.375     -0.091      0.664     -0.238      0.313      0.161
474.8000      -1000.995    -1010.795        9.800   392.8     -0.727      0.265     -0.525      0.370      0.392      0.574
475.0000       -999.471    -1010.063       10.592   424.6      0.523      0.766      1.620      0.253      0.312      0.396
475.2000      -1000.924    -1011.174       10.250   410.9      0.784      0.440      0.523      0.014     -0.574      0.165
475.4000      -1001.330    -1012.062       10.732   430.2     -0.448     -0.043      1.211     -0.414     -0.154      0.363
475.6000      -1002.815    -1012.438        9.623   385.7      1.927      0.624      0.888     -0.263      0.602      0.611
475.8000      -1001.396    -1012.355       10.958   439.3      0.404      0.356     -0.079     -0.070      0.276      0.528
476.0000      -1001.963    -1012.279       10.316   413.5      1.395      0.091      0.247      0.591     -0.269     -0.328
476.2000      -1001.927    -1011.474        9.546   382.7     -0.579     -0.264      0.668     -0.100     -0.126     -0.140
476.4000      -1001.509    -1010.821        9.312   373.3     -0.970      0.511      0.915     -0.043     -0.218      0.080
476.6000      -1002.120    -1011.983        9.863   395.4     -0.447      0.178     -0.147     -0.141     -0.271      0.789
476.8000      -1002.259    -1011.932        9.674   387.8      1.762      0.714      0.049      0.010     -0.052      0.135
477.0000      -1003.297    -1012.896        9.599   384.8      0.131      0.099      0.046      0.339     -0.130      0.670
477.2000      -1002.735    -1012.184        9.449   378.8     -0.278     -0.074      0.783      0.785      0.244      0.025
477.4000      -1001.259    -1011.571       10.312   413.3     -0.656     -0.619     -0.867      0.121      0.181     -0.130
477.6000      -1001.783    -1011.057        9.275   371.8     -0.313      0.842     -1.211     -0.022      0.345     -0.195
477.8000      -1002.633    -1011.436        8.803   352.9      0.252     -0.077     -1.223      0.473      0.375      0.039
478.0000      -1001.194    -1010.979        9.785   392.2      0.640      0.641      1.244      0.238      0.064     -0.107
478.2000      -1001.669    -1011.455        9.786   392.3      1.272      0.795      0.426      0.673      0.317     -0.565
478.4000      -1002.548    -1012.653       10.105   405.1      0.054      0.244     -0.416      0.102     -0.456      0.104
478.6000      -1002.418    -1011.486        9.069   363.5      1.342      0.703      0.957      0.641      0.259      0.081
478.8000      -1002.755    -1011.556        8.801   352.8      0.536      0.532      2.302     -0.155     -0.211      0.464
479.0000      -1002.713    -1012.417        9.704   389.0      0.853      1.751      0.309      0.010     -0.235     -0.206
479.2000      -1001.575    -1011.275        9.700   388.8      0.189      0.237      0.382     -0.099     -1.059      0.138
479.4000      -1000.185    -1010.931       10.746   430.7      0.354      0.452     -0.131     -0.750     -0.234      0.067
479.6000       -999.893    -1011.031       11.137   446.4      0.534      0.185      1.091      0.116     -0.449     -0.207
479.8000      -1001.200    -1011.042        9.842   394.5      1.712      0.965      0.318     -0.038     -0.428     -0.397
480.0000      -1000.673    -1010.614        9.941   398.5      1.368     -0.395      0.085     -0.116     -0.016      0.114
480.2000      -1001.166    -1011.266       10.100   404.8      0.482      0.182      0.017     -0.481     -0.501      0.124
480.4000      -1001.323    -1011.168        9.845   394.6      1.664      0.451      0.272      0.043      0.323      0.027
480.6000      -1000.496    -1011.136       10.641   426.5      0.311     -0.710     -0.908      0.213     -0.485      0.413
480.8000      -1000.964    -1010.757        9.793   392.6      0.718      1.016      1.367      0.094     -0.479     -0.077
481.0000      -1001.454    -1011.005        9.551   382.9      0.355      0.332     -0.337     -0.342     -0.150      0.467
481.2000      -1002.107    -1011.542        9.435   378.2      0.857      0.597     -0.615      0.088      0.570     -0.618
481.4000      -1002.221    -1011.482        9.261   371.2      0.393      1.358      0.495      0.242     -0.353     -0.250
481.6000      -1001.888    -1012.301       10.413   417.4      0.730      0.785     -0.011     -0.463      0.356      0.309
481.8000      -1002.016    -1013.062       11.045   442.8      0.949      0.279      0.912     -1.048      0.419     -0.401
482.0000      -1002.369    -1011.781        9.412   377.3      0.289      0.177      0.587      0.096      0.271      0.168
482.2000      -1002.724    -1012.294        9.570   383.6      0.448      0.144     -0.315     -0.166      0.190     -0.256
482.4000      -1002.851    -1012.893       10.041   402.5      0.547      0.340     -0.873      0.413     -0.256     -0.607
482.6000      -1001.703    -1011.806       10.103   405.0      0.850     -0.648     -0.902      0.289      0.195     -0.083
482.8000      -1001.418    -1012.028       10.609   425.3      0.881      0.085      0.819      0.096     -0.108      0.493
483.0000      -1001.946    -1012.283       10.337   414.3      0.272      0.105     -0.244     -0.477      0.303      0.760
483.2000      -1002.256    -1011.050        8.794   352.5      0.885      1.620      0.547     -0.087     -0.248     -0.279
483.4000      -1002.097    -1011.979        9.882   396.1      1.233      0.733      1.197      0.003      0.601      0.238
483.6000      -1001.445    -1011.308        9.863   395.3      1.537     -0.599     -0.003      0.270      0.458     -0.260
483.8000       -999.905    -1009.899        9.994   400.6      1.657      1.043      0.272     -0.570      0.050     -0.009
484.0000      -1000.337    -1010.820       10.483   420.2     -0.522      1.307      0.181      0.591      0.152      0.509
484.2000      -1000.122    -1010.295       10.172   407.8      0.517      1.253      0.399     -0.455      0.007     -0.183
484.4000      -1000.052    -1009.835        9.784   392.2      1.543     -0.088      0.293     -0.233     -0.676     -0.253
484.6000      -1000.110    -1011.326       11.216   449.6     -0.541     -0.561      0.366     -0.055     -0.250     -0.457
484.8000      -1000.196    -1011.403       11.206   449.2      1.701      1.508      1.686     -0.071     -0.055     -0.065
485.0000      -1000.550    -1010.831       10.282   412.1     -0.401      0.378      0.696     -0.030     -0.231      0.177
485.2000      -1000.192    -1010.739       10.546   422.8      0.468      0.614      0.280      0.092     -0.101      0.290
485.4000      -1000.346    -1010.441       10.095   404.7     -0.255     -0.024      0.197     -0.462      0.507     -0.399
485.6000      -1001.964    -1011.251        9.286   372.2      0.537      0.887     -0.111     -0.335      0.463     -0.325
485.8000      -1001.932    -1012.270       10.337   414.4      0.814     -0.673      0.449      0.262     -0.100     -0.536
486.0000      -1002.505    -1011.711        9.207   369.1      0.638     -0.045     -0.016     -0.119      0.038      0.000
486.2000      -1001.866    -1011.083        9.217   369.5      0.412      0.008     -0.328      0.176     -0.166     -0.074
486.4000      -1001.432    -1010.666        9.233   370.1     -0.241      0.159      0.446     -0.560     -0.225     -0.240
486.6000      -1001.570    -1011.982       10.412   417.4     -0.592      1.123      1.309     -0.171     -0.384     -0.523
486.8000      -1000.666    -1011.398       10.732   430.2      0.187     -0.347      0.582     -0.507     -0.599      0.269
487.0000      -1001.059    -1011.253       10.195   408.6     -0.806     -0.256     -0.424     -0.043     -0.179      0.453
487.2000      -1001.392    -1011.787       10.394   416.7     -0.016      0.148     -1.090     -0.093     -0.396     -0.883
487.4000      -1000.261    -1010.269       10.007   401.1     -0.072     -0.034      0.069      0.007      0.469      0.067
487.6000       -999.857    -1010.463       10.606   425.1      0.743      0.306      1.087     -0.179     -0.608      0.192
487.8000      -1000.405    -1010.909       10.504   421.0      0.063      0.527     -0.073      0.132     -0.004     -0.001
488.0000      -1000.538    -1011.234       10.697   428.8     -0.431      0.037      1.147      0.699     -0.161     -0.022
488.2000      -1000.552    -1010.952       10.399   416.9      0.800     -0.404      0.052     -0.138     -0.209     -0.137
488.4000      -1001.404    -1011.319        9.916   397.5      0.429     -0.136      0.148     -0.135     -0.156      0.069
488.6000      -1000.755    -1010.492        9.736   390.3     -0.159      1.394      0.868      0.403     -0.004     -0.048
488.8000      -1001.072    -1011.186       10.114   405.4      0.221      0.449      1.323     -0.556     -0.152      0.260
489.0000      -1002.904    -1012.031        9.127   365.8      1.167      0.558      0.472     -0.055      0.685     -0.221
489.2000      -1002.587    -1012.190        9.603   384.9      0.035      1.366      0.635      0.478      0.104     -0.216
489.4000      -1003.122    -1012.375        9.253   370.9      0.428      0.991      0.734     -0.388     -0.405      0.580
489.6000      -1003.087    -1012.896        9.809   393.2     -0.079      0.275      0.602      0.031      0.012     -0.081
489.8000      -1002.146    -1012.076        9.929   398.0     -0.888     -0.313     -0.244     -1.086     -0.063      0.195
490.0000      -1002.981    -1012.429        9.448   378.7      0.771      0.009     -0.003      0.267      0.285      0.066
490.2000      -1003.520    -1012.100        8.580   343.9      0.364     -1.208      0.514     -0.023     -0.360      0.776
490.4000      -1003.096    -1012.276        9.180   368.0      0.784      1.965      0.564      0.384     -0.254      0.527
490.6000      -1003.644    -1012.762        9.118   365.5     -0.315     -0.013      0.149      0.599     -0.145     -0.075
490.8000      -1003.810    -1013.311        9.501   380.9     -0.855     -0.145      0.357     -0.097      0.118      0.561
491.0000      -1002.391    -1012.014        9.623   385.7      0.877      0.237      0.099     -0.475     -0.214     -0.034
491.2000      -1001.401    -1011.444       10.043   402.6     -0.576      1.340     -0.219     -0.335      0.608     -0.106
491.4000      -1001.839    -1011.921       10.082   404.1      1.142      0.982      0.137     -0.454     -0.135      0.065
491.6000      -1001.712    -1011.979       10.267   411.6      0.983      0.900      0.224     -0.557     -0.723     -0.219
491.8000      -1001.522    -1010.726        9.204   368.9      0.429     -0.027      0.624     -0.113      0.140     -0.193
492.0000      -1001.262    -1011.642       10.380   416.1      1.061      0.528      0.538     -0.733      0.159     -0.604
492.2000      -1000.783    -1011.162       10.380   416.1      0.285      0.461     -0.292      0.156     -0.027     -0.077
492.4000      -1000.614    -1011.123       10.509   421.3      0.870     -0.436      0.171      0.039      0.225     -0.252
492.6000      -1001.863    -1011.249        9.386   376.2     -0.321      0.695      0.276     -0.106     -0.200      0.420
492.8000      -1002.480    -1011.927        9.446   378.7     -0.215      0.312      0.282      0.474      0.180      0.329
493.0000      -1001.093    -1010.988        9.895   396.6     -0.176     -0.814     -0.401      0.381      0.528     -0.080
493.2000      -1001.505    -1011.618       10.113   405.4      0.401      1.043      0.330     -0.321      0.077      0.733
493.4000      -1001.612    -1011.500        9.889   396.4      0.321      0.054      0.148      0.560      0.707     -0.009
493.6000      -1001.233    -1011.311       10.078   404.0      0.827      0.044      0.287      0.135     -0.142     -0.214
493.8000      -1002.490    -1012.492       10.002   400.9      0.749      0.504      0.098     -0.169      0.291     -0.512
494.0000      -1001.963    -1012.029       10.066   403.5      0.145      0.441     -0.036     -0.124      0.462     -0.002
494.2000      -1001.928    -1011.660        9.732   390.1      1.979      0.418      0.946      0.082     -0.187     -0.355
494.4000      -1001.706    -1011.459        9.753   390.9      0.326      1.305      0.818      0.474     -0.227     -0.281
494.6000      -1002.294    -1011.700        9.405   377.0     -0.235     -0.050     -0.320      0.209     -0.367     -0.214
494.8000      -1001.259    -1011.354       10.096   404.7     -0.522     -0.331     -0.059     -0.012      0.341     -0.368
495.0000      -1001.560    -1012.408       10.848   434.8      0.824      0.671      0.250     -0.083     -0.778     -0.021
495.2000      -1001.351    -1010.670        9.319   373.5      0.173      0.310      0.495     -0.097     -0.304      0.452
495.4000      -1001.521    -1011.781       10.260   411.3     -0.974     -0.793     -0.417     -0.268     -1.033     -0.020
495.6000      -1002.572    -1011.793        9.222   369.6      1.474      0.116      0.844     -0.231      0.167     -0.256
495.8000      -1002.234    -1012.337       10.103   405.0     -1.127      0.924     -0.180      0.172      0.308      0.413
496.0000      -1003.581    -1013.699       10.118   405.6      1.613      0.796      0.285      0.573     -1.213      0.272
496.2000      -1003.639    -1013.082        9.443   378.5      0.468      0.310      1.599     -0.303      0.175      0.108
496.4000      -1002.895    -1012.508        9.613   385.4      0.033     -0.765      0.052      0.107      0.698      0.084
496.6000      -1003.349    -1012.378        9.029   361.9      0.274      0.549      1.391      0.662      0.445      0.070
496.8000      -1002.349    -1012.277        9.928   398.0      0.928     -0.201      0.560      0.012     -0.587     -0.058
497.0000      -1002.306    -1012.435       10.128   406.0      0.201     -0.857      0.407      0.251      0.064     -0.137
497.2000      -1001.916    -1011.430        9.514   381.4     -0.278      0.192     -0.672      0.308     -0.401     -0.230
497.4000      -1002.216    -1011.591        9.375   375.8      0.284     -0.028      0.071     -0.150     -0.465     -0.504
497.6000      -1003.217    -1012.008        8.791   352.4      0.284      0.053     -0.814     -0.012      0.161      0.314
497.8000      -1003.238    -1011.984        8.746   350.6      0.691      0.601      0.207     -0.574     -0.415     -0.501
498.0000      -1003.127    -1012.367        9.240   370.4     -0.296      1.025      0.542      0.750     -0.320     -0.279
498.2000      -1001.974    -1012.174       10.200   408.9      0.952      1.160      1.325     -0.658      0.254      0.301
498.4000      -1001.873    -1011.930       10.058   403.2      1.007      0.172      0.492     -0.606      0.987     -0.654
498.6000      -1001.383    -1013.018       11.635   466.4      0.891      0.254      0.290      0.063     -0.482     -0.469
498.8000      -1000.953    -1010.814        9.862   395.3      0.054      0.193     -0.068     -0.351     -0.408      0.328
499.0000      -1002.638    -1012.340        9.701   388.9      0.702      0.502      0.144      0.193     -0.094     -0.050
499.2000      -1004.553    -1013.755        9.202   368.9      0.638      1.345      0.855      0.023      0.453      0.154
499.4000      -1003.924    -1012.427        8.503   340.9     -0.282      1.085      1.407      0.382     -0.030      0.402
499.6000      -1003.837    -1012.341        8.504   340.9     -0.400     -0.734      0.823      0.172      0.521      0.047
499.8000      -1004.434    -1013.101        8.667   347.4     -0.013      0.849     -0.054     -0.490      0.971      0.424
500.0000      -1002.604    -1012.641       10.036   402.3      1.512      2.220      0.687      0.021      0.093      0.491
500.2000      -1002.094    -1011.597        9.503   380.9      0.978      0.947      0.084      0.541     -0.198     -0.147
500.4000      -1001.379    -1012.207       10.828   434.0      0.906      0.592     -0.735     -0.021      1.264     -1.254
500.6000      -1001.882    -1011.969       10.087   404.3      0.596      0.264      0.932     -0.466      0.454     -0.354
500.8000      -1000.853    -1011.371       10.518   421.6      0.556      1.628      0.262     -0.284     -0.312     -0.374
501.0000      -1001.710    -1012.230       10.519   421.7      0.719      0.229      1.108      0.116     -0.759      0.230
501.2000      -1000.744    -1010.403        9.658   387.2     -0.547      1.006      1.197      0.546     -0.467      0.142
501.4000       -999.689    -1010.882       11.193   448.7      1.246      0.726      0.284     -0.295      0.391     -0.439
501.6000      -1000.658    -1011.504       10.847   434.8      2.291      0.489      0.645     -0.077     -0.457     -0.190
501.8000       -999.801    -1009.501        9.700   388.8      1.202      1.742      0.292     -0.172     -0.072     -0.182
502.0000      -1000.168    -1011.039       10.871   435.7      0.270      0.871      0.360      0.175     -0.136     -0.201
502.2000       -999.494    -1009.062        9.569   383.6     -0.305     -0.100     -0.542     -0.214      0.237      0.394
502.4000      -1001.819    -1010.436        8.617   345.4      0.717     -0.541     -0.272     -0.350      0.098      0.166
502.6000      -1000.197    -1010.338       10.141   406.5      0.678      0.395      0.608     -0.617      1.030      0.335
502.8000      -1000.712    -1011.251       10.539   422.5     -0.080     -0.016     -0.365     -0.356     -0.056     -0.291
503.0000      -1000.609    -1010.849       10.239   410.4      0.741     -0.326     -0.417      0.037     -0.010     -0.155
503.2000       -999.928    -1010.051       10.123   405.8      0.866      0.057      0.226      0.224      0.237     -0.157
503.4000      -1000.173    -1010.071        9.899   396.8      1.221      0.768      0.498     -0.427     -0.094     -0.471
503.6000       -999.946    -1009.899        9.954   399.0      0.733      0.982      1.251      0.484      0.002     -0.511
503.8000       -999.664    -1010.013       10.349   414.8      0.184      1.514      0.261     -0.238     -0.218     -0.010
504.0000      -1000.527    -1010.492        9.966   399.5      0.432      1.135      0.615     -0.693      0.153     -0.319
504.2000      -1000.746    -1011.434       10.688   428.4      0.759      0.008      0.087     -0.148     -0.591      0.529
504.4000      -1001.047    -1011.057       10.010   401.2      1.016     -0.370      0.946     -0.030     -0.046      0.185
504.6000      -1001.425    -1011.952       10.527   422.0     -0.164     -0.295     -0.577     -0.295      0.125     -0.380
504.8000      -1001.825    -1010.562        8.737   350.2     -0.455      0.034      0.811     -0.358     -0.755      0.142
505.0000      -1001.175    -1010.915        9.740   390.4      0.796      1.528      0.968     -0.323     -0.569      0.546
505.2000      -1000.808    -1011.166       10.358   415.2     -0.149      0.729     -0.615      0.060     -0.319     -0.204
505.4000      -1000.852    -1010.758        9.907   397.1     -0.788     -0.579      0.080     -0.255     -0.029     -0.010
505.6000      -1001.238    -1011.256       10.019   401.6     -0.467     -0.322     -0.635     -0.111     -0.237     -0.533
505.8000      -1001.882    -1011.675        9.793   392.5     -0.964      0.328     -0.300      0.087      0.204     -0.260
506.0000      -1001.149    -1010.716        9.567   383.5     -0.237     -0.157      0.101      0.114      0.672     -0.135
506.2000      -1001.652    -1010.704        9.052   362.9      0.359     -0.585      0.354      0.318      0.147     -0.049
506.4000      -1002.316    -1012.275        9.959   399.2     -0.278     -0.211      0.332     -0.259      0.178     -0.180
506.6000      -1001.351    -1011.323        9.971   399.7      0.029      0.496     -0.047     -0.033      0.593     -0.074
506.8000      -1001.549    -1011.232        9.683   388.1      0.326      0.076      1.223     -0.215      0.283      0.261
507.0000      -1000.703    -1012.170       11.467   459.7     -0.185     -0.330     -0.297     -0.069     -0.289     -0.040
507.2000      -1000.579    -1011.183       10.604   425.1      1.054     -0.159      0.673     -0.373     -0.094      0.092
507.4000       -999.777    -1011.080       11.303   453.1     -0.084     -0.559     -0.371     -0.419     -0.618     -0.176
507.6000      -1000.698    -1010.285        9.587   384.3      0.556      0.164      0.471     -0.470     -0.367     -0.316
507.8000      -1000.781    -1010.178        9.397   376.7      1.228      0.805      0.483      0.447     -0.165     -0.344
508.0000      -1001.959    -1011.244        9.286   372.2      1.121      0.915      0.671      0.191     -0.212      0.147
508.2000      -1001.801    -1011.235        9.434   378.2      0.486      0.976      0.122      0.258      0.051      0.332
508.4000      -1001.959    -1011.060        9.101   364.8     -0.155     -0.890     -0.268     -0.171      0.036      0.046
508.6000      -1002.393    -1011.889        9.496   380.6      0.454      0.513     -0.157     -0.048      0.548      0.397
508.8000      -1001.839    -1011.248        9.410   377.2     -0.057      0.218      0.248      0.322      0.360      0.482
509.0000      -1001.653    -1011.424        9.771   391.7      0.168      0.572      0.375     -0.240     -0.423      0.562
509.2000      -1000.918    -1011.047       10.129   406.0     -0.284     -1.091     -0.418     -0.445      0.724     -0.615
509.4000      -1001.541    -1011.476        9.934   398.2     -0.446      0.679      0.182     -0.465      0.157      0.464
509.6000      -1000.909    -1009.865        8.957   359.0      0.561      0.574      0.424      0.269      0.471     -0.274
509.8000      -1000.645    -1010.720       10.074   403.8      0.265      1.330      1.113      0.204      0.379     -0.200
510.0000      -1000.224    -1011.735       11.512   461.4     -0.409     -0.110     -0.066     -0.090     -0.036      0.107
510.2000      -1000.855    -1010.888       10.033   402.2      0.334      1.235      0.029     -0.220      0.711      0.006
510.4000      -1001.772    -1010.332        8.560   343.1      0.645      0.530      0.160      0.306     -0.399     -0.222
510.6000      -1002.173    -1011.574        9.401   376.8      0.017      0.522      1.323     -0.377     -0.175      0.070
510.8000      -1002.831    -1011.775        8.944   358.5      0.277      0.039      0.734      0.430     -0.245      0.213
511.0000      -1001.284    -1011.073        9.789   392.4      0.523      0.523      0.523      0.388     -0.080     -0.628
511.2000      -1000.750    -1010.090        9.340   374.4      0.206      0.461     -0.439     -0.303      0.093     -0.195
511.4000      -1001.509    -1010.873        9.364   375.3      0.261      0.075      0.368     -0.106     -0.244     -0.516
511.6000      -1000.786    -1010.492        9.706   389.1     -0.578     -0.765     -0.055      0.521      0.374      0.882
511.8000      -1001.032    -1010.760        9.728   389.9      0.302      1.110     -0.021      0.353     -0.019      0.601
512.0000      -1000.677    -1010.943       10.266   411.5      0.450      0.529     -0.878     -0.315     -0.147      0.002
512.2000      -1001.579    -1012.730       11.151   447.0      0.270      0.829      0.366      0.205      0.260      0.453
512.4000      -1001.822    -1012.085       10.264   411.4      0.292      1.633      0.867      0.720     -0.059     -0.698
512.6000      -1001.803    -1011.965       10.162   407.3      1.289      1.153      1.884      0.272      0.486      0.083
512.8000      -1001.837    -1011.643        9.805   393.0     -0.120      0.290     -0.437     -0.187     -0.184     -0.173
513.0000      -1002.269    -1011.972        9.703   388.9     -0.067      1.681      0.784      0.407      0.645     -0.064
513.2000      -1002.955    -1011.378        8.422   337.6      0.418      0.521      0.224      0.513      0.009     -0.078
513.4000      -1002.145    -1012.011        9.865   395.4      0.340      0.426      1.207     -0.353     -0.508      0.461
513.6000      -1002.372    -1012.429       10.057   403.1      0.311      1.452      0.301     -0.078     -0.354     -0.019
513.8000      -1002.375    -1012.579       10.204   409.0     -0.206      0.714      0.623     -0.196      0.303     -0.255
514.0000      -1002.598    -1012.170        9.572   383.7      0.902      0.556      0.084      0.231      0.085     -0.302
514.2000      -1001.881    -1011.949       10.068   403.6     -0.169      0.256      0.839      0.758      0.052     -0.194
514.4000      -1002.526    -1012.020        9.493   380.5      0.477      0.434      0.347      0.366     -0.222      0.111
514.6000      -1002.381    -1010.951        8.570   343.5     -0.641      0.764     -0.543      0.102      0.114     -0.073
514.8000       -999.849    -1009.926       10.077   403.9     -0.174     -0.293     -0.047     -0.448     -0.222     -0.001
515.0000      -1001.047    -1011.921       10.874   435.9     -0.128      0.412     -0.347     -0.475      0.070     -0.568
515.2000      -1001.925    -1011.631        9.706   389.1      0.643      1.915      0.566      0.196      0.275      0.294
515.4000      -1000.128    -1010.998       10.869   435.7      1.565      0.454      0.628     -0.088     -0.148     -0.387
515.6000      -1000.554    -1011.352       10.798   432.8      1.308     -0.032      0.723     -0.189      0.270      0.183
515.8000      -1001.329    -1011.357       10.028   402.0      1.023      0.320      0.557      0.594     -0.241     -0.276
516.0000      -1002.234    -1011.421        9.187   368.3      1.219      0.564      0.880      0.336     -0.010      0.146
516.2000      -1001.777    -1011.842       10.065   403.5      0.171      0.509     -1.380      0.171      0.368     -0.624
516.4000      -1001.176    -1011.083        9.907   397.1      0.306      0.119     -0.281      0.501     -0.451      0.079
516.6000      -1000.859    -1010.707        9.848   394.8      1.295      1.338      0.886      0.222     -0.450      0.204
516.8000      -1001.090    -1011.638       10.548   422.8     -0.281      0.475      0.551      0.401      0.113      0.079
517.0000      -1000.833    -1011.516       10.683   428.2      0.213      0.218      1.211     -0.701      0.311      0.183
517.2000      -1001.124    -1010.981        9.857   395.1      0.172      1.284      1.362     -0.631     -0.025     -0.072
517.4000      -1000.332    -1010.112        9.780   392.0      0.477      0.560      0.473      0.127     -0.310      0.135
517.6000      -1000.986    -1011.030       10.044   402.6     -0.758      0.393      0.126      0.808     -0.052      0.148
517.8000      -1002.179    -1011.357        9.178   367.9     -0.577      1.640      0.453     -0.389      0.309     -0.611
518.0000      -1002.457    -1012.539       10.082   404.1     -0.194     -0.070     -0.755     -0.211      0.049      0.063
518.2000      -1001.806    -1011.001        9.195   368.6      0.093      1.814      1.054     -0.488      0.699     -0.174
518.4000      -1003.108    -1012.751        9.642   386.5     -0.452      0.817      0.133     -0.135      0.293     -0.441
518.6000      -1002.455    -1012.298        9.844   394.6     -0.028      0.604      0.024      0.269      0.007      0.080
518.8000      -1001.474    -1012.210       10.736   430.3      0.581      0.259      0.758      0.041     -0.115     -0.679
519.0000      -1001.881    -1011.054        9.173   367.7     -0.708      0.217      0.324      0.278     -0.102      0.485
519.2000      -1001.102    -1010.872        9.771   391.7      0.810      0.629      0.006     -0.356      0.085     -0.269
519.4000      -1001.767    -1011.001        9.234   370.1     -0.430      0.818      1.287      0.446     -0.024      0.344
519.6000      -1000.836    -1010.887       10.051   402.9      0.105      1.158     -0.500      0.049     -0.042     -0.239
519.8000      -1002.035    -1011.495        9.460   379.2     -0.464      0.262     -0.392     -0.047      1.056     -0.136
520.0000      -1001.859    -1010.899        9.041   362.4      1.462      0.412      0.532      0.229     -0.495     -0.553
520.2000      -1000.833    -1010.733        9.900   396.8      0.511      0.903      0.195      0.245      0.144     -0.670
520.4000      -1000.709    -1011.152       10.443   418.6      0.545      0.056      0.229      0.495      0.527     -0.494
520.6000      -1000.998    -1011.476       10.478   420.0      0.547      0.987      0.204      0.369      0.711     -0.387
520.8000      -1001.504    -1011.735       10.230   410.1     -0.194      0.321     -0.163      0.349      0.043      0.264
521.0000      -1001.093    -1011.075        9.982   400.1      0.153      1.218      0.415     -0.590      0.000     -0.171
521.2000      -1001.516    -1011.078        9.562   383.3      0.582      1.154      0.634      0.113     -0.012     -0.218
521.4000      -1002.036    -1012.423       10.387   416.4     -0.053     -0.524     -0.254      0.152      0.253     -0.228
521.6000      -1002.255    -1011.878        9.623   385.8      0.148      0.723      0.233     -0.448     -0.332      0.743
521.8000      -1000.512    -1011.128       10.615   425.5     -0.159     -0.208      0.079     -0.384     -0.495     -0.304
522.0000      -1001.396    -1010.557        9.160   367.2      0.288      0.235      0.307      0.017     -0.396      0.257
522.2000      -1001.767    -1011.779       10.013   401.4      0.707      1.324      0.964     -0.123     -0.315      0.910
522.4000      -1003.094    -1012.542        9.447   378.7      0.332      0.576     -0.064     -0.647     -0.515      0.230
522.6000      -1002.736    -1012.441        9.705   389.0      0.711      0.148      1.008      0.648      0.407      0.626
522.8000      -1003.079    -1012.753        9.674   387.8      0.976      1.936      1.256     -0.151      0.310     -0.009
523.0000      -1002.441    -1012.076        9.636   386.2      0.622     -0.648     -0.265      0.275      0.203     -0.582
523.2000      -1002.083    -1013.014       10.931   438.2      0.808      0.759      0.399     -0.461      0.306     -0.011
523.4000      -1001.566    -1011.810       10.243   410.6     -0.618     -0.183     -1.238      0.964     -0.420      0.307
523.6000      -1003.347    -1012.242        8.895   356.6      0.883      0.580      0.531     -0.356     -0.363     -0.518
523.8000      -1002.563    -1012.509        9.946   398.7      0.587      0.576      0.378      0.356      0.227      0.306
524.0000      -1001.997    -1011.978        9.981   400.1     -0.319     -0.630     -0.347      0.134      0.267     -0.388
524.2000      -1000.193    -1010.098        9.905   397.0      0.350      0.416      0.994      0.337     -1.176      0.900
524.4000      -1000.354    -1010.285        9.931   398.1      1.094      0.432     -0.284     -0.052      0.325     -0.054
524.6000      -1001.045    -1011.206       10.161   407.3      1.055     -0.163      1.573      0.513      0.023     -0.263
524.8000      -1000.384    -1010.852       10.469   419.6      0.934      0.906      0.587     -0.216      0.126     -0.516
525.0000      -1001.163    -1011.644       10.481   420.1      0.888      0.656      0.121      0.151     -0.864      0.118
525.2000       -999.384    -1010.142       10.759   431.3     -0.204      1.841      1.019     -0.486      0.330     -0.163
525.4000      -1000.216    -1010.789       10.573   423.8     -0.664      0.443      0.286     -0.168      0.136     -0.401
525.6000      -1000.966    -1011.487       10.522   421.8      0.356      1.720      0.719     -0.183     -0.113     -0.217
525.8000      -1001.977    -1011.517        9.539   382.4      0.352      0.806      0.442     -0.442     -0.267     -0.238
526.0000      -1001.908    -1011.244        9.336   374.2      0.890      0.008      0.200     -0.955      0.086      0.197
526.2000      -1002.772    -1012.244        9.472   379.7      1.089      0.489     -0.651     -0.095     -0.079     -0.147
526.4000      -1002.154    -1012.772       10.619   425.7      0.830      0.277      0.224      0.247     -0.171     -0.502
526.6000      -1002.289    -1012.144        9.855   395.0      0.354      0.574     -0.047      0.014      0.301      0.481
526.8000      -1001.336    -1010.699        9.363   375.3      1.990      0.343     -0.382     -0.088     -0.265      0.716
527.0000      -1000.207    -1012.433       12.227   490.1      0.319      0.633      1.088      0.367      0.370     -0.086
527.2000      -1000.202    -1010.880       10.678   428.0      1.541     -0.239      0.102      0.447      0.131      0.359
527.4000      -1001.673    -1011.503        9.830   394.0     -0.534     -0.244      0.822     -0.288      0.058      0.365
527.6000      -1000.546    -1011.266       10.720   429.7      0.632     -0.173     -0.631      0.025      0.179     -0.762
527.8000      -1000.941    -1010.589        9.648   386.7     -0.487      0.794      1.259      0.335      0.727      0.049
528.0000      -1002.069    -1010.919        8.850   354.7      0.667      0.887      0.605     -0.008     -0.201     -0.073
528.2000      -1001.854    -1011.592        9.738   390.3     -0.317     -0.732      0.212      0.143      0.348     -0.158
528.4000      -1001.418    -1011.149        9.731   390.1      0.895     -0.288     -0.358     -0.534      0.123     -0.270
528.6000      -1001.166    -1011.563       10.397   416.8     -1.020     -0.924     -0.164      0.423     -0.839      0.443
528.8000      -1001.451    -1011.742       10.292   412.5      0.617      0.141      0.499      0.803      0.945     -0.200
529.0000      -1002.348    -1011.647        9.299   372.8     -0.147      0.903      0.653     -0.128      0.235      0.183
529.2000      -1001.739    -1011.625        9.886   396.3     -0.063     -1.032      0.226      0.003      0.017      0.212
529.4000      -1002.033    -1012.179       10.146   406.7     -0.926      0.336      1.504      0.163     -0.451      0.147
529.6000      -1000.536    -1010.410        9.873   395.8      0.319      0.060     -1.078      0.104      0.076      0.926
529.8000      -1001.673    -1011.011        9.338   374.3     -0.788     -0.452     -0.224     -0.528      0.500     -0.289
530.0000      -1001.488    -1011.547       10.059   403.2      1.185      0.707      0.503     -0.425     -0.043     -0.326
530.2000      -1001.730    -1012.169       10.439   418.4      0.673      0.492      0.388     -0.398      0.103     -0.205
530.4000      -1002.787    -1013.254       10.467   419.6      0.167     -0.163     -1.007     -0.090     -0.260      0.068
530.6000      -1002.983    -1012.001        9.018   361.5      0.576      0.712     -0.251     -0.194     -0.449     -0.282
530.8000      -1003.143    -1012.921        9.778   391.9      0.487      0.451      0.877     -0.017     -0.683      0.224
531.0000      -1004.222    -1013.218        8.996   360.6      0.223      0.747      0.196     -0.577      0.438     -0.232
531.2000      -1002.818    -1012.683        9.865   395.4      0.517      0.197     -0.375      0.226     -0.095      0.345
531.4000      -1001.854    -1011.875       10.021   401.7      1.222      0.796      0.207     -0.419     -0.060     -0.166
531.6000       -999.703    -1010.463       10.761   431.3     -0.159      0.729      0.297     -0.300      0.023      0.078
531.8000      -1001.867    -1011.910       10.043   402.6      0.324     -0.128     -0.257      0.278      0.668      0.189
532.0000      -1001.382    -1011.385       10.003   401.0      0.788      1.291      0.785      0.116      0.052     -0.195
532.2000      -1002.337    -1012.220        9.884   396.2      0.312     -0.454     -0.391      0.246     -0.517     -0.464
532.4000      -1003.489    -1013.358        9.869   395.6      0.538      0.118      0.541      0.283     -0.103     -0.075
532.6000      -1002.918    -1013.143       10.224   409.8      0.927      0.035     -0.179     -0.107     -0.167     -0.276
532.8000      -1002.466    -1012.765       10.299   412.8      0.798     -0.048      0.059      0.312      0.238      0.017
533.0000      -1002.368    -1012.834       10.466   419.5      0.153      0.866      0.711      0.614      0.150     -0.216
533.2000      -1001.313    -1010.407        9.093   364.5      0.441     -0.094     -0.801      0.221     -0.195     -0.111
533.4000      -1002.654    -1011.604        8.950   358.7      0.971     -0.586      0.330     -0.206      0.401      0.282
533.6000      -1002.901    -1011.976        9.075   363.8     -0.293      0.516      0.635      0.140      0.129     -0.544
533.8000      -1002.104    -1011.758        9.654   387.0      0.518      0.935      0.857     -0.090      0.359     -0.321
534.0000      -1001.728    -1011.302        9.574   383.8     -0.555      0.510      0.180     -0.162      0.635     -0.153
534.2000      -1002.613    -1012.250        9.638   386.3     -0.050      0.912      1.659      0.595      0.067      0.119
534.4000      -1000.920    -1010.552        9.632   386.1     -0.374      1.152     -1.014     -0.029      0.206      0.233
534.6000      -1000.972    -1011.151       10.179   408.0      0.829     -0.587      1.336      0.490      0.585     -0.226
534.8000      -1001.798    -1012.064       10.266   411.5      0.331      0.514      0.758     -0.055     -0.689     -0.451
535.0000      -1000.928    -1010.738        9.810   393.2      0.418      0.045     -0.050      0.292     -0.163      0.245
535.2000      -1001.000    -1011.313       10.312   413.4      0.123     -0.047     -0.012     -0.020     -0.050     -0.335
535.4000      -1001.601    -1011.380        9.779   392.0      0.179     -0.099     -0.236     -0.236      0.009      0.288
535.6000      -1002.015    -1011.892        9.877   395.9     -0.080      0.716      0.142     -0.041      0.509      0.015
535.8000      -1001.490    -1011.074        9.585   384.2      1.746      0.657      0.474      0.165      0.574     -0.310
536.0000      -1001.450    -1011.614       10.164   407.4      0.135     -0.577      0.076      0.585     -0.500     -0.206
536.2000      -1001.978    -1012.103       10.125   405.9     -0.580      0.161      0.533     -0.065     -0.670      0.351
536.4000      -1001.015    -1011.133       10.119   405.6      1.081      0.322      0.183      0.004     -0.681     -0.655
536.6000      -1000.193    -1010.435       10.242   410.5     -0.608      0.059     -0.217     -0.096     -0.080      0.515
536.8000      -1000.814    -1012.104       11.291   452.6     -0.501     -0.619      0.046     -0.046     -0.532      0.048
537.0000      -1000.092    -1010.395       10.303   413.0      0.625     -0.462     -1.819     -0.073      0.031     -0.125
537.2000      -1001.933    -1011.144        9.211   369.2     -0.037      1.134      0.451      0.447      0.228     -0.036
537.4000      -1002.116    -1012.196       10.080   404.0      0.775     -0.021      0.140      0.142     -0.073      0.190
537.6000      -1001.841    -1011.649        9.808   393.1      0.193      0.261      0.036     -0.199      0.186     -0.292
537.8000      -1001.763    -1012.328       10.565   423.5     -0.906      1.343     -0.187     -0.180     -0.180      0.142
538.0000      -1001.233    -1011.717       10.483   420.2     -0.171      1.199      1.345      0.304      0.281     -0.044
538.2000      -1001.406    -1011.531       10.125   405.9      1.018      0.676     -0.098     -0.938     -0.527     -0.091
538.4000      -1001.897    -1011.916       10.019   401.6     -0.250     -0.082      0.306      0.221      0.251      0.231
538.6000      -1000.798    -1011.246       10.448   418.8      1.177      0.551      0.198      0.183      0.066      0.136
538.8000      -1000.861    -1010.740        9.879   396.0      1.399      0.057      0.461     -0.210      0.155     -0.566
539.0000      -1000.281    -1011.085       10.803   433.0      0.228      0.221      0.133     -0.362     -0.571      0.037
539.2000      -1000.458    -1010.646       10.187   408.4     -0.890      0.079     -0.417      0.394     -0.162      0.135
539.4000      -1000.028    -1009.942        9.914   397.4      1.801      0.652      1.019      0.151      0.024     -0.076
539.6000      -1000.958    -1011.236       10.278   412.0      0.581      0.743      0.075      0.176      0.270     -0.069
539.8000      -1000.066    -1011.459       11.393   456.7      1.068      1.581      0.757      0.009      0.094     -0.016
540.0000      -1000.997    -1010.681        9.684   388.2      0.698      0.391     -0.328     -0.233      0.117      0.404
540.2000      -1001.518    -1011.516        9.998   400.8      0.736      0.683      0.868     -0.150     -0.005     -0.831
540.4000      -1001.824    -1011.313        9.489   380.4      0.315      1.005      0.756     -0.049     -0.258     -0.601
540.6000      -1001.267    -1011.256        9.990   400.4      0.301      1.467      0.895      0.222     -0.472     -0.111
540.8000      -1001.453    -1011.638       10.186   408.3      0.909      1.130      0.012     -0.171     -0.000     -0.048
541.0000      -1000.867    -1009.927        9.060   363.2      0.259      0.502     -0.032      0.416      0.059     -0.033
541.2000      -1000.552    -1011.250       10.697   428.8     -1.008     -0.714      0.062     -0.440     -0.098     -0.105
541.4000      -1001.011    -1010.750        9.739   390.4      0.139     -0.243     -0.345     -0.174      0.140      0.186
541.6000      -1001.273    -1011.103        9.830   394.0      0.216      0.050     -0.150      0.042     -0.267     -0.142
541.8000      -1000.861    -1010.790        9.929   398.0      0.159     -0.653      0.184     -0.503      0.421     -0.693
542.0000      -1000.994    -1011.311       10.317   413.6      0.249      0.984     -0.150     -0.318     -0.281     -0.427
542.2000      -1000.525    -1011.051       10.525   421.9      1.750      0.191      0.106      0.238     -0.194      0.191
542.4000       -999.979    -1010.591       10.612   425.4     -0.210      0.339      0.234      0.005     -0.283      0.819
542.6000      -1001.217    -1010.844        9.627   385.9     -0.104      0.041      0.367     -0.073     -0.435     -0.149
542.8000      -1001.842    -1011.572        9.730   390.0      0.598      0.721     -0.229      0.574     -0.297     -0.496
543.0000      -1001.473    -1011.871       10.398   416.8     -0.035     -0.024      0.143      0.274      0.059      0.335
543.2000      -1000.844    -1011.280       10.436   418.3      0.838     -0.023      1.050     -0.324      0.191      0.197
543.4000      -1001.305    -1011.459       10.155   407.0     -1.732      0.416      0.181      0.070     -0.213      0.294
543.6000      -1002.073    -1011.537        9.464   379.4      1.007      1.098     -0.336      0.158      0.042     -0.309
543.8000      -1002.654    -1012.748       10.094   404.6      0.322      0.547      1.258      0.241     -0.280     -0.889
544.0000      -1002.916    -1012.059        9.143   366.5      0.682      0.367      0.295      0.135     -0.274      0.752
544.2000      -1003.107    -1012.522        9.415   377.4      1.014      1.680      0.316     -0.701     -0.244      0.297
544.4000      -1002.569    -1012.270        9.701   388.9      0.418      0.334      0.601     -0.172     -0.198      0.355
544.6000      -1003.292    -1012.984        9.693   388.5      0.663      1.265      1.007     -1.249      0.245      0.325
544.8000      -1002.772    -1012.963       10.191   408.5      1.034      0.929     -0.481      1.004      0.197     -0.317
545.0000      -1003.678    -1013.388        9.709   389.2      0.776      0.632      0.681      0.375     -0.668      0.570
545.2000      -1002.792    -1012.590        9.798   392.8      0.356      0.407      0.659     -0.235      0.323      0.488
545.4000      -1002.226    -1012.397       10.171   407.7     -0.063      0.069      0.173      0.323     -0.376      0.043
545.6000      -1002.255    -1012.954       10.698   428.8      1.105      0.615      0.117     -0.100     -0.184     -0.610
545.8000      -1002.248    -1011.930        9.682   388.1      0.829      1.049      0.994      0.029     -0.007     -0.542
546.0000      -1002.171    -1012.980       10.809   433.3     -0.074      0.320      0.830      0.028      0.299      0.128
546.2000      -1001.927    -1011.394        9.467   379.5      0.127      0.061     -0.254     -0.503      0.206      0.052
546.4000      -1002.174    -1010.732        8.558   343.1      0.287     -0.622      0.598      0.357      0.322     -0.916
546.6000      -1001.247    -1011.151        9.904   397.0      0.135      0.356      1.191      0.005     -0.113     -0.169
546.8000      -1002.994    -1012.076        9.082   364.0      0.462      0.156      0.170     -0.458      0.370     -0.111
547.0000      -1003.126    -1013.360       10.234   410.2      1.056      1.327      0.800      0.112     -0.517      0.004
547.2000      -1003.489    -1013.382        9.893   396.5     -0.554     -0.139     -1.144     -0.271     -0.215      0.356
547.4000      -1003.276    -1012.109        8.834   354.1      0.084     -0.229      0.012     -0.160      0.140      0.058
547.6000      -1002.703    -1012.543        9.840   394.4     -0.559     -0.574     -0.007      0.092     -0.113     -0.013
547.8000      -1002.718    -1012.456        9.739   390.4      1.063      0.287      0.962      0.404     -0.159      0.007
548.0000      -1003.068    -1012.690        9.621   385.7      0.449      1.197     -0.167     -0.193     -0.476      0.312
548.2000      -1002.744    -1013.005       10.261   411.3      0.017      0.002      1.139      0.762     -0.352     -0.144
548.4000      -1001.999    -1011.726        9.727   389.9     -0.682      0.160     -0.157      0.038     -1.000     -0.042
548.6000      -1002.472    -1012.321        9.849   394.8      0.477      0.564      0.861      0.029      0.668      0.127
548.8000      -1002.954    -1012.423        9.469   379.6     -0.350      0.384      0.155      0.373     -0.370      0.366
549.0000      -1002.742    -1012.708        9.966   399.5      1.150      0.267      1.114      0.248     -0.100     -0.621
549.2000      -1002.174    -1012.067        9.893   396.5      0.530      0.146     -0.235     -0.016     -0.028      0.222
549.4000      -1001.972    -1011.178        9.207   369.0      0.441     -0.251      0.064      0.362     -0.613     -0.337
549.6000      -1002.360    -1011.669        9.309   373.1      1.001      0.392     -0.561     -0.269     -0.284     -0.109
549.8000      -1001.787    -1011.695        9.908   397.2     -0.199      0.425      1.332     -0.044      0.070      0.091
550.0000      -1001.740    -1011.478        9.738   390.4      0.150      0.545     -0.616     -0.478      0.039     -0.253
550.2000      -1001.960    -1012.205       10.245   410.7      0.454     -0.073      0.217      0.218     -0.068     -0.062
550.4000      -1002.715    -1012.068        9.353   374.9     -0.048      1.015      0.290     -0.091     -0.030     -0.200
550.6000      -1002.878    -1011.606        8.729   349.9      0.493      0.101      1.015     -0.577     -0.073     -0.598
550.8000      -1002.386    -1012.035        9.649   386.8      0.056     -0.573      0.408     -0.007      0.187      0.267
551.0000      -1002.330    -1011.503        9.173   367.7      0.023     -0.384     -0.185      0.095      0.142      0.127
551.2000      -1002.408    -1011.622        9.215   369.4      0.689      1.576      0.561     -0.125     -0.607     -0.151
551.4000      -1001.315    -1010.290        8.974   359.7      0.401      1.197     -0.342      0.419      0.344     -0.385
551.6000      -1001.265    -1011.281       10.016   401.5      0.672      1.040      0.057     -0.485      0.159      0.680
551.8000      -1001.282    -1010.383        9.100   364.8      0.087      0.144      0.055     -0.316     -0.024     -0.100
552.0000      -1001.028    -1009.946        8.918   357.5      0.429     -0.199      0.528      0.033      0.039      0.310
552.2000      -1001.324    -1010.948        9.624   385.8      1.074      0.737      1.267     -0.280     -0.332     -0.205
552.4000      -1001.238    -1010.968        9.730   390.0      0.336      0.529      0.428     -0.096      0.030      0.027
552.6000      -1002.057    -1011.638        9.582   384.1      0.044      0.611      0.278      0.285      0.162      0.054
552.8000      -1001.336    -1011.552       10.217   409.5      1.127      1.010      1.139      0.023      0.134     -0.480
553.0000      -1001.085    -1010.731        9.646   386.7      0.039     -0.890      0.457      0.055      0.109     -0.221
553.2000      -1001.643    -1012.301       10.658   427.2      0.323     -0.160      0.561     -0.392     -0.648      0.208
553.4000      -1000.959    -1011.180       10.221   409.7     -1.008      0.192      0.660      0.212     -0.009     -0.152
553.6000      -1000.516    -1011.338       10.821   433.8      0.091      0.012      0.195     -0.072     -0.417      0.190
553.8000      -1000.727    -1011.268       10.540   422.5     -0.225     -0.374     -0.576     -0.087     -0.439      0.361
554.0000      -1000.678    -1010.979       10.302   412.9      0.233     -0.879      0.302     -0.048      0.120      0.541
554.2000      -1000.260    -1010.906       10.645   426.7      0.018     -0.500     -1.165      0.313      0.201      0.648
554.4000      -1000.164    -1009.764        9.600   384.8     -0.092     -0.314      0.569      0.764      0.240      0.141
554.6000       -998.952    -1010.182       11.229   450.1      0.886     -0.497      0.270     -0.238      0.163      0.115
554.8000       -999.407    -1010.486       11.079   444.1      0.009     -0.685      0.429     -0.075      0.157      0.090
555.0000       -999.877    -1010.595       10.718   429.6      0.603      0.091      1.646      0.296      0.425      0.084
555.2000      -1001.162    -1011.745       10.583   424.2      0.116      0.704      1.091      0.335      0.289     -0.714
555.4000      -1001.701    -1011.057        9.356   375.0      0.314     -0.075     -0.459     -0.072      0.052      0.697
555.6000      -1001.543    -1011.732       10.190   408.5      0.680      0.826      0.716     -0.222      0.727      0.464
555.8000      -1000.982    -1011.421       10.439   418.5      0.204      0.471      0.084     -0.116     -0.474     -0.110
556.0000      -1001.232    -1011.455       10.222   409.7     -0.071      0.420      0.013     -0.641     -0.056      0.726
556.2000      -1000.999    -1011.645       10.646   426.7      0.519     -0.006      1.026     -0.716     -0.147      0.337
556.4000      -1000.689    -1011.237       10.547   422.8      1.553      0.515      1.038      0.262     -0.081     -0.422
556.6000      -1001.093    -1011.517       10.424   417.8      1.989      0.667      0.919     -0.005     -0.574     -0.749
556.8000      -1000.268    -1011.141       10.873   435.9      0.374      0.762      0.241      0.289     -0.147     -0.001
557.0000       -999.096    -1009.568       10.472   419.8      0.665     -0.256     -0.261     -0.188     -0.783     -0.020
557.2000       -999.907    -1009.968       10.060   403.3      0.367      0.488      0.126     -0.035     -0.272      0.526
557.4000      -1001.736    -1011.413        9.676   387.9      1.172      0.666      0.336      0.304      0.164      0.153
557.6000      -1000.379    -1010.999       10.621   425.7      0.459      1.510     -0.272      0.301      0.649     -0.101
557.8000      -1000.860    -1011.198       10.338   414.4      0.042     -0.046      0.579      0.681      0.622     -0.537
558.0000      -1001.638    -1011.210        9.572   383.7     -0.046      0.037      0.493     -0.126     -0.142      0.156
558.2000      -1001.353    -1011.273        9.921   397.7      0.775      0.395      0.493     -0.257      0.204     -0.203
558.4000      -1000.980    -1010.767        9.787   392.3      0.107      0.673      0.551     -0.029      0.094     -0.332
558.6000      -1000.372    -1010.315        9.943   398.5      0.583      0.054     -0.546     -0.083     -0.352      0.210
558.8000      -1000.464    -1010.839       10.375   415.9      1.366      0.766      0.061     -0.083     -0.403      0.093
559.0000      -1000.619    -1011.041       10.422   417.8      1.064     -0.205     -0.158     -0.900      0.485     -0.058
559.2000      -1001.197    -1011.562       10.366   415.5      0.371      0.260      1.012      0.636      0.020      0.028
559.4000      -1000.981    -1011.208       10.226   409.9      0.695      0.285      0.760     -0.129      0.094     -0.766
559.6000      -1000.840    -1011.169       10.329   414.1      0.816      0.999      1.015      0.014      0.139     -0.375
559.8000      -1000.061    -1010.807       10.746   430.8     -1.076     -0.263      0.607     -0.245      0.403     -0.568
560.0000      -1000.938    -1010.959       10.021   401.7      0.788      0.780      0.358      0.110     -0.145     -0.120
560.2000      -1002.364    -1010.983        8.619   345.5     -0.026      0.024      0.306     -0.020     -0.476     -0.196
560.4000      -1002.341    -1012.146        9.805   393.0      0.800      0.724      0.496      0.149      0.183     -0.307
560.6000      -1002.247    -1012.208        9.961   399.3      0.614      1.574      0.198     -0.034     -0.003     -0.241
560.8000      -1001.363    -1010.822        9.460   379.2      0.314      0.497      0.437     -0.479     -0.438      0.217
561.0000      -1001.641    -1011.151        9.510   381.2      0.009      0.466      1.616      0.845      0.181      0.022
561.2000      -1002.442    -1012.262        9.820   393.6      0.546      0.374      0.292      0.221      0.276     -0.046
561.4000      -1003.283    -1013.005        9.722   389.7     -0.285     -0.997      0.111      0.184     -0.193     -0.216
561.6000      -1003.183    -1012.304        9.121   365.6      0.887      1.472     -0.042      0.241      0.137      0.376
561.8000      -1002.071    -1011.403        9.332   374.1      0.058      0.051      0.364      0.463     -0.099      0.088
562.0000      -1002.276    -1011.496        9.221   369.6      0.422     -0.640      0.541     -0.259      0.546     -0.701
562.2000      -1002.366    -1012.776       10.410   417.3      0.834      0.540     -1.094     -0.541      0.263     -0.177
562.4000      -1001.703    -1011.813       10.110   405.3      0.437     -0.287      0.384      0.235      0.094     -0.367
562.6000      -1001.736    -1011.276        9.540   382.4      0.882      0.503      0.076      0.117     -0.405      0.602
562.8000      -1001.370    -1010.659        9.289   372.3      0.297      0.641      0.688     -0.061      0.095      0.228
563.0000      -1001.151    -1010.839        9.688   388.3      0.678      1.537      0.852     -0.259      0.403     -0.174
563.2000      -1001.835    -1011.243        9.408   377.1      0.929      0.934      1.245      0.424      0.416      0.014
563.4000      -1001.947    -1011.327        9.379   376.0      0.316      0.233      0.326      0.331      0.078     -0.030
563.6000      -1002.066    -1010.867        8.801   352.8     -0.665      1.182      0.845     -0.263     -0.501     -0.017
563.8000      -1002.028    -1012.308       10.280   412.1      0.057     -0.261     -0.026     -0.276     -0.327      0.032
564.0000      -1002.114    -1011.305        9.191   368.4     -0.032     -0.786      0.737      0.417      0.208     -0.418
564.2000      -1002.354    -1011.945        9.591   384.4      0.175      0.798      0.652      0.043     -0.064      0.674
564.4000      -1001.504    -1010.667        9.163   367.3      0.003      1.458     -0.532      0.072      0.467     -0.413
564.6000      -1002.148    -1012.699       10.550   422.9     -0.453     -0.415     -0.688     -0.470     -0.287     -0.321
564.8000      -1002.385    -1011.654        9.268   371.5      0.338      1.001      0.590     -0.685     -0.564      0.057
565.0000      -1002.077    -1011.893        9.817   393.5      0.114      0.718      0.386      0.478     -0.127     -0.516
565.2000      -1001.611    -1011.779       10.168   407.6      0.837      0.259      0.662     -1.051     -0.538     -0.239
565.4000      -1001.872    -1011.648        9.776   391.9     -0.932      1.074      0.567     -0.482      0.695     -0.237
565.6000      -1002.559    -1011.780        9.221   369.6     -0.230      0.538      0.521     -0.363     -0.056      0.089
565.8000      -1001.229    -1010.655        9.425   377.8      0.649     -0.126     -0.048      0.034     -0.322      0.281
566.0000      -1000.063    -1010.241       10.178   408.0      1.047      1.427     -0.137      0.538      0.122     -0.242
566.2000      -1001.331    -1011.138        9.807   393.1      1.154     -0.198      0.569     -0.047      0.458     -0.298
566.4000      -1000.098    -1011.370       11.271   451.8      0.009      0.368      0.354     -0.551     -0.399     -0.470
566.6000      -1000.146    -1010.087        9.941   398.5      0.649      1.195      0.401      0.226      0.459     -0.121
566.8000      -1000.125    -1011.086       10.961   439.4      0.347      0.821      1.061      0.241     -0.164     -0.521
567.0000      -1001.595    -1011.521        9.926   397.9     -0.020      0.565      0.577      0.309     -0.123      0.012
567.2000      -1003.055    -1011.748        8.693   348.5      0.864      0.709     -0.212     -0.524     -0.311     -0.173
567.4000      -1003.280    -1012.004        8.725   349.7      1.179      0.527      1.128      0.624      0.403      0.377
567.6000      -1001.937    -1011.832        9.895   396.6     -0.201      0.441      0.958     -0.142     -0.150      0.677
567.8000      -1002.032    -1011.721        9.689   388.4      0.825      0.593      0.431      0.557     -0.208     -0.307
568.0000      -1002.130    -1011.532        9.402   376.9      0.232     -0.070      0.249      0.238      0.016      0.393
568.2000      -1001.607    -1011.427        9.821   393.7      0.173     -0.433     -0.195     -0.056     -0.086      0.093
568.4000      -1000.978    -1011.488       10.510   421.3      0.472      0.357      0.497      0.195     -0.482     -0.255
568.6000      -1001.448    -1011.046        9.598   384.7      0.063      0.672      0.494     -0.185      0.755     -0.002
568.8000      -1001.165    -1011.715       10.549   422.9     -0.483     -0.619     -0.339      0.351     -0.205      0.098
569.0000      -1001.410    -1011.743       10.332   414.2     -0.635      0.834     -0.097      0.185     -0.001      0.679
569.2000      -1002.978    -1012.708        9.730   390.0      0.434      0.540      0.426      0.477      0.411      0.039
569.4000      -1002.453    -1011.501        9.047   362.7      0.939      1.072      1.028     -0.272     -0.089      0.250
569.6000      -1000.665    -1010.798       10.133   406.2      0.585     -0.031      0.572     -0.401     -0.392     -0.026
569.8000      -1000.102    -1010.397       10.294   412.6      0.266      1.050     -0.418     -0.303     -0.393      0.402
570.0000      -1000.522    -1009.509        8.987   360.2      0.385      0.206      0.432      0.415     -0.021     -0.095
570.2000      -1000.406    -1010.669       10.263   411.4     -0.371     -0.351      0.149      0.179      0.267     -0.058
570.4000       -999.853    -1010.542       10.689   428.5      1.234      0.397      0.042     -0.351     -0.171     -0.348
570.6000      -1000.613    -1010.376        9.763   391.4      0.044      0.412      0.408     -0.348     -0.132     -0.190
570.8000       -999.781    -1010.310       10.529   422.1      0.274      0.006     -0.360     -0.242      0.061     -0.398
571.0000      -1000.151    -1011.044       10.893   436.6     -0.106      0.871      0.623     -0.025     -0.409      0.122
571.2000      -1000.341    -1010.496       10.154   407.0      0.131      0.048     -0.391     -0.156     -0.210      0.339
571.4000      -1001.628    -1011.704       10.077   403.9      1.316      1.051      0.736      0.025      0.121     -0.103
571.6000      -1002.918    -1011.950        9.031   362.0      0.264     -0.767      0.295     -0.295     -0.305     -0.531
571.8000      -1002.383    -1011.631        9.247   370.7      0.121      0.220      0.480      0.266     -0.515      0.267
572.0000      -1001.509    -1012.123       10.614   425.4      1.595      1.289      1.070      0.306     -0.267      0.012
572.2000      -1001.935    -1011.676        9.741   390.5      0.384      0.966     -0.189      0.603      0.077     -0.433
572.4000      -1002.211    -1011.483        9.272   371.6      0.102     -0.634     -0.128      0.708     -0.021     -1.220
572.6000      -1001.826    -1011.567        9.741   390.5      0.740     -0.235      0.840     -0.594      0.297     -0.657
572.8000      -1000.805    -1011.508       10.703   429.0      0.141      1.038      0.306      0.107     -0.186     -0.652
573.0000      -1001.594    -1011.795       10.201   408.9      0.640     -1.001     -0.244      0.290      0.146     -0.839
573.2000      -1002.080    -1011.622        9.541   382.5      1.024     -0.344      0.870      0.359     -0.001     -0.274
573.4000      -1000.931    -1010.574        9.643   386.5      0.850      0.569     -0.231     -0.276     -0.316     -0.275
573.6000      -1000.574    -1010.751       10.178   408.0      1.113      0.846      0.660     -0.335     -0.747      0.072
573.8000      -1001.561    -1011.118        9.557   383.1      1.046     -0.230     -0.230     -0.597     -0.021      0.233
574.0000      -1001.189    -1010.796        9.607   385.1      1.253      0.867      0.357      0.750      0.022     -0.459
574.2000      -1001.579    -1011.014        9.435   378.2      0.144     -0.218      0.334      0.185     -0.181      0.215
574.4000      -1000.712    -1011.639       10.927   438.0      0.664      1.107     -0.481     -0.735      0.364      0.212
574.6000      -1001.271    -1011.698       10.428   418.0      0.966      0.381      1.917      0.167      0.150     -0.386
574.8000      -1001.728    -1013.185       11.457   459.3      0.399      0.750      0.368     -0.054      0.414     -0.091
575.0000      -1002.197    -1012.010        9.814   393.4      1.362      0.959      1.106      0.415      0.085      0.088
575.2000      -1001.473    -1011.681       10.209   409.2      0.489      1.167      0.472     -0.296      0.097      0.231
575.4000      -1001.884    -1011.589        9.705   389.0      0.477     -0.026     -0.354     -0.295      0.731      0.014
575.6000      -1001.926    -1012.019       10.093   404.6     -0.309      0.887     -0.247      0.105      0.206     -0.081
575.8000      -1001.432    -1011.574       10.143   406.6     -0.105     -0.623      1.072     -0.272     -0.023     -0.034
576.0000      -1000.796    -1010.776        9.980   400.0      0.642      0.214      0.768      0.128     -0.132      0.010
576.2000      -1001.559    -1012.251       10.693   428.6      0.556      0.063      0.206      0.610      0.559     -0.011
576.4000      -1001.010    -1011.007        9.997   400.7      0.027      1.316      0.041      0.298      0.126     -0.565
576.6000      -1000.704    -1010.199        9.495   380.6     -0.085      0.545     -0.360     -0.578     -0.196     -0.115
576.8000      -1001.529    -1012.283       10.754   431.1     -0.518      0.328     -0.568     -0.260      0.017     -0.247
577.0000      -1000.488    -1011.023       10.535   422.3      0.284      0.300      0.970      0.505     -0.019      0.098
577.2000      -1000.231    -1010.233       10.001   400.9      0.331      0.139     -0.977     -0.024     -0.161     -0.650
577.4000      -1001.335    -1010.936        9.601   384.9      0.682      0.767      0.788     -0.568      0.403      0.594
577.6000      -1001.295    -1011.328       10.033   402.2      0.426      0.838      0.639      0.185     -0.561     -0.223
577.8000      -1000.718    -1010.703        9.985   400.2      0.493      0.848     -0.462      0.366      0.243     -0.229
578.0000      -1001.722    -1011.055        9.332   374.1      1.197      0.065      2.073      0.201     -0.276     -0.234
578.2000      -1000.338    -1010.375       10.038   402.4     -0.203      0.218      0.087      0.534     -0.443      0.653
578.4000       -999.854    -1009.935       10.081   404.1      1.019      0.370      0.365     -0.376     -0.218     -0.022
578.6000      -1000.288    -1011.399       11.111   445.4     -0.375     -0.507      0.932     -0.389     -0.024     -0.246
578.8000      -1000.704    -1011.276       10.572   423.8      0.511     -0.530     -0.227     -0.199     -0.114     -0.045
579.0000      -1000.165    -1010.559       10.394   416.6     -0.778     -0.358     -0.931      0.077      0.192     -0.106
579.2000      -1000.436    -1010.915       10.478   420.0      0.964     -0.028      0.949     -0.020     -0.418     -0.029
579.4000       -999.607    -1009.879       10.272   411.7      0.880      0.061      0.768     -0.024     -0.196      0.229
579.6000       -999.658    -1010.420       10.761   431.4      0.036      1.623      0.466      0.112     -0.484     -0.628
579.8000       -998.961    -1009.401       10.439   418.5      0.478      0.590      0.784      0.218     -0.290      0.094
580.0000       -999.782    -1009.513        9.731   390.1      1.497      0.287      0.647      0.139     -0.097      0.449
580.2000      -1000.332    -1009.988        9.656   387.1      0.672      0.240     -0.315     -0.503     -0.221     -0.021
580.4000      -1000.178    -1010.565       10.387   416.4     -0.326      0.834      0.085      0.478     -0.041      0.122
580.6000      -1000.762    -1010.290        9.528   381.9     -0.256     -1.295      0.760      0.324      0.041      0.371
580.8000      -1001.292    -1012.336       11.044   442.7      0.677     -0.124      0.277     -0.368      0.033      0.205
581.0000      -1000.842    -1011.309       10.466   419.5      0.759     -0.296      0.360     -0.534      0.538      0.020
581.2000      -1001.764    -1011.757        9.994   400.6      1.122     -0.486      0.828     -0.044      0.022      0.029
581.4000      -1001.114    -1011.486       10.372   415.8      0.533      0.744      0.355      0.440      0.058     -0.581
581.6000      -1000.612    -1010.740       10.128   406.0      0.339      0.149      0.511     -0.139      0.228     -0.565
581.8000      -1001.338    -1010.947        9.609   385.2      0.418      0.447      1.243      0.074     -0.262     -0.676
582.0000      -1000.214    -1010.815       10.600   424.9      0.168     -0.924      0.541      0.052      0.355      0.049
582.2000      -1001.368    -1011.307        9.940   398.4     -0.749     -0.058     -0.155      0.037      0.082     -0.096
582.4000      -1001.601    -1011.222        9.621   385.7      0.902      0.505     -0.297     -0.000      0.745     -0.126
582.6000      -1001.326    -1011.306        9.980   400.1     -0.103      1.323      0.380     -0.192     -0.605      0.322
582.8000      -1001.587    -1010.914        9.328   373.9     -0.007      0.226     -0.263     -0.116      0.092     -0.368
583.0000      -1001.650    -1011.573        9.923   397.8     -0.333      0.011      0.575     -0.114      0.082      0.120
583.2000      -1001.360    -1011.478       10.118   405.6     -0.343      0.199      0.447      0.524      0.169      0.134
583.4000      -1001.239    -1011.188        9.949   398.8     -0.467      0.608     -0.040     -0.184     -0.294      0.242
583.6000      -1000.863    -1010.827        9.965   399.4     -0.948      0.059     -0.218     -0.630      0.354     -0.531
583.8000      -1000.416    -1010.704       10.288   412.4      0.500      0.673      0.171     -0.273      0.574     -0.437
584.0000      -1000.937    -1011.023       10.086   404.3      0.643      0.423     -0.143      0.044      0.197     -0.207
584.2000       -999.863    -1010.164       10.301   412.9     -0.848     -0.076     -0.034     -0.649      0.218     -0.564
584.4000       -999.968    -1010.164       10.196   408.7      0.384      0.414     -0.275     -0.332     -0.138     -0.081
584.6000      -1001.399    -1011.047        9.648   386.7     -0.222      0.784      0.243     -0.168      0.144     -0.900
584.8000      -1002.382    -1011.891        9.509   381.2      0.463     -0.410      0.326      0.106     -0.096     -0.453
585.0000      -1002.702    -1011.678        8.976   359.8      1.235      0.808     -0.061      0.533      0.486      0.425
585.2000      -1002.654    -1012.082        9.427   377.9      0.205      0.518      0.800     -0.234     -0.193      0.227
585.4000      -1001.857    -1011.319        9.462   379.3      0.283      0.110      0.192      0.282     -0.054     -0.685
585.6000      -1002.398    -1012.076        9.678   387.9      0.232      0.920      0.698     -0.074      0.360     -0.021
585.8000      -1003.053    -1011.498        8.445   338.5     -0.089     -0.434     -0.024      0.230      0.600      0.129
586.0000      -1001.388    -1011.184        9.796   392.7     -0.003      0.710      0.756     -0.224     -0.912      0.524
586.2000      -1002.979    -1011.748        8.768   351.5      1.230      1.587      0.300      0.447     -0.109      0.009
586.4000      -1002.370    -1012.134        9.763   391.4      0.360      0.882     -0.391      0.150      0.110      0.183
586.6000      -1001.795    -1010.779        8.984   360.1      0.893      0.910      0.351      0.298      0.158     -0.339
586.8000      -1000.256    -1010.665       10.410   417.3      0.439      0.397      0.509      0.088      0.430     -0.855
587.0000      -1001.126    -1011.426       10.300   412.9      0.784      0.655      0.287     -0.280     -0.222      0.171
587.2000      -1001.103    -1011.328       10.224   409.8     -0.614      0.913      0.137     -0.162     -0.384     -0.037
587.4000      -1000.157    -1010.648       10.491   420.5      0.050     -0.661      0.465      0.578     -0.717     -0.031
587.6000      -1001.617    -1011.726       10.109   405.2      0.009      1.045      0.342      0.224      0.358     -0.424
587.8000      -1001.694    -1011.773       10.079   404.0      0.795      1.269      1.574     -0.286     -0.827     -0.716
588.0000      -1000.852    -1011.432       10.580   424.1      0.640      1.269      1.639      0.281      0.135     -0.119
588.2000      -1001.555    -1011.758       10.203   409.0     -0.787     -0.281     -0.552     -0.117     -0.086     -0.062
588.4000      -1002.264    -1011.831        9.567   383.5      0.587      0.293     -0.534     -0.205     -0.138      0.281
588.6000      -1002.813    -1011.961        9.148   366.7      0.240      0.069      0.169      0.233      0.266      0.661
588.8000      -1002.194    -1011.866        9.672   387.7     -0.555      0.469     -0.211     -0.265      0.489     -0.126
589.0000      -1001.285    -1011.436       10.151   406.9      1.461     -0.203      0.630     -0.133     -0.537     -0.183
589.2000      -1000.258    -1010.466       10.208   409.2     -0.236      0.102      0.130     -0.087      0.025      0.364
589.4000       -999.886    -1010.762       10.877   436.0      0.826      0.648      0.374     -0.145     -0.285     -0.713
589.6000       -999.731    -1009.745       10.015   401.4      1.223      0.398      0.642      0.422      0.535      0.429
589.8000      -1000.969    -1011.198       10.229   410.0      0.051      0.417      0.690      0.293      0.253     -0.183
590.0000      -1001.635    -1010.623        8.988   360.3     -0.623      0.014     -0.708      0.701     -0.560      0.180
590.2000      -1000.087    -1010.534       10.447   418.8      0.517      0.630      0.134      0.099      0.294     -0.126
590.4000       -998.701    -1009.477       10.776   431.9     -0.217     -0.824      0.212      0.317      0.039      0.575
590.6000      -1000.825    -1011.431       10.606   425.1      0.022     -0.206      0.126      0.100      0.434     -0.373
590.8000      -1001.010    -1010.763        9.753   390.9     -0.005      0.689     -0.409      0.639      0.260     -0.017
591.0000       -999.933    -1010.177       10.244   410.6      1.526      0.484      0.419      0.228      0.283      0.217
591.2000       -999.464    -1010.595       11.131   446.2      0.973      1.245      0.831      0.270     -0.182      0.075
591.4000       -999.728    -1010.901       11.172   447.8      0.217      0.161      0.288     -0.523      0.429      0.278
591.6000       -999.895    -1010.916       11.021   441.8     -0.192      0.019     -0.435      0.641      0.008     -0.106
591.8000      -1000.874    -1011.281       10.407   417.2      0.794      0.104      0.115      0.038     -0.361      0.075
592.0000      -1001.507    -1011.332        9.825   393.8      0.457      0.515      0.716     -0.382      0.191     -0.133
592.2000      -1001.767    -1012.354       10.587   424.4      1.273      0.478      0.145     -0.009      0.104     -0.668
592.4000      -1001.780    -1011.744        9.964   399.4      0.940      0.883      0.990      0.435      0.077      0.750
592.6000      -1001.852    -1011.377        9.525   381.8      0.183     -0.664      0.283     -0.003     -0.024      0.132
592.8000      -1000.550    -1010.981       10.431   418.1      0.229      0.177     -0.122      0.791     -0.718      0.621
593.0000      -1000.925    -1011.827       10.902   437.0     -0.048      0.662      0.144     -0.369     -0.100     -0.106
593.2000      -1000.555    -1012.323       11.768   471.7      0.698      0.564      1.097      0.306      0.188     -0.572
593.4000      -1000.607    -1010.332        9.725   389.8      1.135      0.861      1.533      1.080      0.122      0.583
593.6000      -1000.821    -1011.010       10.189   408.4     -0.126      0.267      1.052      0.283     -0.134     -0.249
593.8000      -1001.691    -1010.949        9.258   371.1      0.200     -0.172     -0.246      0.413      0.067     -0.122
594.0000      -1001.601    -1011.854       10.253   411.0      0.285      0.488     -0.090      0.400      0.331      0.111
594.2000      -1003.200    -1012.644        9.443   378.5      0.976      0.422      0.081      0.264     -0.617     -0.357
594.4000      -1002.916    -1012.467        9.550   382.8      0.141     -0.027     -0.259      0.240     -0.124     -0.272
594.6000      -1002.167    -1011.838        9.670   387.6     -0.221     -0.397     -0.519     -0.137      0.157     -0.610
594.8000      -1000.989    -1010.748        9.760   391.2     -0.310      0.595      0.657      0.590      0.226      0.485
595.0000      -1001.909    -1012.050       10.141   406.5     -0.100     -0.373      0.616     -0.155     -0.095      0.618
595.2000      -1001.874    -1011.847        9.974   399.8     -0.704     -0.489      0.340     -0.544     -0.189      0.028
595.4000      -1002.761    -1012.320        9.559   383.2      0.188     -0.540     -0.003     -0.205      0.456      0.333
595.6000      -1002.588    -1012.465        9.876   395.9      0.070      0.402     -0.191     -0.642      0.192      0.393
595.8000      -1002.139    -1012.303       10.164   407.4     -0.403      0.065      0.584     -0.548     -0.089      0.111
596.0000      -1001.672    -1011.254        9.582   384.1      0.714      0.139      1.596      0.106      0.496      0.270
596.2000      -1001.420    -1011.172        9.752   390.9      0.003      1.327      0.704      0.202     -0.942      0.284
596.4000      -1002.067    -1012.561       10.494   420.6     -0.402     -1.708      0.394     -0.197     -0.059     -0.432
596.6000      -1002.521    -1012.435        9.913   397.4      0.736      0.731      0.274     -0.361      0.159     -0.086
596.8000      -1003.649    -1012.361        8.712   349.2      1.615      0.879      0.566     -0.396     -0.862     -0.337
597.0000      -1002.452    -1012.263        9.811   393.3      0.486      0.557     -0.223     -0.033      0.319     -0.040
597.2000      -1002.591    -1011.625        9.033   362.1     -0.076      0.271      0.177      0.655      0.059      0.523
597.4000      -1002.098    -1011.437        9.339   374.3     -0.505     -0.451      0.552      0.031     -0.403      0.170
597.6000      -1001.353    -1011.511       10.157   407.2      1.180      1.069      0.149      0.059      0.754      0.493
597.8000      -1001.782    -1011.955       10.173   407.8      0.514      0.437      0.807     -0.353      0.430     -0.543
598.0000      -1001.407    -1011.091        9.684   388.2      0.307      1.108      1.021     -0.270      0.647     -0.228
598.2000      -1001.308    -1011.607       10.300   412.9      0.240      0.488      0.377      0.377     -0.048     -0.101
598.4000      -1000.858    -1011.774       10.917   437.6      0.477      0.272      0.108      0.395      0.426     -0.625
598.6000      -1000.899    -1010.786        9.886   396.3      0.881      1.528      1.142      0.172     -0.112      0.192
598.8000      -1000.638    -1010.207        9.569   383.6      0.277      0.720      0.146     -0.337      0.560     -0.401
599.0000      -1001.075    -1011.146       10.071   403.7     -0.324      0.646     -0.498     -0.183     -0.246     -0.158
599.2000      -1000.681    -1011.823       11.142   446.6      0.416      0.403      0.451      0.192     -0.262      0.271
599.4000       -999.901    -1011.185       11.284   452.3      0.585     -0.052      0.479      0.328     -0.063      0.364
599.6000      -1001.501    -1011.806       10.305   413.1      0.577     -0.353      0.339     -0.377      0.271     -0.274
599.8000      -1001.920    -1011.550        9.631   386.0     -0.145      0.181      0.698      0.041      0.163      0.099
600.0000      -1002.217    -1011.576        9.359   375.1      1.007     -0.221      0.220     -0.301     -0.366     -0.195
600.2000      -1002.163    -1012.442       10.280   412.1      0.455      0.775      0.978      0.260     -0.075      0.260
600.4000      -1001.896    -1011.556        9.660   387.2      0.156     -0.741      0.556     -0.222     -0.136      0.213
600.6000      -1001.484    -1011.571       10.087   404.3      1.098      0.450      0.246      0.236     -0.457     -0.518
600.8000      -1001.662    -1011.400        9.738   390.3      0.381      0.894     -0.203     -0.012      0.100      0.194
601.0000      -1001.537    -1011.303        9.766   391.5      0.762      0.128     -0.663      0.365      0.008     -0.352
601.2000      -1000.858    -1011.409       10.551   422.9      0.486      0.287      1.106      0.346      0.885      0.658
601.4000      -1001.621    -1012.042       10.421   417.7      0.121     -0.159      0.741     -0.391     -0.033     -0.592
601.6000      -1001.883    -1012.123       10.241   410.5      0.597      1.148      0.366     -0.055      0.429     -0.679
601.8000      -1001.399    -1011.745       10.346   414.7     -0.174      0.512      1.297      0.098      0.259      0.376
602.0000      -1001.622    -1011.899       10.277   412.0      0.809      0.819      0.736     -0.299      0.407     -0.171
602.2000      -1001.574    -1012.395       10.822   433.8      0.108     -0.076      0.609      0.111     -0.173     -0.152
602.4000      -1002.597    -1012.445        9.849   394.8      1.575      0.383      1.100      0.042      0.388     -0.130
602.6000      -1002.663    -1012.280        9.617   385.5      0.679      0.766      0.721      0.123     -0.057      0.313
602.8000      -1003.205    -1012.308        9.103   364.9      0.039     -0.131      0.695      0.024     -0.229     -0.188
603.0000      -1001.240    -1011.569       10.329   414.0      1.378     -0.383     -0.682     -0.038      0.165      0.087
603.2000      -1001.338    -1011.802       10.464   419.4     -1.118      0.527      0.468      0.149     -0.164     -0.037
603.4000      -1001.590    -1012.937       11.346   454.8      1.220      1.062      0.831      0.373      0.369      0.610
603.6000      -1001.966    -1012.852       10.886   436.3      0.888      1.144      0.117      0.385      0.078      0.369
603.8000      -1001.326    -1011.408       10.082   404.1      0.717      0.550      1.444      0.053     -0.260     -0.240
604.0000      -1001.669    -1011.880       10.211   409.3      0.194      0.068      0.308      0.141     -0.156     -0.065
604.2000      -1000.876    -1011.479       10.603   425.0      1.210      0.082      0.099      0.034     -0.443     -0.318
604.4000      -1001.137    -1011.524       10.387   416.4      1.063     -0.342     -0.068      0.185      0.126     -0.369
604.6000      -1000.678    -1010.192        9.513   381.3     -0.226      0.905      1.497      0.819     -0.820     -0.811
604.8000      -1000.712    -1011.371       10.659   427.3      0.865     -0.014      0.697     -0.072      0.142     -0.092
605.0000      -1000.732    -1010.643        9.911   397.3      0.790     -0.103      1.495     -0.346     -0.194     -0.055
605.2000      -1001.197    -1010.832        9.635   386.2      1.094      0.523      0.988      0.038      0.011      0.741
605.4000      -1001.282    -1010.992        9.710   389.2     -0.328      1.468      1.715      0.028      0.399     -0.328
605.6000      -1000.360    -1011.693       11.334   454.3      0.689      1.192      0.425     -0.612      0.341      0.218
605.8000      -1000.860    -1010.498        9.639   386.4      0.873      0.171      0.529     -0.255      0.448      0.165
606.0000      -1000.424    -1010.781       10.357   415.2      0.628      0.078      0.230      0.173      0.372      0.185
606.2000      -1000.722    -1010.034        9.312   373.3      0.341      0.853      0.110     -0.103     -0.180      0.806
606.4000      -1000.248    -1010.709       10.461   419.3     -0.358      0.941      0.035      0.640      0.292     -0.764
606.6000       -999.896    -1010.271       10.374   415.9      0.124      0.395      0.127      0.704      0.170      0.471
606.8000       -999.194    -1009.952       10.758   431.2     -0.439     -0.661      0.281      0.535      0.189      0.218
607.0000      -1000.843    -1011.574       10.731   430.2     -0.153      0.647     -1.109      0.726     -0.391      0.135
607.2000      -1001.286    -1010.678        9.392   376.5     -0.329      0.068      0.324      0.263     -0.101     -0.271
607.4000      -1001.279    -1011.224        9.945   398.6     -0.545     -0.413      0.413      0.792     -0.497     -0.136
607.6000      -1001.866    -1011.770        9.904   397.0      0.789      0.479      0.964     -0.099     -0.048      0.169
607.8000      -1001.920    -1011.885        9.965   399.4      0.432      0.739     -0.566     -0.196      0.502      0.333
608.0000      -1000.515    -1010.682       10.167   407.5      1.954      0.830      0.892      0.122      0.074     -0.178
608.2000      -1001.776    -1010.977        9.201   368.8     -0.948      0.341     -0.350      0.569      0.405     -0.023
608.4000      -1002.031    -1011.455        9.424   377.8     -0.243      0.653      0.777     -0.184      0.212     -0.321
608.6000      -1000.895    -1010.739        9.844   394.6      1.297      0.433      0.865     -0.166      0.040     -0.084
608.8000      -1001.353    -1010.851        9.498   380.7      0.263      0.355      0.179     -0.286     -0.523      0.074
609.0000      -1001.712    -1010.697        8.985   360.2     -0.234      0.227      1.931     -0.780     -0.275     -0.126
609.2000      -1001.642    -1011.571        9.929   398.0      0.612      0.032     -0.164      0.494     -0.080     -0.114
609.4000      -1001.525    -1011.112        9.586   384.3     -0.076     -0.192      0.272     -0.395     -0.145      0.165
609.6000      -1000.743    -1010.240        9.497   380.7      0.957      1.456      0.575      0.413     -0.115      0.335
609.8000       -999.927    -1011.014       11.086   444.4      1.313      0.111      0.654     -0.282     -0.012      0.237
610.0000      -1001.054    -1010.698        9.644   386.6      0.646      0.359      0.792      0.195     -0.824      0.063
610.2000      -1001.363    -1010.340        8.977   359.8      1.194      1.187      0.597     -0.116     -0.067      0.032
610.4000      -1000.517    -1010.331        9.814   393.4     -0.016     -0.099     -0.207     -0.303      0.478     -0.050
610.6000      -1001.091    -1011.894       10.803   433.0      0.546      0.368      0.441      0.119      0.188      0.686
610.8000       -999.959    -1010.407       10.448   418.8      0.963      0.431     -0.098     -0.155      0.068     -0.542
611.0000      -1000.938    -1011.337       10.399   416.8      0.715      0.514      0.853     -0.113     -0.236      0.144
611.2000      -1001.387    -1011.017        9.630   386.0      0.357      0.499      0.166      0.256      0.325     -0.011
611.4000      -1001.247    -1010.601        9.354   374.9      0.123     -0.241      0.900      0.664     -0.140      0.038
611.6000      -1001.281    -1011.432       10.151   406.9      0.172     -0.222      0.301     -0.557      1.040      0.237
611.8000      -1000.308    -1011.563       11.255   451.2      0.073     -1.285     -0.646     -0.079     -0.905      0.134
612.0000      -1000.559    -1010.813       10.254   411.0     -0.036     -0.283      0.069      0.635     -0.221     -0.081
612.2000      -1000.314    -1010.716       10.401   416.9      0.404      0.297      0.166     -0.543     -0.133     -0.002
612.4000      -1001.637    -1011.327        9.690   388.4      0.283      1.234      0.334     -0.176      0.325     -0.154
612.6000      -1001.437    -1011.309        9.872   395.7      0.967      1.479      0.884      0.701      0.015      0.268
612.8000      -1000.754    -1010.542        9.788   392.4     -0.169      0.085      0.234      0.093      0.242     -0.109
613.0000       -999.612    -1011.310       11.698   468.9      1.434      0.061      1.147      0.384      0.333     -0.306
613.2000       -999.646    -1010.435       10.790   432.5      0.083      0.352      1.491      0.053     -0.436     -0.506
613.4000       -999.877    -1010.719       10.842   434.6      0.497      0.926      0.739      0.095      0.067      0.085
613.6000       -999.538    -1010.215       10.677   428.0      0.002     -0.512      1.593      0.166      0.125     -0.452
613.8000      -1000.158    -1011.314       11.156   447.2     -0.386      0.422     -0.017     -0.222      0.704     -0.503
614.0000      -1000.868    -1011.559       10.692   428.6      0.127      0.011      0.519     -0.050      0.154      0.051
614.2000      -1001.123    -1011.562       10.439   418.5     -0.335      0.091     -0.167     -0.159     -0.114      0.241
614.4000      -1000.840    -1010.878       10.038   402.4     -0.939      0.489      0.385     -0.368     -0.253     -0.086
614.6000      -1001.405    -1011.998       10.593   424.6     -0.039     -0.110      0.134     -0.025      0.520     -0.341
614.8000      -1002.407    -1012.379        9.972   399.7      0.188     -0.353      0.282      0.775     -0.180     -0.622
615.0000      -1002.007    -1011.864        9.857   395.1     -0.519      0.060     -0.501      0.098      0.100     -0.571
615.2000      -1002.730    -1012.537        9.807   393.1     -0.387      0.302      0.604      0.288     -0.108      0.337
615.4000      -1002.225    -1011.541        9.315   373.4      1.513      1.216      0.576      0.420     -0.136     -0.057
615.6000      -1003.944    -1012.936        8.992   360.5      0.710      1.236      1.126     -0.009     -0.094     -0.106
615.8000      -1003.951    -1012.887        8.937   358.2      0.599     -0.151      0.334     -0.169     -0.409      0.242
616.0000      -1003.161    -1013.244       10.083   404.2     -0.475      0.439      0.427      0.129     -0.506      0.397
616.2000      -1003.685    -1012.606        8.922   357.6      0.146      0.084      0.038      0.215      0.467     -0.468
616.4000      -1002.840    -1013.511       10.672   427.8      0.845      0.606      0.415     -0.114     -0.171      0.195
616.6000      -1003.388    -1012.159        8.771   351.6      0.682      0.785      1.277     -0.249      0.023     -0.159
616.8000      -1002.965    -1012.851        9.886   396.3     -0.044     -0.250     -0.338      0.373      0.029     -0.127
617.0000      -1002.038    -1011.470        9.432   378.1      0.121     -0.591      0.191      0.146      0.096     -0.306
617.2000      -1001.709    -1011.122        9.412   377.3      0.116      0.717      0.816     -0.332      0.510      0.154
617.4000      -1001.690    -1011.745       10.055   403.0      0.375      0.217      0.139      0.373     -0.618     -0.599
617.6000      -1003.062    -1012.061        8.999   360.7      0.673      0.818      0.796     -1.076      0.042     -0.312
617.8000      -1003.071    -1011.923        8.852   354.8      0.299      0.879      0.935     -0.169     -0.182      0.117
618.0000      -1002.479    -1012.131        9.652   386.9      0.249     -0.216      0.324     -0.153     -0.418     -0.374
618.2000      -1003.137    -1011.981        8.844   354.5      0.890      0.630      0.488     -0.131     -0.046      0.764
618.4000      -1003.464    -1012.075        8.611   345.2      0.615     -0.804     -0.977      0.068     -0.157      0.209
618.6000      -1003.262    -1012.138        8.876   355.8      0.296     -0.510      0.638     -0.892      0.570      0.063
618.8000      -1002.913    -1012.365        9.453   378.9     -0.337     -0.128      0.618     -0.266     -0.799      0.058
619.0000      -1001.695    -1011.494        9.799   392.8      0.617      0.206     -0.136     -0.548      0.442     -0.274
619.2000      -1001.957    -1011.972       10.015   401.4      0.339     -0.321      0.728     -0.292     -0.155     -0.571
619.4000      -1003.071    -1012.192        9.122   365.6      0.164      0.393      1.117     -0.569      0.201      0.061
619.6000      -1003.065    -1012.189        9.124   365.7      0.006      0.194     -0.564     -0.438      0.354     -0.495
619.8000      -1001.765    -1011.100        9.335   374.2      0.781     -0.297      0.390      0.129     -0.692     -0.211
620.0000      -1000.967    -1011.148       10.181   408.1      1.187     -0.340      1.158     -0.088     -0.113      0.519
620.2000      -1000.947    -1010.445        9.498   380.7      1.200     -0.540      0.892      0.493      0.176     -0.841
620.4000       -999.564    -1011.041       11.477   460.1     -0.312      0.052     -0.280      0.202      0.639     -0.134
620.6000       -999.814    -1009.920       10.106   405.1     -0.371     -0.890     -0.533     -0.091     -0.096     -0.414
620.8000       -999.520    -1010.654       11.134   446.3      0.229     -0.613     -0.101     -0.034     -0.149     -0.052
621.0000      -1000.543    -1011.475       10.932   438.2     -0.307     -0.423      0.604     -0.593      0.495      0.093
621.2000      -1000.310    -1011.021       10.711   429.4      0.587      0.542      0.306     -0.310     -0.488      0.131
621.4000      -1001.099    -1011.735       10.636   426.3     -0.090     -0.582     -0.533     -0.064      0.575      0.458
621.6000      -1000.925    -1011.551       10.626   425.9      0.428      0.366      0.834     -0.729     -0.204      0.778
621.8000       -999.810    -1010.669       10.859   435.3     -0.298      0.673      0.172     -0.059     -0.643     -0.567
622.0000      -1000.523    -1010.415        9.892   396.5      0.217      0.176      0.849      0.207     -0.214      0.119
622.2000      -1001.061    -1011.288       10.227   409.9     -0.690      0.427      0.935     -0.477     -0.300     -0.329
622.4000      -1001.839    -1011.523        9.684   388.2     -0.343     -0.261     -0.279      0.267     -0.094     -0.579
622.6000      -1002.309    -1012.483       10.174   407.8      0.040      0.679      0.472     -0.444     -0.219      0.188
622.8000      -1001.881    -1011.454        9.573   383.7      0.549     -0.376      0.038      0.446      0.059     -0.418
623.0000      -1003.398    -1012.880        9.482   380.1      1.791      0.987      1.110      0.362     -0.123      0.383
623.2000      -1002.601    -1012.829       10.228   410.0      0.222     -0.462     -0.466     -0.127     -0.089      0.211
623.4000      -1003.377    -1014.005       10.627   426.0     -0.116     -0.250      0.384      0.024     -0.693      0.283
623.6000      -1003.910    -1013.780        9.870   395.6     -0.105      0.304      0.339     -0.047     -0.497     -0.049
623.8000      -1003.882    -1013.796        9.914   397.4     -0.313      1.219      0.968     -0.128     -0.072      0.133
624.0000      -1003.536    -1013.392        9.856   395.1     -0.045      0.108      0.112      0.262     -0.296      0.269
624.2000      -1003.090    -1013.033        9.942   398.5      0.681      1.644      2.323      0.141      0.418     -0.109
624.4000      -1002.894    -1011.936        9.042   362.4      0.523     -0.912     -0.792      0.533      0.656      0.200
624.6000      -1003.310    -1012.966        9.656   387.1     -0.012     -0.095      0.262     -0.310      0.546      0.158
624.8000      -1002.003    -1012.026       10.022   401.7     -0.429      1.266     -0.036     -0.507     -0.384      0.485
625.0000      -1001.569    -1011.358        9.789   392.4     -0.960     -1.033      0.041      0.025      0.287      0.505
625.2000      -1000.577    -1010.717       10.140   406.5     -0.329     -0.127      0.215     -0.813     -0.303      0.334
625.4000      -1001.671    -1011.568        9.897   396.7     -0.159     -0.763     -0.031      0.044     -0.024     -0.092
625.6000      -1000.715    -1011.281       10.567   423.6      1.335      0.031      2.450      0.300      0.471      0.257
625.8000       -999.270    -1009.436       10.166   407.5      0.795      0.782      0.735      0.166     -0.206      0.062
626.0000       -999.741    -1009.447        9.706   389.1      0.553     -0.677      0.740     -0.078     -0.352     -0.101
626.2000      -1000.418    -1010.505       10.088   404.4      0.614      0.727      1.228     -0.351      0.271      0.051
626.4000      -1000.204    -1010.848       10.644   426.7      0.168     -0.315      0.838      0.105      0.533     -0.726
626.6000      -1000.014    -1010.843       10.829   434.1      1.264      0.303      0.920      0.396     -0.590     -0.900
626.8000       -999.406    -1009.573       10.167   407.5     -0.446     -0.153      0.241     -0.490      0.155     -0.095
627.0000      -1000.057    -1011.143       11.086   444.4      0.664      0.532      0.842      0.330      0.053     -0.289
627.2000       -999.329    -1010.612       11.283   452.3      0.392      0.629      0.504     -0.759      0.683     -0.888
627.4000       -998.723    -1010.479       11.755   471.2      0.112      0.489      0.489      0.229     -0.665      0.424
627.6000       -998.106    -1009.215       11.109   445.3      0.507      0.150      0.409      0.525      0.106     -0.717
627.8000       -999.232    -1010.282       11.049   442.9      0.126      0.817      1.091      0.049     -0.132      0.627
628.0000      -1000.295    -1011.526       11.231   450.2     -1.049      0.269     -0.080      0.502      0.445     -0.279
628.2000      -1000.188    -1010.744       10.555   423.1      0.297      1.909      0.228     -0.118     -0.068      0.023
628.4000      -1000.262    -1010.869       10.608   425.2      0.791     -0.036      0.735     -0.103      0.024      0.402
628.6000      -1000.934    -1010.917        9.983   400.2      0.663      0.440      0.590      0.193     -0.593      0.219
628.8000      -1002.397    -1011.540        9.143   366.5      0.649      0.091      0.870      0.470     -0.356      0.803
629.0000      -1002.284    -1012.190        9.906   397.1      0.893      0.210      0.848     -0.040      0.449     -0.688
629.2000      -1001.945    -1011.375        9.431   378.0      0.885      1.106     -0.154      0.599      0.152     -0.095
629.4000      -1001.387    -1011.510       10.124   405.8      2.196      0.134      0.282     -0.482     -0.413      0.252
629.6000      -1001.693    -1011.691        9.998   400.8     -0.074      0.334      0.071      0.005     -0.524     -0.202
629.8000      -1001.466    -1011.234        9.767   391.5      0.624      1.520      1.491      0.649     -0.156      0.197
630.0000      -1002.057    -1011.250        9.193   368.5     -0.495      0.216      1.081      0.493      0.519      0.640
630.2000      -1000.903    -1010.673        9.770   391.6      0.240     -0.979      0.810     -0.496      0.085      0.364
630.4000       -999.906    -1010.147       10.241   410.5      0.378     -0.654     -0.455     -1.509     -0.825      0.070
630.6000      -1001.166    -1011.711       10.546   422.7      0.382     -0.441      0.694      0.252      0.237      0.317
630.8000      -1000.429    -1009.990        9.561   383.3      0.040      0.410      0.026     -0.121     -0.068     -0.234
631.0000      -1001.521    -1011.763       10.242   410.5      0.939      0.237      0.199      0.720      0.024      0.145
631.2000      -1001.932    -1011.850        9.918   397.5     -0.424     -0.959      0.880     -0.337      0.119      0.018
631.4000      -1000.576    -1010.730       10.155   407.1     -0.523     -0.017      0.122      0.330     -0.070     -0.122
631.6000       -999.244    -1010.810       11.566   463.6      1.344      1.376      0.186      0.057      0.201      0.544
631.8000      -1000.240    -1011.320       11.079   444.1      0.430      0.427     -0.039     -0.350      0.271      0.336
632.0000      -1001.526    -1012.086       10.561   423.3      0.186      0.620     -0.489     -0.037      0.593      0.138
632.2000      -1002.536    -1011.595        9.058   363.1      0.567     -0.330     -1.130     -0.544     -0.167      0.335
632.4000      -1001.415    -1011.202        9.787   392.3     -0.275      0.752      1.164      0.043     -0.258     -0.060
632.6000      -1001.340    -1011.193        9.854   395.0      0.772      1.460      0.549     -0.027     -0.024     -0.531
632.8000      -1001.083    -1011.044        9.962   399.3      0.004      0.441      0.609      0.154      0.028     -0.883
633.0000       -999.434    -1010.757       11.324   453.9      0.131      1.094      1.280     -0.782     -0.178      0.419
633.2000       -999.894    -1010.883       10.989   440.5      0.733      0.494      0.063     -0.084     -0.074     -0.195
633.4000       -999.538    -1010.888       11.350   455.0     -0.207      0.108     -0.074      0.432     -0.215      0.027
633.6000       -999.855    -1009.750        9.895   396.6     -0.375     -0.019     -0.415      0.081     -0.424      0.165
633.8000       -999.838    -1011.155       11.316   453.6      0.632      0.564      0.754     -0.252      0.078      0.177
634.0000      -1000.528    -1011.130       10.602   425.0     -0.597      0.687      0.024     -0.128     -0.349      0.639
634.2000      -1000.222    -1010.830       10.608   425.2      0.258      1.334      0.692      0.152     -0.297     -0.163
634.4000      -1000.707    -1011.560       10.853   435.0      0.518      0.335      0.689      0.192      0.015      0.188
634.6000      -1001.279    -1011.947       10.669   427.7      0.132      0.211     -0.171      0.082      0.965      0.504
634.8000      -1001.702    -1011.201        9.500   380.8      0.783      1.210      1.237      0.164      0.044      0.265
635.0000      -1001.274    -1010.533        9.259   371.2      1.060      0.501     -0.002      0.368      0.283     -0.207
635.2000      -1000.626    -1011.300       10.674   427.9     -0.336      0.687      0.786      0.159     -0.225     -0.397
635.4000      -1000.935    -1012.077       11.142   446.6      1.018      0.989      0.018     -0.278      0.205      0.333
635.6000      -1001.500    -1010.958        9.458   379.1     -0.142      0.032     -0.559      0.646      0.050     -0.319
635.8000      -1002.391    -1012.780       10.390   416.5     -0.304     -1.061     -0.320     -0.508     -0.277      0.217
636.0000      -1002.198    -1012.101        9.903   397.0      0.335      0.259      0.061      0.215     -0.237     -0.333
636.2000      -1003.902    -1012.689        8.787   352.2     -0.079      0.971     -0.376     -0.349      0.330     -0.307
636.4000      -1003.044    -1012.379        9.335   374.2      0.766     -0.619      0.044      0.044     -0.429     -0.494
636.6000      -1003.467    -1012.168        8.701   348.8      1.195     -0.169     -0.085      0.154     -0.073     -0.227
636.8000      -1003.978    -1012.971        8.993   360.5      0.347      1.142      0.311     -0.333      0.054      0.255
637.0000      -1002.871    -1013.274       10.403   417.0      0.591      0.587      0.872     -0.147     -0.039     -0.235
637.2000      -1003.149    -1012.581        9.433   378.1      0.378      0.101      0.104     -0.101     -0.444     -0.401
637.4000      -1002.340    -1011.887        9.548   382.7      1.407      1.609      1.244     -0.262      0.598      0.173
637.6000      -1001.573    -1011.667       10.093   404.6      0.983      0.445      0.171     -0.677     -0.502      0.346
637.8000      -1001.411    -1012.274       10.863   435.4     -0.005      1.543      0.712     -0.362     -0.102      0.360
638.0000      -1001.430    -1011.375        9.945   398.7      0.203      0.678     -0.164     -0.082      0.311     -0.213
638.2000      -1001.774    -1011.913       10.139   406.4      1.001      1.569      1.250      0.196      0.567     -0.382
638.4000      -1001.001    -1011.703       10.702   429.0     -0.541     -0.363     -0.403     -0.061     -0.790     -0.192
638.6000      -1000.657    -1011.606       10.949   438.9      1.303      0.718      0.216      0.577     -0.123     -0.036
638.8000      -1000.989    -1010.679        9.690   388.4      1.378     -0.022      0.747     -0.091      0.267     -0.733
639.0000      -1001.737    -1010.482        8.745   350.5      0.496     -0.273      1.595      0.065     -1.111      0.306
639.2000      -1001.283    -1011.760       10.477   420.0     -0.443     -0.305     -0.383      0.031      0.684     -0.080
639.4000      -1001.991    -1011.662        9.671   387.6      0.470      0.513      0.365     -0.496      0.629      0.288
639.6000      -1002.011    -1012.279       10.268   411.6      0.238      0.370     -0.699     -0.449      0.482     -0.279
639.8000      -1002.038    -1012.205       10.167   407.5     -0.122     -0.095     -0.763      0.452      0.436      0.085
640.0000      -1001.815    -1011.806        9.991   400.5      0.260      0.064      0.212     -0.218      0.605     -0.093
640.2000      -1002.326    -1012.247        9.921   397.7      0.154      0.561      0.837     -0.161     -0.024      0.162
640.4000      -1001.458    -1011.803       10.345   414.7      1.795      0.768      0.344     -0.082      0.112     -0.589
640.6000      -1000.039    -1010.115       10.076   403.9      0.487      1.427      1.285      0.409      0.881      0.359
640.8000       -998.741    -1010.127       11.386   456.4      0.857      0.762      0.616      0.462     -0.369      0.211
641.0000      -1000.192    -1010.648       10.456   419.1      0.231      0.020      0.200     -0.151      0.044      0.016
641.2000       -999.986    -1010.089       10.103   405.0     -0.036      0.890      0.211      0.217      0.065      0.045
641.4000       -998.923    -1009.354       10.431   418.1      0.120      0.179      1.541      0.309      0.002      0.671
641.6000      -1000.278    -1010.051        9.773   391.8      0.602      1.024      0.421     -0.307      0.388     -0.096
641.8000      -1001.518    -1011.177        9.659   387.2      0.088      0.961      1.803      0.220      0.047      0.292
642.0000      -1001.934    -1011.274        9.341   374.4      0.799     -0.592     -0.790      0.362     -0.230     -0.133
642.2000      -1002.283    -1012.383       10.100   404.9      0.356      0.370      0.844      0.154      0.090      0.673
642.4000      -1002.954    -1012.914        9.960   399.3      0.339      0.562     -0.215     -0.180     -0.840      0.818
642.6000      -1003.191    -1012.222        9.031   362.0      0.818      0.080      0.708     -0.043     -0.613      0.938
642.8000      -1003.164    -1012.182        9.017   361.5      0.671      0.944      1.108     -0.203      0.647      0.268
643.0000      -1001.615    -1012.126       10.511   421.3      0.396     -0.006      0.363     -0.194     -0.269      0.242
643.2000      -1001.098    -1011.533       10.434   418.3      1.214      0.305     -0.022      1.170      0.446      0.165
643.4000      -1000.765    -1011.968       11.203   449.1      0.576     -1.009     -0.087     -0.160     -0.325     -0.265
643.6000      -1001.519    -1012.699       11.180   448.1      0.886      0.678      0.425     -0.009      0.488      0.130
643.8000      -1001.534    -1011.847       10.313   413.4     -0.024     -0.284     -0.616      0.153     -0.454     -0.431
644.0000      -1002.051    -1011.996        9.944   398.6      0.949      1.702      0.852     -0.107     -0.032     -0.049
644.2000      -1001.764    -1011.759        9.996   400.7      0.408      0.163      0.226     -0.392     -0.374      0.016
644.4000      -1001.772    -1011.711        9.939   398.4      1.079      0.740      0.712     -0.409      0.258     -0.249
644.6000      -1001.756    -1011.939       10.183   408.2      0.344      0.011      0.114      0.063     -0.156     -0.002
644.8000      -1001.127    -1010.847        9.720   389.6      0.512      0.670      1.028      0.310     -0.077      0.386
645.0000      -1000.717    -1010.446        9.729   390.0      0.599     -0.431     -0.499     -0.343     -0.087      0.310
645.2000      -1001.178    -1010.972        9.794   392.6      0.201      0.108      0.906      0.044      0.415      0.214
645.4000      -1000.877    -1010.819        9.942   398.5      0.285      0.559     -0.468     -0.241      0.177      0.545
645.6000      -1000.874    -1010.762        9.888   396.4     -0.480     -0.051     -0.149     -0.421      0.241     -0.702
645.8000      -1001.261    -1010.477        9.216   369.4      0.967      0.156     -0.020      0.547      0.327     -0.300
646.0000      -1001.901    -1011.937       10.036   402.3      0.268     -0.500      0.106      0.480     -0.191      0.467
646.2000      -1002.111    -1012.067        9.955   399.1      0.947     -0.058      1.128      0.163     -0.289     -0.453
646.4000      -1001.547    -1010.410        8.863   355.3      0.132      0.190     -0.542     -0.382     -0.345      0.142
646.6000      -1000.782    -1011.133       10.351   414.9      0.437      1.087      1.059     -0.012      0.048     -0.029
646.8000      -1001.025    -1011.392       10.367   415.6      0.605      0.192      0.085      0.220      0.153     -0.283
647.0000      -1001.009    -1010.470        9.461   379.2      0.622      0.486      0.782      0.518     -0.226      0.153
647.2000      -1001.399    -1011.390        9.991   400.5      0.828      1.022      1.423     -0.011     -0.346     -0.241
647.4000      -1002.060    -1012.258       10.198   408.8      0.550      1.327      1.049     -0.200      0.109      0.767
647.6000      -1003.024    -1012.961        9.937   398.3      0.928      0.593      0.912      0.578     -0.072      0.196
647.8000      -1002.810    -1012.354        9.544   382.6      0.107     -0.348      0.124     -0.040      0.454     -0.487
648.0000      -1002.424    -1012.435       10.011   401.3     -0.326      0.224      0.266      0.011      0.185     -0.435
648.2000      -1002.321    -1012.707       10.386   416.3     -0.035      0.348      0.801      0.461      0.357      0.035
648.4000      -1001.469    -1011.082        9.613   385.3     -0.567      0.170     -0.165      0.364     -0.706      0.169
648.6000      -1001.347    -1010.991        9.644   386.6      0.565      0.016      0.980      0.780     -0.221      0.335
648.8000      -1000.825    -1011.573       10.747   430.8     -0.043     -1.097     -0.195      0.579     -0.499      0.493
649.0000      -1001.510    -1011.982       10.472   419.8      0.220      0.624      0.026      0.085      0.994     -0.277
649.2000      -1001.309    -1011.063        9.754   391.0      0.543     -0.521      1.197      0.065     -0.095     -0.378
649.4000      -1000.944    -1011.102       10.158   407.2      0.088     -0.307     -0.430      0.369      0.232      0.313
649.6000      -1001.858    -1011.777        9.919   397.6     -0.068      0.924      0.973     -0.105      0.267     -0.485
649.8000      -1002.116    -1011.678        9.562   383.3      0.540      0.121     -0.258     -0.001      0.220      0.757
650.0000      -1001.989    -1012.110       10.122   405.7      0.097     -1.196     -0.050     -0.125     -0.710      0.098
650.2000      -1002.962    -1012.461        9.499   380.8      0.185      0.779      0.343      0.503     -0.280     -0.392
650.4000      -1002.492    -1012.379        9.887   396.3      0.386     -0.388     -0.490      0.798      0.253     -0.092
650.6000      -1002.941    -1012.450        9.509   381.2      0.401     -0.660      0.552      0.143      0.208     -0.775
650.8000      -1003.951    -1012.331        8.380   335.9      0.546     -0.637      0.421     -0.151      0.064      0.480
651.0000      -1002.074    -1011.738        9.664   387.4      1.524      0.883      0.555     -0.580     -0.230     -0.085
651.2000      -1000.857    -1011.095       10.238   410.4      1.092     -0.640      0.364      0.210      0.088     -0.074
651.4000      -1001.087    -1010.564        9.478   379.9     -0.756     -0.285     -0.281     -0.776     -0.462     -0.364
651.6000       -999.907    -1010.648       10.741   430.5     -0.357     -0.698     -0.724      0.211      0.103     -0.319
651.8000      -1000.749    -1010.752       10.003   401.0     -0.882     -0.083      0.172     -0.595     -0.358     -0.291
652.0000      -1001.180    -1011.633       10.453   419.0      0.155      0.206     -0.012      0.296     -0.289     -0.123
652.2000      -1000.633    -1010.876       10.243   410.6      0.173      1.099      1.341     -0.174     -0.240      0.170
652.4000      -1001.190    -1011.163        9.973   399.8     -0.386      0.246     -0.709      0.191     -0.133      0.683
652.6000      -1001.174    -1009.925        8.751   350.8      0.756      0.490     -0.061      0.374     -0.941     -0.090
652.8000      -1001.325    -1010.899        9.574   383.8      0.923      1.035      0.669     -0.354      0.906      0.708
653.0000      -1001.316    -1011.944       10.628   426.0      1.434      0.672      1.401      0.262      0.395      0.428
653.2000      -1001.242    -1010.923        9.681   388.1      1.055     -0.723      1.078     -0.414     -0.510     -0.374
653.4000      -1000.397    -1010.408       10.010   401.3      0.865      0.458      1.490     -0.010      0.432     -0.009
653.6000      -1001.009    -1010.993        9.984   400.2     -0.438      1.018      0.337     -0.132      0.090      0.132
653.8000      -1000.999    -1011.077       10.078   404.0      1.068      1.576      1.525      0.952     -0.242     -0.662
654.0000      -1001.269    -1011.401       10.132   406.1      0.387     -0.148      0.028     -0.018      0.465     -0.227
654.2000      -1000.284    -1010.096        9.812   393.3      0.223      1.408      1.165     -0.572     -0.281      0.036
654.4000      -1000.724    -1010.633        9.909   397.2      0.863     -0.598      0.337     -0.596     -0.107     -0.017
654.6000      -1000.078    -1010.697       10.619   425.7     -0.923     -0.055     -0.485      0.162     -0.509      0.071
654.8000      -1001.990    -1011.208        9.219   369.5      1.607     -0.046      1.107     -0.098      0.153      0.516
655.0000       -999.729    -1010.556       10.827   434.0     -0.933     -0.992      0.110      0.080      0.807     -0.104
655.2000      -1000.813    -1010.429        9.616   385.4      0.402      1.771      0.697     -0.598      0.409     -0.348
655.4000      -1001.415    -1011.082        9.667   387.5      1.336      2.128      1.151     -0.271      0.215      0.244
655.6000      -1000.494    -1010.876       10.382   416.2      0.087      0.637      0.743      0.088     -0.430     -0.670
655.8000      -1001.627    -1011.173        9.545   382.6      0.597      0.509      1.522      0.196     -0.282      0.015
656.0000      -1000.660    -1010.525        9.865   395.4      0.758     -0.230      0.779      0.400     -0.632      0.041
656.2000      -1001.425    -1011.294        9.869   395.6     -0.250      0.531      1.362      0.404     -0.271      0.084
656.4000      -1002.309    -1010.989        8.679   347.9      1.123      1.346      0.867      0.106     -0.140     -0.031
656.6000      -1002.264    -1012.125        9.860   395.3      1.218      1.287      1.157     -0.210     -0.523      0.110
656.8000      -1001.886    -1011.452        9.566   383.5      0.412     -0.607      0.721      0.341      0.509      0.418
657.0000      -1001.824    -1011.276        9.452   378.9      0.278      0.845      0.479      0.182      0.385      0.326
657.2000      -1002.732    -1011.502        8.770   351.5      0.944      0.793      0.839     -0.790     -0.602      0.551
657.4000      -1002.973    -1012.132        9.159   367.1      1.000      0.882      0.353      0.216      0.145      0.536
657.6000      -1001.354    -1011.346        9.992   400.5      1.348      0.449      1.158     -0.979     -0.809      0.035
657.8000      -1001.731    -1010.949        9.218   369.5      0.790      0.604      0.132     -0.180      0.343      0.064
658.0000      -1001.416    -1010.985        9.569   383.6     -0.553     -0.861     -0.278     -0.040     -0.124      0.373
658.2000      -1001.761    -1011.607        9.846   394.7      0.317      0.312      1.039      0.515     -0.846     -0.594
658.4000      -1002.601    -1011.789        9.189   368.3      0.381     -0.168      0.156     -0.184      0.863      0.405
658.6000      -1002.480    -1011.956        9.476   379.9      1.572      1.194      1.220     -0.445     -0.720     -0.275
658.8000      -1003.189    -1012.211        9.023   361.7      0.724      0.897      0.213     -0.740      0.204      0.202
659.0000      -1002.225    -1012.140        9.915   397.5      1.112      0.550      0.476     -0.477      0.089      0.581
659.2000      -1001.314    -1011.622       10.308   413.2     -0.774     -0.261     -0.536     -0.064      0.595     -0.949
659.4000      -1000.270    -1010.358       10.088   404.4      0.997      0.774      0.315     -0.073     -0.030     -0.395
659.6000      -1000.501    -1010.425        9.923   397.8      0.245     -0.379     -1.272      0.127      0.056     -0.206
659.8000       -999.988    -1010.950       10.962   439.4      0.339      0.515      0.107     -0.064     -0.221      0.062
660.0000      -1001.675    -1011.773       10.098   404.8      0.589      0.729      0.326      0.345      0.177      0.140
660.2000      -1001.880    -1012.046       10.166   407.5      0.266      0.582      0.808      0.553     -0.433     -0.198
660.4000      -1001.197    -1010.703        9.507   381.1      0.643      1.546      1.205      0.140     -0.036      0.164
660.6000      -1000.831    -1010.519        9.688   388.3      0.082      0.255     -0.116      0.497      0.230      0.060
660.8000      -1000.761    -1011.030       10.269   411.6      1.248      0.030      0.619      0.108      0.815      0.772
661.0000      -1001.715    -1011.398        9.683   388.2      0.580      0.618      0.024      0.126      0.678     -0.041
661.2000      -1001.918    -1011.540        9.621   385.7      0.980     -0.503     -0.539      0.138      0.230     -0.526
661.4000      -1000.686    -1011.291       10.605   425.1      0.124      0.768     -0.809      0.062     -0.257      0.324
661.6000      -1000.319    -1011.368       11.049   442.9      0.370      0.013     -0.585     -0.062      0.223      0.252
661.8000      -1001.261    -1011.049        9.788   392.3     -0.491      0.189      1.047      0.045      0.440     -0.242
662.0000       -999.685    -1009.476        9.791   392.5      1.668      0.740      0.554     -1.055      0.251     -0.308
662.2000      -1000.489    -1010.088        9.600   384.8      0.170      0.087     -0.399      0.369      0.181      0.217
662.4000      -1000.779    -1010.369        9.590   384.4      0.395      0.964      0.473      0.411     -0.174     -0.231
662.6000      -1000.793    -1010.968       10.175   407.9      0.218     -0.007      0.211     -0.390      0.259     -0.035
662.8000       -999.862    -1009.693        9.831   394.1      0.227      1.123      1.284     -0.852      0.505      0.095
663.0000       -999.644    -1010.553       10.908   437.3      0.409      0.798      0.785      0.043     -0.067     -0.483
663.2000      -1000.178    -1010.464       10.286   412.3      1.237      0.982      0.576     -0.361      0.127     -0.343
663.4000      -1001.301    -1011.268        9.967   399.5      0.046     -0.120     -0.283      0.137     -0.710      0.193
663.6000      -1001.170    -1010.805        9.634   386.2      0.426      0.274      0.203     -0.203     -0.250      0.094
663.8000      -1001.568    -1010.685        9.117   365.5      0.344      0.613      0.469     -0.318      0.214      0.231
664.0000      -1002.044    -1011.977        9.933   398.2      0.209     -0.999      0.729     -0.274     -0.450     -0.252
664.2000      -1002.775    -1011.453        8.678   347.9     -0.134     -0.914     -0.876     -0.138      0.061     -0.348
664.4000      -1001.762    -1011.148        9.385   376.2      0.971     -0.146     -0.192     -0.683     -0.195     -0.290
664.6000      -1000.896    -1010.335        9.439   378.4      0.812     -0.171     -0.329      0.072      0.035      0.153
664.8000      -1000.459    -1010.326        9.866   395.5     -0.099      0.886      0.042     -0.072      0.036     -0.042
665.0000      -1001.580    -1011.613       10.033   402.2      0.387      0.307      1.754     -0.293      0.099     -0.829
665.2000      -1001.417    -1011.117        9.700   388.8      0.559     -0.029      0.735      0.187     -0.170     -0.277
665.4000      -1002.420    -1012.837       10.417   417.6      0.398      0.627      0.740      0.023      0.152      0.406
665.6000      -1002.544    -1012.505        9.961   399.3     -0.890      0.189      0.467     -0.110     -0.030      0.349
665.8000      -1001.877    -1011.792        9.915   397.5      0.676      0.751     -0.195      0.322      0.013     -0.001
666.0000      -1001.278    -1012.027       10.748   430.8      0.517      0.518      0.791      0.115      0.259     -0.160
666.2000      -1000.891    -1010.775        9.885   396.2      0.522      1.005      1.127     -0.392      0.774      0.138
666.4000      -1000.855    -1011.131       10.275   411.9      1.206      1.292      0.619     -0.891      0.478     -0.567
666.6000      -1000.716    -1011.394       10.678   428.0      0.858      0.371      0.400     -0.582     -0.212     -0.008
666.8000      -1001.017    -1011.139       10.122   405.7      0.854      1.602     -0.215     -0.397     -0.612      0.590
667.0000      -1001.755    -1012.234       10.480   420.1      0.361      1.522      1.443      0.018      0.450      0.040
667.2000      -1002.604    -1012.980       10.376   415.9      1.096      1.182      1.171     -0.002     -0.135     -0.379
667.4000      -1003.633    -1012.932        9.299   372.8      0.804      0.366      0.500     -0.032     -0.184     -0.254
667.6000      -1002.895    -1012.775        9.880   396.0      1.272      1.944      0.465      0.264     -0.105      0.137
667.8000      -1003.777    -1013.005        9.228   369.9      0.140      0.278      0.079     -0.166      0.274     -0.079
668.0000      -1001.662    -1011.950       10.289   412.4      0.137      1.025      1.172     -0.224     -0.071     -0.134
668.2000      -1002.538    -1011.923        9.385   376.2      0.404      0.360     -0.386      0.557     -0.399     -0.127
668.4000      -1001.708    -1011.401        9.693   388.5      1.195      0.573      0.104     -0.140     -0.326     -0.466
668.6000      -1001.693    -1012.233       10.540   422.5      0.288     -0.073      0.388     -0.210      0.314     -0.168
668.8000      -1001.862    -1011.756        9.894   396.6      0.238     -0.471      0.546      0.007      0.685      0.017
669.0000      -1001.963    -1012.028       10.065   403.4     -0.702      0.885      1.417     -0.245     -0.302      0.057
669.2000      -1001.922    -1012.165       10.243   410.6      0.260      0.036     -0.304      0.423     -0.046      0.261
669.4000      -1000.532    -1010.912       10.381   416.1      0.156      0.057     -0.986      0.055     -0.093      0.140
669.6000      -1001.041    -1010.747        9.706   389.0      0.668      0.501      1.691      0.674      0.545     -0.243
669.8000      -1001.825    -1011.699        9.874   395.8      0.783      0.699      0.599      0.240     -0.417     -0.123
670.0000      -1001.843    -1011.758        9.915   397.4     -0.167      0.685      0.491      0.114     -0.151      0.249
670.2000      -1001.036    -1011.976       10.940   438.5      0.341     -0.337      1.010      0.275      0.172     -0.438
670.4000      -1000.924    -1011.106       10.183   408.2      0.795     -0.142      0.920      0.206      0.441     -0.039
670.6000      -1000.412    -1011.451       11.039   442.5      0.057      0.637      0.501      0.294     -0.052      0.398
670.8000      -1000.773    -1011.634       10.861   435.4      1.969      0.203      0.741     -0.137      0.165      0.637
671.0000      -1001.309    -1011.500       10.190   408.5      0.744     -0.117      0.747     -0.527      0.117     -0.496
671.2000      -1001.796    -1012.334       10.537   422.4      0.297      0.186      0.449      0.287     -0.279      0.132
671.4000      -1001.201    -1011.322       10.121   405.7      0.853      1.783      1.597      0.477     -0.033     -0.439
671.6000      -1000.666    -1010.102        9.436   378.3     -0.098      0.745      0.863     -0.243     -0.311      0.568
671.8000      -1000.258    -1011.407       11.149   446.9      0.029      0.802     -0.197      0.546     -0.344     -0.148
672.0000      -1000.974    -1011.056       10.082   404.2      0.079      1.354      0.581      0.224     -0.556      0.137
672.2000      -1000.436    -1010.006        9.570   383.6      0.140      0.532      1.485      0.341      0.349      0.434
672.4000      -1000.249    -1011.026       10.777   432.0      0.326      0.558     -0.430     -0.222     -0.379      0.747
672.6000       -999.671    -1009.985       10.314   413.4     -0.756     -0.360     -0.198      0.281     -0.448     -0.123
672.8000      -1000.725    -1010.240        9.516   381.4      0.415      0.159      0.807     -0.044     -0.025     -0.366
673.0000      -1001.451    -1012.300       10.849   434.9      0.347     -0.458     -0.736      0.242      0.699     -0.060
673.2000      -1001.352    -1011.613       10.261   411.3     -0.341     -0.512     -0.331     -0.031     -0.122      0.260
673.4000      -1000.566    -1010.308        9.743   390.5      0.066      0.212      1.346     -0.407     -0.757      0.456
673.6000      -1002.074    -1012.452       10.378   416.0      1.003      0.547      0.332      0.420     -0.515      0.536
673.8000      -1002.127    -1011.860        9.733   390.1     -0.100     -0.263     -0.173     -0.022      0.035      0.728
674.0000      -1003.428    -1012.640        9.212   369.3      1.601      0.054      0.550     -0.205      0.445     -0.339
674.2000      -1003.191    -1012.554        9.362   375.3     -0.156      0.170     -0.262      0.288      0.172      0.294
674.4000      -1001.742    -1011.795       10.053   403.0      0.956      0.290      0.217      0.077      0.362      0.567
674.6000      -1001.275    -1011.809       10.534   422.2      1.194      0.271      0.009     -0.470      0.428     -0.182
674.8000      -1000.330    -1010.450       10.120   405.6      1.853      0.266      2.039      0.222     -0.568      0.123
675.0000      -1000.746    -1011.286       10.541   422.5      0.818      0.687      0.124      0.703     -0.213     -0.106
675.2000      -1000.800    -1011.589       10.789   432.5      0.524      0.553      0.574     -0.345      0.053     -0.022
675.4000      -1001.292    -1011.815       10.523   421.8     -0.906     -1.686     -0.730     -0.081     -0.096     -0.175
675.6000      -1002.537    -1012.071        9.534   382.2      0.699      0.438      0.797     -0.021      0.097     -0.733
675.8000      -1002.346    -1013.177       10.832   434.2     -0.787      0.107     -0.148      0.242      0.155      0.321
676.0000      -1002.962    -1011.760        8.798   352.7     -0.165      0.446     -0.038     -0.290      0.428      0.796
676.2000      -1002.209    -1011.840        9.631   386.1     -0.095      1.253      0.945     -0.062      0.268     -0.076
676.4000      -1001.091    -1010.892        9.801   392.9     -0.078      0.595      0.330      0.506      0.460      0.051
676.6000      -1000.600    -1011.520       10.920   437.7      1.174      0.304      0.149     -0.321      0.041      0.488
676.8000      -1001.574    -1011.496        9.922   397.7      0.974     -0.121      0.263      0.132      0.363      0.375
677.0000      -1002.631    -1012.019        9.387   376.3      0.181      0.066      0.059     -0.027     -0.145     -0.043
677.2000      -1002.207    -1011.479        9.272   371.7      1.005      0.678      0.983      0.078     -0.070     -0.263
677.4000      -1001.632    -1012.261       10.629   426.1      0.450      0.010     -0.099     -0.353     -0.184     -0.469
677.6000      -1002.204    -1011.203        8.999   360.7      0.737      0.668      0.996     -0.307      0.339     -0.255
677.8000      -1001.408    -1010.559        9.152   366.8      0.663     -0.179      1.183      0.045     -0.220     -0.101
678.0000      -1001.581    -1011.602       10.021   401.7      0.041      0.476      0.243      0.207      0.515      0.251
678.2000      -1002.604    -1012.681       10.077   403.9      0.025      0.722     -0.094      0.211      0.454      0.305
678.4000      -1001.926    -1011.943       10.016   401.5      0.878      1.134      1.066      0.081      0.473     -0.025
678.6000      -1001.347    -1011.461       10.114   405.4     -0.697     -0.184      0.684      0.285      0.294      0.667
678.8000      -1000.363    -1010.147        9.784   392.2     -0.194      0.020     -0.862     -0.347      0.312     -0.610
679.0000      -1001.491    -1011.686       10.195   408.6      0.675      0.497      0.101     -0.137      0.589     -0.432
679.2000      -1001.132    -1010.812        9.680   388.0      1.389      1.196      0.719      0.491      0.752      0.252
679.4000      -1001.733    -1011.056        9.323   373.7      0.689      0.003      1.238      0.198      0.618     -0.469
679.6000      -1001.279    -1011.499       10.220   409.7     -0.750      0.281      0.649      0.037      0.479      0.529
679.8000      -1001.167    -1011.237       10.070   403.7      2.029      1.395      0.444      0.254      0.266      0.152
680.0000      -1000.749    -1011.102       10.353   415.0      1.006      0.674     -0.154     -0.178     -0.292      0.086
680.2000      -1001.074    -1011.475       10.401   416.9      0.716      1.633     -0.021      0.326     -0.141      0.076
680.4000      -1001.693    -1011.971       10.277   412.0     -0.669      0.153     -0.937     -0.126      0.158      0.054
680.6000      -1002.163    -1011.930        9.767   391.5      1.247      0.495      0.307     -0.077     -0.463      0.028
680.8000      -1001.255    -1011.445       10.190   408.5      0.161      0.337      0.029     -0.153     -0.284      0.504
681.0000      -1001.381    -1011.337        9.955   399.1     -0.396     -0.086      0.982      0.074     -0.323     -0.396
681.2000      -1001.812    -1011.078        9.266   371.4     -0.066      0.125      0.083     -0.435     -0.564      0.230
681.4000      -1001.764    -1011.267        9.503   380.9      1.423      0.366     -0.451     -0.484      0.981      0.218
681.6000      -1002.163    -1011.687        9.524   381.8      1.167      0.335     -0.038      0.410     -0.176      0.396
681.8000      -1002.847    -1012.295        9.448   378.7      1.071      0.229      0.952     -0.146     -0.560      0.294
682.0000      -1002.960    -1012.532        9.572   383.7      0.009     -0.286      0.187     -0.344      0.160     -0.184
682.2000      -1001.195    -1011.985       10.791   432.5      0.783      1.350      0.792     -0.997      0.183      0.336
682.4000      -1000.602    -1009.941        9.339   374.3     -1.030      0.706      0.769     -0.691     -0.180      0.012
682.6000      -1001.070    -1011.458       10.388   416.4      0.847     -0.480      1.228     -0.495     -0.187     -0.498
682.8000      -1001.406    -1010.073        8.668   347.4      0.254      0.105      0.795      0.392     -0.051      0.369
683.0000      -1001.764    -1011.838       10.074   403.8      0.447      0.576      0.209     -0.170     -0.140     -0.333
683.2000      -1001.601    -1011.500        9.899   396.8      1.234      1.147      1.118     -0.104      0.110     -0.160
683.4000      -1000.285    -1011.429       11.144   446.7      1.075     -0.151     -0.312     -0.214      0.115      0.201
683.6000       -999.908    -1010.233       10.324   413.9      1.803      0.436      0.636     -0.293     -0.771      0.056
683.8000      -1000.370    -1011.915       11.545   462.8     -0.278     -0.359      0.602     -0.500      0.031      0.256
684.0000      -1000.790    -1011.122       10.331   414.1      1.383     -0.140     -0.753      0.164      0.173      0.247
684.2000       -999.964    -1009.273        9.308   373.1     -0.026      0.685      0.206     -0.245      0.130     -0.406
684.4000      -1001.019    -1011.025       10.006   401.1     -0.126     -1.444      0.400      0.509      0.079      0.075
684.6000      -1000.463    -1010.896       10.433   418.2      0.365     -0.462     -0.760     -0.296      0.494      0.079
684.8000      -1001.394    -1011.275        9.881   396.1      0.352      0.580      0.724      0.413     -0.329     -0.063
685.0000      -1001.755    -1010.699        8.944   358.5     -0.152      0.628      0.312      0.676     -0.185      0.147
685.2000      -1000.673    -1010.886       10.213   409.4     -0.291     -0.536      0.970     -0.262      0.307     -0.549
685.4000       -999.817    -1010.078       10.261   411.3      0.641     -0.436      0.465     -0.020      0.112     -0.517
685.6000       -999.949    -1010.483       10.534   422.3      0.514      0.070     -0.114     -0.181     -0.417     -0.363
685.8000      -1000.713    -1010.690        9.976   399.9      0.856      1.040      0.506     -0.243      0.815      0.238
686.0000      -1001.696    -1011.817       10.121   405.7      0.305      0.088     -0.586      0.458      0.186      0.287
686.2000      -1002.125    -1011.317        9.192   368.5      0.567      0.823      0.258      0.225      0.111     -0.312
686.4000      -1002.566    -1012.258        9.692   388.5      0.133      0.789      1.088     -0.322     -0.222     -0.032
686.6000      -1001.749    -1011.720        9.971   399.7     -1.340      0.449     -0.607     -0.128      0.437     -0.272
686.8000      -1001.395    -1010.938        9.543   382.5     -0.057      0.864      1.984     -0.175     -0.110      0.220
687.0000      -1001.186    -1011.161        9.975   399.9      0.459     -0.180      0.170      0.176     -0.052      0.086
687.2000      -1000.478    -1010.839       10.362   415.3      0.316      0.547     -0.227      0.390     -0.157      0.145
687.4000       -999.336    -1009.588       10.251   410.9      0.280      0.723      0.452      0.582     -0.867      0.079
687.6000      -1000.454    -1010.803       10.349   414.8      1.058      0.578      0.689      0.390      0.359      0.070
687.8000      -1000.427    -1011.829       11.402   457.0      0.439      0.916      0.256     -0.531     -0.069      0.989
688.0000      -1000.563    -1010.714       10.151   406.9      0.706      0.787      0.469     -0.668     -0.431      0.065
688.2000      -1001.670    -1011.047        9.377   375.9      0.626      0.763      0.350      0.423     -0.456     -0.073
688.4000      -1002.235    -1012.152        9.917   397.5      1.360      1.235      1.102     -0.224      1.127      0.156
688.6000      -1001.879    -1011.864        9.985   400.2     -0.449     -0.758     -0.186      0.343     -0.200     -0.192
688.8000      -1001.755    -1011.508        9.753   390.9      0.125      1.000      1.007      0.802     -0.638     -0.177
689.0000      -1001.570    -1010.933        9.363   375.3     -1.369     -0.941     -0.823     -0.006      0.354      0.402
689.2000      -1001.717    -1011.302        9.585   384.2     -0.078     -0.065      0.938      0.011     -0.513     -1.210
689.4000      -1002.165    -1012.418       10.252   411.0      0.424      0.955      1.295     -0.045     -0.639     -0.155
689.6000      -1002.208    -1011.582        9.374   375.7      0.143      0.424      0.488     -0.944      0.047     -0.670
689.8000      -1002.491    -1013.039       10.547   422.8      0.230     -0.034     -0.115      0.454     -0.296      0.236
690.0000      -1001.904    -1011.667        9.763   391.3     -0.101      0.585      0.913     -0.842      0.294      0.111
690.2000      -1000.781    -1010.196        9.415   377.4      0.668     -0.458      0.066      0.710     -0.355     -0.152
690.4000      -1001.580    -1011.935       10.356   415.1      1.255      1.234      1.418     -0.243     -0.335     -0.212
690.6000      -1001.004    -1010.541        9.537   382.3      1.306      0.730     -0.207      0.243     -0.132     -0.648
690.8000      -1001.366    -1011.350        9.984   400.2      0.617     -0.315      0.391     -0.856     -0.370      0.010
691.0000      -1001.347    -1010.770        9.423   377.7      0.430      0.097     -0.271     -0.077      0.687     -0.422
691.2000      -1000.892    -1011.378       10.487   420.4      0.840      0.112      0.260      0.477      0.198     -0.483
691.4000      -1001.344    -1011.426       10.083   404.2      0.253     -0.386     -0.389      0.154      0.312      0.011
691.6000      -1001.742    -1011.639        9.897   396.7      0.284     -0.031      0.416     -0.123      0.016      0.271
691.8000      -1001.586    -1011.172        9.586   384.2      0.850     -0.398      0.666     -0.500      0.300      1.003
692.0000      -1001.658    -1011.407        9.749   390.8      1.367     -0.027      0.775      0.076      0.235      0.722
692.2000      -1002.071    -1012.889       10.818   433.6      0.469      1.040      1.461      0.052      0.076     -0.339
692.4000      -1001.275    -1010.989        9.714   389.4     -0.089      1.327      1.722      0.570     -0.488     -0.614
692.6000      -1000.767    -1010.918       10.151   406.9      0.596      1.248      0.763      0.281      0.130      0.124
692.8000      -1000.696    -1010.769       10.073   403.8      0.122      0.384      1.651      0.052      0.297      0.028
693.0000      -1001.036    -1010.963        9.927   397.9      0.913      0.080     -0.472      0.481      0.394     -0.223
693.2000      -1000.910    -1009.862        8.951   358.8      0.435     -0.976     -0.050      0.307      0.282      0.105
693.4000      -1001.332    -1011.128        9.795   392.6      0.582      0.326     -0.853      0.337     -0.431     -0.178
693.6000      -1000.164    -1010.784       10.620   425.7      0.811     -0.518      0.863     -0.465      0.275     -0.245
693.8000      -1000.774    -1010.628        9.855   395.0      1.847      2.126      0.078      0.001      0.452     -0.392
694.0000       -999.905    -1010.359       10.453   419.0      1.056      0.774      1.150     -0.729     -0.443     -0.054
694.2000       -999.593    -1010.526       10.933   438.2      0.073      0.220     -0.057      0.592      0.112     -0.430
694.4000       -999.651    -1009.966       10.315   413.5      0.606      1.021      0.946     -0.147      0.288      0.229
694.6000       -999.407    -1009.682       10.275   411.9      0.133      1.263      0.278     -0.133      0.034     -0.112
694.8000       -999.165    -1008.843        9.678   387.9      1.067      0.370      1.151      0.297      0.412     -0.304
695.0000      -1000.486    -1010.087        9.601   384.8      1.412      0.581      0.794     -0.119     -0.311      0.044
695.2000      -1000.631    -1010.566        9.934   398.2      1.492      1.041      1.083     -0.015      0.202     -0.467
695.4000      -1001.992    -1012.058       10.066   403.5      1.258      0.778      0.835     -0.237     -0.549      0.333
695.6000      -1001.255    -1010.927        9.672   387.7      1.835      0.940      0.548      0.268     -0.014     -0.115
695.8000      -1001.950    -1011.992       10.042   402.5      0.389      0.541      1.519      0.286     -0.490     -0.220
696.0000      -1002.232    -1011.408        9.176   367.8      0.935      1.351      1.019     -0.027     -0.788      0.387
696.2000      -1001.423    -1011.393        9.970   399.6      0.860      0.178     -0.026     -0.147     -0.349      0.201
696.4000      -1001.419    -1011.473       10.054   403.0      1.078     -0.052     -0.067     -0.044     -0.154     -0.513
696.6000      -1000.725    -1011.177       10.452   419.0      1.031      0.747      1.159      0.219     -0.071      0.663
696.8000      -1000.072    -1011.154       11.082   444.2      0.461      1.515     -0.118      0.130     -0.159     -0.135
697.0000      -1000.918    -1010.597        9.680   388.0      0.286      1.094      0.543      0.298     -0.436     -0.111
697.2000      -1000.901    -1010.645        9.744   390.6      1.418      1.333      0.806      0.034      0.382      0.083
697.4000      -1002.482    -1012.105        9.622   385.7      1.177      0.315      0.636     -0.260      0.012     -0.068
697.6000      -1002.552    -1011.705        9.153   366.9      0.316      1.215      1.218     -0.330     -0.291     -0.030
697.8000      -1001.848    -1010.696        8.848   354.7      1.080      0.471      0.324      0.237     -0.200     -0.187
698.0000      -1001.877    -1011.853        9.976   399.9      0.537      0.440      0.884     -0.433      0.279     -0.270
698.2000      -1000.684    -1011.134       10.451   418.9      0.046      0.133     -0.018      0.338      0.052      0.238
698.4000      -1001.014    -1011.253       10.240   410.5      0.544      0.409      0.387      0.297      0.258      0.283
698.6000      -1000.417    -1010.682       10.266   411.5      0.081      0.449     -0.817      0.381      0.120     -0.184
698.8000      -1001.406    -1011.102        9.696   388.7     -0.875      0.520     -0.248     -0.102      0.103      0.409
699.0000      -1001.294    -1011.448       10.155   407.1      0.262      0.055      0.161      0.320     -0.772      0.117
699.2000      -1001.414    -1011.740       10.326   413.9      0.260     -0.436     -0.097      0.348      0.249     -0.062
699.4000      -1002.134    -1011.632        9.498   380.7      1.139      0.306      1.323      0.242     -0.180      0.227
699.6000      -1001.976    -1011.482        9.506   381.1      0.733      0.995      0.080     -0.117     -0.104      0.262
699.8000      -1001.704    -1012.842       11.138   446.5     -0.608     -0.708     -0.500      0.251     -0.541      0.807
700.0000      -1000.920    -1010.753        9.833   394.2      0.985      1.124     -0.129     -0.152      0.468     -0.398
700.2000      -1000.571    -1010.884       10.313   413.4      1.000      1.581     -0.504      0.029      0.821     -0.077
700.4000      -1001.347    -1012.003       10.657   427.2      0.253      0.725      0.006     -0.169     -0.091     -0.083
700.6000      -1000.718    -1010.487        9.769   391.6      1.073      0.035     -0.085     -0.352     -0.316      0.407
700.8000      -1001.492    -1011.287        9.794   392.6      0.170     -0.266      0.253     -0.135     -0.061     -0.214
701.0000      -1000.182    -1010.532       10.349   414.9      0.314      0.099      0.760     -0.422     -0.021     -0.090
701.2000      -1000.823    -1011.550       10.727   430.0      0.527      0.647      1.550      0.104      0.065     -0.295
701.4000      -1000.956    -1010.855        9.899   396.8      0.618      0.407      0.119     -0.305     -0.040     -0.240
701.6000      -1001.833    -1011.243        9.410   377.2      0.510      0.801      1.003      0.403     -0.380      0.247
701.8000      -1001.409    -1012.005       10.596   424.7      0.654      0.866      0.582      0.410     -0.506      0.379
702.0000      -1000.393    -1010.775       10.383   416.2      0.819      0.720      0.427      0.042      0.361     -0.122
702.2000       -999.660    -1009.988       10.328   414.0      0.400     -0.030      0.350      0.686     -0.581     -0.071
702.4000       -999.904    -1010.381       10.477   420.0      0.362      0.180      0.413     -0.351      0.550     -0.071
702.6000      -1000.406    -1011.022       10.616   425.5      0.339      0.965      1.153     -0.558     -0.266     -0.053
702.8000      -1000.412    -1010.515       10.103   405.0      0.296      0.856      0.715      0.063     -0.542      0.167
703.0000      -1000.212    -1011.225       11.013   441.5     -0.253     -0.105     -0.919     -0.137      0.385      0.573
703.2000       -999.513    -1009.781       10.268   411.6      0.553      0.789      0.221     -0.212     -0.337      0.465
703.4000       -999.072    -1010.601       11.529   462.1      0.224     -0.582      0.823      0.374      0.393     -0.423
703.6000       -999.128    -1009.951       10.823   433.8      0.592      0.330      1.396     -0.584     -0.030      0.770
703.8000       -998.443    -1009.302       10.859   435.3      1.498      0.227      0.330      0.090     -0.237     -0.048
704.0000       -998.689    -1009.682       10.992   440.6     -0.360      0.281     -0.752     -0.369     -0.148     -0.129
704.2000       -998.169    -1009.582       11.413   457.5     -0.353     -0.098      0.278      0.649      0.012      0.005
704.4000       -999.808    -1009.539        9.731   390.1      0.524      0.312      0.200      0.378     -0.721     -0.105
704.6000      -1000.823    -1010.375        9.553   382.9      0.468      1.826      0.111     -0.361      0.010     -0.091
704.8000      -1000.096    -1009.823        9.727   389.9      1.492      0.511      0.840      0.125      0.634      0.628
705.0000       -999.457    -1011.080       11.623   465.9     -0.087      0.868      0.714     -0.485     -0.391      0.814
705.2000      -1000.343    -1010.708       10.365   415.5      0.721      0.545      0.850     -0.118      0.250      0.331
705.4000      -1000.732    -1010.951       10.219   409.6     -0.096      0.885     -0.033      0.061     -0.229      0.651
705.6000      -1001.673    -1011.631        9.958   399.1      0.432      0.169     -0.573      0.655      0.236     -0.088
705.8000      -1000.548    -1011.545       10.997   440.8      0.794      0.450      0.390      0.343     -0.224     -0.221
706.0000      -1000.055    -1010.664       10.609   425.3     -0.079      0.488     -0.326     -0.133     -0.286     -0.310
706.2000      -1000.716    -1010.997       10.280   412.1     -0.908     -0.102     -0.537     -0.293      0.337      0.476
706.4000      -1000.471    -1011.155       10.685   428.3      0.295      1.329      0.475      0.157     -0.802      0.192
706.6000      -1002.177    -1011.069        8.891   356.4     -0.214     -0.292      0.557     -0.538     -0.531     -0.069
706.8000      -1002.117    -1011.152        9.036   362.2      0.046     -0.388      1.085     -0.241     -0.001      0.369
707.0000      -1000.530    -1010.854       10.324   413.8      0.051      0.182      0.749     -0.102     -0.276      0.417
707.2000      -1000.262    -1010.255        9.993   400.6      0.527     -0.035      0.305     -0.168     -0.594      0.562
707.4000       -999.735    -1010.355       10.620   425.7      0.949      0.730      0.623     -0.013      0.231      0.279
707.6000      -1000.911    -1010.595        9.684   388.2      0.203      0.582      1.114     -0.796      0.470     -0.668
707.8000      -1001.690    -1011.304        9.614   385.4     -0.284     -1.295      0.461      0.171     -0.001     -0.110
708.0000      -1000.772    -1011.387       10.616   425.5      0.200      0.698      0.895     -0.066     -0.306     -0.530
708.2000      -1001.052    -1012.110       11.058   443.3      0.597     -0.261     -0.481     -0.213      0.230     -0.405
708.4000      -1000.750    -1011.340       10.590   424.5      1.899      0.377     -0.017      0.303      0.979     -0.076
708.6000      -1000.971    -1012.126       11.155   447.1      0.650      0.432     -0.315      0.189      0.172     -0.145
708.8000      -1001.912    -1011.815        9.902   396.9      0.359     -0.015      0.502     -0.284      0.165     -0.208
709.0000      -1002.480    -1012.001        9.521   381.6      1.465      0.976      0.586     -0.125     -0.060      0.493
709.2000      -1002.923    -1011.811        8.888   356.3     -0.730      0.579     -0.170      0.606      0.535      0.107
709.4000      -1002.459    -1012.582       10.122   405.7     -0.007     -0.128      0.463     -0.034      0.074      0.270
709.6000      -1003.243    -1013.167        9.925   397.8      0.173     -0.180      0.422      0.343      0.111      0.815
709.8000      -1003.999    -1013.430        9.431   378.0      1.748      0.665      0.408     -0.902     -0.194     -0.654
710.0000      -1002.772    -1011.546        8.774   351.7      1.072     -0.029      0.715     -0.109      0.035      0.568
710.2000      -1003.077    -1013.093       10.015   401.5      0.735      0.251      0.824     -0.456      0.522     -0.460
710.4000      -1003.708    -1013.309        9.602   384.9      0.638      0.875      0.392      0.376     -0.236      0.024
710.6000      -1002.878    -1012.454        9.575   383.8      0.769      1.125      0.894     -0.027      0.225     -0.759
710.8000      -1002.913    -1012.986       10.073   403.8      0.741      0.307      0.058     -0.030      0.076      0.102
711.0000      -1001.918    -1012.337       10.418   417.6     -1.007     -0.347     -0.535      0.442     -0.491     -0.294
711.2000      -1003.492    -1012.901        9.409   377.1      0.227      1.045      0.550     -0.091     -1.008      0.373
711.4000      -1002.532    -1011.797        9.265   371.4      1.554      0.640      0.590      0.291     -0.161     -0.184
711.6000      -1002.734    -1012.089        9.354   375.0      0.269      0.184      0.623     -0.565     -0.292      0.308
711.8000      -1001.126    -1010.904        9.778   392.0      1.104      0.439      0.796     -0.048      0.294     -0.214
712.0000      -1000.491    -1010.456        9.964   399.4     -0.189     -0.945     -1.107     -0.525      0.333     -0.256
712.2000       -999.222    -1009.756       10.534   422.3     -0.142      1.139      0.479      0.531      0.185     -0.212
712.4000       -999.979    -1010.765       10.787   432.4     -0.026     -0.453      0.334     -0.014      0.093     -0.280
712.6000      -1000.794    -1010.377        9.583   384.1      1.636      1.076      1.283     -0.061     -0.240      0.031
712.8000      -1001.318    -1011.691       10.373   415.8      0.724      0.767     -0.061     -0.009      0.040      0.041
713.0000      -1001.827    -1012.754       10.927   438.0     -0.419      0.477      1.103     -0.415      0.093      0.156
713.2000      -1002.129    -1011.657        9.527   381.9      0.291      1.351      0.970     -0.237      0.313      0.109
713.4000      -1002.066    -1011.620        9.554   383.0      0.118      0.183      0.591      0.008     -0.272     -0.022
713.6000      -1002.065    -1012.390       10.325   413.9     -0.515     -0.553      1.082      0.294     -0.237     -0.281
713.8000      -1001.043    -1010.903        9.860   395.2     -0.650      0.430      0.653      0.371     -0.354     -0.151
714.0000       -999.788    -1010.393       10.605   425.1      0.666     -0.197      1.170      0.040     -0.678      0.310
714.2000      -1000.916    -1011.259       10.343   414.6     -0.323      0.054     -0.103     -0.019     -0.134     -0.224
714.4000      -1002.455    -1012.513       10.058   403.2      0.352     -0.251      0.354      0.545     -0.034     -0.241
714.6000      -1000.531    -1010.346        9.815   393.4     -0.217      0.177      0.561      0.012     -0.197     -0.105
714.8000      -1001.197    -1011.639       10.442   418.6      0.852      0.462      0.832     -0.118     -0.180      0.077
715.0000      -1001.348    -1011.294        9.946   398.7     -0.664      0.565     -0.023     -0.414     -0.285     -0.154
715.2000      -1000.742    -1011.066       10.325   413.9      0.268      0.339      0.583     -0.287     -0.597     -0.234
715.4000       -999.916    -1011.906       11.990   480.6     -0.694     -0.671     -0.042      0.069      0.015      0.203
715.6000      -1000.345    -1011.007       10.661   427.4      0.511      0.078      1.287      0.234     -0.444      0.080
715.8000       -999.933    -1009.797        9.865   395.4     -0.098      0.077      1.210      0.255      0.144      0.229
716.0000      -1000.439    -1010.251        9.812   393.3      0.027      0.373     -0.703     -0.101     -0.000     -0.703
716.2000      -1001.698    -1011.261        9.562   383.3      0.791      0.014     -0.045      0.075      0.155     -0.265
716.4000      -1001.713    -1011.405        9.693   388.5      1.067      0.531      0.191     -0.270      0.280     -0.036
716.6000      -1002.137    -1011.337        9.199   368.7      1.052      1.528      1.152     -0.119     -0.266      0.287
716.8000      -1003.225    -1011.914        8.688   348.3      0.377     -0.024     -0.324      0.501     -0.359     -0.808
717.0000      -1002.940    -1012.249        9.310   373.2      0.332      0.835     -0.115      0.619      0.478     -0.276
717.2000      -1002.719    -1012.693        9.974   399.8     -0.483      0.373      0.675      0.150     -0.251     -0.561
717.4000      -1003.219    -1012.016        8.796   352.6     -0.167     -0.201     -0.831     -0.592     -0.442     -0.192
717.6000      -1002.399    -1011.977        9.578   383.9      0.251      0.754      0.358      0.697      0.512     -0.141
717.8000      -1001.546    -1011.178        9.632   386.1      0.214      0.255      0.378      0.428      0.167      0.184
718.0000      -1002.082    -1011.025        8.943   358.5      1.382      0.911      1.021      0.170     -0.307      0.302
718.2000      -1001.324    -1011.797       10.473   419.8      0.256      0.296      0.776      0.337     -0.339     -0.270
718.4000      -1002.232    -1011.322        9.090   364.4     -0.493     -0.254     -0.309      0.324     -0.150      0.317
718.6000      -1002.937    -1011.197        8.260   331.1      0.701      1.041      1.141      0.064      0.440      0.218
718.8000      -1002.611    -1011.795        9.185   368.2      0.196      0.292     -0.145      0.140     -0.002     -0.040
719.0000      -1001.331    -1011.983       10.651   427.0      1.192      0.971      0.578     -0.002      0.021     -0.461
719.2000      -1002.284    -1012.276        9.992   400.5     -0.506     -0.427     -0.096      0.004     -0.316     -0.122
719.4000      -1003.234    -1012.282        9.048   362.7      0.926      0.316      0.826     -0.403     -0.030      0.131
719.6000      -1002.910    -1012.207        9.297   372.7      0.371     -0.249      0.653      0.056      0.502      0.459
719.8000      -1002.737    -1012.873       10.135   406.3      1.177      0.584      1.491      0.360     -0.333     -0.585
720.0000      -1003.293    -1012.819        9.526   381.9      0.208      0.600      1.090     -0.096     -0.732      0.048
720.2000      -1003.872    -1013.294        9.422   377.7      0.031     -0.606     -0.140     -0.501      0.098     -0.339
720.4000      -1001.344    -1011.202        9.857   395.1     -0.161     -0.157      0.235      0.005      0.189     -0.074
720.6000      -1001.547    -1011.139        9.592   384.5      0.099     -0.015      1.268     -0.203      0.570     -0.222
720.8000      -1002.188    -1011.832        9.644   386.6      1.213      0.409      0.072     -0.419     -0.056     -0.186
721.0000      -1002.217    -1011.441        9.224   369.7     -0.142      1.937      0.473     -0.715     -0.599     -0.202
721.2000      -1001.000    -1011.506       10.507   421.2     -0.568     -0.010     -0.436      0.230      0.371     -0.231
721.4000      -1000.351    -1010.366       10.015   401.4     -0.060      0.232      0.708      0.102     -0.109     -0.187
721.6000      -1000.408    -1010.209        9.800   392.8      0.711      1.395      0.509     -0.030      0.460      0.527
721.8000      -1001.044    -1011.412       10.368   415.6      0.628      0.495      0.593      0.566     -0.339      0.087
722.0000      -1001.929    -1011.955       10.026   401.9      0.118      0.011      0.530      0.227     -0.654      0.400
722.2000      -1002.770    -1012.040        9.270   371.6      0.407      0.685     -0.459     -0.274      0.031      0.373
722.4000      -1002.936    -1012.001        9.065   363.4      1.230      0.391      1.319      0.301      0.162     -0.209
722.6000      -1001.625    -1011.156        9.531   382.1      0.013     -0.641     -0.047     -0.423      0.267     -0.231
722.8000      -1001.262    -1010.923        9.661   387.2      0.371      0.611      0.663     -0.123     -0.156      0.097
723.0000      -1000.660    -1010.529        9.869   395.6      0.575      0.296      0.767      0.861      0.183     -0.309
723.2000      -1000.326    -1011.570       11.244   450.7      1.040      0.959      0.734     -0.355      0.522     -0.572
723.4000       -999.918    -1010.639       10.721   429.7     -0.355     -1.076      0.007     -0.295      0.215     -0.372
723.6000      -1000.611    -1009.961        9.349   374.8     -0.812     -0.161     -0.159      0.509     -0.062     -0.478
723.8000       -999.898    -1010.524       10.626   426.0     -0.303     -0.511      0.690     -0.090     -0.158      0.786
724.0000      -1000.292    -1010.420       10.128   406.0      0.180      1.564      1.559     -0.093      0.140     -0.001
724.2000      -1000.561    -1011.076       10.515   421.5      0.273     -1.146     -0.456     -0.142      0.282      0.195
724.4000      -1001.115    -1010.596        9.481   380.0      0.681      0.131      0.347     -0.142      0.309     -0.528
724.6000      -1000.770    -1011.317       10.547   422.8     -0.242      0.394     -0.223      0.057     -0.018     -0.205
724.8000      -1000.388    -1011.170       10.781   432.2     -0.088     -0.038     -0.084      0.019     -0.187     -0.049
725.0000      -1000.214    -1010.400       10.186   408.3      0.582      0.434      0.376      0.128     -0.068     -0.021
725.2000       -999.778    -1010.094       10.316   413.5      1.222      0.529      0.134     -0.237     -0.014      0.639
725.4000      -1000.032    -1010.348       10.316   413.5      0.606     -0.160     -0.162      0.537     -0.322      0.326
725.6000      -1001.131    -1010.628        9.497   380.7      1.055      0.446      0.119      0.135      0.285     -0.083
725.8000      -1000.632    -1010.506        9.874   395.8      0.333      0.525      0.192      0.476     -0.249      0.539
726.0000      -1000.559    -1011.108       10.549   422.9      0.651      1.092      0.613      0.035      0.102      0.056
726.2000      -1000.503    -1010.849       10.345   414.7      0.636     -0.433      0.171      0.877      0.311      0.006
726.4000      -1002.282    -1012.027        9.745   390.6      1.879      1.359      1.078     -0.193     -0.181      0.105
726.6000      -1002.530    -1012.506        9.977   399.9      0.849      0.575     -0.424     -0.636     -0.390      0.073
726.8000      -1002.316    -1012.337       10.021   401.7     -0.382     -0.326      0.238      0.015      0.078     -0.409
727.0000      -1000.960    -1011.635       10.675   427.9      0.241     -0.499      1.039      0.229     -0.069      0.006
727.2000      -1000.639    -1010.743       10.104   405.0      0.797      0.157      1.020      0.141     -0.164      0.358
727.4000      -1000.598    -1010.673       10.075   403.8      1.286     -0.162      0.427      0.071      0.339     -0.277
727.6000      -1000.975    -1010.879        9.904   397.0      0.621      0.838      1.716     -0.683      0.377     -0.472
727.8000      -1001.385    -1011.400       10.014   401.4      1.130      0.856      0.207      0.101      0.579      0.189
728.0000      -1000.332    -1011.371       11.040   442.5      1.374      0.961      0.551      0.072     -0.401     -0.203
728.2000      -1000.575    -1011.409       10.834   434.3      0.172      0.758     -0.000      0.535      0.141     -0.431
728.4000      -1001.862    -1011.206        9.344   374.5     -0.361      0.380     -0.900      0.718      0.312      0.230
728.6000      -1001.334    -1012.174       10.840   434.5     -1.024     -0.166     -0.830     -0.829      0.569     -0.169
728.8000      -1000.643    -1010.777       10.135   406.2     -0.950      1.380      0.473      0.219      0.371     -0.282
729.0000      -1000.075    -1011.517       11.442   458.6      0.230      0.301      0.797      0.095      0.647      0.121
729.2000      -1000.995    -1011.626       10.630   426.1      0.636     -0.653     -0.490      0.664     -0.187     -0.230
729.4000      -1001.374    -1011.869       10.495   420.7      0.233     -0.456     -0.245     -0.095      0.003      0.158
729.6000      -1001.274    -1011.251        9.976   399.9      0.803      0.663     -0.265      0.285     -0.008     -0.037
729.8000      -1001.426    -1011.146        9.720   389.6      1.109      1.224      1.063     -0.504      0.844     -0.173
730.0000      -1002.040    -1010.748        8.708   349.0      0.047      0.506      0.445      0.102     -0.525      0.279
730.2000      -1000.852    -1011.582       10.730   430.1      0.160     -0.005      0.192     -0.448     -0.185     -0.767
730.4000      -1000.537    -1011.319       10.782   432.2      1.136      0.549      1.025      0.047     -0.795      0.143
730.6000       -999.476    -1010.540       11.064   443.5      0.005     -0.740     -1.020     -0.109     -0.194      0.146
730.8000      -1001.107    -1011.992       10.885   436.3     -0.584     -0.076      0.186     -0.099     -0.147      0.402
731.0000      -1002.344    -1012.310        9.965   399.5     -0.956      0.342      0.164     -0.016      0.047      0.467
731.2000      -1002.541    -1011.777        9.236   370.2     -0.404      0.579      0.116     -0.042     -0.391      0.017
731.4000      -1001.844    -1010.915        9.072   363.6      0.757      0.555      0.738     -0.271     -0.232     -0.156
731.6000      -1002.684    -1011.440        8.756   351.0     -0.893     -0.456     -0.024      0.500     -0.264      0.119
731.8000      -1002.783    -1012.522        9.738   390.4     -0.509      0.378     -0.182      0.050      0.135     -0.291
732.0000      -1001.918    -1011.489        9.571   383.7      0.133      0.443      0.470     -0.066     -0.195     -0.550
732.2000      -1002.303    -1011.752        9.450   378.8      0.264      0.714      0.414      0.110     -0.201     -0.370
732.4000      -1002.307    -1011.255        8.949   358.7      0.968     -0.200      0.527      0.654     -0.156     -0.044
732.6000      -1001.824    -1011.526        9.702   388.9     -0.428      0.498      0.917     -0.272      0.224     -0.625
732.8000      -1001.372    -1010.774        9.402   376.9      0.262      1.069     -0.802     -0.011      0.592      0.028
733.0000      -1001.824    -1011.656        9.832   394.1     -0.226      0.652      0.505      0.473      0.509     -0.168
733.2000      -1001.597    -1011.366        9.770   391.6      0.757      0.449      0.910      0.166      0.335     -0.301
733.4000      -1000.994    -1010.835        9.841   394.5      0.375      0.284     -0.098     -0.401     -0.527     -0.258
733.6000      -1001.096    -1010.754        9.658   387.1      0.331      1.223     -0.539      0.479      0.454      0.104
733.8000      -1000.542    -1010.271        9.728   390.0     -0.189      0.784      0.228     -0.349      0.162     -0.021
734.0000       -998.972    -1010.467       11.495   460.8     -0.041     -0.911     -0.478     -0.120      0.138     -0.692
734.2000      -1001.336    -1011.438       10.102   404.9      0.621      0.715      0.166     -0.160      0.065      0.009
734.4000      -1000.547    -1010.607       10.060   403.2      0.561      0.421      0.667      0.301      0.182     -0.442
734.6000      -1001.027    -1011.248       10.221   409.7      0.834      0.150      1.542      0.207     -0.502      0.241
734.8000      -1001.127    -1011.597       10.470   419.7      0.146      0.246      0.357     -0.388     -0.283      0.458
735.0000       -999.708    -1010.889       11.180   448.2     -0.702      0.046     -0.883      0.565      0.565      0.283
735.2000      -1001.110    -1011.255       10.145   406.6      0.127      0.190      0.185     -1.219     -0.520     -0.511
735.4000      -1000.972    -1011.167       10.195   408.7     -0.299     -1.078     -0.371      0.332     -0.145     -0.479
735.6000      -1000.857    -1011.123       10.266   411.5     -0.470     -0.791     -0.138      0.033     -0.354     -0.016
735.8000       -999.628    -1010.337       10.709   429.3     -0.348      0.235     -0.061      0.137      0.110     -0.969
736.0000      -1000.112    -1010.780       10.668   427.6      1.299     -0.203     -0.477     -0.500     -0.382     -0.098
736.2000      -1000.680    -1010.286        9.607   385.1      1.730      0.280      0.988     -0.222      0.306      0.355
736.4000      -1001.066    -1010.084        9.018   361.5      1.065      0.209      0.615     -0.360      0.479      0.468
736.6000      -1000.125    -1011.008       10.883   436.2      0.005     -0.410      0.046     -0.315      0.435     -0.022
736.8000      -1000.937    -1010.884        9.948   398.7      0.782      1.203      1.091     -0.143      0.001     -0.068
737.0000      -1000.655    -1010.772       10.117   405.5      1.132      1.289     -0.279     -0.166     -0.089      0.470
737.2000      -1000.969    -1010.955        9.986   400.3      0.718      0.244      0.206      0.578     -0.135     -0.000
737.4000      -1001.730    -1012.046       10.316   413.5      0.687     -0.663     -0.113      0.526      0.444     -0.344
737.6000      -1001.736    -1010.587        8.851   354.8      0.395      1.015      0.594     -0.152      0.385      0.475
737.8000      -1001.190    -1011.541       10.352   415.0      0.657      0.150      0.201      0.623     -0.561     -0.235
738.0000      -1001.614    -1011.552        9.938   398.4     -0.565      1.035      0.281     -0.289     -0.192      0.249
738.2000      -1001.071    -1011.547       10.475   419.9      0.478      0.658      0.860      0.366     -0.376      0.455
738.4000      -1001.222    -1011.387       10.165   407.5     -0.038      1.912      0.643     -0.215     -0.144     -0.564
738.6000      -1001.178    -1011.627       10.449   418.9      1.889      0.233     -0.446     -0.502     -0.028     -0.155
738.8000      -1002.382    -1011.812        9.431   378.0     -0.376      0.520     -0.388     -0.079     -0.087     -0.457
739.0000      -1001.240    -1010.851        9.611   385.3      0.379      0.344     -0.836     -0.048      0.422     -0.221
739.2000      -1000.531    -1011.104       10.574   423.8     -0.132      0.634      0.958      0.149     -1.107     -0.293
739.4000      -1001.741    -1011.229        9.489   380.3      0.477      0.218      0.720     -0.043      0.561      0.345
739.6000      -1001.531    -1011.903       10.372   415.8     -0.252      1.262      0.200     -0.580     -0.181      0.241
739.8000      -1000.417    -1011.340       10.923   437.9      1.162      0.307      0.619      0.115      0.392      0.503
740.0000      -1001.357    -1011.848       10.491   420.5      0.300     -0.048     -0.540      0.587     -0.548     -0.016
740.2000      -1002.160    -1011.717        9.556   383.1      0.762      0.522      1.229      0.048      0.532      0.405
740.4000      -1002.271    -1011.976        9.705   389.0      2.066      0.626      2.588     -0.461     -0.114     -0.313
740.6000      -1003.187    -1012.357        9.170   367.6     -0.018      0.559      0.690     -0.484     -0.164      0.124
740.8000      -1004.590    -1013.564        8.975   359.8     -0.033      0.419      0.645     -0.663      0.390      0.439
741.0000      -1003.716    -1012.367        8.651   346.8      0.714      0.243     -0.310     -0.030      0.289     -0.352
741.2000      -1002.825    -1012.355        9.530   382.0      0.294      1.259     -0.159     -0.191     -0.282      0.285
741.4000      -1002.237    -1011.690        9.453   378.9      0.518      0.086     -0.430      0.677     -0.351      0.167
741.6000      -1002.141    -1012.383       10.242   410.6      0.736      0.476      0.919      0.420     -0.084      0.028
741.8000      -1001.054    -1011.006        9.952   398.9      0.655      1.010      1.319      0.191     -0.162     -0.248
742.0000      -1001.832    -1011.001        9.169   367.6      1.597      1.359      1.035     -0.353     -0.391      0.306
742.2000      -1002.592    -1011.927        9.335   374.2     -0.573      0.357     -0.701      0.331     -0.556     -0.086
742.4000      -1002.331    -1011.734        9.403   376.9      0.412     -0.087      0.412      0.005      0.798     -0.208
742.6000      -1002.229    -1011.394        9.165   367.4      0.426      0.126      0.608     -0.039      0.189      0.027
742.8000      -1002.560    -1011.602        9.043   362.5      1.469      0.710      0.512     -0.543      0.628     -0.228
743.0000      -1002.831    -1011.631        8.800   352.8      0.406      0.307     -0.470      0.592     -0.378     -0.793
743.2000      -1002.010    -1012.509       10.498   420.8      0.353      1.014     -0.296     -0.056     -0.093     -0.084
743.4000      -1002.727    -1012.837       10.110   405.3     -1.008     -0.425      0.326      0.180      0.363      0.318
743.6000      -1002.863    -1012.145        9.282   372.1      0.874      1.050      0.246     -0.017      0.107      0.265
743.8000      -1003.056    -1012.084        9.028   361.9      0.474      0.115     -0.477     -0.157     -0.242      0.185
744.0000      -1003.194    -1012.604        9.411   377.2     -0.161     -0.354      0.468      0.229      0.475      0.227
744.2000      -1003.097    -1012.169        9.072   363.7     -0.767     -0.369      1.042     -0.234     -0.097      0.794
744.4000      -1003.216    -1011.960        8.743   350.5      0.717      0.724      0.843      0.257      0.190      0.058
744.6000      -1003.076    -1012.947        9.871   395.7      0.927      1.629      0.879      0.372     -0.743      0.628
744.8000      -1003.524    -1012.974        9.451   378.8      0.832      0.036      0.244     -0.126     -0.048      0.021
745.0000      -1003.140    -1012.083        8.943   358.5      1.002      0.483      0.057      0.182      0.153     -0.324
745.2000      -1002.479    -1012.054        9.575   383.8      0.439     -0.101      0.043     -0.175     -0.527      0.097
745.4000      -1002.316    -1012.241        9.925   397.9     -0.088      0.127      0.059     -0.041     -0.198      0.277
745.6000      -1003.670    -1013.122        9.452   378.9     -0.024      0.263     -0.694     -0.536     -0.099      0.234
745.8000      -1002.193    -1011.610        9.417   377.5      1.533     -0.488      0.136     -0.131      0.098      0.465
746.0000      -1002.711    -1012.144        9.433   378.1      0.373      1.395      1.005      0.215      0.265     -0.302
746.2000      -1001.433    -1011.009        9.576   383.9     -0.891      0.255      0.728     -0.080      0.347     -0.340
746.4000      -1001.803    -1012.147       10.344   414.6      1.011     -0.252      0.328      0.262     -0.051      0.100
746.6000      -1001.994    -1012.732       10.738   430.4      0.944      0.085     -0.325     -0.138     -0.239      0.160
746.8000      -1002.185    -1011.586        9.401   376.8      0.188      0.508      0.017     -0.167      0.219     -0.544
747.0000      -1002.271    -1012.018        9.747   390.7      1.157      0.182      0.504      0.127      0.390      0.272
747.2000      -1001.666    -1011.637        9.971   399.7      0.194      0.203      0.741      0.133     -0.635      0.373
747.4000      -1001.562    -1011.569       10.008   401.2     -1.096     -0.599      0.113     -0.444      0.147     -0.093
747.6000      -1000.843    -1011.550       10.707   429.2      0.329      0.370      0.736      0.536      0.278     -0.039
747.8000      -1001.479    -1011.482       10.003   401.0      0.669     -0.752     -0.217      0.712      0.643     -0.075
748.0000      -1002.070    -1011.814        9.744   390.6     -0.635      1.569      1.375      0.773      0.251     -0.204
748.2000      -1000.697    -1011.649       10.952   439.0     -0.163     -0.033     -0.437     -0.751      0.527     -0.225
748.4000      -1001.082    -1010.933        9.852   394.9      0.830      0.644      0.562     -0.248      0.494     -0.189
748.6000      -1001.415    -1011.416       10.001   400.9     -0.197      0.192     -0.008     -0.140     -0.077      0.286
748.8000      -1002.276    -1011.843        9.567   383.5      0.016     -0.559     -0.404      0.139     -0.439      0.087
749.0000      -1001.368    -1011.965       10.597   424.8      0.222     -0.090     -0.391      0.057     -0.151      0.100
749.2000      -1001.556    -1011.554        9.998   400.8      0.705      0.831     -0.077      0.018      0.689     -0.423
749.4000      -1001.293    -1011.692       10.399   416.8      0.272     -0.334      0.061      0.262     -0.101     -0.161
749.6000      -1000.738    -1010.526        9.788   392.4      0.371      0.169      0.019     -0.725      0.675     -0.099
749.8000      -1000.240    -1010.244       10.003   401.0      0.338     -0.215     -0.020     -0.532     -0.381      0.834
750.0000       -999.551    -1010.673       11.122   445.8     -0.077      0.158     -0.073      0.077      0.224      0.116
750.2000      -1000.495    -1011.261       10.766   431.5     -0.066      0.233      0.619      0.388     -0.637      0.468
750.4000      -1000.785    -1011.630       10.844   434.7      0.544      0.404      1.163      0.093      0.225      0.742
750.6000      -1000.869    -1011.047       10.178   408.0      0.407      0.248     -0.260      0.436     -0.703     -0.131
750.8000      -1000.320    -1012.232       11.913   477.5     -0.443     -0.567     -0.045     -0.454      0.256      0.423
751.0000      -1000.261    -1011.051       10.789   432.5      0.625      1.228     -0.451     -0.453     -0.488      0.575
751.2000      -1001.087    -1011.879       10.792   432.6      0.912     -0.366     -0.032     -0.244     -0.060     -0.103
751.4000      -1002.721    -1012.139        9.418   377.5     -0.362     -0.019      1.031      0.258     -0.127     -0.357
751.6000      -1001.643    -1012.069       10.426   417.9      0.597      1.184      1.365      0.253     -0.040     -0.149
751.8000      -1002.344    -1012.075        9.732   390.1     -0.446      1.313      0.734      0.386      0.500      0.155
752.0000      -1003.483    -1013.058        9.575   383.8      0.140      0.433      0.061     -0.018     -0.257      0.135
752.2000      -1002.607    -1012.494        9.887   396.3      1.359      0.477      0.367      0.356     -0.223     -0.705
752.4000      -1002.015    -1012.075       10.060   403.3      0.908      0.487      0.635      0.403      0.597      0.617
752.6000      -1002.325    -1012.389       10.064   403.4      0.968      1.495      0.757     -0.121      0.353      0.491
752.8000      -1001.940    -1011.776        9.836   394.3      0.724      0.240      0.780      0.007     -0.399      0.034
753.0000      -1000.962    -1011.729       10.766   431.6      0.678     -0.445     -0.544      0.180      0.604      0.056
753.2000      -1000.286    -1010.848       10.563   423.4      0.601      0.815      0.563      0.190     -0.444      0.088
753.4000      -1000.069    -1010.789       10.719   429.7      0.308     -0.310     -0.077      0.169     -0.160     -0.026
753.6000      -1001.021    -1011.292       10.271   411.7      0.628      1.200      1.588     -0.016     -0.339     -0.092
753.8000      -1001.667    -1011.437        9.771   391.7      1.755      1.495      0.320      0.436      0.599      0.404
754.0000      -1001.896    -1011.410        9.514   381.4     -0.067      0.318      0.727     -0.414     -0.484      0.358
754.2000      -1001.566    -1011.778       10.211   409.3      0.945      0.002      0.436      0.683     -0.073     -0.443
754.4000      -1002.275    -1013.388       11.113   445.5      0.497     -0.113      0.175     -0.199     -0.353     -0.053
754.6000      -1002.052    -1011.807        9.755   391.0     -0.133      0.474      0.190     -0.087      0.305     -0.077
754.8000      -1000.295    -1011.585       11.290   452.5      0.208     -0.013     -0.053      0.079     -0.320      0.801
755.0000      -1000.587    -1010.525        9.938   398.4      1.201      0.545     -0.363     -0.253      0.164      0.102
755.2000      -1001.073    -1011.365       10.291   412.5      0.027      0.151      0.481     -0.043      0.808      0.321
755.4000      -1001.204    -1011.096        9.892   396.5      1.499      0.521     -0.009      0.049     -0.209      0.299
755.6000      -1001.073    -1010.635        9.561   383.3     -0.170     -0.306      0.121      0.137      0.207     -0.350
755.8000      -1001.184    -1011.752       10.568   423.6     -0.357     -0.650     -0.686     -0.036     -0.363     -0.068
756.0000      -1002.976    -1012.264        9.287   372.3     -0.096      0.869     -0.037      0.367      0.038      0.032
756.2000      -1003.278    -1013.396       10.118   405.6      0.338     -0.000     -0.757     -0.248     -0.034      0.103
756.4000      -1001.060    -1010.680        9.620   385.6      0.527      0.725      0.435     -0.548      0.150      0.080
756.6000       -999.958    -1010.756       10.798   432.8      1.009      0.036      0.760      0.105     -0.617      0.473
756.8000      -1000.314    -1009.777        9.462   379.3      1.640      0.141     -0.021      0.021     -0.013      0.276
757.0000       -999.669    -1010.664       10.995   440.7     -0.065      1.223      1.802     -0.110     -0.566      0.542
757.2000      -1000.630    -1010.976       10.346   414.7      1.039      0.601      1.169      0.850     -0.060      0.264
757.4000      -1001.199    -1011.910       10.711   429.4     -0.057      1.059     -0.352      0.216      0.359      0.055
757.6000      -1002.636    -1011.834        9.198   368.7      1.172     -0.207      0.267      0.583     -0.099      0.342
757.8000      -1002.383    -1012.550       10.168   407.6     -0.408      0.658      0.305     -0.207      0.360     -0.459
758.0000      -1003.500    -1013.407        9.908   397.1      0.499      0.449     -1.320     -0.868      0.249      0.296
758.2000      -1003.820    -1013.861       10.041   402.5      0.588      0.182      0.655     -0.038     -0.513     -0.361
758.4000      -1003.382    -1012.300        8.918   357.5      0.251      0.791      1.347      0.108     -0.350     -0.426
758.6000      -1001.708    -1011.242        9.535   382.2      0.382     -0.204      0.042      0.092      0.361     -0.210
758.8000      -1001.805    -1012.016       10.211   409.3      0.083     -0.849      0.393     -0.124     -0.173      0.021
759.0000      -1001.439    -1011.887       10.448   418.8     -0.251     -0.390     -0.760     -0.631     -0.216      0.130
759.2000      -1002.231    -1012.629       10.397   416.8      1.186      0.656      0.877      0.094     -0.021     -0.039
759.4000      -1003.548    -1012.857        9.309   373.1      0.226      0.563      0.326     -0.311     -0.134     -0.005
759.6000      -1004.314    -1013.349        9.035   362.2      0.065      0.208     -0.340     -0.021     -0.355      0.569
759.8000      -1003.613    -1012.460        8.847   354.6      0.709     -0.943      0.090     -0.072      0.659      0.241
760.0000      -1002.894    -1012.477        9.583   384.2      2.019      0.114      0.994     -0.156     -0.137     -0.011
760.2000      -1003.379    -1013.162        9.783   392.2      1.526      1.145      0.682      0.145      0.437      0.019
760.4000      -1001.650    -1011.906       10.256   411.1      0.611      0.136     -0.183     -0.392     -0.082      0.088
760.6000      -1002.075    -1011.956        9.881   396.1     -0.335     -0.919     -1.152     -0.101      0.265     -0.168
760.8000      -1002.137    -1011.963        9.826   393.9     -0.875      0.284      0.139     -0.140      0.126      0.058
761.0000      -1002.365    -1012.653       10.288   412.4     -0.140     -0.591      0.271     -0.630      0.183      0.164
761.2000      -1002.521    -1012.483        9.962   399.3     -0.911     -0.035     -0.575      0.029      0.778     -0.021
761.4000      -1002.595    -1012.152        9.557   383.1      0.064      0.130      0.804      0.267     -0.063     -0.366
761.6000      -1002.109    -1012.563       10.454   419.0      0.253      0.509     -0.165      0.052     -0.430     -0.373
761.8000      -1001.867    -1013.207       11.340   454.6     -0.573      0.369      0.846     -0.847      0.161      0.028
762.0000      -1002.315    -1012.302        9.987   400.3     -0.491      0.631      0.858     -0.125     -0.339      0.313
762.2000      -1002.071    -1011.521        9.450   378.8     -0.441      0.956      0.310     -0.213     -0.129      0.042
762.4000      -1001.259    -1011.534       10.275   411.9      0.243      1.322      0.885     -0.189      0.159      0.380
762.6000      -1001.114    -1010.668        9.555   383.0     -0.227     -0.121      1.213     -0.291      0.194     -0.450
762.8000      -1000.369    -1010.875       10.506   421.1      0.560     -0.481      0.258      0.332     -0.147     -0.384
763.0000      -1000.796    -1010.959       10.163   407.4      0.446      1.091      0.644     -0.137      0.392      0.166
763.2000      -1001.128    -1011.434       10.306   413.1     -0.354     -0.801      0.203     -0.249     -0.063     -0.280
763.4000      -1001.777    -1011.700        9.923   397.8      0.073      0.330     -0.467     -0.272     -0.067      0.088
763.6000      -1001.541    -1011.499        9.958   399.1      0.058     -0.223      0.836     -0.073      0.027     -0.268
763.8000      -1001.556    -1011.611       10.056   403.1     -0.312     -0.413      0.831      0.487      0.108     -0.734
764.0000      -1001.839    -1011.091        9.253   370.9      1.464      0.638      0.934      1.277     -0.241     -0.126
764.2000      -1001.186    -1012.061       10.874   435.9     -0.533     -0.487      0.117      0.264      0.282      0.041
764.4000      -1001.211    -1011.133        9.922   397.7      1.427     -0.485      0.059     -0.236      0.096     -0.639
764.6000      -1002.713    -1012.379        9.666   387.5      0.250      0.092      0.028      0.435      0.395     -0.041
764.8000      -1002.114    -1011.477        9.364   375.3      0.202     -0.386      0.177      0.601     -0.139     -0.379
765.0000      -1001.874    -1010.409        8.535   342.1     -0.161      0.915      0.699     -0.093     -0.234     -0.428
765.2000      -1001.137    -1011.330       10.192   408.5      0.810     -0.811      1.283      0.511     -0.244     -0.138
765.4000      -1001.534    -1011.692       10.158   407.2      0.611      0.163      1.055      0.490     -0.001      0.115
765.6000      -1001.018    -1010.843        9.824   393.8      0.805     -0.036      0.518     -0.342      0.340      0.651
765.8000      -1001.820    -1011.827       10.007   401.1      0.679      0.395      0.749      0.151      0.010     -0.107
766.0000      -1002.251    -1012.340       10.089   404.4      0.139     -0.215     -0.340      0.022     -0.059      0.272
766.2000      -1002.649    -1011.639        8.990   360.4     -0.979     -1.001      0.299     -0.443     -0.607     -0.790
766.4000      -1001.781    -1011.911       10.130   406.1      1.075      0.183      0.117      0.795     -0.207     -0.228
766.6000      -1003.027    -1012.103        9.076   363.8      0.414      0.787      0.347     -0.371      0.236      0.177
766.8000      -1000.725    -1010.712        9.986   400.3     -0.298     -0.120      0.911     -0.109      0.375     -0.026
767.0000      -1001.303    -1011.350       10.047   402.7     -0.129     -0.005      0.281      0.615     -0.013     -0.380
767.2000      -1001.120    -1011.339       10.219   409.6      1.166      0.550      0.290     -0.080      0.226      0.754
767.4000      -1000.191    -1010.468       10.277   411.9      0.441      1.669      0.643      0.330      0.023     -0.069
767.6000      -1001.132    -1011.453       10.321   413.7      0.980      0.096      0.707     -0.167     -0.107      0.191
767.8000      -1000.336    -1010.498       10.162   407.3     -0.330      1.036      0.146      0.715      0.064      0.286
768.0000      -1000.140    -1010.555       10.414   417.5     -0.125      0.243     -0.189     -0.072     -0.093      0.365
768.2000      -1000.519    -1010.508        9.989   400.4      0.674      0.703      0.296      0.012     -0.240     -0.019
768.4000      -1001.124    -1011.349       10.225   409.8     -0.869      1.114      0.124      0.308      0.013     -0.207
768.6000      -1002.920    -1012.524        9.604   385.0     -0.155     -0.735     -0.265      0.179      0.261     -0.586
768.8000      -1002.536    -1012.011        9.476   379.8     -0.188      0.326      0.356     -0.142      0.090      0.511
769.0000      -1001.165    -1011.255       10.089   404.4      0.755      0.785      0.266     -0.418     -0.140     -0.448
769.2000      -1001.581    -1011.807       10.226   409.9      0.024     -0.357     -0.059     -0.507      0.067      0.184
769.4000      -1001.893    -1012.047       10.153   407.0      0.584     -0.004      0.715      0.003      0.233      0.778
769.6000      -1002.068    -1011.387        9.320   373.6      0.880      0.844     -0.127     -0.689      0.170      0.275
769.8000      -1001.412    -1011.566       10.154   407.0      0.589      0.385     -0.243      0.111     -0.314     -0.176
770.0000      -1002.655    -1011.331        8.676   347.8      0.383      0.791      0.551     -0.163      0.065      0.088
770.2000      -1001.529    -1011.747       10.218   409.6      0.024      0.543     -0.323      0.135     -0.532     -0.265
770.4000      -1001.504    -1012.117       10.613   425.4      0.176      0.239      0.319     -0.268      0.396     -0.309
770.6000      -1001.708    -1011.545        9.837   394.3      1.052      1.455      1.199      0.425      0.094      0.261
770.8000      -1002.201    -1011.564        9.363   375.3     -0.071      1.280      0.898     -0.169      0.076      0.025
771.0000      -1002.009    -1011.752        9.743   390.5      0.080      0.509      0.918      0.033     -0.389     -0.427
771.2000      -1001.774    -1011.325        9.551   382.9      0.674      0.406      0.424     -0.254     -0.106     -0.376
771.4000       -999.392    -1009.864       10.472   419.8      0.064      0.028      1.154      0.211      0.028      0.037
771.6000      -1000.317    -1010.709       10.391   416.5     -0.018     -1.060     -0.048      0.501      0.563      0.108
771.8000      -1000.117    -1010.849       10.732   430.2      0.662      0.160      0.767      0.283     -0.113     -0.080
772.0000      -1000.746    -1010.972       10.227   409.9      0.938      0.749      1.239      0.401      0.041     -0.266
772.2000      -1000.855    -1010.099        9.244   370.6     -0.016     -0.885      0.184      0.046      0.346     -0.332
772.4000      -1000.131    -1011.071       10.939   438.5      0.121      0.737     -0.117      0.109     -0.302     -0.253
772.6000      -1000.585    -1010.663       10.078   404.0      0.239      0.146      0.266      0.079      0.030      0.119
772.8000      -1001.038    -1010.399        9.361   375.2     -0.439      0.378      0.289      0.277      0.125     -0.277
773.0000      -1001.494    -1010.977        9.483   380.1     -0.112     -0.319     -1.545     -0.344      0.702     -0.318
773.2000      -1001.593    -1010.225        8.632   346.0      0.098      0.248      0.721      0.819     -0.070     -0.925
773.4000      -1000.226    -1011.116       10.891   436.5      0.581      0.318      1.087      0.549     -0.279      0.695
773.6000      -1000.822    -1010.352        9.530   382.0      0.966      0.359      0.750      0.575      0.044     -0.166
773.8000      -1000.126    -1010.890       10.763   431.5      0.082     -0.170     -0.255      0.156     -0.207     -0.167
774.0000      -1000.089    -1010.812       10.723   429.8      0.528      0.397      1.084     -0.155     -0.324      0.110
774.2000       -999.892    -1009.703        9.811   393.3      0.389     -0.202      0.119     -0.195     -0.826      0.543
774.4000       -999.535    -1010.193       10.658   427.2     -0.402     -0.486     -0.293     -0.093     -0.152      0.031
774.6000       -999.875    -1009.625        9.750   390.8      0.322      1.034      0.527      0.478      0.312     -0.341
774.8000      -1000.406    -1010.546       10.140   406.5     -0.060      0.448      0.506      0.077      0.113     -0.555
775.0000      -1000.565    -1010.660       10.095   404.7      1.125      1.126      1.390     -0.146      0.147      0.689
775.2000      -1000.246    -1010.151        9.906   397.1      0.378      1.726      1.048     -0.507      0.015      0.736
775.4000      -1001.123    -1011.592       10.468   419.6     -0.053      0.352      0.173      0.438      0.791     -0.217
775.6000      -1001.491    -1011.276        9.785   392.2     -0.210      0.805     -0.060     -0.237      0.171      0.346
775.8000      -1002.330    -1011.271        8.940   358.4     -0.380      1.006      1.253     -0.638     -0.097     -0.605
776.0000      -1001.099    -1011.580       10.481   420.1      0.605      1.192      0.426      0.921      0.117     -0.282
776.2000      -1001.836    -1011.665        9.829   394.0      0.059      1.107     -0.133      0.192      0.698     -0.105
776.4000      -1000.940    -1011.175       10.234   410.2     -0.401      0.775      0.176      0.417     -0.344     -0.318
776.6000      -1000.684    -1011.167       10.483   420.2      0.146     -0.288      0.677      0.545     -0.521     -0.625
776.8000      -1001.334    -1011.499       10.165   407.5     -0.321     -0.713     -0.340     -0.392     -0.190      0.917
777.0000      -1001.392    -1011.409       10.018   401.6      0.162      0.220     -0.135     -0.161      0.027     -0.218
777.2000      -1001.710    -1011.544        9.835   394.2     -1.055     -0.215     -0.961      0.048     -0.184     -0.435
777.4000      -1001.111    -1011.485       10.374   415.8     -0.116      1.170      0.531     -0.275     -0.458      0.168
777.6000      -1001.002    -1010.568        9.565   383.4     -0.560     -1.548     -1.069     -0.116     -0.134      0.324
777.8000      -1001.164    -1010.991        9.827   393.9      0.084      0.599      0.257      0.165      0.044     -0.007
778.0000      -1000.581    -1011.700       11.119   445.7     -0.125     -0.230     -0.496     -0.392     -0.605      0.195
778.2000      -1000.548    -1011.254       10.706   429.2     -0.169      0.104     -0.181      0.435     -0.565     -0.645
778.4000      -1000.024    -1010.251       10.226   409.9      0.601     -0.170     -0.201     -0.740      0.407      0.362
778.6000      -1001.475    -1010.279        8.803   352.9     -0.214     -0.632     -0.258      0.061     -0.129      0.253
778.8000      -1001.853    -1011.266        9.413   377.3      0.096      0.962     -0.692      0.469      0.449      0.658
779.0000      -1001.439    -1010.931        9.492   380.5     -0.145      0.573      0.053      1.026     -0.320      0.579
779.2000      -1002.831    -1012.108        9.277   371.9      0.113      1.169      0.001     -0.384      0.637      0.187
779.4000      -1000.592    -1011.486       10.894   436.7      0.917      0.123      1.087     -0.512     -0.449      0.532
779.6000      -1000.872    -1011.739       10.867   435.6      0.471     -0.333     -0.155      0.033      0.253     -0.153
779.8000      -1002.103    -1012.065        9.962   399.3      0.662      0.758      1.168      0.265     -0.143     -0.381
780.0000      -1002.287    -1012.545       10.258   411.2     -0.021     -0.035      0.942     -0.062      0.236      0.036
780.2000      -1003.196    -1011.392        8.196   328.5      0.715      0.651      0.032     -0.049      0.238      0.652
780.4000      -1002.265    -1011.660        9.395   376.6      1.023      1.024      0.023     -0.199     -0.372      0.020
780.6000      -1002.231    -1011.456        9.225   369.8      0.725      0.116     -0.834      0.387      0.533      0.878
780.8000      -1002.168    -1010.953        8.785   352.1      1.361      0.863      0.753      0.058     -0.323      0.309
781.0000      -1001.740    -1011.598        9.857   395.1      0.504     -0.241      0.479     -0.345     -0.269      0.004
781.2000      -1002.509    -1012.412        9.902   396.9      1.015      0.234      0.367     -0.339     -0.078      0.106
781.4000      -1002.570    -1011.712        9.142   366.4      0.505      0.012      0.602     -0.116     -0.157      0.704
781.6000      -1002.455    -1012.328        9.873   395.8     -0.064      0.213      0.279     -0.294     -0.030      0.349
781.8000      -1002.110    -1011.912        9.803   392.9      0.945     -0.416      0.612      0.286      0.163     -0.254
782.0000      -1001.455    -1011.184        9.730   390.0      0.565      0.131      0.028      0.106      0.755      0.009
782.2000      -1002.725    -1012.079        9.354   374.9      0.595      0.199     -0.338      0.436     -0.353      0.368
782.4000      -1002.080    -1011.310        9.229   370.0      0.469     -0.720      0.071     -0.234     -0.167      0.034
782.6000      -1002.381    -1012.346        9.965   399.5      0.603      0.001      0.913     -0.082      0.108      0.132
782.8000      -1001.568    -1012.062       10.494   420.7      1.004      0.303     -0.038     -0.151     -0.032     -0.474
783.0000      -1000.880    -1010.892       10.012   401.3      0.950      0.567      0.445      0.183     -0.222      0.295
783.2000      -1001.333    -1010.981        9.648   386.7      0.043     -0.885      0.857      0.618      0.445     -0.103
783.4000      -1000.779    -1010.811       10.032   402.1      1.626      0.778      1.047     -0.325     -0.357     -0.292
783.6000      -1002.189    -1012.250       10.061   403.3      0.468     -0.116     -0.075      0.378      0.310     -0.150
783.8000      -1002.283    -1012.167        9.883   396.2      0.847      0.269      0.561      0.404      0.924      0.463
784.0000      -1001.771    -1012.123       10.352   415.0     -0.239     -0.101      0.259      0.073      0.207     -0.500
784.2000      -1002.497    -1012.434        9.937   398.3     -0.267     -0.543      0.037     -0.127      1.264      0.181
784.4000      -1002.977    -1012.291        9.314   373.4      0.519      0.458      0.103     -0.372     -0.434      0.561
784.6000      -1004.243    -1012.884        8.640   346.3      0.947      0.240     -0.291      0.705     -0.349     -0.244
784.8000      -1002.800    -1012.930       10.130   406.1     -0.090      0.574     -0.727     -0.173     -0.212      0.375
785.0000      -1001.573    -1010.858        9.284   372.2     -0.282      0.535      0.929     -0.718     -0.417     -0.292
785.2000      -1000.693    -1011.797       11.104   445.1      0.326      0.852      0.448      0.033      0.221      0.103
785.4000      -1001.143    -1011.220       10.076   403.9      0.025      0.365      1.044     -0.731     -0.855      0.163
785.6000      -1001.010    -1011.945       10.935   438.3      0.938      0.755      0.981     -0.324      0.326     -0.119
785.8000      -1002.036    -1011.916        9.879   396.0      1.081      0.183      0.548     -0.718     -0.747     -0.272
786.0000      -1001.729    -1011.720        9.992   400.5      0.695      0.580      0.669     -0.320     -0.143     -0.035
786.2000      -1003.147    -1013.109        9.962   399.3      0.193      0.779      0.814     -0.219      0.281      0.096
786.4000      -1003.284    -1013.037        9.753   391.0      0.499      0.413      1.733     -0.525      0.141     -0.708
786.6000      -1001.727    -1011.875       10.149   406.8      1.051     -0.278      0.721      0.320      0.110     -0.786
786.8000      -1002.398    -1011.635        9.237   370.3     -0.676      0.107      0.111      1.100     -0.181     -0.185
787.0000      -1001.273    -1011.413       10.140   406.5      0.023      0.611      1.360      0.459     -0.493      0.823
787.2000      -1001.443    -1012.111       10.668   427.6      0.008     -0.512      0.714     -0.237     -0.298      0.485
787.4000      -1002.414    -1012.291        9.877   395.9      0.144      0.389      0.428      0.669     -0.458      0.073
787.6000      -1002.224    -1011.372        9.149   366.7     -0.551      0.349     -0.016      0.018     -0.358     -0.163
787.8000      -1002.292    -1011.941        9.649   386.8      0.483      0.125      0.404     -0.067      0.122     -0.062
788.0000      -1002.764    -1012.721        9.957   399.1      0.352      0.589      0.455      0.050     -0.723     -0.130
788.2000      -1003.544    -1012.745        9.202   368.8      1.315      1.157      0.629     -0.416     -0.456     -0.107
788.4000      -1002.061    -1013.211       11.149   446.9      0.436      0.216      0.308     -0.010      0.722     -0.388
788.6000      -1003.532    -1012.829        9.297   372.6      0.188      0.518      0.628     -0.396      0.430      0.074
788.8000      -1002.056    -1012.021        9.965   399.4     -0.342     -0.141      0.181     -0.039     -0.457      0.719
789.0000      -1001.147    -1011.187       10.040   402.4     -0.479      0.101      0.374     -0.264      0.728     -0.246
789.2000      -1001.431    -1011.022        9.591   384.5      0.165      0.607      0.136     -0.107     -0.263     -0.309
789.4000      -1001.206    -1011.797       10.591   424.5     -0.208     -1.045     -0.570     -0.033      0.015      0.438
789.6000      -1001.390    -1011.381        9.991   400.5     -0.936     -0.791      0.686     -0.093     -0.347     -0.114
789.8000      -1000.698    -1011.021       10.323   413.8     -0.518     -0.316     -0.494     -0.338     -0.123     -0.152
790.0000       -999.887    -1010.959       11.072   443.8      0.149      0.070      0.865      0.387     -0.630     -0.204
790.2000      -1000.002    -1010.095       10.093   404.6      0.150      1.052     -0.358      0.135     -0.125     -0.318
790.4000       -999.933    -1010.396       10.463   419.4      0.675      0.367     -0.588     -0.309     -0.126     -0.212
790.6000       -999.415    -1009.963       10.548   422.8      0.115      0.613      0.985      0.778     -0.453     -0.306
790.8000       -999.743    -1010.440       10.698   428.8      0.967      0.017      0.324     -0.599      0.273      0.193
791.0000      -1000.120    -1011.357       11.237   450.4      0.482      0.887      1.364      0.354     -0.367     -0.190
791.2000       -999.784    -1009.703        9.919   397.6     -0.469     -0.249      0.077      0.429     -0.542     -0.046
791.4000      -1000.170    -1009.409        9.239   370.3      0.001      0.477     -0.085     -0.156      0.503     -0.411
791.6000      -1000.339    -1010.443       10.104   405.0      0.706      0.052      0.543     -0.082     -0.332     -0.127
791.8000      -1001.175    -1010.497        9.322   373.7      1.751      1.816      0.657      0.048      0.326     -0.126
792.0000      -1001.694    -1011.651        9.957   399.1      0.520     -0.037     -0.136     -0.244     -0.240      0.440
792.2000      -1001.297    -1010.573        9.276   371.8      0.681      0.551      1.354      0.074      0.341      0.278
792.4000      -1002.588    -1012.756       10.168   407.6      0.080      0.553     -0.687      0.347      0.267     -0.252
792.6000      -1002.161    -1011.241        9.080   364.0     -0.091      0.154      0.397      0.473      0.432     -0.027
792.8000      -1001.833    -1011.717        9.885   396.2     -0.773      0.590     -0.512     -0.287      0.348      0.398
793.0000      -1002.333    -1012.927       10.594   424.6     -0.103      0.647      0.541      0.401     -0.003     -0.299
793.2000      -1001.540    -1011.420        9.881   396.1     -0.013      0.866      0.174     -0.199      0.317      0.083
793.4000      -1001.508    -1012.379       10.872   435.8      1.426      1.632      0.943      0.133     -0.206      0.552
793.6000      -1002.656    -1012.508        9.852   394.9     -0.111     -0.679      0.090      0.071      0.533     -0.636
793.8000      -1002.035    -1011.902        9.867   395.5      0.344      0.169      0.526      0.102     -0.162      0.376
794.0000      -1001.781    -1011.461        9.680   388.0      0.380      0.429     -0.076     -0.623      0.023      0.512
794.2000      -1001.281    -1011.196        9.916   397.5      0.959      1.167      1.263     -0.511     -0.226      0.253
794.4000      -1000.942    -1010.651        9.709   389.2      0.768      1.072      1.407      0.569      0.076     -0.252
794.6000      -1001.023    -1010.094        9.071   363.6     -0.250      1.129      0.365     -0.277     -0.441     -0.071
794.8000      -1000.996    -1010.857        9.861   395.3      1.337      0.718      1.255      0.229      0.004      0.286
795.0000      -1000.979    -1011.035       10.056   403.1      0.143     -0.367      0.506     -0.703      0.440     -0.464
795.2000      -1000.608    -1010.881       10.273   411.8     -0.455      0.302      0.789     -0.287      0.341      0.054
795.4000      -1000.539    -1010.202        9.663   387.4     -0.171     -0.544      0.603      0.457     -0.282      0.047
795.6000      -1000.469    -1010.349        9.880   396.0     -0.085     -0.416      0.644      0.058      0.921     -0.174
795.8000       -999.983    -1010.275       10.292   412.5     -0.120      0.909     -0.015      0.540     -0.171     -0.048
796.0000      -1001.385    -1011.169        9.784   392.2      0.240      0.025      0.748     -0.233      0.170     -0.134
796.2000      -1000.837    -1010.781        9.944   398.6      0.384      0.792      0.948      0.190      0.245      0.293
796.4000      -1000.628    -1011.251       10.624   425.8     -0.938     -0.991      0.323     -0.089     -0.228     -0.087
796.6000      -1000.447    -1010.880       10.432   418.2      1.263      0.801      1.140     -0.179     -0.350      0.195
796.8000      -1001.539    -1010.660        9.121   365.6      0.304      0.514      0.651     -0.312      0.154      0.593
797.0000      -1000.991    -1011.327       10.336   414.3      0.738      1.009      0.979      0.336      0.123      0.374
797.2000      -1001.285    -1011.460       10.175   407.9      0.604     -0.209     -0.042     -0.189     -0.207     -0.492
797.4000      -1001.196    -1011.719       10.523   421.8      0.574      0.439     -0.022     -0.100     -0.214      0.287
797.6000      -1002.079    -1011.910        9.832   394.1      0.324      0.312      0.746      0.269     -0.525     -0.298
797.8000      -1002.286    -1011.445        9.159   367.1     -0.324      0.540      1.096      0.387     -0.155     -0.602
798.0000      -1002.032    -1011.733        9.701   388.9      1.259      0.932      1.353     -0.086      0.432     -0.548
798.2000      -1001.066    -1010.042        8.976   359.8      1.777      1.620      1.290      0.533     -0.241     -0.033
798.4000      -1001.649    -1011.142        9.493   380.5      0.489      0.608     -0.042      0.103      0.077     -0.425
798.6000      -1000.425    -1010.653       10.228   410.0      0.417      0.474      0.737     -0.241     -0.334      0.360
798.8000       -999.932    -1010.441       10.509   421.3      0.563      0.687      0.360      0.432      0.604     -0.522
799.0000      -1000.124    -1010.669       10.546   422.7      0.073      0.695      0.861      0.256      0.121      0.448
799.2000      -1000.583    -1010.311        9.728   390.0     -0.536     -1.303     -0.104     -0.004      0.133      0.794
799.4000      -1000.787    -1010.771        9.984   400.2      0.577      0.738      0.481     -0.306      0.366      0.125
799.6000       -999.547    -1010.433       10.886   436.4      0.810     -0.048      0.722      0.093      0.121      0.243
799.8000      -1000.402    -1010.413       10.011   401.3      0.539     -0.305      0.828     -0.024     -0.053      0.400
800.0000      -1000.107    -1009.105        8.998   360.7      0.317      0.297      2.230      0.185     -1.060      0.400
800.2000       -999.545    -1010.736       11.191   448.6      1.098      0.804      1.338      0.001     -0.272      0.168
800.4000       -999.843    -1010.692       10.849   434.9     -0.292      0.073      0.177      0.112      0.671      0.582
800.6000      -1000.917    -1010.795        9.878   395.9      0.728      0.496      0.131     -0.384     -0.098     -0.194
800.8000      -1001.277    -1010.331        9.054   362.9     -0.536     -0.306     -0.486      0.073      0.322     -0.767
801.0000      -1000.339    -1010.119        9.780   392.0      0.028     -0.080      0.686     -0.490      0.372     -0.496
801.2000      -1000.949    -1010.786        9.837   394.3      0.329     -0.059      0.544      0.107      0.204     -0.024
801.4000      -1000.890    -1010.855        9.965   399.4     -0.218     -0.611      0.612      0.214      0.503     -0.118
801.6000      -1000.745    -1011.057       10.312   413.4      0.427      0.423     -0.005     -0.370      0.012      0.420
801.8000      -1000.965    -1010.527        9.561   383.3      1.177     -0.695      0.187      0.312      0.276     -0.738
802.0000      -1002.204    -1011.792        9.588   384.3      0.935      0.130      0.310      0.308      0.082      0.809
802.2000      -1003.937    -1012.871        8.934   358.1     -0.062      0.737     -0.198     -0.023      0.008      0.336
802.4000      -1003.837    -1012.465        8.627   345.8     -0.606      0.450      0.237     -0.850      0.286      0.040
802.6000      -1004.072    -1013.143        9.070   363.6      0.297     -1.005      0.618      0.402     -0.244     -0.358
802.8000      -1003.863    -1013.107        9.244   370.5     -0.312     -0.459     -0.017     -0.446      0.316      0.581
803.0000      -1003.675    -1012.766        9.090   364.4      0.158      1.043      0.268      0.151     -0.405     -0.721
803.2000      -1002.792    -1012.244        9.452   378.9      0.750      0.971      1.652      0.433     -0.143      0.312
803.4000      -1002.016    -1012.957       10.942   438.6      0.614      0.216      0.292     -0.338     -0.131     -0.052
803.6000      -1003.360    -1013.369       10.009   401.2     -0.293      0.426      0.427      0.120     -0.226     -0.052
803.8000      -1004.120    -1013.134        9.014   361.3      0.155      1.220      0.978     -0.148      0.011     -0.403
804.0000      -1003.254    -1012.044        8.790   352.3      0.682     -0.257     -0.034      0.874      0.095      0.659
804.2000      -1002.910    -1012.122        9.212   369.3      0.146     -0.408     -0.064     -0.034     -0.086     -0.048
804.4000      -1002.862    -1012.447        9.585   384.2     -0.435     -0.780      0.653     -0.317     -0.094     -0.457
804.6000      -1002.449    -1011.246        8.797   352.6      1.488      0.188      0.660      0.113     -0.182     -0.166
804.8000      -1000.754    -1011.176       10.422   417.8      0.637     -0.804      0.538      1.032      0.118      0.501
805.0000       -999.009    -1008.899        9.890   396.4     -0.256     -0.073     -0.029     -0.121      0.257      0.189
805.2000       -999.270    -1010.404       11.134   446.3     -1.186      0.267      0.113     -0.040     -0.366      0.381
805.4000      -1000.357    -1009.847        9.490   380.4      1.354      1.042      0.662      0.622      0.398     -0.355
805.6000       -999.759    -1009.266        9.507   381.1     -0.156      0.343      0.594      0.151     -0.193     -0.050
805.8000      -1000.663    -1010.692       10.030   402.0      0.607      0.335      0.354     -0.484     -0.200      0.250
806.0000       -999.838    -1011.000       11.162   447.4      0.245      0.925     -0.333     -0.085      0.292     -0.313
806.2000       -999.092    -1009.395       10.303   413.0      0.203      1.007      0.457     -0.348      0.730     -0.473
806.4000      -1000.129    -1011.699       11.569   463.8      0.500      0.512      0.273      0.027      0.316      0.300
806.6000      -1000.628    -1011.212       10.584   424.2      1.428      1.185      0.951      0.443     -0.053     -0.556
806.8000      -1000.426    -1010.241        9.816   393.5     -0.107      1.507      1.000     -0.427      0.137     -0.287
807.0000       -999.836    -1010.565       10.730   430.1     -0.061      0.359     -0.024      0.160     -0.362      0.146
807.2000       -999.941    -1010.031       10.090   404.4     -0.777      0.502      0.029     -0.247      0.149      0.123
807.4000       -999.297    -1010.101       10.804   433.1      0.109      0.944      1.378     -0.084     -0.476      0.083
807.6000       -999.990    -1010.498       10.508   421.2      0.483      0.458      1.276      0.635      0.209      0.068
807.8000      -1000.438    -1010.062        9.624   385.8      1.430      0.398      1.679      0.109     -0.621     -0.044
808.0000       -999.648    -1009.952       10.304   413.0      0.222     -0.213      1.981     -0.600      0.101      0.093
808.2000       -999.885    -1009.624        9.739   390.4      1.041     -0.021      0.491     -0.275     -0.450     -0.476
808.4000      -1000.575    -1010.665       10.090   404.4     -0.606     -0.292     -0.007      0.125     -0.627      0.036
808.6000       -999.530    -1011.037       11.507   461.3      0.377      1.360      1.922      0.073      0.606     -0.239
808.8000       -999.558    -1010.637       11.079   444.1      1.293      0.986      1.059     -0.043      0.289      0.164
809.0000       -999.902    -1010.242       10.340   414.5     -0.874      0.882      0.167     -0.650     -0.915     -0.141
809.2000      -1000.663    -1010.748       10.085   404.3      0.175     -0.094      1.908     -0.390      0.315     -0.163
809.4000      -1002.176    -1010.760        8.584   344.1      0.549     -0.534      1.302      0.175     -0.448     -0.227
809.6000      -1002.561    -1011.740        9.180   368.0      0.006      0.244      1.418     -0.325      0.047      0.307
809.8000      -1002.488    -1011.542        9.054   362.9     -0.055     -0.120      1.847      0.328      0.730     -0.071
810.0000      -1001.615    -1011.540        9.925   397.9      0.661     -0.375      0.230      0.309      0.022      0.057
810.2000      -1001.080    -1011.105       10.025   401.8      0.158      0.787      0.203      0.076     -0.054     -0.002
810.4000      -1001.347    -1011.417       10.070   403.7      0.474      0.155      0.003     -0.538      0.703     -0.047
810.6000      -1000.738    -1011.049       10.311   413.3     -0.002      0.382      1.153     -0.148     -0.318     -0.144
810.8000      -1001.822    -1011.239        9.417   377.5      1.082     -0.096     -0.166     -0.229     -0.536      0.205
811.0000      -1001.813    -1011.758        9.945   398.6      0.740      0.992      1.398     -0.534     -0.307     -0.041
811.2000      -1000.251    -1010.551       10.300   412.9      0.433      0.175      0.040      0.175      0.377     -0.194
811.4000      -1000.032    -1010.866       10.834   434.3     -0.135      0.451      0.090      0.536     -0.502      0.672
811.6000      -1001.097    -1010.807        9.710   389.2      0.321      0.231      0.425      0.102      0.315     -0.091
811.8000      -1000.781    -1010.868       10.087   404.3      0.742      0.231      0.942     -0.137     -0.227      0.749
812.0000      -1001.516    -1011.236        9.720   389.6      0.222      0.079      0.219      0.051     -0.125     -0.226
812.2000      -1001.918    -1010.966        9.049   362.7      0.396     -0.049      0.833      0.655     -0.124     -0.064
812.4000      -1001.380    -1011.613       10.233   410.2      1.359      0.924      0.388     -0.421     -0.365     -0.189
812.6000      -1001.107    -1010.828        9.721   389.6     -0.316      0.364      0.450     -0.273      0.243      0.207
812.8000      -1001.810    -1011.778        9.969   399.6      1.946      1.015      0.680     -0.431     -0.082      0.430
813.0000      -1001.546    -1011.306        9.760   391.2      0.714      0.419     -0.208      0.040      0.178      0.070
813.2000      -1002.541    -1011.601        9.060   363.2      0.171     -0.124      0.518      0.319      0.324      0.261
813.4000      -1001.590    -1011.620       10.030   402.0      0.509     -0.427      0.809     -0.135     -0.030     -0.143
813.6000      -1000.009    -1010.272       10.263   411.4      1.256      0.133      0.740      0.193     -0.088     -0.173
813.8000      -1001.251    -1011.557       10.306   413.1      1.352      0.563      0.018      0.319      0.197      0.019
814.0000      -1001.431    -1010.663        9.232   370.0     -0.097      0.210      0.145      0.881      0.319     -0.370
814.2000      -1000.710    -1011.478       10.767   431.6     -0.073      0.676      0.640      0.473      0.117     -0.284
814.4000      -1001.421    -1012.411       10.990   440.5     -0.184      1.313      0.408     -0.577      0.087      0.429
814.6000      -1000.387    -1011.395       11.009   441.3     -0.056      0.956      0.891     -0.420      0.241      0.566
814.8000      -1000.872    -1011.588       10.716   429.5      0.122      0.188     -0.273     -0.553     -0.088     -0.471
815.0000      -1001.627    -1012.364       10.737   430.4      1.225      1.198      0.196      0.572      0.087     -0.342
815.2000      -1001.528    -1011.214        9.686   388.3      0.970      0.868      0.797     -0.367      1.033      0.236
815.4000      -1000.485    -1010.903       10.418   417.6      0.140      0.322      0.582     -0.135      0.683      0.219
815.6000      -1001.650    -1010.903        9.253   370.9     -0.078      0.544      0.842      0.352      0.563     -0.061
815.8000      -1001.422    -1011.464       10.042   402.5      0.651      0.307      0.808     -0.023      0.441     -0.499
816.0000      -1001.481    -1011.302        9.821   393.7      0.181      0.142      0.795      0.138      0.077      0.446
816.2000      -1000.644    -1011.397       10.753   431.0      0.145      0.046     -0.280     -0.371      0.851     -0.205
816.4000      -1001.397    -1011.982       10.584   424.3      0.004     -0.397      0.213     -0.370     -0.071     -0.572
816.6000      -1001.077    -1011.290       10.212   409.4      0.282      0.610      0.590      0.426      0.596     -0.340
816.8000      -1000.329    -1010.858       10.528   422.0      1.985      0.450      0.280     -0.057     -0.701      0.143
817.0000      -1000.139    -1010.392       10.253   411.0      0.957      0.843      1.229     -0.368     -0.013      0.279
817.2000      -1000.089    -1009.913        9.824   393.8      0.594      1.159      0.355     -0.521      0.005     -0.147
817.4000       -999.325    -1009.799       10.473   419.8      0.388      0.242      0.138      0.160     -0.466      0.176
817.6000       -999.480    -1010.294       10.815   433.5      0.456      0.788      0.317      0.317      0.395     -0.454
817.8000      -1000.379    -1010.451       10.071   403.7     -1.413     -0.010     -0.478     -0.228      0.588      0.270
818.0000      -1000.335    -1010.915       10.580   424.1      0.919      1.107      0.744     -0.364      0.425      0.365
818.2000      -1000.769    -1010.261        9.491   380.5     -0.678     -0.661     -0.245     -0.222     -0.337      0.418
818.4000      -1000.892    -1011.062       10.170   407.6     -0.416      0.829      0.617     -0.180      0.140      0.470
818.6000      -1000.111    -1009.464        9.353   374.9     -0.453     -0.926     -0.274      0.748      0.234     -0.136
818.8000      -1001.276    -1010.372        9.096   364.6      1.316     -0.695     -0.531      0.090     -0.396      0.059
819.0000      -1001.881    -1011.901       10.020   401.6      0.693      0.750      0.481     -0.080     -0.156      0.764
819.2000      -1002.065    -1011.889        9.824   393.8      0.723      0.839     -0.478     -0.138     -0.068     -0.521
819.4000      -1002.368    -1012.177        9.808   393.2      1.134      1.054      0.880      0.177     -0.548      0.447
819.6000      -1002.657    -1011.397        8.739   350.3     -0.143      1.117      0.805     -0.194      0.010     -0.099
819.8000      -1000.982    -1010.553        9.571   383.6      0.270      0.724      0.503     -0.263      0.228     -0.408
820.0000      -1000.865    -1010.715        9.850   394.8      1.209      0.378      0.440      0.213      0.542      0.590
820.2000      -1000.822    -1011.090       10.267   411.6     -1.235     -1.059     -0.356     -0.272     -0.426      0.659
820.4000      -1001.180    -1011.170        9.990   400.4      0.953     -0.038      0.959     -0.201      0.647     -0.762
820.6000      -1002.065    -1011.163        9.097   364.7     -0.615      0.006      0.522     -0.046     -0.519      0.022
820.8000      -1002.398    -1011.678        9.280   372.0      0.113      0.159      0.203     -0.104     -0.096      0.969
821.0000      -1001.993    -1012.181       10.189   408.4      0.332     -0.723      0.246      0.243      0.107      0.222
821.2000      -1000.694    -1010.567        9.873   395.8      0.581      0.288     -0.015     -0.513      0.257     -0.453
821.4000      -1001.194    -1011.189        9.994   400.6      1.381      0.252      0.548     -0.187      0.104      0.089
821.6000      -1000.876    -1011.091       10.214   409.4      0.459      0.161     -0.008     -0.150     -0.846     -0.209
821.8000      -1001.098    -1010.759        9.661   387.3      0.204      0.719      0.315     -0.310      0.124      0.038
822.0000      -1000.279    -1010.284       10.005   401.0     -0.010      0.204      0.386      0.285      0.258      0.081
822.2000       -999.650    -1010.343       10.693   428.6      0.621      0.446      0.200      0.734      0.524     -0.238
822.4000      -1000.439    -1010.828       10.389   416.4     -0.099      0.004     -0.291     -0.089     -0.114     -0.298
822.6000      -1000.734    -1010.642        9.908   397.2      0.954      0.415      0.603     -0.260      0.051      0.085
822.8000      -1000.154    -1010.187       10.033   402.2      0.558     -0.302     -0.212      0.003     -0.624     -0.266
823.0000      -1000.814    -1011.661       10.847   434.8     -0.123      0.383     -0.127      0.222      0.322      0.078
823.2000      -1001.789    -1011.658        9.869   395.6      1.021      0.600     -0.121      0.318      0.121     -0.208
823.4000      -1002.500    -1011.646        9.146   366.6      0.476     -1.006      0.260     -0.334      0.126      0.443
823.6000      -1002.549    -1011.931        9.382   376.1     -0.856     -0.967      0.561      0.180      0.259      0.188
823.8000      -1002.308    -1011.670        9.362   375.3     -0.282      0.867      1.192     -0.095     -0.491     -0.217
824.0000      -1001.358    -1011.038        9.680   388.0      0.475     -0.111      0.784      0.033     -0.568      0.084
824.2000      -1002.017    -1011.617        9.600   384.8      0.362      0.128      1.051     -0.613     -0.045      0.124
824.4000      -1001.732    -1011.807       10.076   403.9     -0.741      0.130     -0.304      0.476      0.763      0.986
824.6000      -1002.594    -1012.436        9.842   394.5      0.586      0.118      0.519     -0.413     -0.024     -0.198
824.8000      -1002.715    -1011.903        9.188   368.3      0.622      0.936      0.558      0.381      0.278      0.635
825.0000      -1002.347    -1011.557        9.209   369.2      0.235     -0.235      0.168      0.389     -0.020      0.162
825.2000      -1001.571    -1011.727       10.156   407.1     -0.596     -0.111     -0.499     -0.084     -0.390      0.315
825.4000      -1001.505    -1011.654       10.148   406.8     -0.708     -0.126      0.369     -0.408      0.480     -0.291
825.6000      -1001.172    -1011.159        9.986   400.3      0.756     -0.751      0.660      0.883      0.352      0.266
825.8000      -1001.624    -1012.362       10.738   430.4      0.701      0.203      0.390     -0.182     -0.005      0.202
826.0000      -1000.852    -1010.611        9.759   391.2      0.482      0.080     -0.020      0.308      0.207      0.775
826.2000      -1000.564    -1011.148       10.584   424.3      0.546      0.955      0.598     -0.038     -0.806     -0.364
826.4000       -999.973    -1011.096       11.123   445.9     -0.400      0.922      0.541      0.174      0.146      1.004
826.6000       -999.747    -1010.197       10.450   418.9      0.438      0.597     -0.026      0.155      0.408     -0.283
826.8000      -1000.904    -1011.064       10.160   407.3      1.018      0.634      0.924      0.018      0.153     -0.213
827.0000      -1001.353    -1011.175        9.822   393.7      0.154      0.180     -0.258     -0.388      0.148     -0.128
827.2000      -1001.517    -1011.000        9.483   380.1      0.636      0.216     -0.323     -0.291     -0.104      0.351
827.4000      -1001.029    -1010.255        9.226   369.8      1.653      1.224      0.961      0.475     -0.845      0.020
827.6000      -1000.592    -1010.828       10.236   410.3      0.661      0.328      0.657     -0.270      0.022      0.240
827.8000      -1002.202    -1012.609       10.407   417.2      1.170      0.947      0.139     -0.317     -0.409     -0.311
828.0000      -1003.292    -1012.168        8.876   355.8      0.298      2.109      0.257     -0.310      0.675      0.073
828.2000      -1002.758    -1012.384        9.626   385.8     -0.232      0.335     -0.151      0.264     -0.153      0.507
828.4000      -1003.206    -1012.741        9.535   382.2      0.169      1.630      0.024     -0.082     -0.131      0.186
828.6000      -1002.549    -1011.687        9.137   366.3      0.411      0.571      0.430      0.030      0.430     -0.010
828.8000      -1000.989    -1011.695       10.706   429.1      0.371      1.008      0.401     -0.650      0.142      0.328
829.0000      -1000.950    -1010.775        9.825   393.8      0.002      1.008      0.802     -0.434      0.301     -0.077
829.2000      -1000.880    -1010.480        9.601   384.8     -0.680      0.573     -0.591     -0.066     -0.013     -0.546
829.4000      -1000.564    -1010.393        9.828   394.0     -0.891     -0.090      0.029     -0.161      0.627     -0.254
829.6000      -1001.260    -1010.006        8.746   350.6      0.025      0.867     -0.439      0.047     -0.111     -0.032
829.8000      -1000.249    -1009.978        9.729   390.0      0.949     -0.778      0.959     -0.050     -0.073      0.161
830.0000      -1001.314    -1011.683       10.369   415.6      0.163      0.490     -0.367      0.037     -0.023      0.365
830.2000      -1000.696    -1011.562       10.866   435.6      0.179      0.593      0.796      0.243     -0.217     -0.324
830.4000      -1000.629    -1011.423       10.794   432.7      0.943      0.198      1.455      0.318     -0.139      0.176
830.6000       -999.983    -1010.159       10.175   407.9      1.312      1.170      0.348     -0.422     -0.323     -0.013
830.8000      -1000.466    -1009.658        9.193   368.5     -0.345      0.214      0.386     -0.087      0.140      0.104
831.0000       -999.941    -1010.997       11.056   443.2      0.016      0.987      0.760      0.036      0.461     -0.187
831.2000      -1000.159    -1010.975       10.816   433.5     -0.234      0.462     -0.022     -0.428     -0.213      0.929
831.4000      -1000.957    -1011.074       10.116   405.5     -0.592      0.024     -0.184     -0.275      0.206     -0.282
831.6000      -1000.234    -1010.011        9.777   391.9      0.544      1.543      0.827     -0.106      0.081     -0.197
831.8000       -999.888    -1010.769       10.881   436.1      1.141      1.214      0.138      0.684      0.727     -0.241
832.0000       -999.962    -1010.277       10.315   413.5      0.286      0.583      0.471      0.180      0.125     -0.422
832.2000      -1001.129    -1010.879        9.750   390.8      0.176     -0.726     -0.238     -0.152      0.242      0.135
832.4000      -1001.174    -1010.747        9.573   383.7     -0.709     -0.386      0.930     -0.188     -0.304      0.279
832.6000      -1001.980    -1011.875        9.894   396.6      0.005      0.537      0.572     -0.623      0.279     -0.184
832.8000      -1002.057    -1012.295       10.238   410.4      1.258      0.362      0.313     -0.275      0.342      0.440
833.0000      -1001.011    -1011.345       10.335   414.3      0.289     -0.525      0.902     -0.091      0.018     -0.679
833.2000      -1000.883    -1010.645        9.762   391.3      1.125      1.115      0.978     -0.063      0.100     -0.354
833.4000      -1001.734    -1010.697        8.963   359.3      0.152      0.587     -0.114      0.639      0.234     -0.029
833.6000      -1001.340    -1011.392       10.051   402.9      1.376      2.217      1.008      0.455     -0.023      0.172
833.8000      -1001.606    -1011.016        9.410   377.2      0.394     -0.610      0.327     -0.081      0.427     -0.262
834.0000      -1000.807    -1011.194       10.388   416.4      0.301     -0.240     -0.389     -0.206      1.124     -0.281
834.2000      -1002.060    -1011.552        9.492   380.5     -0.173      0.966     -0.098     -0.034      0.506      0.095
834.4000      -1001.128    -1010.429        9.302   372.8      0.493     -0.769     -0.889      0.282     -0.306     -0.042
834.6000      -1001.347    -1011.738       10.392   416.5     -0.170     -0.010      0.224     -0.151      0.133      0.110
834.8000      -1000.997    -1011.964       10.967   439.6     -0.857      0.148     -0.711      0.419     -0.201      0.131
835.0000      -1002.577    -1011.407        8.830   354.0      0.748      1.001      0.293     -0.156      0.523      0.047
835.2000      -1001.729    -1011.866       10.137   406.3      0.462      0.321      0.960      0.255      0.602     -0.386
835.4000      -1001.263    -1011.805       10.542   422.6      1.053      0.364      0.621     -0.017      0.021      0.391
835.6000      -1002.708    -1011.803        9.095   364.6     -0.156      0.009     -0.886      0.021     -0.538     -0.278
835.8000      -1003.187    -1013.304       10.116   405.5      0.481     -0.515      0.385      0.106      0.010     -0.063
836.0000      -1002.654    -1012.741       10.088   404.4      0.319      0.123     -0.729     -0.266      0.642     -0.209
836.2000      -1001.752    -1011.207        9.455   379.0      0.438      0.524      0.016     -0.357     -0.671      0.263
836.4000      -1001.806    -1011.826       10.021   401.7     -0.147     -0.498     -0.209     -0.057      0.612      0.260
836.6000      -1000.936    -1011.275       10.338   414.4      0.487      0.354      0.585      0.076     -0.685      0.027
836.8000      -1001.128    -1011.968       10.839   434.5      0.639     -0.540     -0.080      0.263      0.113     -1.253
837.0000      -1000.488    -1011.789       11.301   453.0      0.666      0.357      0.642      0.265     -0.122      0.215
837.2000      -1000.691    -1011.576       10.885   436.3      1.578      0.132      0.783     -0.145      0.886      0.118
837.4000      -1001.785    -1011.462        9.678   387.9      0.868      0.058     -1.194      0.477     -0.571      0.424
837.6000      -1001.432    -1011.152        9.719   389.6     -0.310      0.861      0.823      0.037      0.249      0.340
837.8000      -1002.785    -1011.766        8.981   360.0      0.771     -0.049      0.708     -0.404     -0.122     -0.439
838.0000      -1001.633    -1011.053        9.421   377.6     -0.670      0.941      0.852      0.183     -0.018      0.282
838.2000      -1002.721    -1012.369        9.648   386.7      0.933      0.736      1.351     -0.049     -0.190      0.195
838.4000      -1001.281    -1011.120        9.839   394.4      0.604      0.997      1.223      0.423     -0.487     -0.733
838.6000      -1002.519    -1011.755        9.236   370.2      0.644      0.916      0.895      0.206     -0.111      0.017
838.8000      -1001.218    -1011.027        9.809   393.2      0.216      0.535      0.072      0.020     -0.707      0.245
839.0000      -1001.395    -1011.857       10.462   419.4     -0.108      0.731     -0.827      0.361      0.408     -0.247
839.2000      -1001.626    -1011.481        9.855   395.0      0.084      0.714      1.043     -0.301      1.137      0.488
839.4000      -1002.378    -1011.856        9.477   379.9      0.555     -0.079      0.261      0.161     -0.176      0.639
839.6000      -1002.284    -1011.710        9.426   377.8     -0.079     -0.012     -0.369      0.261     -0.213     -0.151
839.8000      -1002.189    -1011.943        9.754   391.0      1.030      0.793     -0.331     -0.160     -0.052      0.486
840.0000      -1002.099    -1011.787        9.689   388.4      0.728      0.338      0.611     -0.280      0.183     -0.099
840.2000      -1002.524    -1011.974        9.449   378.8     -0.392     -0.075      0.600      0.819      0.225      0.325
840.4000      -1002.662    -1012.486        9.824   393.8      0.516      1.419      1.380     -0.290      0.470     -0.442
840.6000      -1001.122    -1010.799        9.678   387.9     -0.044     -0.106     -0.626      0.947     -0.686     -0.296
840.8000      -1000.713    -1011.216       10.503   421.0     -0.042      0.075     -0.164     -0.366     -0.404      0.590
841.0000      -1000.675    -1010.851       10.175   407.9      0.435     -0.789     -0.150     -0.146     -0.256      0.228
841.2000      -1000.732    -1010.994       10.262   411.4      0.449      1.138      0.037      0.703      0.496      0.027
841.4000       -999.939    -1010.335       10.396   416.7      0.459      0.691     -0.598     -0.247     -0.286     -0.490
841.6000      -1000.968    -1010.447        9.479   380.0      0.425      0.279      0.650     -0.254      0.076     -0.080
841.8000      -1001.658    -1010.999        9.341   374.4      1.004      0.679      0.258     -1.112      0.728      0.066
842.0000      -1002.225    -1011.842        9.617   385.5     -1.063      0.010     -0.302     -0.061     -0.037      0.484
842.2000      -1001.847    -1010.729        8.882   356.0      0.697      0.124      0.425      0.378     -0.492      0.506
842.4000      -1001.083    -1010.806        9.723   389.7      0.981      1.592      0.673     -0.477     -0.142     -0.221
842.6000      -1000.216    -1011.577       11.362   455.4     -0.904      0.875     -1.008      0.449      0.287     -0.230
842.8000      -1000.901    -1011.039       10.138   406.4      0.214      1.046     -0.214     -0.228     -0.304     -0.279
843.0000      -1001.809    -1011.439        9.630   386.0      0.620      1.116      0.682     -0.133     -0.047     -0.266
843.2000      -1001.886    -1011.491        9.605   385.0     -0.243      0.948      0.057      0.272     -0.364      0.285
843.4000      -1002.026    -1011.769        9.743   390.6      0.776      0.519      0.397      0.186     -0.034      0.736
843.6000      -1001.246    -1011.768       10.522   421.8      0.379      1.054     -0.442      0.044     -0.118     -0.183
843.8000      -1001.688    -1011.119        9.431   378.0     -0.610      0.254     -0.460     -0.696     -0.575     -0.204
844.0000      -1001.972    -1010.349        8.377   335.8      0.717     -0.316      0.417      0.503      0.534     -0.105
844.2000      -1001.339    -1010.679        9.340   374.4      0.795      0.368      0.465      0.479     -0.120      0.058
844.4000      -1001.931    -1011.358        9.427   377.9      0.435     -0.004     -0.359     -0.268     -0.118      0.448
844.6000      -1001.341    -1011.539       10.198   408.8      1.118      0.779      0.187      0.167     -0.168     -0.145
844.8000      -1000.936    -1010.768        9.832   394.1     -0.118      0.477     -0.038      0.037      0.319      0.143
845.0000      -1001.973    -1011.444        9.471   379.6     -0.645      0.022      0.831     -0.546      0.182     -0.104
845.2000      -1001.738    -1011.520        9.782   392.1      0.603     -0.944     -0.393      0.259      0.233     -0.482
845.4000      -1002.118    -1011.724        9.606   385.1     -0.485      0.283     -1.252      0.487     -0.666      0.203
845.6000      -1001.927    -1011.296        9.369   375.5      0.582      0.349      1.555      0.459     -0.044      0.046
845.8000      -1000.704    -1011.154       10.450   418.9      0.600      0.296     -0.864      0.133     -0.177     -0.333
846.0000      -1000.722    -1010.904       10.182   408.1      1.267      1.181      0.122      0.164     -0.275     -0.168
846.2000      -1000.030    -1010.530       10.499   420.9      1.075      0.498      0.547     -0.422     -0.323     -0.426
846.4000      -1000.553    -1010.722       10.169   407.6      1.309      0.552      0.267     -0.030     -0.057     -0.282
846.6000      -1000.610    -1010.097        9.487   380.3     -0.537      1.136     -0.215     -0.599      0.421     -0.126
846.8000      -1002.064    -1012.051        9.987   400.3      0.473      0.297      0.220     -0.046     -0.027     -0.422
847.0000      -1000.885    -1010.854        9.969   399.6     -0.954     -0.073     -0.453     -0.430     -0.264     -0.151
847.2000      -1001.458    -1010.666        9.208   369.1     -0.096      0.635      0.510     -0.001      0.303     -0.037
847.4000      -1002.147    -1012.226       10.079   404.0     -1.071     -0.072     -0.727      0.145      0.303      0.147
847.6000      -1002.437    -1011.479        9.042   362.4     -0.101     -0.404     -0.447     -0.058      0.373     -0.087
847.8000      -1002.332    -1011.906        9.574   383.8     -0.163      0.607      0.258      0.067      0.125     -0.439
848.0000      -1002.178    -1012.225       10.047   402.7      0.125      0.304      0.424     -0.704     -0.393     -0.563
848.2000      -1001.992    -1010.892        8.900   356.7     -0.106     -0.538      0.872      0.049     -0.049     -0.302
848.4000      -1001.408    -1010.977        9.569   383.6      0.244      0.425      0.640      0.083      0.607      0.230
848.6000      -1001.616    -1011.451        9.835   394.2     -0.321      0.658     -0.262     -0.247     -0.184      0.281
848.8000      -1001.122    -1011.450       10.328   414.0      0.400      1.436     -0.545     -0.194     -0.188     -0.296
849.0000      -1001.514    -1011.285        9.770   391.6     -1.229      0.166      0.026     -0.400      0.031     -0.560
849.2000       -999.985    -1010.809       10.824   433.9      0.661     -0.016      0.495     -0.044      0.383     -0.362
849.4000      -1000.974    -1011.602       10.627   426.0      0.612      0.321      0.752      0.329      0.068      0.274
849.6000      -1001.017    -1011.240       10.223   409.8      0.094      0.464      0.793     -0.083      0.238      0.086
849.8000      -1000.757    -1010.843       10.086   404.3      0.128      1.581      1.430      0.339     -0.149     -0.432
850.0000      -1000.113    -1010.523       10.409   417.3      0.914      0.020      0.567      0.662     -0.108      0.174
850.2000      -1000.039    -1010.070       10.031   402.1      0.083      0.583      0.200      0.398      0.275      0.318
850.4000      -1000.947    -1011.106       10.159   407.2      0.474     -0.615      0.580     -0.768     -0.414      0.288
850.6000      -1000.639    -1010.936       10.297   412.8      0.223      0.259      0.223     -0.239      0.079     -0.061
850.8000      -1000.796    -1010.931       10.135   406.3     -0.260      0.357      1.175      0.450     -0.100     -0.157
851.0000       -999.824    -1010.503       10.678   428.0     -0.108     -0.410     -0.101     -0.460      0.241      0.358
851.2000      -1000.129    -1010.538       10.409   417.2      0.055     -0.568     -0.081      0.098      0.078      0.549
851.4000      -1000.226    -1009.868        9.642   386.5     -0.157      0.084     -0.360      0.337     -0.083     -0.178
851.6000       -999.095    -1008.620        9.525   381.8      0.512      0.370     -0.596     -0.355      0.445      0.752
851.8000      -1000.554    -1009.515        8.961   359.2     -0.443     -0.743     -0.493     -0.070     -0.263     -0.430
852.0000       -999.889    -1009.665        9.776   391.9      1.134      0.467      0.948     -0.168      0.486     -0.004
852.2000       -999.381    -1009.895       10.514   421.5     -0.089      0.022      0.089     -0.752      0.418     -0.497
852.4000      -1000.330    -1010.801       10.471   419.7      0.501      0.440     -0.590      0.131      0.011      0.314
852.6000       -999.140    -1010.047       10.907   437.2     -0.131      0.361     -0.989     -0.110     -0.149     -0.381
852.8000      -1000.025    -1010.560       10.535   422.3     -0.095      0.967     -1.249     -0.554      0.161     -0.138
853.0000      -1001.114    -1010.975        9.860   395.3     -0.455     -0.585     -0.641      0.529      0.049      0.328
853.2000      -1001.911    -1012.468       10.557   423.2      0.246     -1.166      1.180      0.409      0.833     -0.430
853.4000      -1001.308    -1010.838        9.529   382.0      0.311     -0.052      0.818      0.383     -0.013     -0.269
853.6000      -1001.103    -1011.050        9.948   398.7      0.687     -0.315     -0.034     -0.263     -0.473     -0.046
853.8000      -1001.730    -1011.489        9.759   391.2      2.173      0.315     -0.007      0.011     -0.043     -0.080
854.0000      -1002.382    -1012.582       10.200   408.9     -0.243     -0.226      0.302     -0.084     -0.324      0.452
854.2000      -1001.982    -1011.924        9.942   398.5      0.927     -0.618      0.755      0.104     -0.006     -0.009
854.4000      -1002.463    -1012.718       10.255   411.1      0.613      0.293      0.041     -0.391      0.628     -0.476
854.6000      -1002.836    -1012.907       10.072   403.7     -0.050      0.914      0.482     -0.399      0.172      0.416
854.8000      -1002.428    -1012.251        9.823   393.7      1.223      0.323      0.189      0.493      0.319      0.067
855.0000      -1002.271    -1012.604       10.333   414.2      1.011      1.046      0.244     -0.963     -0.339     -0.087
855.2000      -1003.140    -1012.918        9.778   391.9      0.807      0.484      0.906     -0.183     -1.389     -0.564
855.4000      -1003.808    -1013.122        9.314   373.3      0.613      0.529      1.158      0.197      0.319      0.425
855.6000      -1004.183    -1013.949        9.766   391.5      0.986      1.051      0.038     -0.544      0.124      0.056
855.8000      -1003.825    -1012.593        8.768   351.5      0.551      0.494      0.202      0.312      0.495     -0.301
856.0000      -1003.563    -1012.819        9.257   371.1     -0.380     -0.335      0.262     -0.516     -0.301     -0.411
856.2000      -1002.761    -1012.361        9.599   384.8      0.410      0.337      0.485     -0.187     -0.232      0.206
856.4000      -1001.409    -1011.820       10.411   417.3      0.751      0.533      0.217     -0.101     -0.044     -0.403
856.6000      -1001.723    -1011.843       10.120   405.7     -0.525      0.501      0.986      0.446     -0.042     -0.053
856.8000      -1001.770    -1012.040       10.269   411.6      1.473      1.268      0.958      0.558      0.108      0.106
857.0000      -1001.405    -1011.317        9.911   397.3      0.977      0.550      0.773      0.431      0.284      0.075
857.2000      -1000.868    -1010.917       10.049   402.8      0.787      0.505      0.394      0.807     -0.101     -0.290
857.4000      -1001.481    -1010.977        9.496   380.6     -0.095     -0.410     -0.042     -0.023      0.493      0.318
857.6000      -1000.667    -1011.410       10.743   430.6      0.150      0.763     -0.192     -0.291      0.120     -0.032
857.8000      -1001.901    -1012.193       10.292   412.5      0.939      0.709      1.086     -0.082     -0.141      0.000
858.0000      -1001.006    -1011.138       10.132   406.2      1.189      0.539      0.986     -0.220     -0.417     -0.027
858.2000      -1001.846    -1011.776        9.929   398.0     -0.120      0.577      0.096      0.369     -0.262      0.255
858.4000      -1002.456    -1012.181        9.724   389.8     -0.101     -0.783      0.646      0.069      0.371      0.113
858.6000      -1002.442    -1011.505        9.063   363.3      0.209      0.916      0.521      0.398     -0.182     -0.538
858.8000      -1002.734    -1011.712        8.978   359.9     -0.080      0.694      1.194      0.023      0.273      0.045
859.0000      -1001.650    -1011.663       10.013   401.4      0.668      0.636     -0.001      0.076     -0.121     -0.514
859.2000      -1002.692    -1012.231        9.539   382.4      1.071      0.946      1.122      0.640     -0.403     -0.350
859.4000      -1001.094    -1011.114       10.021   401.7     -0.078      0.682      1.027     -0.002      0.401      0.161
859.6000      -1000.014    -1010.773       10.759   431.3      0.686      0.574      0.729      0.278     -0.571      0.308
859.8000      -1000.319    -1010.511       10.193   408.6      1.414      0.750      0.499     -0.002     -0.082     -0.073
860.0000      -1000.640    -1010.450        9.810   393.2     -0.478     -0.372     -0.309     -0.084      0.263     -0.359
860.2000      -1001.222    -1010.958        9.735   390.2      0.500      0.147      0.246     -0.149     -0.097      0.468
860.4000      -1001.701    -1011.350        9.649   386.8      0.827      1.156      1.223      0.088     -0.030     -0.502
860.6000      -1000.893    -1010.892        9.999   400.8     -0.180      0.325     -0.430     -0.123      0.041      0.032
860.8000       -999.321    -1009.123        9.802   392.9     -0.135      1.105      0.919      0.400     -0.415      1.026
861.0000       -998.997    -1010.006       11.009   441.3      0.265      0.239     -0.530      0.663     -0.093     -0.444
861.2000       -998.965    -1011.041       12.076   484.1      0.974      0.799      0.328      0.743      0.588     -0.041
861.4000       -998.437    -1010.000       11.563   463.5      0.566     -0.244     -1.297     -0.512      0.537      0.687
861.6000       -998.703    -1009.830       11.127   446.0     -0.428      0.218      0.995      0.339     -0.388     -0.360
861.8000      -1000.491    -1010.556       10.065   403.5     -0.085      0.899     -0.205      0.474     -0.064      0.760
862.0000      -1000.824    -1010.812        9.988   400.4     -0.157     -0.223     -0.662     -0.638     -0.145     -0.487
862.2000      -1000.973    -1011.630       10.657   427.2     -0.034     -0.100     -0.783      0.082      0.236     -0.484
862.4000      -1001.798    -1011.100        9.301   372.8     -0.786     -0.265      0.721     -0.219     -0.016     -0.116
862.6000      -1001.567    -1012.256       10.689   428.5      0.156      0.135      0.012     -0.497      0.151     -0.382
862.8000      -1001.086    -1011.270       10.185   408.2      0.515      1.374      1.463     -0.123      0.279     -0.529
863.0000      -1001.520    -1011.253        9.734   390.2      0.158     -0.223      0.023     -0.103     -0.724     -0.039
863.2000      -1001.095    -1011.489       10.394   416.6      0.031      0.661      0.566     -0.282      0.030      0.125
863.4000      -1001.008    -1010.573        9.565   383.4     -0.041      0.657      1.258     -0.314     -0.369      0.614
863.6000      -1001.569    -1011.547        9.977   399.9      0.186      0.401     -0.306      0.508      0.502      0.278
863.8000      -1001.363    -1011.099        9.736   390.3      0.646      1.308      1.229      0.269      0.396      0.380
864.0000      -1000.614    -1010.576        9.961   399.3      0.445     -0.327      0.581      0.199     -0.751     -0.064
864.2000      -1001.419    -1011.042        9.622   385.7      0.246      0.186      0.259      0.164      0.462      0.227
864.4000      -1002.242    -1011.577        9.335   374.2      1.072      0.886      0.834      0.122      0.235     -0.086
864.6000      -1002.065    -1011.256        9.191   368.4      0.736      1.163      1.446     -0.200      0.275     -0.593
864.8000      -1002.278    -1011.454        9.176   367.8      0.526      2.011      0.608     -0.401     -0.011     -0.385
865.0000      -1002.115    -1011.510        9.395   376.6      0.641      0.233     -0.138     -0.413     -0.227     -0.532
865.2000      -1001.875    -1012.221       10.346   414.7      0.729     -0.453      0.443      0.146     -0.321     -0.112
865.4000      -1001.575    -1011.405        9.830   394.0     -0.009      0.697     -0.803      0.473      0.374     -0.043
865.6000      -1001.446    -1012.127       10.681   428.2      0.348     -0.318      0.326     -0.770     -0.079     -0.705
865.8000      -1000.592    -1011.095       10.503   421.0     -1.166     -0.189      0.436      0.307      0.333     -0.231
866.0000      -1001.419    -1010.455        9.036   362.2     -0.302      0.366     -0.087     -0.231     -0.016     -0.072
866.2000      -1001.709    -1011.167        9.458   379.1      0.660      0.531     -0.729     -0.087      0.216      0.030
866.4000      -1000.212    -1010.709       10.497   420.8      0.589      0.050     -0.114      0.231     -0.026      0.041
866.6000       -999.977    -1009.861        9.884   396.2      0.014      0.370     -0.112     -0.431     -0.084      0.655
866.8000      -1001.201    -1010.967        9.767   391.5      0.253     -0.030     -0.137     -0.203     -0.673     -0.867
867.0000      -1002.681    -1012.736       10.055   403.1     -0.338      0.185     -0.307      0.376     -0.111      0.192
867.2000      -1001.453    -1011.003        9.550   382.8      0.272      1.041      0.199     -0.246     -0.272     -0.260
867.4000      -1000.667    -1011.097       10.429   418.1      0.064      0.765      0.928     -0.006      0.476     -0.011
867.6000      -1001.638    -1011.079        9.441   378.5      0.975      0.093      1.272     -0.098     -0.202      0.140
867.8000      -1002.434    -1011.775        9.341   374.4      0.504      0.821     -0.823      0.314     -0.122     -0.965
868.0000      -1001.049    -1011.167       10.119   405.6     -0.115      0.473     -0.624     -0.086      0.002      0.578
868.2000      -1001.040    -1010.557        9.517   381.5     -0.530      0.262      0.466      0.429     -0.016      0.172
868.4000      -1001.740    -1011.063        9.324   373.7      0.007     -0.492     -0.006      0.061     -0.559     -0.148
868.6000      -1001.791    -1011.895       10.104   405.0     -0.034      0.758      0.392      0.203     -0.235     -0.083
868.8000      -1001.105    -1011.283       10.178   408.0     -0.979      0.266      0.475      0.617      0.196     -0.183
869.0000      -1001.866    -1010.970        9.104   364.9      2.075      0.483      1.460     -0.235     -0.595     -0.156
869.2000      -1002.147    -1011.683        9.536   382.2     -0.141      0.812      0.355     -0.316      0.069      0.424
869.4000      -1001.660    -1011.594        9.935   398.2      0.933      2.563      0.771      0.030     -0.092      0.147
869.6000      -1002.911    -1010.637        7.726   309.7      0.690      0.417      0.255      0.217      0.209     -0.470
869.8000      -1001.331    -1011.865       10.534   422.2      0.576      1.392      0.284      0.353      0.507     -0.223
870.0000      -1001.356    -1010.921        9.565   383.4      0.607      1.993      1.535     -0.182      0.192     -0.672
870.2000      -1000.228    -1010.815       10.587   424.4      0.374      1.042      0.768      0.258      0.310     -0.347
870.4000      -1000.676    -1010.275        9.599   384.8      0.978      0.195      0.456      0.344      0.031      0.482
870.6000      -1000.881    -1011.288       10.407   417.2      1.037      0.249      1.316     -0.226     -0.482      0.341
870.8000      -1000.595    -1009.926        9.330   374.0      1.330      0.960      0.704     -0.322      0.018     -0.043
871.0000      -1000.258    -1011.692       11.434   458.3      0.918      0.271      0.392      0.063      0.065     -0.178
871.2000      -1000.460    -1010.190        9.729   390.0      0.767     -0.572      0.556      0.438     -0.065     -0.146
871.4000      -1000.837    -1010.738        9.902   396.9      1.901      0.812      1.635     -0.423     -0.417      0.184
871.6000      -1001.695    -1011.116        9.421   377.6      1.838      1.140      1.364      0.032     -0.251      0.761
871.8000      -1002.089    -1011.024        8.935   358.2      0.691      0.459      0.705     -0.006     -0.437      0.228
872.0000      -1003.797    -1013.617        9.820   393.6      0.048      0.259      0.301      0.556      0.537      0.012
872.2000      -1002.585    -1012.042        9.458   379.1      1.215      0.341      1.172     -0.501     -0.973     -0.148
872.4000      -1002.594    -1011.797        9.203   368.9     -0.021     -0.523     -0.170     -0.167      0.431     -0.253
872.6000      -1002.208    -1012.265       10.057   403.1      0.647      0.336     -0.419     -0.001     -0.199      0.377
872.8000      -1001.995    -1011.503        9.508   381.1     -0.298     -0.309     -0.709     -0.119      0.096     -0.411
873.0000      -1002.483    -1012.746       10.264   411.4      1.069      1.409      1.194     -0.536      0.061     -0.534
873.2000      -1001.849    -1012.044       10.195   408.7      0.465      0.114     -0.297      0.468     -0.368     -0.260
873.4000      -1001.831    -1012.211       10.381   416.1      0.259      0.572      0.303     -0.361     -0.069     -0.291
873.6000      -1001.832    -1012.186       10.354   415.0      1.080      0.039      0.399     -0.144     -1.184     -0.317
873.8000      -1002.488    -1012.399        9.911   397.3      0.409      1.574      0.732     -0.402     -0.063      0.113
874.0000      -1002.372    -1012.208        9.836   394.3      1.263      0.117     -0.308     -0.045      0.334     -0.575
874.2000      -1001.138    -1011.670       10.532   422.2      0.995      0.912      0.898      0.335     -0.671     -0.857
874.4000      -1001.738    -1012.228       10.489   420.5      0.524      0.007      0.456      0.354     -0.152     -0.618
874.6000      -1002.271    -1011.865        9.594   384.6      1.554      0.880      1.113      0.367     -0.341      0.133
874.8000      -1000.738    -1012.122       11.385   456.4      0.553     -0.181      0.697     -0.171     -0.166     -0.290
875.0000      -1000.967    -1011.525       10.558   423.2     -0.094     -0.412      0.080     -0.323     -0.137      0.601
875.2000      -1001.021    -1011.629       10.608   425.2      0.812     -0.170     -0.217      0.372      0.543      0.029
875.4000      -1000.329    -1011.388       11.059   443.3     -0.366     -0.232      0.526      0.052      0.357      0.070
875.6000      -1000.563    -1010.605       10.042   402.5      0.047      0.712      1.788     -0.360     -0.072     -0.291
875.8000      -1002.849    -1012.504        9.654   387.0      1.928      0.354     -0.356      0.070      0.170     -0.303
876.0000      -1001.816    -1011.109        9.293   372.5     -0.231      0.282      0.014     -0.139     -0.178     -0.066
876.2000      -1001.081    -1011.741       10.660   427.3      0.001      0.124      0.349      0.350      0.841     -0.418
876.4000      -1000.764    -1010.693        9.929   398.0      0.623      1.004      0.184      0.657      0.035     -0.280
876.6000      -1000.960    -1010.466        9.506   381.1      0.013      0.784      0.170      0.063     -0.834      0.176
876.8000      -1000.601    -1010.552        9.951   398.9      0.778      0.001      0.937      0.163     -0.162      0.639
877.0000      -1000.244    -1010.883       10.639   426.5     -1.039     -0.082     -0.461      0.497      0.833     -0.491
877.2000      -1000.290    -1010.435       10.145   406.6      1.736      0.533      1.567     -0.248     -0.134     -0.299
877.4000      -1000.856    -1011.049       10.193   408.6      0.309      0.257      0.963     -0.745     -0.542     -0.255
877.6000      -1000.894    -1011.627       10.732   430.2      0.115     -0.418      0.643     -0.356     -0.781      0.179
877.8000      -1000.882    -1011.118       10.236   410.3      0.664     -0.060      0.283      0.040     -0.019     -0.480
878.0000      -1000.862    -1011.210       10.347   414.8      0.477      0.250      0.613     -0.166     -0.401      0.330
878.2000      -1000.874    -1011.386       10.511   421.4      0.761      0.963      1.075      0.268      0.125      0.053
878.4000      -1000.736    -1010.592        9.857   395.1     -0.065     -0.387     -0.286     -0.197      0.173      0.117
878.6000      -1000.761    -1010.399        9.639   386.4     -0.510      0.336      0.520     -0.265      0.159     -0.360
878.8000      -1001.803    -1011.805       10.003   401.0      0.437      0.518      1.414     -0.007      0.319     -0.037
879.0000      -1001.245    -1011.455       10.210   409.3      0.061     -0.091     -0.025     -0.028     -0.808     -0.080
879.2000      -1001.037    -1010.869        9.833   394.1      0.323      0.575      0.142      0.429      0.136     -0.284
879.4000      -1001.594    -1011.987       10.393   416.6      0.153      0.669     -0.431     -0.218      0.258      0.244
879.6000       -999.823    -1010.593       10.770   431.7     -0.194      0.151      0.322      0.575      0.314     -0.453
879.8000      -1000.770    -1011.624       10.854   435.1      0.903     -0.117      0.716     -0.306     -0.160      0.254
880.0000      -1001.285    -1010.616        9.331   374.0     -0.610      0.615      0.286     -0.246     -0.328      0.696
880.2000      -1001.371    -1011.479       10.108   405.2      0.231      0.867      1.540      0.026      0.270      0.200
880.4000      -1000.681    -1010.590        9.909   397.2      0.778      1.304      0.489      0.214     -0.147      0.731
880.6000      -1001.544    -1011.232        9.688   388.4      1.012      1.288      0.059      0.385      0.039     -0.147
880.8000      -1002.246    -1011.468        9.222   369.7      0.861      1.476     -0.010     -0.446      0.381      0.060
881.0000      -1002.007    -1011.046        9.039   362.3      1.218      0.240      0.805      0.353     -0.337     -0.304
881.2000      -1002.249    -1011.530        9.281   372.0     -0.267      0.933      0.532      0.226      0.387     -0.441
881.4000      -1002.319    -1012.515       10.196   408.7      1.309      1.105     -0.131      0.168     -0.464      0.027
881.6000      -1002.752    -1011.295        8.543   342.4      0.224      0.540      0.642     -0.307     -0.009      0.234
881.8000      -1002.100    -1012.004        9.904   397.0      1.583      0.967      0.551     -0.336      0.280     -0.056
882.0000      -1000.312    -1010.741       10.429   418.0     -0.196      0.662     -0.444      0.076     -0.012      0.413
882.2000      -1000.226    -1010.001        9.775   391.8      0.717     -0.438      0.612     -0.535     -0.117      0.207
882.4000      -1001.684    -1011.317        9.633   386.1      0.789      0.858      1.275      0.654     -0.021      0.263
882.6000      -1003.386    -1012.754        9.368   375.5      0.276      0.729      1.016      0.215     -0.141      0.300
882.8000      -1002.058    -1012.002        9.944   398.6      1.470      0.458      1.188     -0.149      0.143     -0.472
883.0000      -1001.442    -1012.000       10.559   423.2      0.729      0.087      0.118     -0.228     -0.310      0.639
883.2000       -999.427    -1010.281       10.855   435.1      0.843      0.035      0.546     -0.988     -0.161     -0.093
883.4000      -1000.971    -1009.401        8.431   337.9      0.756      0.535     -0.692      1.269     -0.290     -0.266
883.6000      -1001.761    -1010.623        8.862   355.2     -0.330      0.627      0.465     -0.347     -0.376      0.140
883.8000      -1000.825    -1010.676        9.851   394.9      0.698     -0.035      0.607      0.203      0.627      0.425
884.0000      -1001.218    -1011.697       10.480   420.1     -0.313      0.354      0.466     -0.116      0.553      0.300
884.2000      -1000.699    -1010.309        9.610   385.2      0.157      0.169      0.988     -0.107     -0.393      0.507
884.4000      -1000.200    -1010.975       10.775   431.9     -0.569     -0.650      1.052     -0.551     -0.006      0.268
884.6000      -1000.418    -1011.205       10.787   432.4     -0.249      0.135      0.085      0.095     -0.263      0.366
884.8000      -1000.936    -1011.104       10.168   407.6      0.330      0.197      0.553      0.158     -0.167      0.024
885.0000      -1001.062    -1010.680        9.618   385.5      1.027      0.867      0.759     -0.008      0.701     -0.017
885.2000      -1001.199    -1011.132        9.933   398.2     -0.141      0.010      0.001     -0.332      0.264      0.085
885.4000      -1001.908    -1011.626        9.718   389.5      0.041     -0.652     -0.544     -0.648      0.122      0.046
885.6000      -1001.347    -1012.074       10.727   430.0     -1.005     -1.035      0.444      0.244      0.229      0.973
885.8000      -1000.220    -1010.602       10.381   416.1     -0.089     -0.369     -0.331     -0.042      0.705     -0.365
886.0000      -1000.195    -1011.195       11.000   440.9      0.193      0.398      1.620     -0.047     -0.055     -0.169
886.2000      -1000.242    -1010.080        9.838   394.3      0.969      0.713      1.315      0.474      0.099      0.061
886.4000       -999.870    -1010.174       10.304   413.0      1.754     -0.051      1.501      0.296      0.318      0.254
886.6000      -1000.414    -1011.007       10.594   424.6     -0.341      1.003     -0.243      0.161     -0.497     -0.511
886.8000      -1000.792    -1010.984       10.191   408.5      0.286      0.256     -0.145     -0.013     -0.022     -0.034
887.0000      -1001.306    -1010.750        9.444   378.6     -0.313     -0.129      0.273     -0.376     -0.425      0.120
887.2000      -1001.440    -1010.798        9.358   375.1     -0.257      0.365      1.012     -0.032      0.157     -0.499
887.4000      -1000.563    -1010.758       10.195   408.7      1.170     -0.226     -0.149      0.488     -0.408      0.135
887.6000      -1000.685    -1011.089       10.404   417.0     -0.275      0.753      0.642      0.610      0.790     -0.135
887.8000       -999.985    -1010.584       10.599   424.9      0.664      1.155      0.326      0.054     -0.312      0.172
888.0000      -1000.596    -1010.054        9.458   379.1      0.403      0.282      1.109      0.421     -0.468      0.663
888.2000      -1000.065    -1010.439       10.374   415.8     -0.134     -0.084     -0.550     -0.002     -0.328      0.526
888.4000      -1000.611    -1010.147        9.536   382.3      1.795      0.234      0.443     -0.272     -0.370     -0.040
888.6000       -999.499    -1008.619        9.120   365.6      0.074      1.623     -0.107      0.095      0.396      0.002
888.8000      -1000.476    -1010.688       10.212   409.4      0.985      0.161     -0.572      0.603     -0.225      0.450
889.0000      -1001.174    -1011.968       10.794   432.7     -0.307      0.366      0.217     -0.225     -0.335     -0.039
889.2000      -1001.648    -1011.665       10.017   401.5      1.471      1.152      0.876      0.292     -0.133     -0.268
889.4000      -1001.599    -1011.714       10.116   405.5      1.206      0.024      0.472      0.493     -0.677     -0.597
889.6000       -999.919    -1010.222       10.303   413.0     -0.042     -0.359      0.689     -0.049      0.132      0.476
889.8000      -1000.572    -1009.479        8.907   357.0      0.551      2.005      0.166      0.103      0.138      0.114
890.0000      -1000.513    -1010.518       10.005   401.0      1.063     -0.080      1.691      0.331     -0.349     -0.132
890.2000      -1000.604    -1011.126       10.522   421.8      0.788      0.352      0.020     -0.374     -0.303     -0.254
890.4000      -1002.109    -1011.379        9.270   371.6      0.356      0.202      0.267     -0.145     -0.176     -0.190
890.6000      -1000.757    -1010.830       10.073   403.8      0.570     -0.337      0.265     -0.006      0.052     -0.353
890.8000      -1000.946    -1010.427        9.480   380.0      0.482      0.739      0.605      0.712      0.173     -0.388
891.0000      -1001.103    -1011.123       10.020   401.6      0.666      1.178      0.996     -0.055      0.020     -0.030
891.2000      -1000.909    -1010.755        9.847   394.7      0.890     -0.501      1.081     -0.420     -0.321      0.090
891.4000      -1002.053    -1012.126       10.073   403.8      0.549      0.300     -0.237     -0.231      0.080      0.356
891.6000      -1002.885    -1012.957       10.072   403.7      1.026      0.764      0.474     -0.329     -0.172     -0.233
891.8000      -1002.148    -1011.389        9.241   370.4      1.089      0.931      1.408      0.132      0.281     -0.167
892.0000      -1002.855    -1012.621        9.766   391.5     -0.461     -0.131     -0.326      0.110     -0.601      0.773
892.2000      -1003.183    -1011.894        8.711   349.2      1.502      1.010      0.617      0.189     -0.247      0.267
892.4000      -1003.552    -1012.917        9.364   375.4     -0.442      0.225      0.915      0.263     -0.166      0.112
892.6000      -1003.313    -1012.990        9.677   387.9      1.159      1.677      1.294     -0.496     -0.212     -0.302
892.8000      -1002.788    -1012.568        9.780   392.0      0.082      0.417     -1.518     -0.683     -0.565      0.132
893.0000      -1002.053    -1011.917        9.865   395.4     -0.367      1.055     -0.096     -0.362     -0.129     -0.248
893.2000      -1003.294    -1013.075        9.780   392.0      0.411      0.428      1.014      0.156     -0.574     -0.228
893.4000      -1002.593    -1011.697        9.104   364.9      0.763     -0.877      1.198     -0.242     -0.007      0.690
893.6000      -1002.776    -1011.793        9.017   361.4      0.455      0.079      0.831     -0.022      0.074      0.178
893.8000      -1003.058    -1011.970        8.912   357.2     -0.091      1.191     -0.016     -0.118      0.100      0.131
894.0000      -1002.347    -1012.303        9.956   399.1      0.067      0.055      0.673      0.176     -0.333      0.179
894.2000      -1002.025    -1011.534        9.509   381.2      0.355      0.324      0.596     -0.347      0.404     -0.166
894.4000      -1002.331    -1011.621        9.290   372.4      0.441     -0.203      0.204     -0.530      0.127      0.101
894.6000      -1000.803    -1011.106       10.303   413.0      0.901      0.489      1.295     -0.323     -0.127     -0.218
894.8000      -1002.463    -1011.787        9.324   373.7      0.133      0.422      0.194      0.085     -0.407      0.339
895.0000      -1001.170    -1011.011        9.841   394.5      0.971      0.242      0.322     -0.088     -0.540     -0.052
895.2000      -1001.606    -1011.357        9.752   390.9     -0.418     -0.752     -0.354     -0.096     -0.234     -0.220
895.4000      -1000.771    -1011.540       10.770   431.7     -0.052      0.024      0.536     -0.284      0.386      0.354
895.6000       -999.394    -1010.088       10.694   428.7      0.580      0.650      0.633      0.045     -0.361      0.129
895.8000       -999.881    -1010.567       10.686   428.3      1.064      0.446      0.259     -0.604      0.232     -0.346
896.0000      -1000.344    -1010.700       10.356   415.1      0.121      1.186      1.147      0.499     -1.040      0.203
896.2000       -999.819    -1010.015       10.196   408.7      0.388      1.100      0.402      0.835      0.252     -0.640
896.4000      -1002.046    -1011.560        9.515   381.4      0.051     -0.019     -0.410     -0.324      0.441     -0.289
896.6000      -1001.749    -1010.402        8.654   346.9     -0.781      0.262     -0.137      0.058     -0.317     -0.343
896.8000      -1000.929    -1011.454       10.525   421.9     -0.512     -0.527      0.920     -0.128     -0.221      0.177
897.0000      -1000.863    -1011.554       10.691   428.6     -0.039      0.716      0.359     -0.321     -0.407      0.091
897.2000      -1001.735    -1011.395        9.660   387.2     -0.317      0.133      0.588      0.147     -0.147      0.589
897.4000      -1002.363    -1011.818        9.455   379.0      1.010      0.937     -0.263      0.725     -0.422      0.669
897.6000      -1002.713    -1011.659        8.946   358.6      0.062      1.737      0.934      0.047      0.469      0.762
897.8000      -1001.962    -1011.222        9.261   371.2      1.038      1.061      0.561     -0.137      0.457     -0.325
898.0000      -1001.817    -1012.206       10.389   416.4      1.221      0.642      0.604     -0.252      0.189      0.488
898.2000      -1001.540    -1010.946        9.406   377.0     -0.997     -0.008     -0.112     -0.503     -0.471      0.578
898.4000      -1001.170    -1011.193       10.023   401.8      0.779      0.438      0.388      0.113      0.160      0.254
898.6000      -1000.892    -1010.371        9.479   380.0      0.543      1.508      0.140     -0.278      0.610      0.872
898.8000      -1002.331    -1011.602        9.271   371.6      0.736      0.895      1.232      0.473      0.594      0.041
899.0000      -1002.001    -1011.400        9.399   376.7      0.626      0.670     -0.293     -0.378     -0.161     -0.714
899.2000      -1002.381    -1012.453       10.071   403.7     -0.577     -0.208     -0.506     -0.124      0.201     -0.019
899.4000      -1002.881    -1012.388        9.506   381.1     -0.545      0.376     -0.099      0.196      0.348      0.041
899.6000      -1003.293    -1013.122        9.829   394.0     -0.156      0.946      0.144     -0.660      0.124      0.084
899.8000      -1003.005    -1012.642        9.637   386.3      0.951      0.555      0.975      0.025      0.359     -0.174
900.0000      -1001.184    -1011.279       10.095   404.6      0.711      0.456      0.628     -0.185      0.133     -0.196
900.2000      -1002.087    -1011.568        9.482   380.1      0.403      0.244      0.022     -0.314     -0.152      0.129
900.4000      -1002.191    -1011.670        9.479   380.0      0.391      0.440      0.245      0.549      0.352      0.088
900.6000      -1001.825    -1012.084       10.259   411.2      1.242      0.276      0.505     -0.307      0.661     -0.313
900.8000      -1002.419    -1011.913        9.494   380.6      0.406     -0.344      0.485      0.040     -0.309     -0.146
901.0000      -1002.538    -1012.966       10.428   418.0      0.943      0.251      0.795     -0.268      0.005     -0.160
901.2000      -1001.145    -1011.043        9.898   396.7      0.245      0.421      1.003     -0.641     -0.008      0.084
901.4000      -1001.296    -1011.082        9.786   392.3      0.323     -0.469      0.086     -0.290     -0.525     -0.630
901.6000      -1002.506    -1011.980        9.473   379.7      0.744      0.432      0.282      0.378      0.133     -0.693
901.8000      -1003.071    -1012.638        9.567   383.5      1.572      1.344      1.284      0.265     -0.144     -0.141
902.0000      -1002.634    -1012.057        9.424   377.7      0.664     -0.177      0.923     -0.120     -0.658      0.261
902.2000      -1002.868    -1012.521        9.653   386.9      0.470     -0.642     -0.065     -0.119      0.155      0.227
902.4000      -1003.065    -1012.230        9.166   367.4      0.436      0.296      1.289      0.049      0.530     -0.034
902.6000      -1001.888    -1011.517        9.629   386.0      0.277      0.285      0.668     -0.166      0.295     -0.078
902.8000      -1002.554    -1012.055        9.501   380.9      0.839      0.512      1.451      0.199     -0.199     -0.118
903.0000      -1001.410    -1011.422       10.012   401.3      0.403      0.405      0.393      0.105      0.606     -0.506
903.2000      -1000.926    -1010.584        9.658   387.1      1.069      1.358      0.708     -0.245      0.091      0.112
903.4000      -1000.776    -1010.787       10.011   401.3      1.163      0.917      1.088     -0.091     -0.102      0.259
903.6000      -1001.098    -1010.944        9.846   394.7     -0.766      0.667      0.475      0.155     -0.563      0.034
903.8000      -1001.321    -1011.138        9.817   393.5     -0.109      0.728      0.649      0.028      0.236     -0.821
904.0000      -1000.765    -1010.930       10.164   407.4      0.741     -1.897      0.134     -0.115      0.143     -0.027
904.2000      -1001.978    -1011.248        9.271   371.6      0.803     -0.021      1.109      0.579      0.357      1.001
904.4000      -1001.465    -1011.173        9.708   389.2     -0.770     -0.803     -0.567      0.431     -0.194     -0.478
904.6000      -1001.660    -1011.338        9.678   387.9      0.019     -0.230     -0.114      0.212      0.219     -0.325
904.8000      -1000.742    -1010.943       10.201   408.9      0.302      0.643      0.555      0.115      0.455      0.379
905.0000      -1001.268    -1011.487       10.219   409.6     -0.909      0.713      0.058      0.537      0.613     -0.023
905.2000      -1000.541    -1010.883       10.343   414.6     -0.613      0.846      0.151     -0.072      0.300     -0.122
905.4000      -1001.332    -1011.900       10.568   423.6      0.247      0.886     -0.170     -0.002      0.518      0.356
905.6000      -1001.143    -1010.725        9.582   384.1      0.359      0.429      0.984     -0.385     -0.031      0.014
905.8000       -999.905    -1010.187       10.281   412.1      0.562     -0.277     -0.247     -0.213      0.033      0.230
906.0000      -1000.219    -1010.408       10.189   408.4      0.797      1.056      0.998     -0.384      0.165     -0.328
906.2000      -1001.133    -1010.749        9.616   385.5     -0.756     -0.147     -0.416      0.045     -0.693     -0.113
906.4000      -1001.171    -1011.233       10.062   403.3      0.770      0.414     -0.243     -0.067     -0.207     -0.038
906.6000      -1000.229    -1010.066        9.837   394.3      0.621      0.388      0.871      0.353     -0.063     -0.128
906.8000      -1000.385    -1011.461       11.075   443.9     -0.194     -0.187      0.387      0.044      0.389      0.580
907.0000       -999.542    -1009.929       10.387   416.4      0.616      0.595      0.760     -0.564      0.059      0.043
907.2000      -1000.237    -1010.009        9.772   391.7      0.156      0.946      0.838     -0.008     -0.193     -0.641
907.4000       -999.540    -1009.164        9.624   385.8      0.431      0.891      0.765     -0.096     -0.002     -0.135
907.6000       -999.878    -1011.028       11.149   446.9      1.027      1.193      1.154      0.635      0.182     -0.030
907.8000      -1000.789    -1011.341       10.552   423.0     -0.258     -0.963      0.093     -0.289     -0.317      0.087
908.0000      -1000.220    -1010.583       10.363   415.4      0.144      0.322      0.073     -0.037      0.381      0.322
908.2000       -999.722    -1009.988       10.267   411.5     -0.434      0.372      0.028      0.416     -0.092     -0.595
908.4000       -999.946    -1009.286        9.340   374.4     -0.048     -0.879      0.638      0.187      0.261      0.035
908.6000       -999.025    -1010.203       11.178   448.1      0.222      0.095      0.206      0.635     -0.331     -0.247
908.8000       -997.250    -1008.252       11.001   441.0      0.277      0.304      0.814      0.292     -0.622      0.093
909.0000       -998.223    -1008.473       10.249   410.8      0.217      0.304      0.966      0.222      0.045      0.523
909.2000       -998.958    -1009.948       10.990   440.5      1.302      0.817     -0.254     -0.404     -0.060      0.037
909.4000       -999.487    -1009.704       10.217   409.6      0.393     -0.099      0.677      0.367      0.034      0.165
909.6000       -997.930    -1008.610       10.680   428.1      0.432      1.344     -0.183     -0.094     -0.640     -0.132
909.8000       -999.727    -1009.958       10.231   410.1      0.237      0.587      0.854      0.297      0.159      0.344
910.0000      -1000.337    -1009.574        9.237   370.2     -0.755      0.396      1.195     -0.099      0.141      0.670
910.2000      -1000.794    -1010.326        9.532   382.1     -0.280      1.035      0.355     -0.610     -0.431     -0.232
910.4000      -1001.617    -1010.926        9.309   373.1      0.422      0.255     -0.686     -0.122     -0.371      0.027
910.6000      -1001.802    -1011.204        9.402   376.9     -0.342     -0.515     -1.466      0.712     -0.663      0.188
910.8000      -1001.525    -1011.830       10.305   413.1      0.336     -0.312     -0.014      0.560      0.238      0.306
911.0000      -1001.619    -1011.336        9.717   389.5      0.183      0.941      0.318      0.007      0.186      0.020
911.2000      -1002.854    -1012.359        9.504   381.0      0.744      0.383      0.547     -0.186     -0.644      0.220
911.4000      -1001.814    -1011.769        9.956   399.1      0.629      0.878      0.904      0.136      0.049      0.099
911.6000      -1001.139    -1011.040        9.901   396.9      0.896     -0.404      1.314      0.191     -0.386     -0.779
911.8000      -1001.624    -1011.366        9.742   390.5     -0.665      1.393      0.267      0.053     -0.131      0.001
912.0000      -1001.676    -1012.073       10.397   416.7      0.396      0.322      0.939     -0.092      0.470      0.050
912.2000      -1002.145    -1012.156       10.011   401.3     -0.437      1.069      0.971      0.984      0.022     -0.418
912.4000      -1002.603    -1012.088        9.484   380.2      0.430      1.665      0.394     -0.287     -0.688      0.044
912.6000      -1002.023    -1010.965        8.942   358.5     -0.216      0.102      1.104     -0.027      0.108      0.342
912.8000       -999.959    -1010.149       10.189   408.4      0.552      0.830      0.851     -0.258      0.159      0.022
913.0000      -1001.375    -1011.359        9.985   400.2     -0.242      0.548      0.894     -0.074     -0.173     -0.376
913.2000      -1000.878    -1011.213       10.335   414.3      0.416      1.330      0.868     -0.260      0.202      0.559
913.4000      -1002.312    -1011.855        9.544   382.6      1.236      0.400      0.980     -0.674     -0.144      0.091
913.6000      -1001.717    -1011.767       10.050   402.9      0.393      0.620      1.164      0.161     -0.234      0.388
913.8000      -1002.367    -1011.798        9.431   378.1      0.756      0.314      0.888      0.152     -0.054      0.416
914.0000      -1001.419    -1011.466       10.048   402.8      0.278      0.360     -0.008     -0.460     -1.034      0.446
914.2000      -1002.391    -1011.281        8.890   356.4      0.698      0.699      0.139     -0.395      0.209      0.109
914.4000      -1003.250    -1012.457        9.207   369.1      0.366      0.927     -0.119     -0.352      0.182      0.154
914.6000      -1003.049    -1011.701        8.652   346.8      1.342      0.725      1.152     -0.013     -0.071      0.153
914.8000      -1001.911    -1011.121        9.210   369.2      0.313      0.778      0.573      0.213      0.097     -0.443
915.0000      -1001.926    -1011.546        9.620   385.6      0.263      0.285      0.991      0.142      0.657     -0.656
915.2000      -1000.440    -1010.524       10.084   404.2      0.584      0.464      0.273      0.284     -0.713     -0.430
915.4000      -1000.818    -1011.403       10.585   424.3      0.345      0.692      0.959      0.212     -0.393      0.105
915.6000      -1001.817    -1011.633        9.816   393.5      0.091      1.312      0.102     -0.426     -0.217     -0.351
915.8000      -1002.164    -1011.607        9.443   378.5     -0.053     -0.433      0.144     -0.609     -0.163      0.691
916.0000      -1001.044    -1012.162       11.119   445.7      0.544     -0.506     -0.319     -0.009      0.127      0.726
916.2000      -1001.912    -1012.259       10.346   414.7      0.251     -0.001     -0.162     -0.362     -0.153      0.166
916.4000      -1002.238    -1011.517        9.279   372.0      0.429     -0.265     -0.007      0.255     -0.126     -0.050
916.6000      -1003.134    -1013.144       10.009   401.2     -0.033      0.037     -0.278      0.309      0.083     -0.211
916.8000      -1002.916    -1012.893        9.977   399.9     -0.325      0.120     -0.304      0.054      0.257      0.226
917.0000      -1003.166    -1012.213        9.047   362.6      0.814      0.371      1.443      0.049      0.245      0.030
917.2000      -1003.767    -1012.821        9.054   362.9     -0.447      0.307      0.313     -0.192      0.352      0.212
917.4000      -1002.687    -1011.505        8.818   353.5     -1.026      0.551     -0.099     -0.246     -0.031      0.158
917.6000      -1002.190    -1012.063        9.872   395.7     -0.290     -0.065     -0.722      0.249      0.490     -0.272
917.8000      -1001.317    -1010.919        9.602   384.9      0.481      0.973      1.094     -0.152     -0.157     -0.264
918.0000      -1000.999    -1010.584        9.586   384.2      0.369      0.802      1.432      0.276     -0.117     -0.325
918.2000      -1001.209    -1011.289       10.080   404.1      0.002      0.511     -0.864     -1.051     -0.190      0.005
918.4000      -1000.701    -1011.645       10.944   438.7     -0.195     -0.175      0.624     -0.092      0.414      0.442
918.6000      -1001.393    -1011.714       10.322   413.7      0.557     -0.158     -0.204     -0.175     -0.349     -0.441
918.8000      -1002.442    -1012.343        9.901   396.9      0.437     -0.157      0.212      0.074     -0.070     -0.482
919.0000      -1001.511    -1011.023        9.512   381.3     -0.266     -0.091      0.280     -0.328     -0.261     -0.209
919.2000      -1000.868    -1010.660        9.792   392.5      0.652      0.149     -0.138      0.506      0.068     -0.561
919.4000      -1001.228    -1010.390        9.162   367.2      1.560      0.828      0.921      0.332     -0.199     -0.139
919.6000      -1000.755    -1010.647        9.893   396.6     -0.551     -1.825      0.229     -0.384      0.497      0.051
919.8000      -1000.953    -1011.064       10.111   405.3      0.584     -0.274     -0.078      0.039      0.009     -0.173
920.0000      -1001.828    -1012.097       10.270   411.7      1.351     -0.190      1.303      0.235     -0.149      0.070
920.2000      -1002.195    -1011.617        9.421   377.7      0.957      0.745     -0.107     -0.397     -0.377      0.177
920.4000      -1002.238    -1011.398        9.160   367.2      0.965      1.055      1.397      0.403     -0.135     -0.454
920.6000      -1001.731    -1011.573        9.843   394.5      1.431      0.637      1.842      0.097     -0.464     -0.652
920.8000      -1001.619    -1011.935       10.315   413.5      0.176      0.740      1.436      0.008     -0.064      0.087
921.0000      -1000.969    -1010.817        9.847   394.7      0.679      0.195      1.193      0.187      0.492     -0.516
921.2000      -1000.984    -1010.641        9.657   387.1      0.436      0.357      0.577     -0.665     -0.453     -0.133
921.4000      -1002.337    -1011.977        9.640   386.4      0.497      1.272      0.828      0.168     -0.158      0.421
921.6000      -1001.973    -1011.848        9.875   395.8      0.110      0.649      0.028     -0.408      0.530      0.128
921.8000      -1001.033    -1011.077       10.045   402.6     -0.068     -0.303     -0.663     -0.051      0.278      0.234
922.0000      -1001.335    -1011.252        9.917   397.5     -0.426     -0.644     -1.160      0.611     -0.009      0.192
922.2000      -1000.658    -1010.988       10.330   414.1     -0.277     -0.415     -0.186     -0.062      0.001     -0.195
922.4000      -1000.595    -1010.633       10.038   402.4     -0.443     -0.541      0.985     -0.032      0.275     -0.062
922.6000      -1002.283    -1011.623        9.340   374.4      1.124     -0.508      0.919     -0.167      0.098      0.504
922.8000      -1002.151    -1011.200        9.049   362.7      0.331     -0.463     -0.450     -0.068     -0.902     -0.485
923.0000      -1001.330    -1011.447       10.117   405.5     -0.047      1.214      1.724      0.064     -0.303     -0.174
923.2000      -1000.770    -1010.753        9.983   400.2      0.500      0.581      0.513     -0.238      0.219      0.328
923.4000      -1001.064    -1012.199       11.135   446.3     -0.022     -0.473     -0.272      0.309     -0.029      0.289
923.6000      -1000.200    -1010.056        9.856   395.1      0.576     -0.412      0.339     -0.249     -0.300      0.231
923.8000      -1001.743    -1011.046        9.303   372.9      0.094      0.062      0.292      0.385      0.001     -0.150
924.0000      -1002.357    -1011.610        9.252   370.9      1.217      0.501      0.566     -0.678      0.542      0.399
924.2000      -1002.336    -1011.423        9.087   364.2      1.336      1.391      0.918     -0.425      0.016     -0.114
924.4000      -1002.551    -1011.383        8.833   354.1      0.434      0.643      1.003     -0.086     -0.050      0.144
924.6000      -1001.150    -1011.410       10.260   411.3     -0.427     -0.604      0.195      0.456     -0.246     -0.275
924.8000      -1000.863    -1011.085       10.222   409.7      0.251     -0.562      0.347     -0.375     -0.773      0.554
925.0000      -1000.906    -1010.586        9.680   388.0      0.379      0.679      0.015     -0.082     -0.524     -0.737
925.2000      -1000.962    -1010.989       10.026   401.9      0.284     -0.329      0.320      0.420      0.604      0.032
925.4000      -1000.567    -1010.037        9.469   379.6      0.534      0.119      0.151      0.216      0.400      0.121
925.6000      -1001.496    -1009.906        8.410   337.1      0.034      0.171      0.667      0.566      0.334     -0.675
925.8000      -1001.500    -1011.437        9.937   398.3      0.046     -0.195     -0.310      0.349     -0.207      0.065
926.0000      -1000.680    -1010.798       10.117   405.6      0.022      0.213      0.058      0.162     -0.847     -0.211
926.2000      -1000.566    -1010.937       10.371   415.7     -0.059      0.650      0.513      0.294      0.004     -0.508
926.4000      -1002.081    -1011.870        9.789   392.4      0.090      0.519      0.325     -0.828     -0.315     -0.261
926.6000      -1001.181    -1010.502        9.321   373.6      0.460      0.121     -0.162      0.430     -0.447      0.682
926.8000      -1001.118    -1010.577        9.459   379.2      0.701     -0.236      0.530     -0.354     -0.400     -0.522
927.0000      -1001.634    -1010.622        8.988   360.3      0.093      0.405     -0.563     -0.230     -0.402     -0.461
927.2000      -1001.262    -1010.226        8.964   359.3     -0.120     -0.019      0.287      0.413     -0.134      0.849
927.4000      -1001.696    -1010.979        9.283   372.1      0.956      1.040      1.167     -0.111     -0.102      0.362
927.6000      -1002.687    -1012.331        9.644   386.6      0.201      0.641      0.462      0.393      0.782     -0.153
927.8000      -1002.093    -1011.485        9.393   376.5      0.726      0.298      0.656     -0.195      0.425      0.397
928.0000      -1002.864    -1011.882        9.018   361.5      0.408      0.559      0.908      0.495     -0.208      0.001
928.2000      -1002.030    -1011.804        9.774   391.8     -0.613     -0.476      0.322      0.173      0.206      0.034
928.4000      -1001.115    -1010.811        9.696   388.7      1.276      0.694      1.532      0.025      0.054      0.023
928.6000      -1001.063    -1011.033        9.970   399.6      0.505      0.554      1.663     -0.379      0.087     -0.821
928.8000      -1002.497    -1011.643        9.146   366.6      1.129     -0.471      0.584     -0.141     -0.212      0.129
929.0000      -1003.231    -1012.266        9.036   362.2      0.409     -0.654      0.133     -0.452     -0.109      0.008
929.2000      -1002.569    -1011.058        8.489   340.3      0.856      0.558      1.150      0.108     -0.073     -0.437
929.4000      -1001.969    -1011.787        9.818   393.6     -0.268      0.212     -0.080      0.508     -0.038     -0.051
929.6000      -1003.018    -1012.322        9.303   372.9      0.557      0.161      0.426      0.064     -0.480      0.292
929.8000      -1002.419    -1012.002        9.583   384.1      0.296      0.207      0.196     -0.012      0.628     -0.276
930.0000      -1001.596    -1011.189        9.593   384.5      0.336     -0.065      1.469     -0.586     -0.153     -0.394
930.2000      -1000.812    -1011.484       10.672   427.8     -0.241      0.521      0.014     -0.415     -0.590     -0.744
930.4000      -1001.230    -1011.181        9.951   398.9     -0.556      0.674      0.360      0.370      0.232     -0.388
930.6000       -999.917    -1010.351       10.434   418.2      0.405     -0.599     -0.597      0.169      0.069      0.213
930.8000      -1000.242    -1009.906        9.664   387.4     -0.641      0.590      0.448     -0.622     -0.222      0.458
931.0000      -1000.628    -1010.095        9.467   379.5      1.561     -0.115      0.733     -0.072     -0.082      0.261
931.2000      -1001.688    -1011.370        9.682   388.1      0.252     -0.024      0.837     -0.032     -0.017     -0.622
931.4000      -1000.638    -1010.450        9.812   393.3      1.070      1.306     -0.789      0.144     -0.106     -0.516
931.6000      -1000.664    -1010.765       10.101   404.9     -0.267     -0.309      0.750      0.366     -0.023      0.469
931.8000      -1000.991    -1011.049       10.058   403.2      0.506     -0.569      0.496      0.067      0.047      0.113
932.0000      -1002.399    -1012.628       10.229   410.0      0.546      0.879      0.175      0.000     -0.064     -0.512
932.2000      -1001.964    -1011.333        9.368   375.5     -0.279     -0.850     -0.430      0.204      0.145     -0.100
932.4000      -1001.515    -1011.383        9.868   395.5      1.236      0.806      1.127      0.307     -0.135      0.533
932.6000      -1001.630    -1011.712       10.083   404.2      0.391      0.919     -0.439      0.337      0.105     -0.354
932.8000      -1002.290    -1012.595       10.305   413.1     -0.217      0.732     -0.153     -0.009      0.170      0.183
933.0000      -1001.214    -1011.712       10.498   420.8     -0.373      0.892      0.298     -0.052      0.452     -0.033
933.2000      -1002.197    -1012.148        9.951   398.9      0.860      0.227      1.546     -0.256      0.269     -0.611
933.4000      -1001.498    -1011.397        9.899   396.8      0.827      0.178      0.669      0.000      0.108     -0.005
933.6000      -1002.062    -1011.517        9.455   379.0      1.250      0.699     -0.250     -0.505     -0.144     -0.084
933.8000      -1001.896    -1010.815        8.919   357.5     -0.298      0.847      0.061      0.095     -0.530      0.640
934.0000      -1000.795    -1011.310       10.515   421.5      0.178      0.400     -0.583     -0.184     -0.534      1.100
934.2000      -1001.796    -1011.507        9.711   389.3      0.882     -0.368      0.062     -0.306     -0.221      0.439
934.4000      -1002.418    -1012.009        9.591   384.5      1.490      0.839      1.756     -0.007     -0.522     -0.235
934.6000      -1002.707    -1011.001        8.293   332.4      0.707     -0.488      0.989     -0.281     -0.460     -0.042
934.8000      -1002.805    -1011.942        9.137   366.2      0.540      0.911      0.725     -0.403      0.404      0.218
935.0000      -1002.653    -1012.085        9.432   378.1      1.172      0.688      1.256     -0.058      0.115      0.113
935.2000      -1002.048    -1011.869        9.821   393.7     -0.330      0.476      0.519      0.232     -0.225      0.335
935.4000      -1002.000    -1011.772        9.773   391.7      1.040      0.541      0.897     -0.310     -0.556     -0.443
935.6000      -1001.716    -1012.161       10.445   418.7      1.198      0.877      1.390     -0.830      0.096     -0.406
935.8000      -1002.265    -1012.427       10.162   407.3      1.146      0.807      0.478      0.361     -1.001     -0.020
936.0000      -1002.664    -1011.825        9.162   367.2      0.080      0.333     -0.551     -0.200     -0.283     -0.105
936.2000      -1001.754    -1011.720        9.967   399.5     -0.237     -0.561     -0.401     -0.056     -0.586     -0.028
936.4000      -1001.739    -1011.897       10.158   407.2      1.172      0.932     -0.026     -0.417     -0.723     -0.114
936.6000      -1001.042    -1011.543       10.501   420.9      0.935      0.563      1.096      0.212      0.130     -0.304
936.8000      -1001.833    -1012.907       11.074   443.9      0.934      1.502      1.073      0.164     -0.268      0.017
937.0000      -1001.180    -1011.006        9.826   393.9      0.686      0.424      0.356     -0.205     -0.440      0.303
937.2000      -1002.228    -1012.260       10.032   402.1      0.833      0.438      0.120      0.182      0.264      0.304
937.4000      -1002.505    -1011.869        9.365   375.4      0.749      0.541      0.569      0.162     -0.510     -0.156
937.6000      -1002.844    -1011.483        8.639   346.3      0.123      0.898      0.845     -0.001     -0.121     -0.103
937.8000      -1004.027    -1013.482        9.455   379.0      0.811      0.010      0.908     -0.188      0.228     -0.131
938.0000      -1004.141    -1013.340        9.199   368.7      0.577      1.390      0.565      0.809      0.620      0.108
938.2000      -1003.171    -1012.465        9.294   372.6      0.624      0.761      0.414     -0.123      0.379     -0.109
938.4000      -1002.663    -1012.609        9.946   398.7      0.184      0.783      1.351     -0.133     -0.241     -0.104
938.6000      -1002.692    -1012.742       10.050   402.9     -0.051      0.240      1.206      1.141      0.489      0.321
938.8000      -1001.967    -1011.321        9.353   374.9      1.509     -0.523     -0.283     -0.525     -0.226      0.183
939.0000      -1000.435    -1010.718       10.283   412.2     -0.005      0.443      0.715     -0.330      0.229     -0.172
939.2000      -1001.330    -1011.063        9.733   390.1      0.828      0.979      0.792      0.152      0.309      0.676
939.4000       -999.916    -1010.571       10.655   427.1     -0.058      0.321      1.238      0.714      0.175     -0.354
939.6000      -1000.344    -1010.205        9.861   395.3     -0.488     -0.938     -0.330     -0.289     -0.257     -0.065
939.8000      -1001.620    -1012.281       10.661   427.3     -0.282     -0.139     -0.051      0.751     -0.060     -0.287
940.0000      -1001.841    -1010.644        8.803   352.9     -0.129      0.460     -0.292     -0.032     -0.393     -0.604
940.2000      -1001.230    -1010.920        9.690   388.4     -0.475     -1.359      0.476      0.338     -0.361      0.408
940.4000      -1000.289    -1011.583       11.295   452.7      0.772     -0.026      0.804      0.244     -0.040     -0.276
940.6000      -1001.356    -1011.095        9.739   390.4     -0.044     -0.187      0.393     -0.172     -0.271      0.089
940.8000      -1001.269    -1012.028       10.759   431.3     -0.114      1.300      0.382     -0.125      0.208     -0.895
941.0000      -1000.359    -1010.153        9.794   392.6      0.185     -0.049      0.063      0.073     -0.261      0.458
941.2000      -1001.315    -1011.139        9.824   393.8      0.413      1.051      0.042     -0.340     -0.246      0.795
941.4000      -1000.252    -1010.641       10.389   416.4      0.812      1.028      0.249     -0.541      0.811     -0.169
941.6000      -1000.885    -1010.700        9.815   393.4      0.836      0.001     -0.560     -0.014     -0.600      0.090
941.8000      -1000.521    -1010.819       10.298   412.8      0.528      0.391      0.463      0.209     -0.524     -0.120
942.0000      -1000.869    -1011.324       10.455   419.1      0.884      0.694      0.368      0.162      0.078     -0.271
942.2000      -1000.727    -1010.154        9.426   377.8      0.324     -0.417     -0.236      0.250      0.117     -0.032
942.4000      -1000.763    -1010.100        9.337   374.3     -0.315      0.895     -1.088     -0.182      0.019     -0.392
942.6000      -1002.481    -1011.812        9.331   374.0      0.421      0.593      0.843     -0.027     -0.326      0.489
942.8000      -1001.081    -1011.165       10.083   404.2      0.079     -0.352      1.148      0.038      0.879     -0.327
943.0000      -1001.254    -1010.775        9.520   381.6     -0.318      0.138     -0.320     -0.015     -0.595     -0.265
943.2000      -1000.289    -1010.906       10.617   425.6      0.318      0.023     -0.706      0.394      0.527     -0.414
943.4000      -1000.714    -1010.765       10.051   402.9      0.098      0.297      0.529      0.450      0.051     -0.248
943.6000      -1001.130    -1011.515       10.385   416.3     -0.448      0.085     -0.518     -0.132     -0.275     -0.645
943.8000      -1000.738    -1011.411       10.673   427.8     -0.191     -0.340      0.952     -0.265     -0.019      0.400
944.0000      -1000.810    -1010.538        9.728   389.9      0.190      0.306      1.245     -0.153      0.170      0.433
944.2000      -1000.200    -1010.958       10.758   431.2     -0.289     -0.344      0.272      0.205      0.093      0.399
944.4000      -1000.238    -1011.055       10.817   433.6     -0.407      0.482     -0.578     -0.344      0.060      0.558
944.6000      -1000.321    -1010.518       10.197   408.7      0.835     -1.108     -0.776      0.426      0.173     -0.564
944.8000      -1000.006    -1010.323       10.317   413.6     -0.309     -0.366      0.636      1.039      0.056     -0.210
945.0000      -1001.128    -1010.240        9.112   365.3      0.759      1.333      0.917     -0.301     -0.532     -0.314
945.2000      -1001.060    -1010.954        9.894   396.6      0.803     -0.455      0.753     -0.412     -0.009      0.290
945.4000      -1001.099    -1011.309       10.210   409.3      0.170     -0.033      0.868     -0.021      0.028     -0.430
945.6000      -1001.179    -1011.298       10.119   405.6     -1.283      0.213     -0.123     -0.445     -0.175     -0.003
945.8000      -1000.471    -1010.250        9.780   392.0      0.039     -0.420      0.950     -0.497      0.356      0.467
946.0000      -1002.008    -1011.623        9.615   385.4     -0.427      0.072     -0.718      0.415     -0.006     -0.071
946.2000      -1002.616    -1011.308        8.691   348.4      0.512      0.241      0.187     -0.191     -0.181     -0.184
946.4000      -1002.360    -1011.630        9.270   371.6      0.924      1.134      0.262      0.098      0.008      0.330
946.6000      -1002.006    -1012.172       10.166   407.5      0.108     -0.120     -0.358      0.192     -0.143     -0.309
946.8000      -1001.530    -1011.414        9.883   396.2      0.461     -1.106      0.380      0.578      0.397     -0.114
947.0000      -1001.144    -1011.829       10.685   428.3     -1.033     -0.405      0.431     -0.687      0.585      0.083
947.2000      -1001.203    -1011.604       10.401   416.9     -0.352     -0.357     -0.464      0.491     -0.337      0.304
947.4000      -1001.869    -1011.318        9.449   378.8      0.137     -0.138      0.189     -0.266      0.008     -0.224
947.6000      -1001.473    -1011.647       10.175   407.8      0.742      0.688      0.046     -0.123      0.055     -0.393
947.8000      -1000.235    -1010.283       10.049   402.8     -0.720     -0.301     -0.120     -0.430     -0.517      0.233
948.0000       -999.613    -1009.299        9.686   388.3      0.829      0.942      1.455      0.057      0.071      0.461
948.2000       -999.907    -1011.073       11.167   447.6      0.316      0.079      0.259     -0.578     -0.035      0.227
948.4000      -1000.500    -1010.386        9.886   396.3     -0.771     -0.493     -1.279      0.141      0.494     -0.358
948.6000      -1001.372    -1011.306        9.934   398.2      0.488      0.525      0.536      0.101     -0.348     -0.278
948.8000      -1001.727    -1011.622        9.895   396.6      1.148      0.050      0.424      0.296     -0.290      0.292
949.0000      -1001.361    -1011.190        9.829   394.0      0.161      1.042     -0.200      0.005      0.216     -0.340
949.2000      -1002.408    -1012.578       10.170   407.7      0.100     -0.446      0.637     -0.235     -0.104     -0.125
949.4000      -1003.528    -1012.176        8.648   346.7     -0.635      0.561     -0.243     -0.114     -0.292      0.749
949.6000      -1003.252    -1012.752        9.500   380.8      0.378      0.831      0.535      0.299     -0.669      0.264
949.8000      -1002.935    -1012.014        9.079   363.9      0.197      0.349     -0.477      0.325     -0.010      0.193
950.0000      -1002.171    -1012.509       10.338   414.4     -0.389      0.481      1.212     -0.029      0.353     -0.175
950.2000      -1002.042    -1011.847        9.804   393.0      0.282     -0.649      0.367      0.083      0.688     -0.046
950.4000      -1002.169    -1011.586        9.417   377.5      0.403      0.878      0.791     -0.403      0.165      0.213
950.6000      -1002.826    -1011.494        8.668   347.5      0.054      0.500      0.515      0.037     -0.083      0.240
950.8000      -1001.841    -1011.936       10.095   404.7     -0.384      0.159      0.097     -0.721      0.545      0.476
951.0000      -1001.581    -1011.900       10.318   413.6     -0.336      0.812      0.867      0.073      0.241     -0.633
951.2000      -1000.524    -1011.172       10.648   426.8      1.457     -0.221      1.152     -0.386     -0.418      0.101
951.4000      -1000.510    -1011.028       10.518   421.6      1.398      0.279      0.102     -0.158      0.185     -0.620
951.6000      -1001.850    -1012.252       10.402   417.0     -0.013     -0.680     -0.452      0.445      0.561      0.232
951.8000      -1001.208    -1011.775       10.567   423.6      0.373      1.711      0.750     -0.452      0.158     -0.104
952.0000      -1001.920    -1011.551        9.631   386.1      0.639      0.279     -0.506     -0.680     -0.310      0.259
952.2000      -1002.687    -1011.838        9.151   366.8     -0.517     -0.063      0.600     -0.231      0.338     -0.069
952.4000      -1003.039    -1013.535       10.495   420.7      0.621     -0.116      0.049     -0.128     -0.139      0.217
952.6000      -1002.646    -1011.765        9.119   365.5      0.847      1.164     -0.232     -0.175     -0.481      0.155
952.8000      -1002.101    -1011.934        9.834   394.2      0.160      1.407      1.575     -0.165      0.597     -0.314
953.0000      -1002.139    -1012.654       10.515   421.5      0.005      0.140     -0.917     -0.114      0.458      0.532
953.2000      -1002.270    -1011.142        8.872   355.6      0.932      0.905      1.611     -0.516     -0.443      0.467
953.4000      -1002.569    -1012.055        9.486   380.2      0.799      0.237      0.122     -0.671      0.133     -0.502
953.6000      -1001.304    -1011.088        9.784   392.2      0.593      0.626     -0.392     -0.592     -0.349      0.374
953.8000      -1001.378    -1011.423       10.046   402.7     -1.325     -0.981     -0.094      0.810      0.166     -0.390
954.0000      -1002.580    -1011.640        9.060   363.2     -0.847      0.198      0.207      0.069      0.457      0.167
954.2000      -1003.608    -1012.905        9.296   372.6     -0.520     -0.092     -0.441     -0.232      0.668      0.095
954.4000      -1001.362    -1011.778       10.416   417.5      0.701      0.404      0.835      0.089     -0.186     -0.484
954.6000      -1001.066    -1011.375       10.309   413.2      0.659      0.814      0.803     -0.357      0.002      0.284
954.8000      -1001.258    -1011.159        9.901   396.9      0.668      0.162      1.407     -0.931     -0.029      0.042
955.0000      -1001.574    -1011.327        9.753   390.9      0.391      1.868      1.057      0.762     -0.826     -0.135
955.2000      -1001.450    -1011.502       10.053   403.0      0.617      0.248      0.403     -0.354      0.284      0.159
955.4000      -1002.630    -1012.022        9.393   376.5     -0.190      0.372      0.651     -0.398     -0.679     -0.422
955.6000      -1000.513    -1010.212        9.699   388.8     -0.426      1.064      1.221      0.156     -0.065     -0.168
955.8000      -1000.987    -1011.261       10.275   411.9     -0.068     -0.075     -0.075     -0.033      0.042      0.087
956.0000      -1002.089    -1011.677        9.588   384.3     -0.757     -0.131      0.572      0.391      0.604      0.195
956.2000      -1002.918    -1012.747        9.829   394.0     -0.107     -0.454      0.344     -0.180     -0.207      0.330
956.4000      -1003.122    -1012.667        9.545   382.6      0.201      0.681      0.557      0.326      0.127     -0.876
956.6000      -1002.779    -1012.560        9.780   392.0      0.406      0.392     -0.214      0.318      0.327     -0.105
956.8000      -1001.460    -1010.922        9.463   379.3     -0.543      0.033      0.280     -0.087      0.200     -0.457
957.0000      -1002.542    -1012.187        9.645   386.6     -0.285     -0.050      0.243      0.236     -0.219      0.212
957.2000      -1002.275    -1012.362       10.087   404.3      0.270      0.108     -0.246     -0.116      0.520      0.141
957.4000      -1002.220    -1012.190        9.970   399.6     -1.100     -1.036     -0.210     -0.482      0.176     -0.116
957.6000      -1001.972    -1011.568        9.596   384.6     -0.053      0.102     -0.121     -0.370      0.303     -0.237
957.8000      -1001.476    -1011.284        9.808   393.1      0.615      0.011      0.117     -0.168      0.536     -0.385
958.0000      -1001.486    -1012.111       10.625   425.9     -0.278      0.290      0.157      0.472     -0.674      0.206
958.2000       -999.791    -1011.100       11.310   453.3     -0.643     -0.058      0.020     -0.253      0.239      0.109
958.4000      -1001.372    -1011.589       10.217   409.5      0.981     -0.157      1.211      0.143      0.214      0.061
958.6000      -1002.866    -1012.117        9.251   370.8      1.053      0.677      0.552      0.280      0.239     -0.854
958.8000      -1002.222    -1012.561       10.339   414.4     -0.897      0.504      0.813     -0.291      0.558      0.090
959.0000      -1002.830    -1012.064        9.234   370.1      0.987      0.952      0.890      0.081     -0.139      0.148
959.2000      -1002.393    -1011.447        9.053   362.9     -0.527     -0.295     -0.522     -0.033      0.747      0.102
959.4000      -1002.044    -1012.261       10.217   409.6      0.116     -0.226     -0.691      0.549     -0.031     -0.812
959.6000      -1001.831    -1011.158        9.327   373.9      1.413     -0.003     -0.486     -0.331      0.103     -0.469
959.8000      -1002.343    -1011.549        9.206   369.0     -0.634      0.170     -0.089      0.083      0.021      0.343
960.0000      -1000.968    -1010.877        9.909   397.2     -0.124     -0.196      0.227      0.424     -0.533      0.413
960.2000      -1000.061    -1009.966        9.905   397.0     -0.131      1.168     -0.044     -0.031     -0.495      0.257
960.4000      -1001.190    -1011.303       10.113   405.4     -0.514     -0.840     -0.851      0.009      0.146      0.182
960.6000      -1000.121    -1010.969       10.849   434.9      0.922      0.957      1.287      0.037      0.005      0.366
960.8000      -1000.309    -1010.407       10.098   404.8      0.534      0.141      0.530      0.157     -0.136     -0.330
961.0000      -1001.386    -1010.927        9.541   382.4      0.977      0.858      0.358      0.416     -0.461     -0.359
961.2000       -999.964    -1009.315        9.351   374.8      1.191      0.962      0.177     -0.198      0.336      0.311
961.4000       -998.587    -1009.617       11.030   442.1      0.186      0.033      0.731     -0.395     -0.706      0.065
961.6000       -999.223    -1009.256       10.033   402.2      1.062      1.294      1.391     -0.308      0.574      0.578
961.8000       -999.427    -1009.500       10.072   403.7      0.529     -0.298     -0.241     -0.287     -0.258     -0.130
962.0000       -998.895    -1009.927       11.032   442.2      1.040      0.877      0.841      0.211      1.127     -0.042
962.2000      -1000.092    -1010.699       10.607   425.2      0.070      1.169      0.914     -0.457      0.114      0.293
962.4000       -999.971    -1009.880        9.909   397.2      1.533      1.715     -0.346     -0.136      0.566     -0.162
962.6000      -1000.214    -1010.111        9.897   396.7      0.967     -0.403      0.398     -0.204     -0.033     -0.436
962.8000      -1000.497    -1010.535       10.038   402.4      0.958      0.522      0.920     -0.337     -0.453      0.484
963.0000      -1000.136    -1010.938       10.802   433.0      0.657      0.253     -1.039     -0.598      0.264     -1.033
963.2000      -1002.091    -1011.653        9.562   383.3      0.656     -0.251      0.889     -0.058      0.534      0.891
963.4000      -1001.578    -1011.083        9.505   381.0     -1.482      0.333     -0.062     -0.328     -0.288      0.217
963.6000      -1001.166    -1011.852       10.685   428.3      0.776      0.252      0.282     -0.080     -0.294      0.241
963.8000      -1000.852    -1010.810        9.958   399.2      0.181      0.406      0.363      0.689      0.310      0.271
964.0000      -1001.935    -1012.634       10.699   428.8      0.885      0.313      0.361     -0.199     -0.324      0.831
964.2000      -1001.395    -1011.729       10.334   414.2     -1.086      0.543     -0.551     -0.574     -0.041     -0.920
964.4000      -1001.332    -1011.327        9.995   400.7      0.175      0.017     -0.829      0.245      0.361     -0.287
964.6000      -1001.157    -1011.307       10.150   406.9     -0.387      1.743      1.137      0.439     -0.480     -0.888
964.8000      -1001.782    -1012.021       10.239   410.4     -0.052     -0.541      0.631     -0.174     -0.314     -0.094
965.0000       -999.585    -1009.907       10.322   413.8      0.817      0.050      0.793     -0.446     -0.153      0.523
965.2000      -1001.537    -1010.666        9.129   365.9      0.483      0.922      1.855     -0.132     -0.212     -0.007
965.4000      -1001.609    -1012.110       10.500   420.9     -0.206      0.612      0.094      0.283     -0.079      0.135
965.6000      -1001.369    -1011.119        9.749   390.8      1.586      0.908      1.466      0.706      0.432      0.371
965.8000      -1002.441    -1012.503       10.062   403.3      0.565      0.379      0.321     -0.318     -0.132      0.025
966.0000      -1002.278    -1011.994        9.717   389.5      1.041      0.102      0.296     -0.552      0.404      0.212
966.2000      -1002.734    -1012.260        9.526   381.8      0.900      1.019      0.188      0.563      0.131      0.226
966.4000      -1001.801    -1011.649        9.848   394.8      0.669      1.066     -0.261     -0.161      0.214      0.109
966.6000      -1000.587    -1010.908       10.322   413.7     -0.046     -0.405      0.477     -0.021      0.327      0.387
966.8000      -1000.893    -1011.198       10.305   413.1      0.830      0.313      0.372      0.096      0.125     -0.303
967.0000      -1001.708    -1011.350        9.642   386.5      1.539      0.542      0.038      0.140      0.157      0.669
967.2000      -1001.460    -1011.106        9.646   386.7     -0.774     -0.568      0.223     -0.085      0.112      0.317
967.4000      -1002.379    -1011.791        9.412   377.3      0.385      0.435     -0.381     -0.376      0.131      0.029
967.6000      -1002.109    -1011.502        9.393   376.5      0.397      0.850      1.021      0.176     -0.376     -0.184
967.8000      -1002.566    -1011.893        9.327   373.9      0.414     -0.123      0.140     -0.854      0.320      0.034
968.0000      -1002.378    -1012.420       10.041   402.5     -0.458      0.235      0.592      0.369      0.039      0.070
968.2000      -1002.653    -1012.117        9.464   379.4      0.449      0.219     -0.062     -0.284      0.251     -0.201
968.4000      -1001.946    -1011.762        9.817   393.5      1.140      0.842      0.011      0.337     -0.375     -0.134
968.6000      -1001.473    -1010.583        9.110   365.2     -0.316      0.830      1.136      0.171     -0.035      0.736
968.8000      -1001.831    -1011.297        9.466   379.5      0.620      0.181     -0.130      0.575      0.026     -0.464
969.0000      -1000.829    -1011.357       10.528   422.0      0.316     -0.203      0.037     -0.344     -0.609      0.188
969.2000      -1001.792    -1011.823       10.031   402.1      0.164     -0.336     -0.201      0.286      0.455      0.009
969.4000      -1000.633    -1011.181       10.547   422.8     -0.595      0.045      0.357      0.151      0.101      0.174
969.6000      -1001.735    -1011.424        9.690   388.4     -0.215      1.035      0.181      0.606      0.116      0.138
969.8000      -1002.174    -1012.115        9.941   398.5     -0.190      0.610     -0.149      0.199     -0.628     -0.488
970.0000      -1002.207    -1012.184        9.977   399.9      0.757      0.215      0.781     -0.025      0.397     -0.285
970.2000      -1001.968    -1011.434        9.466   379.5      0.498     -0.202      0.115     -0.001      0.492      0.073
970.4000      -1001.366    -1011.594       10.228   410.0      0.466     -0.005      0.523     -0.259     -0.150      0.158
970.6000      -1001.082    -1011.416       10.334   414.2      0.420     -0.218      0.533     -0.724     -0.384     -0.016
970.8000      -1001.585    -1011.592       10.007   401.1     -0.193      1.056     -0.320     -0.533      0.133     -0.418
971.0000      -1000.785    -1010.951       10.167   407.5      0.365      0.640      0.762     -0.096      0.192     -0.391
971.2000      -1001.307    -1011.191        9.883   396.2     -0.094      0.982     -0.984      0.822      0.698      0.133
971.4000      -1002.135    -1011.421        9.286   372.2     -0.276      0.544      0.204     -0.105      0.129      0.713
971.6000      -1001.802    -1011.328        9.527   381.9      0.641      0.188      0.586     -0.056     -0.343      0.039
971.8000      -1001.236    -1011.331       10.094   404.6     -0.332     -0.065     -0.539      0.142      0.235     -0.100
972.0000      -1000.776    -1010.417        9.641   386.5      1.467      1.250      1.266     -0.053     -0.019      0.301
972.2000      -1001.129    -1010.661        9.531   382.1      1.495      0.659      1.376      0.284     -0.246      0.933
972.4000      -1000.896    -1011.346       10.450   418.9     -0.243     -0.469      0.839     -0.436     -0.402      0.095
972.6000      -1000.535    -1011.227       10.692   428.6      0.387      0.291     -0.007      0.117     -0.205      0.189
972.8000      -1000.642    -1011.525       10.884   436.3     -0.243      0.983      0.656      0.239      0.022     -0.638
973.0000      -1001.435    -1010.957        9.522   381.7      0.706      0.071     -0.066     -0.712     -0.111     -0.090
973.2000      -1001.261    -1010.333        9.071   363.6     -0.092     -0.034      0.109      0.404      0.852      0.659
973.4000      -1000.806    -1010.547        9.741   390.5     -0.067     -0.029      0.022      0.166     -0.014      0.476
973.6000      -1000.635    -1010.618        9.983   400.2     -0.327      0.644      1.344      0.021     -0.040      0.442
973.8000      -1000.069    -1010.012        9.943   398.6      1.417     -0.143      0.647     -0.071     -0.255      0.082
974.0000      -1000.271    -1010.801       10.529   422.1     -1.336      0.143      0.514     -0.069     -0.433     -0.165
974.2000       -999.718    -1010.279       10.562   423.4      0.770     -0.161      0.234      0.134      0.177      0.810
974.4000       -999.016    -1009.834       10.818   433.6     -0.333     -0.830     -0.843      0.507     -0.037     -0.065
974.6000       -999.424    -1010.464       11.040   442.5      0.444      1.169      0.193     -0.292     -0.227      0.330
974.8000       -999.268    -1009.407       10.139   406.4      0.102      1.322      0.342      0.259      0.225     -0.002
975.0000       -999.753    -1010.655       10.902   437.0      0.603      0.966     -0.151     -0.637      0.673     -0.057
975.2000      -1000.318    -1011.509       11.190   448.6     -0.614     -0.384     -1.119     -0.184      0.285      0.322
975.4000       -999.789    -1010.092       10.303   413.0      0.175     -0.020      0.741     -0.317     -0.348      0.048
975.6000      -1000.119    -1011.225       11.106   445.2      0.252     -1.003      0.075      0.434     -0.030      0.141
975.8000       -999.894    -1010.598       10.704   429.1     -1.417      1.159      0.525     -0.471     -0.099     -0.411
976.0000       -999.712    -1010.761       11.049   442.9      0.686     -1.051     -0.604     -0.051     -0.144     -0.526
976.2000       -999.723    -1010.359       10.637   426.4     -0.352      0.149      0.695     -0.020     -0.463      0.291
976.4000      -1000.950    -1010.453        9.503   380.9     -0.269      0.240      0.952     -0.302     -0.050     -0.480
976.6000      -1001.308    -1011.286        9.978   400.0      0.294      0.257      0.623     -0.142     -0.142     -0.048
976.8000      -1000.329    -1011.045       10.716   429.5     -0.155     -0.302      0.346     -0.308      0.412      0.386
977.0000       -999.035    -1009.824       10.788   432.5      0.631      0.199     -0.970     -0.059      0.555     -0.146
977.2000       -999.709    -1011.269       11.560   463.4      0.222     -0.922     -0.665      0.113     -0.245     -0.282
977.4000       -999.721    -1010.065       10.344   414.6     -0.814      0.160     -0.153      0.535      0.187     -0.639
977.6000      -1000.278    -1011.265       10.986   440.4      0.912      0.621      0.803     -0.131      0.166     -0.333
977.8000      -1000.823    -1011.685       10.861   435.4     -0.131      0.937     -0.349      0.187      0.115      0.230
978.0000      -1001.020    -1010.983        9.962   399.3      0.457      0.766      1.263     -0.327      0.024      0.795
978.2000      -1000.170    -1011.058       10.888   436.4      0.686      0.809      0.968      0.230     -0.155      0.262
978.4000      -1000.974    -1011.028       10.055   403.0      1.025      1.215      0.688      0.552      0.178     -0.103
978.6000      -1000.927    -1010.622        9.695   388.6      0.593      1.761      1.799     -0.654     -0.137     -0.668
978.8000      -1001.093    -1011.663       10.570   423.7      0.213      0.485     -0.432      0.068     -0.192      0.364
979.0000      -1000.685    -1010.646        9.961   399.3      0.501      0.258      0.327      0.154      0.003     -0.205
979.2000      -1001.047    -1011.566       10.519   421.6      1.353      2.216      0.863      0.110     -0.093     -0.115
979.4000      -1001.135    -1010.824        9.690   388.4      0.772      1.086      0.351     -0.246      0.098      0.035
979.6000      -1001.423    -1012.020       10.597   424.8      0.803      0.285      0.225     -0.125     -0.991     -0.204
979.8000      -1001.883    -1011.456        9.573   383.7      0.911      0.429      0.707      0.091     -0.155      0.139
980.0000      -1002.284    -1011.953        9.669   387.6      0.600      0.193      0.729      0.457     -0.020      0.072
980.2000      -1002.866    -1012.080        9.213   369.3     -0.052      0.608      0.548      0.561      0.123      0.504
980.4000      -1002.061    -1011.649        9.588   384.3      1.325      1.306      1.316     -0.832     -0.023     -0.373
980.6000      -1002.260    -1011.506        9.247   370.7      0.352      0.547      0.375      0.288     -0.056      0.495
980.8000      -1001.325    -1010.941        9.616   385.5      0.025     -1.223     -0.011      0.025      0.389     -0.607
981.0000      -1000.849    -1011.165       10.316   413.5      0.774      1.244      0.237     -0.200      0.073     -0.183
981.2000      -1000.613    -1010.553        9.940   398.4      0.147      0.948      0.314     -0.081     -0.289      0.478
981.4000      -1001.308    -1012.469       11.161   447.4      0.989     -0.466     -0.977     -0.564     -0.416      0.005
981.6000      -1001.225    -1010.882        9.657   387.1      0.579      0.198      0.860     -0.314      0.564      0.068
981.8000      -1000.763    -1010.728        9.964   399.4      0.569      1.234      0.970     -0.149     -0.215      0.313
982.0000      -1000.883    -1010.823        9.941   398.5     -0.798     -0.341     -0.012      0.072      0.034      0.050
982.2000       -999.917    -1009.716        9.799   392.8     -0.182      0.007      0.198      0.173      0.958      0.299
982.4000       -999.131    -1009.839       10.708   429.2      0.686      0.152      0.403      0.076      0.009     -0.206
982.6000       -999.725    -1010.048       10.323   413.8     -0.600     -0.697     -0.225     -0.215     -0.276     -0.953
982.8000      -1001.149    -1011.315       10.166   407.5      0.285      0.145     -0.188     -0.359     -0.091     -0.235
983.0000      -1001.187    -1010.741        9.554   383.0      0.234      0.152     -0.070     -0.335     -0.629     -0.139
983.2000      -1000.538    -1011.030       10.492   420.6     -0.421      0.099     -0.850      0.235      0.021      0.132
983.4000      -1001.232    -1011.294       10.062   403.3     -0.034     -0.122     -0.084     -0.558      0.134      0.282
983.6000      -1001.457    -1011.071        9.614   385.4     -0.198      1.207      0.826     -0.077     -0.208     -0.120
983.8000      -1002.043    -1012.227       10.185   408.3     -0.023     -0.078      0.564     -0.185      0.189      0.161
984.0000      -1001.012    -1011.396       10.385   416.3      0.282      0.786      1.505     -0.118      0.106      0.670
984.2000      -1001.791    -1012.366       10.575   423.9      0.369     -0.287      0.185      0.428      0.054      0.095
984.4000      -1001.608    -1011.681       10.073   403.8      0.210     -0.544      0.562      0.200      0.104      0.526
984.6000      -1000.511    -1010.618       10.107   405.1     -0.118     -0.757     -0.659     -0.296      0.292      0.269
984.8000      -1000.575    -1010.412        9.837   394.3     -0.610      0.017     -0.721     -0.005      0.186     -0.279
985.0000      -1001.028    -1011.705       10.677   428.0     -0.211     -0.524      0.556      0.132     -0.600     -0.116
985.2000      -1000.720    -1011.384       10.664   427.5     -0.735     -0.998      0.420     -0.606     -0.361      0.271
985.4000      -1001.144    -1011.137        9.992   400.5     -0.051      0.335      1.272      0.490      0.725     -0.379
985.6000      -1000.171    -1011.043       10.872   435.8      1.020     -0.745     -0.087     -0.069      0.369      0.420
985.8000       -999.520    -1010.525       11.004   441.1     -0.258      0.141      0.458     -0.209     -0.746      0.187
986.0000      -1000.768    -1011.460       10.692   428.6     -0.287     -0.449      0.505      0.613      0.157      0.003
986.2000      -1001.239    -1011.249       10.010   401.2      0.216      0.466      0.327     -0.283      0.123      0.379
986.4000      -1001.336    -1010.383        9.046   362.6      0.480     -0.428      0.741     -0.261     -0.131     -0.096
986.6000      -1000.690    -1011.272       10.582   424.2      0.782     -0.182      0.199     -0.241      0.385      0.389
986.8000      -1001.252    -1011.555       10.303   413.0      1.733      0.332     -0.766     -0.056      0.249      0.265
987.0000      -1002.169    -1012.783       10.614   425.4      0.199      0.243      0.013     -0.461     -0.130      0.122
987.2000      -1000.584    -1011.434       10.850   434.9     -0.105     -0.081      0.945      0.148      0.230     -0.020
987.4000      -1001.832    -1011.760        9.928   397.9      0.428      0.291      0.686      0.008      0.005     -0.410
987.6000      -1001.943    -1011.449        9.506   381.0     -0.003     -0.458     -0.374      0.354     -0.058      0.384
987.8000      -1001.149    -1011.456       10.306   413.1      0.173      0.413      0.091     -0.143      0.217      0.272
988.0000      -1001.619    -1011.183        9.564   383.4     -0.669     -0.191     -0.623     -0.016      0.292     -0.111
988.2000      -1000.870    -1011.414       10.544   422.6     -0.037      1.199     -0.600      0.330      0.675     -0.345
988.4000      -1000.912    -1011.104       10.192   408.5      0.501      0.268      0.922     -0.313     -0.575      0.033
988.6000      -1001.161    -1010.123        8.961   359.2     -0.303      0.121      0.037      0.432     -0.091      0.264
988.8000      -1000.692    -1011.773       11.081   444.2     -0.033     -1.055      0.754     -0.030     -0.322      0.406
989.0000      -1001.861    -1011.419        9.557   383.1      0.761     -0.357      0.217     -0.291      0.245      0.169
989.2000      -1002.799    -1012.268        9.469   379.6      1.249      1.346      0.172      0.274      0.062     -0.065
989.4000      -1002.123    -1011.727        9.604   385.0      1.664      1.561      1.265      0.049      0.165      0.208
989.6000      -1001.410    -1011.715       10.305   413.1     -0.111     -0.059     -0.123      0.229     -0.260     -0.336
989.8000      -1001.943    -1011.613        9.670   387.6      0.330      1.402      0.706      0.485     -0.290      0.251
990.0000      -1001.536    -1011.241        9.705   389.0      0.335      0.535      0.339     -0.391      0.002      0.322
990.2000      -1002.012    -1011.779        9.767   391.5      0.777      0.789      1.133     -0.366     -0.654     -0.034
990.4000      -1001.920    -1012.190       10.270   411.7     -0.462      0.480      0.468      0.106     -0.403     -0.572
990.6000      -1002.030    -1012.054       10.024   401.8      0.226      0.785      1.534     -0.484     -0.128     -0.111
990.8000      -1001.492    -1011.557       10.065   403.4      2.279      0.009      0.687     -0.356      0.507     -0.254
991.0000      -1002.424    -1011.665        9.241   370.4      0.789     -0.162      0.382     -0.105     -0.314     -0.600
991.2000      -1002.167    -1011.691        9.524   381.8      0.210     -0.436      0.600      0.003     -0.012     -0.738
991.4000      -1001.877    -1012.395       10.518   421.6      0.698      0.856      1.053      0.348      0.034     -0.160
991.6000      -1002.031    -1011.764        9.733   390.2      1.012      0.148     -0.382      0.091      0.723      0.164
991.8000      -1001.340    -1011.872       10.532   422.2     -0.280     -0.297      0.541      0.331     -0.190     -0.147
992.0000      -1000.999    -1011.745       10.746   430.8      0.124      0.726     -0.326     -0.482     -0.005      0.634
992.2000      -1002.016    -1011.536        9.520   381.6      0.407      0.138     -0.650      0.039      0.014      0.118
992.4000      -1002.511    -1011.543        9.032   362.0      1.286      0.884      1.244     -0.096      0.293     -0.074
992.6000      -1002.033    -1012.343       10.310   413.3      0.373      0.860      1.731      0.444      0.590     -0.075
992.8000      -1002.076    -1012.061        9.985   400.3      0.221     -0.021     -0.607     -0.374     -0.214     -0.620
993.0000      -1002.349    -1011.716        9.367   375.5      0.425      0.740      0.777      0.289      0.252      0.555
993.2000      -1002.587    -1011.714        9.127   365.9      0.657      1.081      0.338      0.178     -0.755     -0.208
993.4000      -1002.610    -1012.970       10.360   415.3      1.450      0.586     -0.012      0.105     -0.319      0.253
993.6000      -1002.626    -1013.159       10.533   422.2      0.981      0.168     -1.107      0.083     -0.696      0.205
993.8000      -1001.817    -1011.989       10.172   407.8      0.932      0.880      0.749     -0.301      0.077     -0.422
994.0000      -1001.893    -1012.203       10.311   413.3      1.535      0.198      0.259      0.294     -0.472     -0.126
994.2000      -1002.072    -1012.011        9.939   398.4     -0.044      0.716      0.246     -0.094      0.100     -0.434
994.4000      -1001.814    -1011.597        9.783   392.2     -0.104      0.077     -0.619     -0.787      0.253     -0.136
994.6000      -1001.812    -1012.283       10.472   419.8      0.438      0.209      0.491     -0.173      0.335      0.079
994.8000      -1001.398    -1011.715       10.317   413.5      0.489     -0.727     -0.808     -0.171     -0.006     -0.742
995.0000      -1001.508    -1011.775       10.267   411.5      0.199      0.650      0.719      0.157     -0.571      0.507
995.2000      -1000.970    -1010.608        9.638   386.3      0.105      0.126      0.848     -0.157      0.311      0.242
995.4000      -1000.484    -1011.193       10.709   429.3     -0.144      0.235      0.497     -0.374     -0.509     -0.378
995.6000      -1000.335    -1011.088       10.753   431.0     -0.375      0.222      0.268      0.054     -0.365     -0.088
995.8000       -999.976    -1011.104       11.129   446.1      1.035      0.701     -0.513     -0.228     -0.207      0.390
996.0000      -1000.254    -1009.778        9.524   381.8      0.931     -0.012      1.368     -0.064     -0.020     -0.151
996.2000      -1001.961    -1011.798        9.838   394.3      0.490      0.660      0.099     -0.353     -0.085     -0.143
996.4000      -1002.064    -1011.658        9.594   384.6     -0.520     -0.104      0.573     -0.359     -0.212     -0.301
996.6000      -1001.101    -1011.277       10.175   407.9     -0.547      0.482      0.710      0.102      0.263      0.085
996.8000      -1001.193    -1011.102        9.909   397.2      0.230      0.756      1.361     -0.169      0.525      0.091
997.0000      -1001.691    -1011.669        9.978   400.0      1.203      1.147      1.288     -0.093     -0.238     -0.257
997.2000      -1002.905    -1012.165        9.259   371.2      0.306      0.099      0.601     -0.800      0.755      0.582
997.4000      -1002.649    -1012.183        9.534   382.2     -0.027     -0.317      0.148      0.297     -0.302     -0.010
997.6000      -1002.277    -1011.123        8.845   354.6     -0.068      0.701     -0.013     -0.196      0.323     -0.425
997.8000      -1002.511    -1012.181        9.670   387.6      0.466      0.620     -0.333     -0.203     -0.333     -0.228
998.0000      -1002.714    -1012.240        9.526   381.8      1.374      0.884      0.469      0.538      0.166      0.605
998.2000      -1001.771    -1011.011        9.241   370.4     -0.430      0.183     -0.381     -0.173      0.034     -0.468
998.4000      -1001.050    -1010.991        9.941   398.5      1.180      0.785      0.784      0.476      0.086      0.437
998.6000      -1001.075    -1010.823        9.747   390.7      0.657      0.420      0.380      0.403     -0.337     -0.034
998.8000       -999.806    -1010.329       10.523   421.8      0.212     -0.315     -1.644      0.136     -0.806      0.473
999.0000      -1000.717    -1010.900       10.183   408.2      0.036     -0.531     -0.976     -0.545     -0.010      0.421
999.2000      -1001.358    -1011.361       10.003   401.0      0.492      1.206      0.504      0.902     -0.419     -0.140
999.4000      -1001.687    -1011.383        9.696   388.7      0.488      0.338      0.276      0.379     -0.531      0.475
999.6000      -1001.145    -1011.123        9.978   400.0      0.611      0.694      0.336     -0.180     -0.248      0.346
999.8000      -1001.298    -1010.927        9.630   386.0      0.382     -0.223     -0.772     -0.219      0.057      0.292
1000.0000     -1001.696    -1012.108       10.412   417.4      0.837      0.421      0.046      0.228     -0.314      0.258
